codi,LST_zone,SOS,POS,EOS,GSL
0017256AR,1,73.66683341670834,109.20460230115057,362.0410205102551,288.37418709354677
0019304AR,1,66.44822411205602,133.08154077038517,265.97798899449725,199.5297648824412
0019305AR,1,70.52026013006503,106.7983991995998,321.87593796898443,251.3556778389194
0019306AR,1,65.70785392696347,104.39219609804901,278.19409704852427,212.4862431215608
0019315AR,1,73.66683341670834,105.8729364682341,309.65982991495747,235.9929964982491
0019320AR,1,66.81840920460229,208.78439219609803,329.0945472736368,262.2761380690345
0019327AR,1,70.70535267633817,119.93996998499249,255.2426213106553,184.53726863431712
0019335AR,1,71.26063031515757,104.20710355177589,284.1170585292646,212.85642821410704
0019347AR,1,67.18859429714857,112.16608304152075,263.7568784392196,196.568284142071
0019352AR,1,62.93146573286643,110.13006503251626,303.73686843421706,240.80540270135063
0019356AR,1,65.15257628814408,193.9769884942471,322.80140070035014,257.64882441220607
0019358AR,1,66.81840920460229,129.93496748374184,236.73336668334164,169.91495747873935
0019369AR,1,69.03951975987994,104.20710355177589,323.35667833916955,254.3171585792896
0019370AR,1,57.93396698349174,111.05552776388193,327.6138069034517,269.67983991995993
0019377AR,1,61.2656328164082,125.67783891945973,270.97548774387195,209.70985492746377
0019388AR,1,67.18859429714857,120.86543271635817,240.43521760880438,173.2466233116558
0019394AR,1,73.85192596298148,114.9424712356178,269.3096548274137,195.4577288644322
0019402AR,1,53.49174587293646,152.70135067533766,345.1975987993997,291.70585292646325
0019405AR,1,70.70535267633817,104.94747373686842,264.1270635317659,193.4217108554277
0019407AR,1,68.29914957478738,123.08654327163582,323.17158579289645,254.87243621810907
0019410AR,1,45.71785892946473,194.9024512256128,312.9914957478739,267.27363681840916
0019411AR,1,66.26313156578288,201.19559779889943,336.4982491245623,270.2351175587794
0019414AR,1,72.00100050025011,119.01450725362682,272.0860430215107,200.0850425212606
0019423AR,1,65.3376688344172,120.86543271635817,263.5717858929465,198.23411705852928
0019425AR,1,67.74387193596799,115.49774887443722,245.80290145072533,178.05902951475736
0019431AR,1,72.3711855927964,124.93746873436717,255.61280640320157,183.24162081040518
0019435AR,1,68.29914957478738,121.42071035517758,289.1145572786393,220.81540770385195
0019437AR,1,64.41220610305153,110.13006503251626,319.4697348674337,255.0575287643822
0019441AR,1,70.33516758379189,112.16608304152075,291.89094547273635,221.55577788894448
0019446AR,1,70.70535267633817,111.79589794897448,293.1865932966483,222.48124062031013
0019451AR,1,64.22711355677838,117.71885942971484,333.7218609304652,269.49474737368683
0019459AR,1,68.48424212106053,105.13256628314157,280.23011505752874,211.7458729364682
0019463AR,1,69.77988994497248,123.45672836418208,295.40770385192593,225.62781390695346
0019466AR,1,70.52026013006503,99.76488244122059,293.3716858429214,222.85142571285638
0019468AR,1,68.29914957478738,108.46423211605801,265.7928964482241,197.49374687343672
0019469AR,1,63.48674337168584,131.23061530765384,256.53826913456726,193.05152576288143
0019482AR,1,69.96498249124562,109.75987993996998,301.51575787893944,231.55077538769382
0019487AR,1,75.33266633316659,109.3896948474237,277.26863431715856,201.935967983992
0019495AR,1,73.48174087043522,104.02201100550275,345.56778389194596,272.08604302151076
0019512AR,1,67.74387193596799,117.16358179089544,286.33816908454224,218.59429714857424
0019553AR,1,69.22461230615308,140.85542771385693,346.12306153076537,276.8984492246123
0019555AR,1,24.987493746873437,158.4392196098049,258.2041020510255,233.21660830415203
0019557AR,1,70.52026013006503,108.83441720860431,261.3506753376688,190.83041520760378
0019558AR,1,71.07553776888443,101.06053026513257,322.4312156078039,251.35567783891946
0019563AR,1,66.07803901950975,112.72136068034017,255.42771385692845,189.34967483741872
0019569AR,1,67.18859429714857,126.23311655827914,244.5072536268134,177.31865932966483
0019578AR,1,69.96498249124562,119.75487743871935,287.0785392696348,217.11355677838918
0019581AR,1,17.58379189594797,200.64032016008002,291.7058529264632,274.1220610305152
0019582AR,1,70.52026013006503,116.4232116058029,278.19409704852427,207.67383691845924
0019585AR,1,64.22711355677838,123.64182091045522,248.9494747373687,184.72236118059033
0019590AR,1,71.07553776888443,110.68534267133566,301.88594297148575,230.81040520260132
0019606AR,1,70.8904452226113,149.18459229614805,333.1665832916458,262.27613806903446
0019609AR,1,67.92896448224111,115.31265632816408,281.5257628814407,213.5967983991996
0019611AR,1,70.70535267633817,107.35367683841919,287.81890945472736,217.11355677838918
0019622AR,1,70.33516758379189,122.90145072536266,271.9009504752376,201.56578289144574
0019626AR,1,66.44822411205602,101.06053026513257,273.0115057528764,206.56328164082038
0019634AR,1,75.70285142571285,132.1560780390195,370.0,294.2971485742871
0019635AR,1,67.74387193596799,104.94747373686842,251.7258629314657,183.9819909954977
0019637AR,1,70.70535267633817,128.82441220610306,370.0,299.2946473236618
0019663AR,1,64.22711355677838,93.10155077538768,352.7863931965983,288.5592796398199
0019667AR,1,0.0,142.52126063031514,297.8139069534767,297.8139069534767
0019673AR,1,69.22461230615308,121.79089544772384,283.19159579789897,213.9669834917459
0019697AR,1,42.75637818909454,130.86043021510756,343.1615807903952,300.40520260130063
0019713AR,1,55.712856428214096,124.93746873436717,370.0,314.2871435717859
0019714AR,1,72.74137068534267,99.20960480240119,241.17558779389694,168.43421710855426
0019715AR,1,71.44572286143071,101.24562281140568,332.6113056528264,261.16558279139565
0019720AR,1,48.124062031015505,139.18959479739868,270.05002501250624,221.92596298149073
0019726AR,1,64.96748374187092,105.50275137568784,288.1890945472736,223.2216108054027
0019731AR,1,69.22461230615308,123.27163581790894,264.312156078039,195.08754377188592
0019732AR,1,67.00350175087543,99.76488244122059,370.0,302.99649824912456
0019737AR,1,68.66933466733366,183.24162081040518,295.9629814907454,227.29364682341173
0019740AR,1,70.15007503751875,113.64682341170584,287.0785392696348,216.92846423211606
0019753AR,1,67.55877938969483,109.75987993996998,370.0,302.44122061030515
0019764AR,1,56.63831915957979,116.4232116058029,288.92946473236617,232.29114557278638
0019766AR,1,69.59479739869934,98.2841420710355,363.70685342671334,294.11205602801397
0019780AR,1,68.11405702851425,116.05302651325661,254.13206603301649,186.01800900450223
0019782AR,1,64.22711355677838,117.903951975988,331.3156578289144,267.08854427213606
0019785AR,1,70.15007503751875,120.12506253126561,258.7593796898449,188.60930465232613
0019797AR,1,70.70535267633817,108.09404702351175,244.5072536268134,173.80190095047521
0019808AR,1,69.03951975987994,122.34617308654326,316.13806903451723,247.0985492746373
0019816AR,1,36.09304652326163,127.52876438219108,271.16058029014505,235.06753376688343
0019827AR,1,70.33516758379189,111.79589794897448,274.3071535767884,203.9719859929965
0019828AR,1,0.0,214.89244622311156,305.2176088044022,305.2176088044022
0019858AR,1,70.70535267633817,126.78839419709853,272.0860430215107,201.38069034517252
0019859AR,1,69.4097048524262,116.23811905952975,272.27113556778386,202.86143071535764
0019869AR,1,65.70785392696347,126.048024012006,265.97798899449725,200.27013506753377
0019872AR,1,65.89294647323662,134.00700350175086,275.23261630815404,209.3396698349174
0019887AR,1,68.29914957478738,104.76238119059528,328.5392696348174,260.24012006003
0019894AR,1,72.00100050025011,109.3896948474237,275.23261630815404,203.23161580790392
0019899AR,1,65.3376688344172,110.8704352176088,297.8139069534767,232.4762381190595
0019905AR,1,84.40220110055026,312.2511255627814,370.0,285.59779889944974
0019928AR,1,65.15257628814408,132.52626313156577,292.44622311155575,227.29364682341168
0019929AR,1,66.26313156578288,131.97098549274637,264.49724862431214,198.23411705852925
0019969AR,1,74.40720360180089,107.35367683841919,340.57028514257127,266.16308154077035
0019974AR,1,69.59479739869934,109.57478739369684,308.17908954477235,238.584292146073
0019990AR,1,50.90045022511255,127.15857928964482,269.3096548274137,218.40920460230114
0019993AR,1,66.07803901950975,112.72136068034017,303.73686843421706,237.65882941470733
0020013AR,1,58.67433716858429,123.45672836418208,271.9009504752376,213.22661330665332
0020014AR,1,70.70535267633817,145.11255627813907,240.80540270135063,170.10005002501248
0020018AR,1,67.92896448224111,108.64932466233115,370.0,302.0710355177589
0020023AR,1,70.52026013006503,98.2841420710355,298.18409204602295,227.66383191595793
0020035AR,1,68.66933466733366,109.57478739369684,274.3071535767884,205.63781890945472
0020037AR,1,65.89294647323662,101.8009004502251,304.4772386193096,238.58429214607298
0020046AR,1,70.33516758379189,122.16108054027013,255.42771385692845,185.09254627313658
0020057AR,1,0.0,232.8464232116058,265.60780390195094,265.60780390195094
0020070AR,1,73.85192596298148,134.00700350175086,348.8994497248624,275.04752376188094
0020097AR,1,67.18859429714857,117.16358179089544,250.80040020010006,183.6118059029515
0020098AR,1,61.2656328164082,186.20310155077536,312.8064032016008,251.54077038519262
0020099AR,1,81.44072036018008,300.96048024012003,370.0,288.5592796398199
0020109AR,1,68.11405702851425,101.24562281140568,271.9009504752376,203.78689344672335
0020111AR,1,67.74387193596799,106.98349174587293,257.8339169584792,190.09004502251122
0020132AR,1,57.74887443721861,139.55977988994496,272.6413206603301,214.8924462231115
0020137AR,1,51.640820410205095,109.3896948474237,370.0,318.3591795897949
0020142AR,1,64.59729864932466,123.27163581790894,268.0140070035017,203.41670835417705
0020146AR,1,65.3376688344172,136.2281140570285,318.72936468234116,253.39169584792396
0020156AR,1,70.8904452226113,117.71885942971484,270.97548774387195,200.08504252126065
0020158AR,1,62.93146573286643,128.82441220610306,233.95697848924462,171.0255127563782
0020162AR,1,66.26313156578288,121.79089544772384,280.0450225112556,213.7818909454727
0020174AR,1,70.52026013006503,120.12506253126561,261.1655827913957,190.64532266133068
0020178AR,1,70.52026013006503,106.98349174587293,262.09104552276136,191.57078539269634
0020181AR,1,67.00350175087543,106.7983991995998,328.5392696348174,261.53576788394196
0020187AR,1,70.70535267633817,183.24162081040518,302.99649824912456,232.29114557278638
0020190AR,1,0.0,232.4762381190595,264.6823411705853,264.6823411705853
0020204AR,1,68.66933466733366,101.98599299649824,311.3256628314157,242.65632816408203
0020210AR,1,67.18859429714857,112.16608304152075,297.2586293146573,230.07003501750873
0020211AR,1,69.22461230615308,160.84542271135567,236.9184592296148,167.6938469234617
0020212AR,1,72.9264632316158,106.7983991995998,273.93696848424213,201.01050525262633
0020213AR,1,67.55877938969483,108.27913956978489,274.8624312156078,207.30365182591294
0020220AR,1,69.03951975987994,116.79339669834917,277.6388194097048,208.59929964982487
0020230AR,1,69.03951975987994,114.20210105052526,250.61530765382687,181.57578789394694
0020241AR,1,71.63081540770385,108.27913956978489,240.6203101550775,168.98949474737367
0020257AR,1,69.4097048524262,115.31265632816408,270.05002501250624,200.64032016008002
0020271AR,1,71.26063031515757,109.57478739369684,285.41270635317653,214.15207603801895
0020275AR,1,28.874437218609305,134.192096048024,370.0,341.12556278139067
0020281AR,1,67.92896448224111,117.16358179089544,283.93196598299147,216.00300150075037
0020308AR,1,67.18859429714857,111.42571285642819,269.8649324662331,202.67633816908452
0020314AR,1,65.89294647323662,116.4232116058029,269.8649324662331,203.97198599299645
0020319AR,1,69.96498249124562,108.09404702351175,311.695847923962,241.73086543271637
0020337AR,1,67.55877938969483,117.71885942971484,311.8809404702351,244.32216108054024
0020341AR,1,70.52026013006503,103.28164082041019,284.67233616808403,214.152076038019
0020352AR,1,73.85192596298148,111.79589794897448,320.7653826913456,246.91345672836414
0020355AR,1,69.22461230615308,122.16108054027013,271.71585792896445,202.4912456228114
0020380AR,1,72.18609304652325,121.23561780890444,265.2376188094047,193.05152576288145
0020386AR,1,63.3016508254127,137.1535767883942,301.33066533266634,238.02901450725363
0020391AR,1,69.96498249124562,105.68784392196098,350.75037518759376,280.78539269634814
0020392AR,1,71.81590795397699,96.43321660830415,303.55177588794396,231.73586793396697
0020398AR,1,68.8544272136068,121.975987993997,255.61280640320157,186.7583791895948
0020416AR,1,44.60730365182591,138.8194097048524,271.3456728364182,226.7383691845923
0020417AR,1,66.63331665832916,119.93996998499249,289.66983491745873,223.03651825912956
0020419AR,1,31.65082541270635,219.70485242621308,259.49974987493744,227.84892446223108
0020429AR,1,68.66933466733366,113.09154577288643,293.92696348174087,225.2576288144072
0020431AR,1,64.04202101050525,127.34367183591795,265.97798899449725,201.935967983992
0020435AR,1,66.26313156578288,100.87543771885942,291.89094547273635,225.62781390695346
0020440AR,1,67.92896448224111,109.75987993996998,275.6028014007003,207.6738369184592
0020442AR,1,66.26313156578288,102.3561780890445,297.44372186093045,231.18059029514757
0020443AR,1,64.04202101050525,117.71885942971484,370.0,305.95797898949473
0020446AR,1,64.41220610305153,108.09404702351175,339.45972986493246,275.04752376188094
0020450AR,1,20.545272636318156,221.55577788894445,260.6103051525763,240.06503251625816
0020455AR,1,67.00350175087543,108.09404702351175,327.6138069034517,260.61030515257625
0020457AR,1,64.59729864932466,109.3896948474237,365.74287143571786,301.1455727863932
0020479AR,1,69.03951975987994,121.42071035517758,270.42021010505255,201.3806903451726
0020488AR,1,51.82591295647824,151.22061030515258,256.53826913456726,204.712356178089
0020490AR,1,66.63331665832916,104.76238119059528,318.35917958979485,251.72586293146568
0020499AR,1,69.4097048524262,106.61330665332666,280.9704852426213,211.56078039019508
0020508AR,1,70.33516758379189,100.50525262631315,239.69484742371185,169.35967983991998
0020523AR,1,71.81590795397699,130.120060030015,261.9059529764882,190.09004502251122
0020525AR,1,67.92896448224111,121.60580290145073,263.7568784392196,195.82791395697848
0020532AR,1,67.92896448224111,120.12506253126561,270.7903951975988,202.8614307153577
0020537AR,1,72.9264632316158,131.78589294647324,329.83491745872936,256.90845422711357
0020541AR,1,64.41220610305153,92.73136568284141,289.1145572786393,224.7023511755878
0020555AR,1,70.15007503751875,106.98349174587293,331.13056528264127,260.9804902451225
0020559AR,1,68.29914957478738,197.12356178089044,326.87343671835913,258.5742871435717
0020569AR,1,72.55627813906953,108.83441720860431,272.456228114057,199.89994997498746
0020576AR,1,69.22461230615308,146.59329664832416,254.31715857928964,185.09254627313658
0020586AR,1,74.9624812406203,119.93996998499249,370.0,295.0375187593797
0020591AR,1,70.15007503751875,202.30615307653827,333.7218609304652,263.5717858929464
0020606AR,1,69.59479739869934,105.68784392196098,296.3331665832916,226.73836918459224
0020614AR,1,64.59729864932466,120.86543271635817,262.46123061530767,197.863931965983
0020615AR,1,69.96498249124562,183.42671335667833,290.9654827413707,221.00050025012507
0020622AR,1,71.07553776888443,111.61080540270135,310.0300150075037,238.9544772386193
0020630AR,1,66.07803901950975,118.08904452226112,280.600300150075,214.52226113056525
0020631AR,1,69.03951975987994,106.98349174587293,257.2786393196598,188.23911955977988
0020637AR,1,69.03951975987994,121.42071035517758,260.42521260630315,191.3856928464232
0020657AR,1,63.3016508254127,117.34867433716857,368.5192596298149,305.2176088044022
0020658AR,1,16.843421710855427,130.120060030015,370.0,353.1565782891446
0020659AR,1,56.82341170585292,132.1560780390195,339.8299149574787,283.00650325162576
0020661AR,1,71.26063031515757,105.3176588294147,266.3481740870435,195.08754377188592
0020666AR,1,67.37368684342171,124.56728364182091,266.9034517258629,199.5297648824412
0020667AR,1,72.55627813906953,112.53626813406702,286.5232616308154,213.96698349174585
0020669AR,1,63.11655827913957,94.02701350675336,333.35167583791895,270.2351175587794
0020681AR,1,69.96498249124562,112.90645322661331,340.01500750375186,270.05002501250624
0020698AR,1,69.96498249124562,133.45172586293145,245.80290145072533,175.8379189594797
0020700AR,1,65.15257628814408,102.54127063531766,288.744372186093,223.59179589794894
0020716AR,1,66.44822411205602,154.18209104552275,229.14457228614305,162.696348174087
0020718AR,1,67.00350175087543,100.87543771885942,288.5592796398199,221.55577788894448
0020727AR,1,0.0,210.82041020510255,291.5207603801901,291.5207603801901
0020733AR,1,57.74887443721861,134.37718859429714,349.2696348174087,291.5207603801901
0020751AR,1,52.011005502751374,142.15107553776886,263.94197098549273,211.93096548274136
0020755AR,1,70.52026013006503,114.75737868934466,268.19909954977487,197.67883941970985
0020756AR,1,69.4097048524262,170.47023511755876,308.3641820910455,238.9544772386193
0020758AR,1,75.88794397198599,127.71385692846422,297.62881440720355,221.74087043521757
0020762AR,1,74.59229614807403,114.20210105052526,261.3506753376688,186.7583791895948
0020798AR,1,58.85942971485742,117.53376688344173,266.3481740870435,207.4887443721861
0020799AR,1,59.969984992496244,121.05052526263131,270.05002501250624,210.08004002001
0020813AR,1,64.59729864932466,139.18959479739868,287.81890945472736,223.2216108054027
0020826AR,1,71.81590795397699,150.48024012006002,318.91445722861425,247.09854927463726
0020836AR,1,0.0,266.53326663331666,310.7703851925963,310.7703851925963
0020841AR,1,64.04202101050525,124.75237618809403,250.06003001500747,186.01800900450223
0020846AR,1,21.100550275137564,126.23311655827914,299.8499249624812,278.7493746873437
0020847AR,1,68.8544272136068,110.50025012506252,266.9034517258629,198.0490245122561
0020863AR,1,66.07803901950975,114.75737868934466,278.5642821410705,212.4862431215608
0020877AR,1,66.26313156578288,119.19959979989993,272.0860430215107,205.82291145572782
0020889AR,1,1.665832916458229,226.36818409204602,262.46123061530767,260.79539769884946
0020894AR,1,53.1215607803902,130.49024512256128,316.13806903451723,263.016508254127
0020895AR,1,62.376188094047016,112.16608304152075,348.1590795397699,285.7828914457229
0020906AR,1,65.3376688344172,116.05302651325661,286.89344672336165,221.55577788894445
0020911AR,1,62.191095547773884,127.52876438219108,315.0275137568784,252.83641820910452
0020914AR,1,67.74387193596799,113.64682341170584,293.7418709354677,225.9979989994997
0020937AR,1,70.8904452226113,130.86043021510756,235.9929964982491,165.1025512756378
0020939AR,1,70.8904452226113,98.2841420710355,370.0,299.10955477738867
0020954AR,1,72.9264632316158,110.68534267133566,284.4872436218109,211.56078039019508
0020972AR,1,70.70535267633817,101.98599299649824,338.34917458729365,267.64382191095547
0020995AR,1,68.48424212106053,113.83191595797899,309.104552276138,240.62031015507748
0020996AR,1,67.37368684342171,110.50025012506252,271.3456728364182,203.9719859929965
0020997AR,1,70.52026013006503,115.31265632816408,257.4637318659329,186.9434717358679
0021020AR,1,60.155077538769376,125.12256128064031,275.4177088544272,215.2626313156578
0021026AR,1,65.89294647323662,140.48524262131065,353.15657828914453,287.2636318159079
0021027AR,1,74.9624812406203,126.6033016508254,363.15157578789393,288.1890945472736
0021033AR,1,82.18109054527262,130.86043021510756,370.0,287.81890945472736
0021036AR,1,3.516758379189594,120.86543271635817,306.14307153576783,302.62631315657825
0021052AR,1,71.26063031515757,186.94347173586794,302.8114057028514,231.55077538769382
0021058AR,1,66.81840920460229,127.89894947473735,285.96798399199594,219.14957478739365
0021079AR,1,70.33516758379189,108.27913956978489,256.9084542271135,186.57328664332164
0021080AR,1,71.44572286143071,158.62431215607802,321.320660330165,249.87493746873432
0021081AR,1,68.8544272136068,112.35117558779389,276.15807903951975,207.30365182591294
0021082AR,1,62.561280640320156,127.71385692846422,243.951975987994,181.39069534767384
0021101AR,1,58.489244622311155,134.74737368684342,236.3631815907954,177.87393696848423
0021104AR,1,65.15257628814408,119.56978489244622,258.0190095047524,192.8664332166083
0021107AR,1,62.561280640320156,124.19709854927464,255.7978989494747,193.23661830915455
0021108AR,1,68.48424212106053,120.12506253126561,269.8649324662331,201.38069034517255
0021113AR,1,70.33516758379189,232.66133066533263,329.83491745872936,259.4997498749375
0021128AR,1,67.74387193596799,123.08654327163582,283.00650325162576,215.26263131565776
0021130AR,1,72.3711855927964,119.01450725362682,328.7243621810905,256.3531765882941
0021138AR,1,64.96748374187092,156.4032016008004,284.8574287143571,219.8899449724862
0021139AR,1,67.92896448224111,116.79339669834917,282.6363181590795,214.7073536768384
0023230AR,1,74.40720360180089,121.60580290145073,367.03851925962977,292.63131565782885
0023272AR,1,69.03951975987994,112.53626813406702,297.0735367683842,228.03401700850426
0023302AR,4,63.67183591795897,90.6953476738369,334.64732366183085,270.9754877438719
0023311AR,1,64.04202101050525,136.41320660330166,369.6298149074537,305.5877938969484
0023398AR,4,63.85692846423211,103.28164082041019,370.0,306.1430715357679
0023407AR,4,59.04452226113056,98.83941970985492,346.12306153076537,287.0785392696348
0023449AR,1,69.03951975987994,128.0840420210105,265.7928964482241,196.75337668834416
0023552AR,1,66.81840920460229,146.96348174087044,344.08704352176085,277.26863431715856
0023680AR,1,74.40720360180089,204.8974487243622,339.08954477238615,264.68234117058523
0023708AR,4,65.89294647323662,137.7088544272136,339.2746373186593,273.38169084542267
0023720AR,1,68.66933466733366,134.00700350175086,370.0,301.33066533266634
0023821AR,1,58.119059529764876,114.9424712356178,353.52676338169084,295.407703851926
0023826AR,1,69.77988994497248,152.14607303651826,260.0550275137569,190.27513756878443
0023883AR,4,64.22711355677838,99.02451225612806,330.2051025512756,265.97798899449725
0023926AR,1,63.85692846423211,146.22311155577788,267.82891445722856,203.97198599299645
0023947AR,1,72.74137068534267,191.57078539269637,346.86343171585787,274.12206103051517
0023982AR,1,69.22461230615308,128.45422711355675,370.0,300.77538769384694
0024151AR,1,67.55877938969483,135.48774387193598,263.3866933466733,195.82791395697848
0024355AR,4,65.89294647323662,91.62081040520259,320.5802901450725,254.6873436718359
0024547AR,1,65.15257628814408,167.87893946973486,257.6488244122061,192.49624812406205
0024561AR,4,62.93146573286643,161.40070035017507,302.256128064032,239.32466233116557
0024594AR,1,72.3711855927964,127.34367183591795,322.24612306153074,249.87493746873434
0024661AR,1,67.18859429714857,118.4592296148074,368.33416708354173,301.14557278639313
0024683AR,1,64.7823911955978,128.82441220610306,345.9379689844922,281.15557778889445
0024714AR,4,59.78489244622311,110.68534267133566,364.26213106553274,304.4772386193096
0024832AR,1,71.44572286143071,128.0840420210105,288.1890945472736,216.7433716858429
0024851AR,1,69.59479739869934,229.14457228614305,342.2361180590295,272.64132066033017
0024863AR,1,57.563781890945464,106.98349174587293,324.6523261630815,267.08854427213606
0024879AR,4,68.8544272136068,154.73736868434216,325.5777888944472,256.7233616808404
0024930AR,1,37.943971985992995,146.03801900950475,273.93696848424213,235.99299649824914
0025001AR,4,59.41470735367683,103.83691845922961,370.0,310.5852926463232
0025258AR,1,72.18609304652325,123.82691345672835,311.8809404702351,239.69484742371185
0025340AR,4,65.70785392696347,140.67033516758377,357.96898449224614,292.26113056528266
0025384AR,4,67.74387193596799,100.50525262631315,349.2696348174087,281.5257628814407
0025398AR,4,64.41220610305153,113.83191595797899,309.8449224612306,245.4327163581791
0025450AR,1,56.63831915957979,121.79089544772384,319.09954977488746,262.46123061530767
0025465AR,1,73.11155577788894,124.75237618809403,345.7528764382191,272.64132066033017
0025471AR,4,83.29164582291145,194.16208104052023,332.2411205602801,248.94947473736863
0025544AR,4,65.89294647323662,91.25062531265633,334.2771385692846,268.38419209604797
0025558AR,1,68.48424212106053,149.7398699349675,262.64632316158077,194.16208104052023
0025567AR,1,66.07803901950975,145.48274137068535,363.5217608804402,297.44372186093045
0025642AR,1,67.00350175087543,131.97098549274637,269.3096548274137,202.30615307653824
0025719AR,1,52.38119059529764,119.75487743871935,259.49974987493744,207.11855927963978
0025824AR,4,67.37368684342171,96.98849424712355,370.0,302.6263131565783
0025921AR,1,71.44572286143071,171.5807903951976,351.86093046523257,280.41520760380183
0025931AR,4,66.07803901950975,147.51875937968984,356.488244122061,290.4102051025513
0025994AR,1,69.03951975987994,113.27663831915957,293.1865932966483,224.14707353676837
0026018AR,4,62.376188094047016,114.20210105052526,334.64732366183085,272.27113556778386
0026074AR,1,65.89294647323662,115.31265632816408,349.8249124562281,283.93196598299147
0026115AR,1,69.22461230615308,133.63681840920458,370.0,300.77538769384694
0026125AR,1,69.96498249124562,128.26913456728363,265.2376188094047,195.27263631815907
0026898AR,1,71.81590795397699,107.90895447723861,333.7218609304652,261.9059529764882
0026967AR,4,46.27313656828414,87.36368184092045,312.06603301650824,265.7928964482241
0027332AR,1,72.9264632316158,105.3176588294147,343.9019509754877,270.9754877438719
0027491AR,1,56.083041520760375,96.61830915457728,326.68834417208603,270.60530265132564
0027505AR,1,61.08054027013507,114.0170085042521,300.40520260130063,239.32466233116557
0027705AR,4,44.42221110555277,122.5312656328164,246.17308654327164,201.75087543771886
0027908AR,4,46.27313656828414,112.16608304152075,261.7208604302151,215.44772386193097
0027939AR,4,52.38119059529764,86.99349674837418,342.97648824412204,290.5952976488244
0028008AR,4,28.504252126063026,250.98549274637315,359.81990995497745,331.3156578289144
0028343AR,4,46.643321660830416,107.35367683841919,292.0760380190095,245.43271635817908
0028444AR,4,47.19859929964982,98.2841420710355,309.4747373686843,262.2761380690345
0028926AR,4,48.67933966983492,80.14507253626813,317.61880940470235,268.93946973486743
0028966AR,1,57.93396698349174,115.31265632816408,281.71085542771385,223.7768884442221
0030371AR,1,74.03701850925462,118.82941470735366,293.7418709354677,219.7048524262131
0030441AR,1,50.530265132566285,100.13506753376689,319.28464232116056,268.7543771885943
0030479AR,1,47.19859929964982,104.02201100550275,273.93696848424213,226.7383691845923
0030522AR,1,55.52776388194096,114.3871935967984,370.0,314.472236118059
0030537AR,1,41.09054527263631,98.46923461730866,259.1295647823912,218.03901950975487
0030592AR,1,71.07553776888443,113.09154577288643,301.1455727863932,230.07003501750876
0030603AR,1,71.63081540770385,214.89244622311156,327.983991995998,256.35317658829416
0030615AR,1,47.56878439219609,117.16358179089544,248.76438219109554,201.19559779889943
0030628AR,1,72.00100050025011,109.57478739369684,320.0250125062531,248.024012006003
0030635AR,1,57.563781890945464,102.1710855427714,294.2971485742871,236.73336668334167
0030638AR,1,48.30915457728864,104.57728864432215,355.0075037518759,306.6983491745873
0030710AR,1,32.57628814407204,159.91995997998998,356.1180590295147,323.5417708854427
0030738AR,1,47.01350675337668,87.17858929464732,305.5877938969484,258.5742871435717
0030820AR,1,69.03951975987994,108.46423211605801,335.38769384692347,266.3481740870435
0030835AR,1,50.90045022511255,92.91645822911455,370.0,319.09954977488746
0030869AR,1,52.93646823411705,139.7448724362181,358.8944472236118,305.95797898949473
0030900AR,1,52.93646823411705,109.20460230115057,327.983991995998,275.04752376188094
0030937AR,1,62.376188094047016,102.1710855427714,365.1875937968984,302.8114057028514
0031038AR,1,74.77738869434717,119.75487743871935,313.17658829414705,238.39919959979989
0031045AR,1,46.27313656828414,87.91895947973987,277.82391195597796,231.55077538769382
0031070AR,1,52.75137568784392,122.71635817908953,261.1655827913957,208.4142071035518
0031074AR,1,52.75137568784392,103.28164082041019,313.5467733866933,260.7953976988494
0031085AR,1,48.49424712356178,83.10655327663832,290.22511255627813,241.73086543271637
0031113AR,1,60.71035517758879,115.49774887443722,299.479739869935,238.7693846923462
0031130AR,1,50.90045022511255,107.35367683841919,276.8984492246123,225.99799899949977
0031136AR,1,47.38369184592296,109.57478739369684,303.73686843421706,256.3531765882941
0031154AR,1,55.712856428214096,112.72136068034017,300.5902951475738,244.8774387193597
0031184AR,1,71.63081540770385,109.01950975487743,301.51575787893944,229.8849424712356
0031187AR,1,56.26813406703351,104.94747373686842,349.08454227113555,292.81640820410206
0031281AR,1,69.03951975987994,121.975987993997,320.5802901450725,251.5407703851926
0031313AR,1,57.37868934467233,93.10155077538768,287.81890945472736,230.44022011005504
0031316AR,1,67.00350175087543,108.64932466233115,341.12556278139067,274.1220610305152
0031317AR,1,44.79239619809905,138.44922461230615,289.1145572786393,244.32216108054027
0031336AR,1,56.82341170585292,99.20960480240119,283.7468734367184,226.92346173086545
0031377AR,1,71.44572286143071,113.83191595797899,292.0760380190095,220.6303151575788
0031378AR,1,74.9624812406203,151.77588794397198,215.6328164082041,140.6703351675838
0031503AR,1,53.49174587293646,118.4592296148074,355.37768884442215,301.8859429714857
0031538AR,1,59.599799899949964,157.14357178589293,334.64732366183085,275.0475237618809
0031541AR,1,54.602301150575286,84.95747873936968,370.0,315.3976988494247
0031586AR,1,74.22211105552776,116.79339669834917,302.8114057028514,228.58929464732364
0031594AR,1,49.04952476238118,84.40220110055026,370.0,320.95047523761883
0031603AR,1,49.78989494747374,134.00700350175086,278.7493746873437,228.95947973986995
0031605AR,1,56.63831915957979,100.50525262631315,299.2946473236618,242.65632816408203
0031619AR,4,74.77738869434717,109.57478739369684,298.55427713856926,223.7768884442221
0031628AR,1,49.41970985492746,126.048024012006,253.2066033016508,203.78689344672335
0031686AR,1,46.27313656828414,90.6953476738369,277.82391195597796,231.55077538769382
0031693AR,1,48.30915457728864,101.8009004502251,303.55177588794396,255.24262131065532
0031694AR,1,44.97748874437218,113.83191595797899,251.17058529264628,206.1930965482741
0031697AR,1,51.640820410205095,105.3176588294147,291.1505752876438,239.5097548774387
0031704AR,1,74.40720360180089,111.98099049524761,314.84242121060527,240.43521760880438
0031754AR,1,50.34517258629314,109.57478739369684,274.3071535767884,223.96198099049525
0031756AR,1,55.712856428214096,83.66183091545771,352.2311155577789,296.5182591295648
0031771AR,1,64.59729864932466,124.75237618809403,262.83141570785386,198.2341170585292
0031791AR,4,74.03701850925462,109.3896948474237,310.0300150075037,235.9929964982491
0031818AR,1,66.07803901950975,130.6753376688344,263.3866933466733,197.3086543271636
0031837AR,1,49.78989494747374,106.2431215607804,280.0450225112556,230.25512756378185
0031838AR,1,51.640820410205095,186.75837918959476,326.3181590795397,274.67733866933463
0031890AR,1,74.22211105552776,125.67783891945973,299.66483241620807,225.4427213606803
0031902AR,1,62.561280640320156,132.71135567783892,313.73186593296646,251.1705852926463
0031968AR,1,49.04952476238118,115.86793396698349,348.8994497248624,299.8499249624812
0031986AR,1,72.3711855927964,237.10355177588792,326.13306653326663,253.76188094047023
0031987AR,1,74.03701850925462,109.01950975487743,306.8834417208604,232.84642321160578
0032047AR,1,67.18859429714857,114.0170085042521,351.4907453726863,284.3021510755377
0032052AR,1,59.599799899949964,99.76488244122059,345.9379689844922,286.33816908454224
0032074AR,1,47.01350675337668,103.83691845922961,302.256128064032,255.24262131065532
0032092AR,1,58.119059529764876,141.96598299149574,263.5717858929465,205.4527263631816
0032166AR,1,74.9624812406203,106.7983991995998,305.2176088044022,230.25512756378185
0032175AR,1,44.42221110555277,107.53876938469234,303.9219609804902,259.49974987493744
0032183AR,1,54.97248624312155,187.49874937468732,334.83241620810406,279.8599299649825
0032188AR,1,56.82341170585292,100.50525262631315,288.5592796398199,231.735867933967
0032198AR,1,68.48424212106053,111.05552776388193,275.6028014007003,207.11855927963975
0032204AR,1,70.8904452226113,108.83441720860431,370.0,299.10955477738867
0032241AR,1,52.38119059529764,132.71135567783892,332.056028014007,279.67483741870933
0032257AR,1,51.45572786393196,90.1400700350175,370.0,318.54427213606806
0032270AR,1,58.30415207603801,108.64932466233115,321.87593796898443,263.5717858929464
0032288AR,1,52.196098049024506,102.1710855427714,307.62381190595295,255.42771385692845
0032321AR,1,72.9264632316158,113.27663831915957,320.5802901450725,247.65382691345673
0032346AR,1,69.4097048524262,134.37718859429714,298.92446223111557,229.51475737868935
0032372AR,1,66.44822411205602,99.57978989494748,317.24862431215604,250.8004002001
0032391AR,1,41.460730365182584,116.97848924462231,277.0835417708854,235.6228114057028
0032433AR,1,50.530265132566285,98.46923461730866,265.05252626313154,214.52226113056525
0032442AR,1,50.90045022511255,106.61330665332666,278.7493746873437,227.84892446223114
0032452AR,1,73.48174087043522,103.83691845922961,307.4387193596798,233.9569784892446
0032454AR,1,59.04452226113056,178.61430715357676,335.57278639319657,276.528264132066
0032462AR,4,69.4097048524262,117.903951975988,313.73186593296646,244.32216108054024
0032471AR,1,55.712856428214096,94.76738369184592,302.99649824912456,247.28364182091047
0032484AR,1,54.417208604302154,102.3561780890445,296.5182591295648,242.10105052526265
0032571AR,1,70.33516758379189,103.65182591295648,271.3456728364182,201.01050525262633
0032607AR,1,74.22211105552776,140.3001500750375,332.2411205602801,258.0190095047523
0032628AR,1,55.712856428214096,105.3176588294147,309.2896448224112,253.57678839419714
0032639AR,1,49.97498749374687,120.68034017008503,262.27613806903446,212.30115057528758
0032657AR,1,33.501750875437715,150.11005502751374,287.44872436218105,253.94697348674333
0032668AR,1,56.083041520760375,102.72636318159078,330.2051025512756,274.1220610305152
0032684AR,1,45.16258129064532,79.40470235117559,287.44872436218105,242.28614307153572
0032717AR,1,68.66933466733366,131.6008004002001,264.8674337168584,196.19809904952473
0032764AR,4,69.03951975987994,106.7983991995998,330.02001000500246,260.9804902451225
0032781AR,1,45.53276638319159,105.13256628314157,285.78289144572284,240.25012506253125
0032793AR,4,73.11155577788894,112.16608304152075,292.816408204102,219.70485242621305
0032795AR,1,60.155077538769376,104.20710355177589,306.6983491745873,246.54327163581792
0032908AR,1,51.82591295647824,89.95497748874436,296.1480740370185,244.32216108054024
0032929AR,1,62.191095547773884,132.1560780390195,274.49224612306153,212.30115057528764
0032931AR,1,36.83341670835417,123.82691345672835,276.3431715857929,239.50975487743872
0032950AR,1,40.16508254127063,121.975987993997,263.2016008004002,223.03651825912954
0033003AR,1,70.70535267633817,112.72136068034017,295.5927963981991,224.8874437218609
0033010AR,1,57.00850425212605,105.68784392196098,355.19259629814906,298.184092046023
0033025AR,1,42.94147073536768,106.2431215607804,262.64632316158077,219.70485242621308
0033044AR,1,52.38119059529764,103.46673336668333,358.15407703851923,305.7728864432216
0033067AR,1,49.04952476238118,111.42571285642819,370.0,320.95047523761883
0033068AR,1,59.969984992496244,193.79189594797396,332.056028014007,272.08604302151076
0033113AR,1,67.00350175087543,118.08904452226112,370.0,302.99649824912456
0033121AR,1,70.8904452226113,105.3176588294147,286.5232616308154,215.6328164082041
0033124AR,1,42.38619309654827,119.38469234617308,278.0090045022511,235.62281140570286
0033143AR,1,60.155077538769376,104.02201100550275,320.9504752376188,260.7953976988494
0033147AR,1,75.33266633316659,105.68784392196098,337.42371185592793,262.09104552276136
0033186AR,1,50.530265132566285,108.09404702351175,357.96898449224614,307.43871935967985
0033199AR,1,69.22461230615308,128.45422711355675,264.49724862431214,195.27263631815907
0034519AR,1,57.93396698349174,96.98849424712355,325.0225112556278,267.08854427213606
0034527AR,4,61.08054027013507,97.7288644322161,309.8449224612306,248.76438219109556
0034591AR,1,50.160080040020006,102.72636318159078,368.5192596298149,318.35917958979485
0034601AR,1,53.86193096548274,95.32266133066533,327.0585292646323,273.1965982991495
0034617AR,1,52.566283141570786,98.65432716358177,324.4672336168084,271.9009504752376
0034642AR,1,48.30915457728864,132.34117058529264,280.600300150075,232.29114557278635
0034643AR,4,54.97248624312155,102.72636318159078,354.63731865932965,299.6648324162081
0034655AR,1,54.78739369684842,109.75987993996998,269.8649324662331,215.07753876938466
0034678AR,1,69.4097048524262,133.45172586293145,370.0,300.5902951475738
0034719AR,4,42.94147073536768,69.4097048524262,254.13206603301649,211.1905952976488
0034749AR,1,44.79239619809905,100.87543771885942,332.2411205602801,287.44872436218105
0034785AR,1,54.417208604302154,104.02201100550275,281.34067033516754,226.9234617308654
0034798AR,4,40.16508254127063,89.5847923961981,282.6363181590795,242.47123561780887
0034810AR,1,58.30415207603801,92.36118059029513,298.3691845922961,240.0650325162581
0034816AR,1,45.16258129064532,103.46673336668333,295.2226113056528,250.06003001500744
0034817AR,4,43.12656328164081,118.27413706853426,296.3331665832916,253.20660330165077
0034896AR,1,51.640820410205095,113.09154577288643,329.46473236618306,277.82391195597796
0034912AR,4,63.48674337168584,114.3871935967984,324.0970485242621,260.61030515257625
0034942AR,4,62.191095547773884,100.50525262631315,325.39269634817407,263.2016008004002
0034943AR,1,83.47673836918459,249.31965982991494,370.0,286.5232616308154
0034976AR,1,54.047023511755874,108.27913956978489,339.2746373186593,285.22761380690343
0034994AR,4,44.42221110555277,97.35867933966983,268.19909954977487,223.7768884442221
0034996AR,1,44.42221110555277,111.05552776388193,257.4637318659329,213.04152076038014
0035026AR,1,54.417208604302154,95.87793896948475,326.13306653326663,271.71585792896445
0035081AR,1,82.36618309154576,168.80440220110052,370.0,287.63381690845426
0035088AR,1,60.525262631315655,124.38219109554777,342.0510255127563,281.52576288144064
0035147AR,4,50.34517258629314,116.60830415207602,299.10955477738867,248.76438219109554
0035199AR,1,65.89294647323662,164.91745872936468,343.9019509754877,278.00900450225106
0035249AR,1,63.85692846423211,133.63681840920458,235.43771885942968,171.58079039519757
0035255AR,4,39.60980490245122,86.25312656328163,295.40770385192593,255.7978989494747
0035349AR,1,46.82841420710355,129.5647823911956,263.0165082541271,216.18809404702353
0035430AR,1,52.566283141570786,104.57728864432215,331.13056528264127,278.56428214107046
0035507AR,4,45.902951475737865,102.1710855427714,286.33816908454224,240.43521760880438
0035601AR,1,56.26813406703351,95.69284642321159,331.3156578289144,275.04752376188094
0035604AR,1,61.63581790895447,127.89894947473735,346.30815407703847,284.672336168084
0035629AR,1,55.34267133566783,101.61580790395197,307.06853426713354,251.7258629314657
0035644AR,1,51.640820410205095,102.72636318159078,324.4672336168084,272.8264132066033
0035675AR,1,54.78739369684842,103.46673336668333,343.1615807903952,288.37418709354677
0035734AR,1,44.42221110555277,109.57478739369684,280.78539269634814,236.36318159079536
0035744AR,1,54.97248624312155,116.4232116058029,319.6548274137068,264.68234117058523
0035861AR,1,48.86443221610805,125.67783891945973,273.1965982991495,224.33216608304147
0035912AR,4,42.38619309654827,94.95247623811906,282.6363181590795,240.25012506253125
0035935AR,1,52.196098049024506,98.46923461730866,328.5392696348174,276.3431715857929
0035959AR,4,48.30915457728864,81.25562781390695,273.3816908454227,225.0725362681341
0036007AR,4,35.16758379189594,116.05302651325661,271.16058029014505,235.9929964982491
0036024AR,4,41.460730365182584,104.20710355177589,266.3481740870435,224.8874437218609
0036030AR,1,54.047023511755874,102.3561780890445,365.37268634317155,311.3256628314157
0036070AR,4,56.083041520760375,96.43321660830415,329.83491745872936,273.751875937969
0036081AR,1,56.083041520760375,157.8839419709855,333.53676838419204,277.45372686343165
0036082AR,4,48.86443221610805,90.32516258129064,288.37418709354677,239.50975487743872
0036098AR,4,52.93646823411705,85.51275637818908,285.59779889944974,232.66133066533268
0036105AR,1,50.160080040020006,100.87543771885942,335.57278639319657,285.41270635317653
0036109AR,1,57.37868934467233,115.68284142071035,370.0,312.62131065532765
0036155AR,4,61.08054027013507,90.88044022011005,295.9629814907454,234.88244122061033
0036170AR,4,42.38619309654827,112.53626813406702,266.9034517258629,224.51725862931465
0036262AR,1,51.82591295647824,116.23811905952975,283.7468734367184,231.92096048024013
0036335AR,1,55.34267133566783,148.81440720360177,286.15307653826915,230.81040520260132
0036345AR,1,43.49674837418709,105.13256628314157,262.46123061530767,218.96448224112058
0036444AR,1,55.712856428214096,125.49274637318658,329.6498249124562,273.93696848424213
0036474AR,1,62.561280640320156,133.08154077038517,351.4907453726863,288.92946473236617
0036497AR,4,52.566283141570786,80.88544272136068,302.256128064032,249.68984492246122
0036551AR,1,57.74887443721861,166.39819909954977,345.1975987993997,287.4487243621811
0036583AR,1,54.417208604302154,101.98599299649824,365.37268634317155,310.9554777388694
0036600AR,1,50.530265132566285,101.8009004502251,330.39019509754877,279.8599299649825
0036634AR,1,99.20960480240119,149.36968484242118,266.71835917958975,167.50875437718855
0036681AR,4,42.20110055027513,105.68784392196098,273.751875937969,231.55077538769385
0036716AR,4,45.16258129064532,96.61830915457728,267.4587293646823,222.29614807403698
0036727AR,4,42.75637818909454,106.2431215607804,263.2016008004002,220.44522261130564
0036808AR,4,60.71035517758879,106.42821410705352,332.056028014007,271.3456728364182
0036832AR,1,53.676838419209595,125.67783891945973,332.6113056528264,278.9344672336168
0036846AR,1,53.86193096548274,96.06303151575786,324.0970485242621,270.2351175587794
0036877AR,1,56.453226613306654,98.83941970985492,336.4982491245623,280.04502251125564
0036923AR,4,43.49674837418709,90.6953476738369,280.23011505752874,236.73336668334164
0036997AR,1,55.34267133566783,121.05052526263131,325.5777888944472,270.2351175587794
0037032AR,4,46.643321660830416,126.6033016508254,302.07103551775884,255.42771385692842
0037039AR,1,55.89794897448724,151.9609804902451,284.1170585292646,228.2191095547774
0037063AR,1,64.04202101050525,133.45172586293145,237.4737368684342,173.43171585792896
0037080AR,1,54.78739369684842,104.20710355177589,330.760380190095,275.9729864932466
0037099AR,1,63.48674337168584,99.76488244122059,307.62381190595295,244.13706853426712
0037134AR,1,53.1215607803902,104.02201100550275,334.46223111555776,281.34067033516754
0037136AR,1,52.93646823411705,101.8009004502251,291.5207603801901,238.58429214607304
0037170AR,1,44.97748874437218,98.46923461730866,284.4872436218109,239.5097548774387
0037279AR,1,54.417208604302154,98.46923461730866,325.0225112556278,270.60530265132564
0037290AR,4,43.866933466733364,98.09904952476236,276.71335667833915,232.84642321160578
0037361AR,1,55.52776388194096,123.45672836418208,328.5392696348174,273.0115057528764
0037474AR,1,59.969984992496244,94.76738369184592,289.66983491745873,229.69984992496248
0037482AR,4,39.23961980990495,115.49774887443722,292.816408204102,253.57678839419705
0037483AR,4,40.90545272636318,96.61830915457728,279.4897448724362,238.58429214607298
0037519AR,4,45.34767383691845,96.43321660830415,281.5257628814407,236.17808904452224
0037651AR,4,36.64832416208104,111.61080540270135,258.5742871435718,221.92596298149073
0037664AR,4,45.71785892946473,86.80840420210104,303.9219609804902,258.2041020510255
0037690AR,4,54.047023511755874,93.28664332166083,323.72686343171586,269.67983991996
0037725AR,4,47.01350675337668,102.91145572786392,278.9344672336168,231.9209604802401
0037742AR,4,51.45572786393196,106.05802901450724,277.4537268634317,225.99799899949974
0037761AR,4,53.676838419209595,90.51025512756378,306.8834417208604,253.2066033016508
0037823AR,1,50.160080040020006,101.98599299649824,334.2771385692846,284.11705852926457
0037825AR,1,53.30665332666333,108.46423211605801,337.23861930965484,283.9319659829915
0037838AR,4,42.94147073536768,107.35367683841919,275.9729864932466,233.0315157578789
0037840AR,4,41.09054527263631,99.94997498749375,281.34067033516754,240.25012506253123
0037855AR,4,53.49174587293646,112.72136068034017,301.88594297148575,248.39419709854928
0037941AR,4,41.645822911455724,100.50525262631315,273.751875937969,232.10605302651325
0037946AR,4,48.49424712356178,105.13256628314157,265.97798899449725,217.4837418709355
0037968AR,4,51.82591295647824,91.25062531265633,304.66233116558277,252.83641820910452
0037995AR,4,41.460730365182584,100.87543771885942,270.05002501250624,228.58929464732364
0037999AR,4,54.97248624312155,106.98349174587293,308.7343671835918,253.76188094047026
0038023AR,1,54.417208604302154,116.4232116058029,326.5032516258129,272.0860430215107
0038026AR,4,42.016008004001996,93.10155077538768,314.28714357178586,272.27113556778386
0038027AR,1,55.1575787893947,106.2431215607804,330.02001000500246,274.8624312156078
0038087AR,1,54.047023511755874,94.95247623811906,337.79389694847424,283.7468734367184
0038110AR,1,55.89794897448724,114.0170085042521,283.37668834417207,227.47873936968483
0038141AR,4,34.61230615307654,110.68534267133566,270.23511755877934,235.6228114057028
0038173AR,1,54.417208604302154,85.32766383191596,306.32816408204104,251.9109554777389
0038175AR,4,39.424712356178084,118.4592296148074,294.11205602801397,254.6873436718359
0038470AR,4,57.1935967983992,128.0840420210105,345.7528764382191,288.5592796398199
0038482AR,4,49.604802401200594,80.88544272136068,293.3716858429214,243.7668834417208
0038483AR,4,57.37868934467233,161.40070035017507,352.416208104052,295.0375187593796
0038485AR,4,54.97248624312155,109.3896948474237,332.2411205602801,277.26863431715856
0038503AR,4,49.78989494747374,184.90745372686342,334.09204602301145,284.3021510755377
0038508AR,4,53.676838419209595,136.2281140570285,320.7653826913456,267.088544272136
0038511AR,4,53.86193096548274,151.77588794397198,358.52426213106554,304.6623311655828
0038539AR,4,55.1575787893947,105.3176588294147,300.2201100550275,245.06253126563277
0038540AR,4,50.160080040020006,81.81090545272636,326.87343671835913,276.7133566783391
0038548AR,4,56.63831915957979,126.97348674337168,344.6423211605803,288.0040020010005
0038570AR,4,49.23461730865433,84.58729364682341,300.0350175087544,250.80040020010006
0038575AR,4,55.1575787893947,114.9424712356178,345.56778389194596,290.4102051025513
0038581AR,4,55.52776388194096,102.54127063531766,336.6833416708354,281.1555777888944
0038590AR,4,47.93896948474237,119.19959979989993,357.4137068534267,309.4747373686843
0038601AR,4,48.86443221610805,95.50775387693847,286.33816908454224,237.4737368684342
0038612AR,4,50.34517258629314,82.36618309154576,319.4697348674337,269.1245622811406
0038632AR,4,55.712856428214096,129.1945972986493,297.62881440720355,241.91595797898947
0038666AR,4,55.1575787893947,116.79339669834917,348.52926463231614,293.37168584292147
0038672AR,4,52.011005502751374,102.1710855427714,337.23861930965484,285.2276138069035
0038689AR,4,50.160080040020006,145.48274137068535,343.7168584292146,293.5567783891946
0038713AR,4,56.453226613306654,90.1400700350175,311.8809404702351,255.42771385692845
0038719AR,4,49.23461730865433,93.47173586793397,299.479739869935,250.24512256128065
0038741AR,4,14.992496248124061,111.05552776388193,280.78539269634814,265.7928964482241
0038751AR,4,50.90045022511255,90.32516258129064,294.4822411205603,243.58179089544774
0038752AR,4,45.71785892946473,104.76238119059528,292.2611305652826,246.54327163581786
0038754AR,4,54.23211605802901,107.16858429214606,318.544272136068,264.312156078039
0038784AR,4,51.27063531765883,92.36118059029513,310.9554777388694,259.68484242121053
0038804AR,4,57.1935967983992,101.06053026513257,342.2361180590295,285.0425212606303
0038811AR,4,56.083041520760375,106.2431215607804,342.2361180590295,286.1530765382691
0038816AR,4,54.23211605802901,120.4952476238119,353.52676338169084,299.2946473236618
0038826AR,4,53.1215607803902,80.70035017508754,291.5207603801901,238.39919959979989
0038854AR,4,51.45572786393196,116.79339669834917,308.3641820910455,256.90845422711357
0038856AR,4,55.712856428214096,207.11855927963978,333.35167583791895,277.63881940970487
0038862AR,4,56.453226613306654,117.16358179089544,338.53426713356674,282.0810405202601
0038865AR,4,54.78739369684842,113.46173086543271,338.1640820410205,283.37668834417207
0038869AR,4,52.38119059529764,144.9274637318659,341.12556278139067,288.744372186093
0038885AR,4,43.49674837418709,96.24812406203101,287.0785392696348,243.5817908954477
0038899AR,4,56.453226613306654,180.65032516258128,316.3231615807904,259.86993496748374
0038902AR,4,55.34267133566783,86.80840420210104,316.13806903451723,260.7953976988494
0038911AR,4,55.52776388194096,116.79339669834917,352.0460230115057,296.51825912956474
0038914AR,4,54.417208604302154,110.8704352176088,345.3826913456728,290.96548274137064
0038918AR,4,57.37868934467233,110.3151575787894,343.9019509754877,286.52326163081534
0038920AR,4,45.34767383691845,132.52626313156577,337.79389694847424,292.4462231115558
0038922AR,4,52.566283141570786,108.09404702351175,322.61630815407705,270.05002501250624
0038930AR,4,48.30915457728864,175.46773386693346,335.01750875437716,286.7083541770885
0038934AR,4,52.566283141570786,174.91245622811405,335.57278639319657,283.00650325162576
0040152AR,1,74.03701850925462,95.69284642321159,370.0,295.9629814907454
0040699AR,1,67.18859429714857,93.10155077538768,326.68834417208603,259.4997498749375
0040733AR,1,66.81840920460229,96.61830915457728,323.17158579289645,256.35317658829416
0040755AR,1,62.376188094047016,106.98349174587293,361.4857428714357,299.1095547773887
0041055AR,1,74.9624812406203,148.62931465732865,370.0,295.0375187593797
0041076AR,1,67.55877938969483,160.84542271135567,370.0,302.44122061030515
0041104AR,1,62.006003001500744,131.97098549274637,370.0,307.99399699849926
0041258AR,1,70.8904452226113,208.5992996498249,345.56778389194596,274.67733866933463
0041380AR,1,68.48424212106053,126.41820910455226,370.0,301.51575787893944
0041430AR,1,67.18859429714857,213.0415207603802,329.46473236618306,262.27613806903446
0042023AR,1,65.52276138069034,89.5847923961981,370.0,304.4772386193097
0044351AR,4,67.74387193596799,95.87793896948475,370.0,302.256128064032
0044353AR,4,31.465732866433214,80.88544272136068,370.0,338.5342671335668
0044354AR,4,37.203601800900444,248.02401200600298,328.35417708854425,291.1505752876438
0044357AR,4,38.12906453226613,165.6578289144572,319.09954977488746,280.97048524262135
0044359AR,4,67.18859429714857,106.98349174587293,335.9429714857429,268.7543771885943
0044360AR,4,45.16258129064532,190.09004502251125,318.35917958979485,273.1965982991495
0044365AR,4,65.89294647323662,94.76738369184592,334.46223111555776,268.5692846423211
0044368AR,4,64.22711355677838,198.04902451225612,331.8709354677339,267.6438219109555
0044370AR,4,32.206103051525766,178.2441220610305,336.6833416708354,304.4772386193096
0044372AR,4,65.3376688344172,95.87793896948475,305.7728864432216,240.43521760880438
0044373AR,4,40.35017508754377,203.97198599299648,370.0,329.6498249124562
0044380AR,4,63.85692846423211,153.07153576788392,324.6523261630815,260.7953976988494
0044382AR,4,24.802401200600297,162.5112556278139,361.4857428714357,336.68334167083543
0044386AR,4,71.07553776888443,108.27913956978489,352.97148574287144,281.895947973987
0044389AR,4,66.07803901950975,98.83941970985492,370.0,303.92196098049027
0044391AR,4,48.124062031015505,225.81290645322662,344.6423211605803,296.5182591295648
0044392AR,4,40.5352676338169,220.6303151575788,333.53676838419204,293.00150075037516
0044393AR,4,63.11655827913957,196.19809904952473,330.02001000500246,266.9034517258629
0044394AR,4,34.98249124562281,183.24162081040518,370.0,335.0175087543772
0044397AR,4,65.89294647323662,196.568284142071,330.760380190095,264.8674337168584
0044399AR,4,64.7823911955978,142.33616808404201,333.35167583791895,268.5692846423211
0044411AR,4,55.89794897448724,134.74737368684342,370.0,314.10205102551276
0044421AR,4,69.96498249124562,119.93996998499249,333.7218609304652,263.7568784392196
0044423AR,4,64.59729864932466,120.31015507753875,344.4572286143071,279.8599299649824
0044425AR,4,63.85692846423211,88.65932966483241,358.52426213106554,294.66733366683343
0044429AR,4,70.33516758379189,99.39469734867433,370.0,299.6648324162081
0044430AR,4,33.871935967983994,260.0550275137569,370.0,336.128064032016
0044431AR,4,66.44822411205602,89.76988494247124,370.0,303.55177588794396
0044435AR,4,20.91545772886443,253.2066033016508,330.39019509754877,309.4747373686843
0044436AR,4,50.160080040020006,245.61780890445223,345.0125062531265,294.85242621310647
0044439AR,4,39.05452726363181,163.06653326663331,370.0,330.9454727363682
0044440AR,4,59.78489244622311,192.68134067033515,328.1690845422711,268.38419209604797
0044445AR,4,67.37368684342171,94.02701350675336,370.0,302.6263131565783
0044451AR,4,68.8544272136068,102.3561780890445,340.01500750375186,271.16058029014505
0044455AR,4,66.81840920460229,215.26263131565779,333.53676838419204,266.71835917958975
0044457AR,4,61.2656328164082,199.34467233616806,326.3181590795397,265.05252626313154
0044460AR,4,63.85692846423211,101.98599299649824,370.0,306.1430715357679
0044461AR,4,64.04202101050525,197.67883941970985,332.79639819909954,268.7543771885943
0044466AR,4,65.52276138069034,91.80590295147573,360.1900950475237,294.6673336668334
0044468AR,4,14.992496248124061,269.49474737368683,331.8709354677339,316.87843921960985
0044474AR,4,36.64832416208104,173.6168084042021,370.0,333.35167583791895
0044476AR,4,63.48674337168584,136.04302151075535,362.4112056028014,298.9244622311155
0044477AR,4,33.31665832916458,87.73386693346673,370.0,336.68334167083543
0044481AR,4,32.94647323661831,173.98699349674837,370.0,337.0535267633817
0044488AR,4,66.07803901950975,195.64282141070535,328.7243621810905,262.64632316158077
0044492AR,4,65.15257628814408,99.02451225612806,348.1590795397699,283.0065032516258
0044494AR,4,67.92896448224111,110.8704352176088,341.86593296648323,273.93696848424213
0044499AR,4,34.61230615307654,97.17358679339668,370.0,335.38769384692347
0044500AR,4,66.63331665832916,91.80590295147573,336.6833416708354,270.05002501250624
0044504AR,4,67.55877938969483,205.63781890945472,329.83491745872936,262.2761380690345
0044507AR,4,66.81840920460229,198.78939469734865,330.57528764382187,263.7568784392196
0044509AR,4,69.22461230615308,102.1710855427714,361.6708354177088,292.44622311155575
0044510AR,4,65.3376688344172,96.98849424712355,338.7193596798399,273.38169084542267
0044512AR,4,65.70785392696347,106.2431215607804,370.0,304.2921460730365
0044515AR,4,63.48674337168584,195.64282141070535,330.9454727363682,267.4587293646823
0044522AR,4,35.907953976988495,173.98699349674837,370.0,334.0920460230115
0044524AR,4,63.85692846423211,123.82691345672835,370.0,306.1430715357679
0044525AR,4,60.89544772386192,196.0130065032516,333.53676838419204,272.6413206603301
0044533AR,4,67.74387193596799,105.68784392196098,336.6833416708354,268.9394697348674
0044539AR,4,67.92896448224111,99.02451225612806,302.256128064032,234.3271635817909
0044540AR,4,64.04202101050525,198.04902451225612,331.8709354677339,267.8289144572286
0044542AR,4,36.4632316158079,141.7808904452226,358.15407703851923,321.69084542271133
0044551AR,4,56.26813406703351,136.7833916958479,370.0,313.7318659329665
0044557AR,4,68.29914957478738,93.10155077538768,339.64482241120555,271.3456728364182
0044560AR,4,12.216108054027012,122.5312656328164,370.0,357.783891945973
0044562AR,4,61.82091045522761,213.41170585292645,331.13056528264127,269.3096548274137
0044563AR,4,66.44822411205602,90.88044022011005,334.2771385692846,267.82891445722856
0044564AR,4,66.44822411205602,94.02701350675336,342.42121060530263,275.9729864932466
0044566AR,4,39.60980490245122,232.29114557278638,331.8709354677339,292.26113056528266
0044567AR,4,42.20110055027513,147.51875937968984,370.0,327.7988994497249
0044573AR,4,40.5352676338169,169.91495747873935,370.0,329.4647323661831
0044576AR,4,67.55877938969483,173.6168084042021,329.6498249124562,262.09104552276136
0044581AR,4,61.2656328164082,193.4217108554277,328.5392696348174,267.2736368184092
0044584AR,4,32.57628814407204,178.42921460730363,324.2821410705352,291.7058529264632
0044585AR,4,64.7823911955978,192.3111555777889,322.06103051525764,257.2786393196599
0044586AR,4,68.11405702851425,106.98349174587293,344.4572286143071,276.34317158579285
0044595AR,4,69.4097048524262,204.5272636318159,331.6858429214607,262.27613806903446
0044597AR,4,62.74637318659329,104.20710355177589,272.456228114057,209.7098549274637
0044599AR,4,44.42221110555277,120.31015507753875,322.06103051525764,277.63881940970487
0044602AR,4,66.26313156578288,92.54627313656827,342.6063031515758,276.3431715857929
0044605AR,4,34.05702851425713,130.86043021510756,370.0,335.9429714857429
0044607AR,4,63.48674337168584,208.0440220110055,336.6833416708354,273.1965982991495
0044621AR,4,67.92896448224111,197.67883941970985,330.9454727363682,263.0165082541271
0044622AR,4,64.96748374187092,89.76988494247124,370.0,305.0325162581291
0044624AR,4,67.18859429714857,99.39469734867433,360.56028014007,293.37168584292147
0044629AR,4,67.92896448224111,104.76238119059528,343.3466733366683,275.4177088544272
0044635AR,4,32.76138069034517,212.3011505752876,334.09204602301145,301.3306653326663
0044636AR,4,34.98249124562281,68.66933466733366,370.0,335.0175087543772
0044640AR,4,68.48424212106053,208.96948474237118,331.3156578289144,262.8314157078539
0044642AR,4,63.3016508254127,137.52376188094047,350.01000500250126,286.70835417708855
0044644AR,4,64.04202101050525,105.8729364682341,370.0,305.95797898949473
0044645AR,4,68.48424212106053,199.52976488244119,331.13056528264127,262.64632316158077
0044648AR,4,64.96748374187092,99.57978989494748,330.2051025512756,265.2376188094047
0044653AR,4,55.52776388194096,149.7398699349675,317.06353176588294,261.53576788394196
0044654AR,4,63.67183591795897,94.39719859929964,327.6138069034517,263.94197098549273
0044655AR,4,35.537768884442215,88.104052026013,370.0,334.46223111555776
0044656AR,4,65.15257628814408,92.73136568284141,327.4287143571786,262.2761380690345
0044657AR,4,49.04952476238118,90.51025512756378,319.83991995997997,270.7903951975988
0044661AR,4,66.63331665832916,91.43571785892946,333.53676838419204,266.90345172586285
0044662AR,4,32.206103051525766,224.51725862931463,331.8709354677339,299.6648324162081
0044665AR,4,66.26313156578288,94.58229114557277,333.90695347673835,267.64382191095547
0044668AR,4,64.7823911955978,212.3011505752876,331.13056528264127,266.3481740870435
0044674AR,4,62.376188094047016,97.91395697848924,370.0,307.623811905953
0044676AR,4,64.7823911955978,168.98949474737367,355.0075037518759,290.2251125562781
0044681AR,4,32.206103051525766,144.55727863931966,370.0,337.79389694847424
0044687AR,4,14.252126063031513,93.47173586793397,370.0,355.74787393696846
0044693AR,4,68.66933466733366,206.93346673336666,332.4262131065533,263.75687843921963
0044696AR,4,53.49174587293646,224.70235117558778,340.7553776888444,287.26363181590796
0044697AR,4,60.340170085042516,137.52376188094047,370.0,309.65982991495747
0044703AR,4,64.04202101050525,131.41570785392693,330.760380190095,266.71835917958975
0044704AR,4,46.45822911455728,139.55977988994496,321.13556778389193,274.67733866933463
0044707AR,4,66.81840920460229,93.6568284142071,370.0,303.1815907953977
0044709AR,4,65.3376688344172,127.52876438219108,347.2336168084042,281.89594797398695
0044712AR,4,63.48674337168584,114.0170085042521,370.0,306.51325662831414
0044715AR,4,65.15257628814408,114.9424712356178,352.416208104052,287.2636318159079
0044724AR,4,40.35017508754377,100.13506753376689,370.0,329.6498249124562
0044725AR,4,66.63331665832916,152.5162581290645,328.1690845422711,261.53576788394196
0044728AR,4,66.63331665832916,146.96348174087044,347.4187093546773,280.78539269634814
0044729AR,4,21.100550275137564,121.05052526263131,370.0,348.89944972486245
0044731AR,4,65.15257628814408,122.90145072536266,361.1155577788894,295.96298149074534
0044734AR,4,65.52276138069034,134.93246623311654,370.0,304.4772386193097
0044735AR,4,31.465732866433214,120.86543271635817,333.1665832916458,301.7008504252126
0044736AR,4,70.8904452226113,103.09654827413706,345.9379689844922,275.04752376188094
0044737AR,4,34.4272136068034,84.21710855427713,370.0,335.5727863931966
0044740AR,4,61.2656328164082,116.60830415207602,340.57028514257127,279.3046523261631
0044741AR,4,63.11655827913957,199.8999499749875,334.83241620810406,271.7158579289645
0044742AR,4,69.03951975987994,311.8809404702351,340.9404702351175,271.90095047523755
0044743AR,4,60.71035517758879,209.52476238119056,325.5777888944472,264.86743371685844
0044744AR,4,33.871935967983994,91.99099549774887,370.0,336.128064032016
0044745AR,4,33.31665832916458,193.4217108554277,370.0,336.68334167083543
0044747AR,4,65.3376688344172,131.41570785392693,349.8249124562281,284.4872436218109
0044749AR,4,54.97248624312155,158.06903451725861,356.85842921460727,301.88594297148575
0044750AR,4,61.63581790895447,196.75337668834413,334.09204602301145,272.45622811405696
0044751AR,4,72.74137068534267,134.37718859429714,338.7193596798399,265.9779889944972
0044752AR,4,69.03951975987994,94.95247623811906,308.5492746373186,239.50975487743867
0044753AR,4,72.9264632316158,101.43071535767884,353.52676338169084,280.60030015007504
0044759AR,4,41.645822911455724,242.47123561780887,331.8709354677339,290.2251125562782
0044761AR,4,34.98249124562281,100.69034517258628,370.0,335.0175087543772
0044767AR,4,69.03951975987994,98.83941970985492,350.3801900950475,281.3406703351676
0044769AR,4,29.984992496248122,158.80940470235117,370.0,340.01500750375186
0044770AR,4,67.92896448224111,96.06303151575786,320.9504752376188,253.02151075537768
0044778AR,4,29.244622311155577,143.07653826913457,349.2696348174087,320.0250125062531
0044781AR,4,66.63331665832916,99.02451225612806,330.02001000500246,263.38669334667327
0044782AR,4,64.96748374187092,93.28664332166083,370.0,305.0325162581291
0044783AR,4,68.66933466733366,94.95247623811906,326.87343671835913,258.2041020510255
0044785AR,4,65.89294647323662,128.82441220610306,354.63731865932965,288.744372186093
0044787AR,4,69.59479739869934,214.33716858429213,332.79639819909954,263.20160080040023
0044788AR,4,69.03951975987994,200.08504252126062,332.2411205602801,263.2016008004001
0044790AR,4,69.03951975987994,199.34467233616806,331.5007503751876,262.4612306153076
0044793AR,4,64.41220610305153,141.41070535267633,314.472236118059,250.0600300150075
0044795AR,4,65.52276138069034,188.79439719859928,329.83491745872936,264.31215607803904
0044800AR,4,62.006003001500744,108.09404702351175,369.44472236118054,307.4387193596798
0044801AR,4,37.01850925462731,178.05902951475736,370.0,332.9814907453727
0044802AR,4,64.96748374187092,109.3896948474237,346.6783391695848,281.71085542771385
0044803AR,4,24.987493746873437,139.00450225112556,321.50575287643824,296.5182591295648
0044808AR,4,60.89544772386192,185.09254627313655,336.3131565782891,275.4177088544272
0044809AR,4,67.74387193596799,97.17358679339668,370.0,302.256128064032
0044810AR,4,64.96748374187092,133.82191095547773,351.4907453726863,286.5232616308154
0044813AR,4,66.63331665832916,195.64282141070535,328.5392696348174,261.90595297648827
0044814AR,4,68.8544272136068,100.69034517258628,323.17158579289645,254.31715857928964
0044819AR,4,63.3016508254127,113.83191595797899,370.0,306.6983491745873
0044820AR,4,63.3016508254127,195.4577288644322,329.83491745872936,266.53326663331666
0044821AR,4,62.74637318659329,194.34717358679336,331.3156578289144,268.5692846423211
0044825AR,4,68.66933466733366,119.93996998499249,343.7168584292146,275.04752376188094
0044830AR,4,68.29914957478738,104.39219609804901,302.8114057028514,234.51225612806402
0044838AR,4,24.062031015507753,250.43021510755375,328.7243621810905,304.66233116558277
0044839AR,4,69.22461230615308,100.50525262631315,342.0510255127563,272.82641320660326
0044840AR,4,71.44572286143071,101.24562281140568,312.62131065532765,241.17558779389694
0044842AR,4,25.54277138569285,75.51775887943971,364.4472236118059,338.90445222611305
0044844AR,4,44.23711855927964,96.43321660830415,365.74287143571786,321.50575287643824
0044845AR,4,64.59729864932466,97.17358679339668,300.7753876938469,236.1780890445222
0044847AR,4,67.37368684342171,92.91645822911455,370.0,302.6263131565783
0044854AR,4,65.89294647323662,93.10155077538768,370.0,304.10705352676337
0044858AR,4,65.89294647323662,100.50525262631315,326.3181590795397,260.4252126063031
0044859AR,4,66.07803901950975,107.53876938469234,306.6983491745873,240.62031015507756
0044863AR,4,26.098049024512253,142.70635317658827,370.0,343.90195097548775
0044870AR,4,66.26313156578288,90.88044022011005,314.65732866433217,248.39419709854928
0044873AR,4,72.9264632316158,109.20460230115057,315.767883941971,242.84142071035518
0044876AR,4,63.85692846423211,122.71635817908953,338.90445222611305,275.04752376188094
0044877AR,4,52.75137568784392,227.84892446223108,340.57028514257127,287.81890945472736
0044879AR,4,69.59479739869934,97.91395697848924,324.2821410705352,254.68734367183586
0044882AR,4,63.85692846423211,196.75337668834413,332.056028014007,268.19909954977487
0044885AR,4,63.67183591795897,120.31015507753875,316.3231615807904,252.65132566283143
0044892AR,4,65.52276138069034,196.568284142071,330.57528764382187,265.05252626313154
0044901AR,4,67.92896448224111,198.60430215107553,332.6113056528264,264.6823411705853
0044905AR,4,63.67183591795897,115.68284142071035,370.0,306.32816408204104
0044906AR,4,17.028514257128563,201.0105052526263,335.57278639319657,318.544272136068
0044907AR,4,66.26313156578288,96.24812406203101,338.1640820410205,271.9009504752376
0044908AR,4,70.52026013006503,98.2841420710355,318.17408704352175,247.65382691345673
0044909AR,4,66.07803901950975,199.8999499749875,333.90695347673835,267.8289144572286
0044911AR,4,64.04202101050525,123.27163581790894,325.5777888944472,261.53576788394196
0044914AR,4,64.04202101050525,189.16458229114554,333.35167583791895,269.3096548274137
0044915AR,4,54.78739369684842,238.9544772386193,335.01750875437716,280.23011505752874
0044916AR,4,65.15257628814408,118.64432216108052,309.4747373686843,244.32216108054024
0044917AR,4,64.41220610305153,125.67783891945973,328.7243621810905,264.312156078039
0044919AR,4,40.16508254127063,92.91645822911455,370.0,329.83491745872936
0044922AR,4,67.74387193596799,97.54377188594297,299.8499249624812,232.10605302651322
0044926AR,4,29.244622311155577,94.95247623811906,370.0,340.7553776888444
0044927AR,4,65.89294647323662,106.61330665332666,370.0,304.10705352676337
0044933AR,4,63.3016508254127,100.32016008004001,370.0,306.6983491745873
0044939AR,4,60.71035517758879,121.23561780890444,370.0,309.2896448224112
0044940AR,4,64.7823911955978,196.93846923461732,331.3156578289144,266.53326663331666
0044944AR,4,37.758879439719855,178.79939969984991,370.0,332.24112056028014
0044947AR,4,66.07803901950975,90.1400700350175,370.0,303.92196098049027
0044953AR,4,60.525262631315655,313.73186593296646,346.6783391695848,286.15307653826915
0044964AR,4,63.11655827913957,128.45422711355675,323.5417708854427,260.42521260630315
0044967AR,4,63.3016508254127,97.17358679339668,314.472236118059,251.1705852926463
0044968AR,4,59.969984992496244,180.65032516258128,320.7653826913456,260.7953976988494
0044970AR,4,63.48674337168584,98.65432716358177,320.2101050525262,256.72336168084036
0044971AR,4,63.11655827913957,106.98349174587293,343.7168584292146,280.60030015007504
0044977AR,4,66.81840920460229,132.52626313156577,343.9019509754877,277.0835417708854
0044980AR,4,59.78489244622311,167.50875437718858,325.7628814407203,265.9779889944972
0044986AR,4,68.8544272136068,141.7808904452226,329.0945472736368,260.24012006003
0044992AR,4,34.4272136068034,256.53826913456726,370.0,335.5727863931966
0044994AR,4,66.81840920460229,125.67783891945973,341.3106553276638,274.49224612306153
0044996AR,4,64.41220610305153,121.975987993997,354.4522261130565,290.040020010005
0045000AR,4,66.44822411205602,89.95497748874436,361.85592796398197,295.40770385192593
0045003AR,4,58.489244622311155,315.0275137568784,343.53176588294144,285.0425212606303
0045005AR,4,23.13656828414207,97.54377188594297,328.7243621810905,305.5877938969484
0045011AR,4,69.77988994497248,104.20710355177589,350.01000500250126,280.2301150575288
0045012AR,4,32.021010505252626,263.5717858929465,330.9454727363682,298.92446223111557
0045014AR,4,66.81840920460229,95.87793896948475,369.0745372686343,302.256128064032
0045017AR,4,69.59479739869934,198.97448724362178,331.3156578289144,261.7208604302151
0045022AR,4,31.835917958979486,173.2466233116558,318.35917958979485,286.52326163081534
0045027AR,4,64.22711355677838,86.80840420210104,370.0,305.77288644322164
0045031AR,4,60.71035517758879,213.41170585292645,332.2411205602801,271.5307653826913
0045033AR,4,64.04202101050525,197.86393196598297,335.2026013006503,271.16058029014505
0045035AR,4,79.77488744372187,313.5467733866933,337.60880440220103,257.83391695847916
0045037AR,4,64.59729864932466,105.68784392196098,294.6673336668334,230.0700350175087
0045042AR,4,64.59729864932466,118.4592296148074,360.3751875937969,295.77788894447224
0045044AR,4,42.75637818909454,200.27013506753377,370.0,327.24362181090544
0045045AR,4,64.7823911955978,108.27913956978489,321.13556778389193,256.3531765882941
0045050AR,4,69.77988994497248,96.98849424712355,335.01750875437716,265.2376188094047
0045053AR,4,65.3376688344172,197.49374687343672,332.79639819909954,267.4587293646823
0045055AR,4,26.283141570785393,148.07403701850924,353.71185592796394,327.42871435717854
0045058AR,4,65.3376688344172,194.71735867933967,328.1690845422711,262.8314157078539
0045059AR,4,67.74387193596799,119.38469234617308,370.0,302.256128064032
0045065AR,4,67.92896448224111,90.6953476738369,370.0,302.0710355177589
0045069AR,4,68.48424212106053,101.98599299649824,345.56778389194596,277.0835417708854
0045072AR,4,66.81840920460229,117.903951975988,370.0,303.1815907953977
0045074AR,4,64.96748374187092,129.37968984492244,342.6063031515758,277.63881940970487
0045083AR,4,65.3376688344172,94.2121060530265,329.0945472736368,263.7568784392196
0045088AR,4,41.460730365182584,106.61330665332666,367.9639819909955,326.5032516258129
0045100AR,4,36.4632316158079,177.50375187593795,370.0,333.5367683841921
0045103AR,4,62.376188094047016,202.67633816908454,336.86843421710853,274.49224612306153
0045105AR,4,32.021010505252626,77.73886943471734,370.0,337.9789894947474
0045112AR,4,66.07803901950975,90.88044022011005,359.6348174087043,293.55677838919456
0045117AR,4,34.242121060530266,122.90145072536266,370.0,335.7578789394697
0045118AR,4,43.31165582791395,103.28164082041019,330.2051025512756,286.89344672336165
0045120AR,4,88.84442221110554,312.62131065532765,342.6063031515758,253.76188094047023
0045125AR,4,62.93146573286643,115.31265632816408,330.39019509754877,267.4587293646823
0045128AR,4,65.52276138069034,200.08504252126062,327.24362181090544,261.7208604302151
0045130AR,4,62.74637318659329,101.8009004502251,332.056028014007,269.3096548274137
0045134AR,4,65.89294647323662,165.4727363681841,333.35167583791895,267.4587293646823
0045136AR,4,28.319159579789893,175.46773386693346,329.2796398199099,300.96048024012003
0045140AR,4,63.11655827913957,119.01450725362682,313.9169584792396,250.80040020010006
0045143AR,4,38.12906453226613,105.13256628314157,335.01750875437716,296.88844422211105
0045147AR,4,66.63331665832916,99.76488244122059,340.57028514257127,273.93696848424213
0045152AR,4,64.96748374187092,90.51025512756378,349.2696348174087,284.3021510755378
0045154AR,4,38.4992496248124,161.95597798899448,370.0,331.5007503751876
0045163AR,4,39.794897448724356,220.0750375187594,370.0,330.2051025512757
0045164AR,4,65.3376688344172,91.43571785892946,348.344172086043,283.00650325162576
0045165AR,4,62.93146573286643,85.14257128564282,299.66483241620807,236.73336668334164
0045168AR,4,25.72786393196598,103.28164082041019,370.0,344.272136068034
0045171AR,4,68.11405702851425,97.17358679339668,370.0,301.88594297148575
0045181AR,4,62.006003001500744,169.54477238619307,346.12306153076537,284.1170585292646
0045184AR,4,39.424712356178084,110.8704352176088,340.57028514257127,301.1455727863932
0045185AR,4,61.45072536268133,130.49024512256128,360.56028014007,299.10955477738867
0045197AR,4,64.22711355677838,111.42571285642819,305.40270135067533,241.17558779389697
0045200AR,4,32.3911955977989,88.28914457228613,370.0,337.6088044022011
0045202AR,4,67.74387193596799,99.94997498749375,342.7913956978489,275.0475237618809
0045203AR,4,51.0855427713857,150.48024012006002,370.0,318.9144572286143
0045204AR,4,35.907953976988495,253.57678839419705,328.5392696348174,292.6313156578289
0045205AR,4,62.191095547773884,96.43321660830415,312.8064032016008,250.6153076538269
0045208AR,4,59.599799899949964,81.0705352676338,264.49724862431214,204.89744872436216
0045211AR,4,62.006003001500744,109.20460230115057,370.0,307.99399699849926
0045219AR,4,60.89544772386192,115.86793396698349,370.0,309.10455227613807
0045220AR,4,43.31165582791395,167.87893946973486,370.0,326.68834417208603
0045221AR,4,57.74887443721861,135.30265132566282,370.0,312.2511255627814
0045222AR,4,63.3016508254127,122.16108054027013,369.25962981490744,305.95797898949473
0045223AR,4,64.96748374187092,195.08754377188595,329.2796398199099,264.312156078039
0045224AR,4,68.66933466733366,109.01950975487743,314.472236118059,245.80290145072536
0045227AR,4,67.55877938969483,201.0105052526263,333.1665832916458,265.60780390195094
0045228AR,4,65.52276138069034,92.91645822911455,370.0,304.4772386193097
0045233AR,4,58.489244622311155,190.09004502251125,324.4672336168084,265.97798899449725
0045237AR,4,64.96748374187092,179.90995497748872,332.79639819909954,267.8289144572286
0045240AR,4,64.22711355677838,196.38319159579788,329.46473236618306,265.2376188094047
0045243AR,4,67.18859429714857,102.72636318159078,323.35667833916955,256.16808404202095
0045247AR,4,64.96748374187092,94.76738369184592,355.19259629814906,290.22511255627813
0045249AR,4,67.55877938969483,198.60430215107553,330.9454727363682,263.3866933466733
0045255AR,4,38.12906453226613,284.8574287143571,370.0,331.8709354677339
0045262AR,4,63.11655827913957,94.02701350675336,308.3641820910455,245.24762381190595
0045265AR,4,65.70785392696347,116.79339669834917,365.5577788894447,299.8499249624812
0045266AR,4,69.59479739869934,220.2601300650325,328.5392696348174,258.94447223611803
0045268AR,4,27.208604302151077,238.39919959979986,333.1665832916458,305.95797898949473
0045270AR,4,61.45072536268133,89.21460730365182,370.0,308.54927463731866
0045271AR,4,68.8544272136068,93.84192096048024,357.2286143071535,288.3741870935467
0045273AR,4,65.15257628814408,101.24562281140568,331.8709354677339,266.7183591795898
0045275AR,4,66.07803901950975,106.61330665332666,302.07103551775884,235.9929964982491
0049519AR,4,37.38869434717358,205.08254127063532,340.7553776888444,303.36668334167086
0049523AR,4,44.0520260130065,69.4097048524262,315.0275137568784,270.9754877438719
0049524AR,4,46.643321660830416,70.70535267633817,322.4312156078039,275.7878939469735
0049525AR,4,41.460730365182584,111.61080540270135,326.68834417208603,285.22761380690343
0049526AR,4,42.20110055027513,78.29414707353676,313.5467733866933,271.3456728364182
0049535AR,4,44.23711855927964,116.23811905952975,321.69084542271133,277.4537268634317
0049541AR,4,39.05452726363181,94.95247623811906,290.040020010005,250.98549274637315
0049542AR,4,39.979989994997496,66.07803901950975,288.00400200100046,248.02401200600298
0049543AR,4,43.49674837418709,99.94997498749375,324.4672336168084,280.9704852426213
0049545AR,4,40.72036018009004,118.08904452226112,321.13556778389193,280.4152076038019
0049554AR,4,53.676838419209595,115.86793396698349,325.2076038019009,271.5307653826913
0049557AR,4,40.72036018009004,117.34867433716857,326.3181590795397,285.5977988994497
0049571AR,4,45.53276638319159,79.77488744372187,337.0535267633817,291.5207603801901
0049574AR,4,42.38619309654827,202.49124562281136,331.3156578289144,288.92946473236617
0049578AR,4,42.016008004001996,90.1400700350175,326.5032516258129,284.4872436218109
0049579AR,4,39.23961980990495,114.3871935967984,340.9404702351175,301.7008504252126
0049580AR,4,40.90545272636318,81.9959979989995,341.12556278139067,300.2201100550275
0049584AR,4,47.01350675337668,134.74737368684342,337.42371185592793,290.41020510255123
0049587AR,4,40.5352676338169,94.95247623811906,347.4187093546773,306.8834417208604
0049590AR,4,44.42221110555277,185.46273136568283,327.24362181090544,282.82141070535266
0049592AR,4,42.38619309654827,126.41820910455226,329.0945472736368,286.70835417708855
0049593AR,4,44.97748874437218,133.45172586293145,328.7243621810905,283.7468734367183
0049599AR,4,46.27313656828414,158.62431215607802,348.8994497248624,302.62631315657825
0049605AR,4,42.94147073536768,112.90645322661331,320.5802901450725,277.63881940970487
0049611AR,4,41.460730365182584,101.06053026513257,323.35667833916955,281.89594797398695
0049615AR,4,45.34767383691845,105.8729364682341,319.09954977488746,273.75187593796903
0049619AR,4,54.047023511755874,119.93996998499249,322.9864932466233,268.93946973486743
0049621AR,4,42.016008004001996,75.88794397198599,317.61880940470235,275.60280140070034
0049622AR,4,42.57128564282141,124.38219109554777,325.5777888944472,283.0065032516258
0049623AR,4,44.97748874437218,84.77238619309654,347.2336168084042,302.256128064032
0049624AR,4,41.83091545772886,119.75487743871935,316.8784392196098,275.04752376188094
0049628AR,4,45.71785892946473,143.8169084542271,351.30565282641317,305.5877938969484
0049632AR,4,40.35017508754377,116.60830415207602,320.0250125062531,279.67483741870933
0049635AR,4,41.09054527263631,81.0705352676338,346.6783391695848,305.5877938969485
0049637AR,4,43.866933466733364,68.8544272136068,362.9664832416208,319.0995497748874
0049638AR,4,43.49674837418709,124.01200600300149,338.34917458729365,294.8524262131066
0049641AR,4,43.31165582791395,71.63081540770385,314.10205102551276,270.7903951975988
0049642AR,4,45.16258129064532,111.61080540270135,332.6113056528264,287.44872436218105
0049643AR,4,46.643321660830416,75.14757378689345,370.0,323.3566783391696
0049646AR,4,42.38619309654827,98.83941970985492,325.9479739869935,283.5617808904452
0049650AR,4,42.94147073536768,118.08904452226112,327.6138069034517,284.67233616808403
0049651AR,4,42.94147073536768,83.66183091545771,332.79639819909954,289.8549274637319
0049652AR,4,42.94147073536768,128.0840420210105,360.0050025012506,317.06353176588294
0049653AR,4,43.49674837418709,154.9224612306153,318.91445722861425,275.41770885442713
0049665AR,4,39.05452726363181,127.71385692846422,319.6548274137068,280.600300150075
0049675AR,4,42.75637818909454,76.07303651825913,311.8809404702351,269.1245622811405
0049680AR,4,40.72036018009004,114.75737868934466,333.35167583791895,292.6313156578289
0049682AR,4,41.09054527263631,123.64182091045522,316.13806903451723,275.04752376188094
0049683AR,4,44.79239619809905,79.21960980490245,342.0510255127563,297.2586293146573
0049685AR,4,43.681840920460225,146.03801900950475,329.2796398199099,285.5977988994497
0049687AR,4,43.12656328164081,78.66433216608304,333.53676838419204,290.41020510255123
0049688AR,4,38.31415707853927,175.28264132066033,326.13306653326663,287.81890945472736
0049690AR,4,44.60730365182591,159.54977488744373,331.5007503751876,286.89344672336165
0049692AR,4,41.460730365182584,131.6008004002001,334.64732366183085,293.18659329664825
0049694AR,4,40.5352676338169,81.62581290645322,310.2151075537769,269.67983991996
0049701AR,4,39.424712356178084,130.86043021510756,322.80140070035014,283.37668834417207
0049702AR,4,45.53276638319159,71.81590795397699,332.4262131065533,286.8934467233617
0049703AR,4,39.23961980990495,127.34367183591795,351.12056028014007,311.88094047023515
0049704AR,4,39.05452726363181,71.07553776888443,288.744372186093,249.6898449224612
0049708AR,4,41.27563781890945,112.72136068034017,310.40020010005003,269.1245622811406
0049709AR,4,12.216108054027012,102.91145572786392,299.10955477738867,286.89344672336165
0049713AR,4,43.31165582791395,68.8544272136068,328.7243621810905,285.41270635317653
0049715AR,4,43.12656328164081,113.83191595797899,324.0970485242621,280.9704852426213
0049716AR,4,41.460730365182584,123.45672836418208,346.30815407703847,304.84742371185587
0049718AR,4,38.4992496248124,138.44922461230615,347.7888944472236,309.28964482241116
0049727AR,4,44.23711855927964,131.04552276138068,346.86343171585787,302.62631315657825
0049733AR,4,46.82841420710355,183.79689844922459,329.2796398199099,282.45122561280635
0049738AR,4,39.23961980990495,127.89894947473735,330.9454727363682,291.7058529264632
0049746AR,4,39.794897448724356,83.29164582291145,297.62881440720355,257.8339169584792
0049747AR,4,40.35017508754377,67.18859429714857,329.6498249124562,289.2996498249124
0049748AR,4,42.38619309654827,148.81440720360177,333.1665832916458,290.78039019509754
0049757AR,4,38.31415707853927,124.01200600300149,329.2796398199099,290.96548274137064
0049761AR,4,43.866933466733364,88.65932966483241,263.94197098549273,220.07503751875936
0049763AR,4,40.72036018009004,127.71385692846422,328.35417708854425,287.6338169084542
0049769AR,4,44.60730365182591,84.21710855427713,329.0945472736368,284.4872436218109
0051070AR,4,52.75137568784392,77.18359179589795,258.0190095047524,205.26763381690847
0051359AR,4,43.681840920460225,67.00350175087543,354.08204102051025,310.40020010005003
0051364AR,4,44.79239619809905,72.00100050025011,271.5307653826913,226.73836918459224
0051416AR,4,46.643321660830416,72.00100050025011,284.4872436218109,237.84392196098045
0051584AR,4,43.12656328164081,80.70035017508754,239.13956978489244,196.01300650325163
0051588AR,4,43.49674837418709,110.68534267133566,216.37318659329662,172.87643821910953
0051621AR,4,60.89544772386192,122.34617308654326,341.4957478739369,280.600300150075
0051661AR,4,44.42221110555277,83.10655327663832,298.18409204602295,253.76188094047018
0051665AR,4,48.49424712356178,71.26063031515757,296.7033516758379,248.20910455227613
0051772AR,4,45.53276638319159,69.22461230615308,359.07953976988495,313.54677338669336
0051775AR,4,53.30665332666333,145.8529264632316,234.14207103551774,180.8354177088544
0051836AR,4,59.78489244622311,103.28164082041019,312.06603301650824,252.28114057028512
0052326AR,4,53.86193096548274,136.7833916958479,246.5432716358179,192.68134067033515
0052456AR,4,35.722861430715355,85.69784892446222,277.6388194097048,241.91595797898947
0052543AR,4,64.22711355677838,246.91345672836417,335.7578789394697,271.53076538269136
0052598AR,4,44.23711855927964,71.44572286143071,268.19909954977487,223.96198099049525
0052764AR,4,49.23461730865433,74.40720360180089,278.9344672336168,229.69984992496245
0053939AR,4,38.68434217108554,106.42821410705352,327.79889944972484,289.1145572786393
0053945AR,4,56.26813406703351,78.66433216608304,370.0,313.7318659329665
0054028AR,4,43.12656328164081,130.49024512256128,325.7628814407203,282.6363181590795
0054047AR,4,44.60730365182591,177.68884442221108,333.1665832916458,288.55927963981986
0054050AR,4,43.31165582791395,144.9274637318659,355.19259629814906,311.8809404702351
0054085AR,4,56.82341170585292,78.84942471235617,370.0,313.1765882941471
0054103AR,4,35.537768884442215,84.77238619309654,285.41270635317653,249.87493746873432
0054138AR,4,67.37368684342171,149.36968484242118,334.09204602301145,266.71835917958975
0054152AR,4,45.902951475737865,109.57478739369684,339.45972986493246,293.5567783891946
0054182AR,4,32.021010505252626,99.76488244122059,248.76438219109554,216.7433716858429
0054196AR,4,43.12656328164081,82.92146073036517,370.0,326.8734367183592
0054210AR,4,41.27563781890945,80.14507253626813,370.0,328.72436218109056
0054233AR,4,47.19859929964982,184.16708354177086,331.8709354677339,284.6723361680841
0054257AR,4,35.537768884442215,92.36118059029513,288.1890945472736,252.6513256628314
0054258AR,4,38.12906453226613,78.29414707353676,328.7243621810905,290.5952976488244
0054297AR,4,47.56878439219609,73.66683341670834,370.0,322.4312156078039
0054342AR,4,62.74637318659329,207.30365182591297,321.50575287643824,258.75937968984493
0054368AR,4,40.35017508754377,79.77488744372187,326.87343671835913,286.52326163081534
0054376AR,4,45.902951475737865,69.77988994497248,370.0,324.09704852426216
0054389AR,4,37.38869434717358,78.10905452726362,271.9009504752376,234.51225612806402
0054403AR,4,44.60730365182591,70.15007503751875,370.0,325.39269634817407
0054437AR,4,44.42221110555277,170.1000500250125,370.0,325.5777888944472
0054442AR,4,48.124062031015505,75.70285142571285,369.6298149074537,321.5057528764382
0054461AR,4,33.31665832916458,216.7433716858429,370.0,336.68334167083543
0054504AR,4,33.871935967983994,86.0680340170085,296.3331665832916,262.4612306153076
0054524AR,4,43.866933466733364,135.6728364182091,370.0,326.13306653326663
0054545AR,4,52.93646823411705,76.4432216108054,370.0,317.06353176588294
0054583AR,4,56.083041520760375,81.44072036018008,370.0,313.9169584792396
0054591AR,4,60.525262631315655,81.62581290645322,300.5902951475738,240.06503251625813
0054599AR,4,44.0520260130065,115.49774887443722,338.53426713356674,294.4822411205603
0054616AR,4,34.05702851425713,86.6233116558279,306.32816408204104,272.2711355677839
0054618AR,4,59.41470735367683,211.93096548274136,321.13556778389193,261.7208604302151
0054630AR,4,49.04952476238118,96.61830915457728,370.0,320.95047523761883
0054635AR,4,42.94147073536768,68.29914957478738,300.40520260130063,257.46373186593297
0054637AR,4,45.34767383691845,99.39469734867433,368.5192596298149,323.17158579289645
0054734AR,4,48.67933966983492,78.29414707353676,346.30815407703847,297.62881440720355
0054776AR,4,45.71785892946473,81.81090545272636,311.5107553776888,265.79289644822404
0054804AR,4,43.49674837418709,101.24562281140568,359.81990995497745,316.3231615807904
0054828AR,4,42.94147073536768,74.22211105552776,275.7878939469735,232.8464232116058
0054854AR,4,43.12656328164081,90.51025512756378,293.92696348174087,250.80040020010006
0054887AR,4,45.53276638319159,104.02201100550275,370.0,324.4672336168084
0054957AR,4,39.05452726363181,93.84192096048024,325.39269634817407,286.33816908454224
0054995AR,4,36.83341670835417,92.36118059029513,285.78289144572284,248.94947473736866
0055024AR,4,34.98249124562281,120.68034017008503,370.0,335.0175087543772
0055052AR,4,50.34517258629314,184.16708354177086,334.83241620810406,284.48724362181093
0055061AR,4,43.12656328164081,147.51875937968984,353.15657828914453,310.0300150075037
0055075AR,4,55.1575787893947,114.9424712356178,325.0225112556278,269.86493246623314
0055086AR,4,52.75137568784392,187.8689344672336,329.46473236618306,276.71335667833915
0055092AR,4,41.27563781890945,67.18859429714857,370.0,328.72436218109056
0055098AR,4,39.794897448724356,84.58729364682341,286.5232616308154,246.72836418209104
0055103AR,4,32.206103051525766,171.21060530265132,360.1900950475237,327.98399199599794
0055116AR,4,42.016008004001996,70.8904452226113,370.0,327.983991995998
0066210AR,1,57.74887443721861,149.18459229614805,270.23511755877934,212.48624312156073
0073912AR,1,66.26313156578288,198.41920960480238,331.5007503751876,265.2376188094047
0074012AR,1,69.03951975987994,110.13006503251626,341.12556278139067,272.0860430215107
0074016AR,1,69.4097048524262,120.12506253126561,323.5417708854427,254.13206603301649
0074019AR,1,70.52026013006503,108.64932466233115,344.272136068034,273.751875937969
0074062AR,1,67.74387193596799,129.1945972986493,270.42021010505255,202.67633816908454
0074131AR,1,71.44572286143071,171.02551275637816,370.0,298.5542771385693
0074165AR,1,66.44822411205602,116.79339669834917,321.69084542271133,255.2426213106553
0074180AR,1,59.599799899949964,118.4592296148074,310.40020010005003,250.80040020010006
0074193AR,1,69.03951975987994,273.751875937969,370.0,300.9604802401201
0074210AR,1,66.81840920460229,140.48524262131065,370.0,303.1815907953977
0074218AR,1,74.40720360180089,163.25162581290644,370.0,295.5927963981991
0074253AR,1,63.67183591795897,152.5162581290645,359.07953976988495,295.407703851926
0074262AR,1,70.70535267633817,135.48774387193598,370.0,299.2946473236618
0074356AR,1,69.22461230615308,106.7983991995998,291.33566783391694,222.11105552776388
0074360AR,1,20.36018009004502,147.3336668334167,252.83641820910452,232.4762381190595
0074362AR,1,78.84942471235617,124.38219109554777,314.472236118059,235.62281140570286
0074365AR,1,77.9239619809905,125.12256128064031,262.27613806903446,184.35217608804396
0074366AR,1,66.63331665832916,119.56978489244622,276.15807903951975,209.52476238119058
0074367AR,1,74.77738869434717,130.49024512256128,304.10705352676337,229.3296648324162
0074374AR,1,55.89794897448724,134.93246623311654,254.87243621810904,198.9744872436218
0074376AR,1,76.62831415707853,119.38469234617308,306.8834417208604,230.25512756378185
0074380AR,1,68.8544272136068,145.48274137068535,309.65982991495747,240.80540270135066
0074382AR,1,71.07553776888443,131.04552276138068,268.384192096048,197.3086543271636
0074383AR,1,65.15257628814408,111.79589794897448,290.5952976488244,225.4427213606803
0074384AR,1,70.15007503751875,105.8729364682341,284.67233616808403,214.52226113056528
0074385AR,1,74.40720360180089,126.6033016508254,293.55677838919456,219.14957478739368
0074390AR,1,68.8544272136068,101.24562281140568,339.45972986493246,270.60530265132564
0074396AR,1,70.70535267633817,102.3561780890445,317.61880940470235,246.91345672836417
0074398AR,1,70.70535267633817,119.19959979989993,295.0375187593797,224.3321660830415
0074399AR,1,72.9264632316158,128.0840420210105,277.4537268634317,204.5272636318159
0074401AR,1,75.51775887943971,120.31015507753875,305.95797898949473,230.440220110055
0074407AR,1,74.03701850925462,120.86543271635817,331.6858429214607,257.64882441220607
0074408AR,1,71.44572286143071,130.30515257628815,271.16058029014505,199.71485742871434
0074415AR,1,72.00100050025011,123.64182091045522,271.71585792896445,199.71485742871434
0074417AR,1,69.03951975987994,105.68784392196098,268.5692846423211,199.52976488244119
0074418AR,1,80.33016508254126,129.93496748374184,296.1480740370185,215.81790895447722
0074422AR,1,73.66683341670834,127.15857928964482,290.22511255627813,216.55827913956978
0074424AR,1,74.77738869434717,117.34867433716857,302.62631315657825,227.84892446223108
0074429AR,1,72.74137068534267,101.98599299649824,291.33566783391694,218.59429714857427
0074431AR,1,73.29664832416208,106.05802901450724,282.45122561280635,209.15457728864428
0074432AR,1,77.36868434217108,113.64682341170584,334.2771385692846,256.9084542271135
0074435AR,1,74.03701850925462,127.15857928964482,370.0,295.9629814907454
0074437AR,1,69.03951975987994,130.120060030015,355.19259629814906,286.15307653826915
0074438AR,1,71.63081540770385,102.3561780890445,293.3716858429214,221.74087043521757
0074441AR,1,74.77738869434717,132.1560780390195,264.8674337168584,190.09004502251122
0074447AR,1,75.33266633316659,130.49024512256128,269.49474737368683,194.16208104052026
0074449AR,1,75.14757378689345,115.12756378189093,308.3641820910455,233.21660830415206
0074460AR,1,76.07303651825913,123.08654327163582,305.5877938969484,229.5147573786893
0074463AR,1,69.4097048524262,103.65182591295648,275.04752376188094,205.63781890945472
0074468AR,1,69.4097048524262,121.975987993997,258.7593796898449,189.34967483741866
0074471AR,1,70.8904452226113,113.46173086543271,281.15557778889445,210.26513256628314
0074473AR,1,78.10905452726362,120.68034017008503,313.73186593296646,235.62281140570283
0074474AR,1,65.3376688344172,138.07903951975987,294.2971485742871,228.95947973986992
0074478AR,1,67.74387193596799,115.86793396698349,299.66483241620807,231.92096048024007
0074484AR,1,77.18359179589795,117.34867433716857,307.62381190595295,230.440220110055
0074486AR,1,69.4097048524262,129.1945972986493,282.26613306653326,212.85642821410704
0074489AR,1,69.96498249124562,121.05052526263131,310.7703851925963,240.80540270135066
0074491AR,1,69.4097048524262,104.57728864432215,278.7493746873437,209.33966983491746
0074492AR,1,71.63081540770385,114.57228614307152,295.0375187593797,223.40670335167584
0074493AR,1,71.26063031515757,115.49774887443722,296.7033516758379,225.4427213606803
0074495AR,1,67.92896448224111,132.71135567783892,311.5107553776888,243.58179089544768
0074496AR,1,75.51775887943971,131.97098549274637,248.9494747373687,173.43171585792896
0074503AR,1,66.81840920460229,121.23561780890444,256.9084542271135,190.09004502251122
0074504AR,1,80.88544272136068,128.0840420210105,283.5617808904452,202.67633816908454
0074510AR,1,76.9984992496248,113.46173086543271,305.40270135067533,228.40420210105054
0074516AR,1,66.44822411205602,136.96848424212106,310.2151075537769,243.76688344172084
0074518AR,1,70.33516758379189,128.6393196598299,284.8574287143571,214.52226113056525
0074520AR,1,72.18609304652325,128.45422711355675,275.9729864932466,203.78689344672335
0074523AR,1,74.22211105552776,119.93996998499249,332.98149074537264,258.7593796898449
0074525AR,1,68.48424212106053,153.9969984992496,319.83991995997997,251.35567783891943
0074529AR,1,77.73886943471734,117.903951975988,300.5902951475738,222.85142571285644
0074530AR,1,73.48174087043522,131.04552276138068,343.9019509754877,270.4202101050525
0074531AR,1,66.44822411205602,127.52876438219108,270.97548774387195,204.5272636318159
0074537AR,1,64.96748374187092,123.64182091045522,260.6103051525763,195.64282141070538
0074538AR,1,68.48424212106053,116.23811905952975,263.94197098549273,195.4577288644322
0074539AR,1,82.36618309154576,125.86293146573286,302.62631315657825,220.26013006503248
0074542AR,1,81.44072036018008,142.15107553776886,370.0,288.5592796398199
0074543AR,1,71.44572286143071,164.91745872936468,320.7653826913456,249.3196598299149
0079659AR,1,59.599799899949964,152.14607303651826,306.8834417208604,247.28364182091042
0079772AR,1,82.18109054527262,138.07903951975987,316.8784392196098,234.69734867433715
0080027AR,1,37.943971985992995,217.85392696348174,323.91195597798895,285.96798399199594
0080046AR,1,57.74887443721861,112.72136068034017,332.4262131065533,274.6773386693347
0080263AR,1,51.45572786393196,183.05652826413206,320.2101050525262,268.7543771885943
0080542AR,1,45.902951475737865,99.20960480240119,353.71185592796394,307.8089044522261
0080612AR,1,35.722861430715355,90.32516258129064,357.0435217608804,321.3206603301651
0080666AR,1,47.56878439219609,114.75737868934466,304.8474237118559,257.2786393196598
0080671AR,1,48.49424712356178,147.3336668334167,313.73186593296646,265.2376188094047
0080727AR,1,44.60730365182591,74.40720360180089,321.13556778389193,276.528264132066
0080735AR,1,46.088044022011005,138.8194097048524,313.9169584792396,267.8289144572286
0080761AR,1,46.45822911455728,220.6303151575788,326.13306653326663,279.67483741870933
0080819AR,1,33.686843421710854,97.35867933966983,325.7628814407203,292.07603801900945
0080860AR,1,57.93396698349174,191.9409704852426,330.760380190095,272.82641320660326
0080935AR,1,29.799899949974982,104.57728864432215,367.9639819909955,338.1640820410205
0080964AR,1,45.53276638319159,81.62581290645322,312.9914957478739,267.4587293646823
0080984AR,1,43.49674837418709,81.9959979989995,322.06103051525764,278.5642821410705
0081217AR,1,40.90545272636318,98.2841420710355,312.4362181090545,271.5307653826913
0081464AR,1,40.72036018009004,100.87543771885942,297.44372186093045,256.7233616808404
0081506AR,1,40.72036018009004,96.06303151575786,370.0,329.27963981990996
0081525AR,1,43.49674837418709,84.03201600800399,325.9479739869935,282.4512256128064
0083628AR,1,39.60980490245122,227.10855427713855,370.0,330.39019509754877
0084234AR,1,71.63081540770385,352.97148574287144,370.0,298.36918459229616
0084331AR,1,55.712856428214096,102.72636318159078,370.0,314.2871435717859
0085311AR,1,36.64832416208104,109.3896948474237,279.67483741870933,243.02651325662828
0085329AR,1,71.26063031515757,121.42071035517758,297.0735367683842,225.81290645322662
0085433AR,1,70.33516758379189,121.79089544772384,297.44372186093045,227.10855427713858
0085465AR,1,26.468234117058525,151.59079539769883,281.71085542771385,255.24262131065532
0085497AR,1,62.376188094047016,120.4952476238119,292.44622311155575,230.07003501750873
0085562AR,1,75.70285142571285,125.86293146573286,265.60780390195094,189.9049524762381
0085594AR,1,64.04202101050525,114.0170085042521,285.78289144572284,221.74087043521757
0085729AR,1,43.681840920460225,123.08654327163582,315.767883941971,272.08604302151076
0085821AR,1,64.7823911955978,131.23061530765384,281.89594797398695,217.11355677838915
0085883AR,1,41.83091545772886,84.95747873936968,277.4537268634317,235.62281140570286
0085993AR,1,69.59479739869934,109.75987993996998,317.06353176588294,247.4687343671836
0086203AR,1,57.74887443721861,96.98849424712355,288.744372186093,230.9954977488744
0086309AR,1,64.04202101050525,96.24812406203101,297.99899949974986,233.9569784892446
0086423AR,1,71.26063031515757,123.82691345672835,271.5307653826913,200.27013506753372
0086449AR,1,60.340170085042516,129.93496748374184,284.67233616808403,224.3321660830415
0086463AR,1,42.94147073536768,149.18459229614805,277.6388194097048,234.69734867433712
0086467AR,1,69.59479739869934,121.60580290145073,311.8809404702351,242.28614307153575
0086630AR,1,55.89794897448724,99.02451225612806,278.37918959479737,222.48124062031013
0086633AR,1,38.68434217108554,131.04552276138068,283.19159579789897,244.50725362681342
0086710AR,1,61.63581790895447,106.42821410705352,274.67733866933463,213.04152076038017
0086743AR,1,70.8904452226113,102.1710855427714,313.5467733866933,242.656328164082
0086872AR,1,64.7823911955978,116.79339669834917,279.8599299649825,215.0775387693847
0086960AR,1,49.23461730865433,132.89644822411205,270.97548774387195,221.74087043521763
0086997AR,1,70.33516758379189,119.19959979989993,306.14307153576783,235.80790395197596
0087238AR,1,37.943971985992995,106.05802901450724,308.5492746373186,270.6053026513256
0087273AR,1,71.26063031515757,116.05302651325661,330.2051025512756,258.94447223611803
0087292AR,1,38.68434217108554,102.54127063531766,300.2201100550275,261.53576788394196
0087322AR,1,42.016008004001996,135.48774387193598,287.6338169084542,245.6178089044522
0088268AR,4,63.48674337168584,121.05052526263131,268.7543771885943,205.26763381690844
0088306AR,4,49.41970985492746,105.13256628314157,286.5232616308154,237.10355177588792
0088725AR,4,63.85692846423211,108.09404702351175,340.01500750375186,276.15807903951975
0088731AR,4,64.22711355677838,100.32016008004001,262.27613806903446,198.0490245122561
0088781AR,4,52.93646823411705,93.6568284142071,296.88844422211105,243.951975987994
0088926AR,4,60.340170085042516,118.4592296148074,261.7208604302151,201.38069034517258
0089229AR,4,64.96748374187092,105.13256628314157,286.15307653826915,221.18559279639823
0089428AR,4,60.340170085042516,99.20960480240119,273.0115057528764,212.6713356678339
0089707AR,4,58.85942971485742,111.24062031015507,252.83641820910452,193.9769884942471
0089742AR,4,56.26813406703351,94.95247623811906,319.4697348674337,263.20160080040023
0089844AR,4,54.78739369684842,107.16858429214606,263.0165082541271,208.22911455727865
0090013AR,4,49.78989494747374,102.54127063531766,256.3531765882941,206.56328164082038
0090109AR,4,48.124062031015505,93.10155077538768,332.6113056528264,284.4872436218109
0090337AR,4,51.82591295647824,120.86543271635817,293.55677838919456,241.7308654327163
0090475AR,4,48.86443221610805,146.96348174087044,282.26613306653326,233.40170085042521
0090484AR,4,44.97748874437218,106.98349174587293,259.49974987493744,214.52226113056525
0090522AR,4,59.2296148074037,111.05552776388193,280.4152076038019,221.1855927963982
0090696AR,4,54.047023511755874,199.8999499749875,256.9084542271135,202.86143071535764
0090813AR,4,58.489244622311155,111.05552776388193,255.61280640320157,197.1235617808904
0091303AR,4,62.191095547773884,116.60830415207602,263.0165082541271,200.82541270635318
0091485AR,4,60.71035517758879,102.1710855427714,272.8264132066033,212.11605802901454
0091493AR,4,65.3376688344172,99.02451225612806,290.41020510255123,225.07253626813403
0091505AR,4,56.453226613306654,104.02201100550275,346.4932466233116,290.040020010005
0091564AR,4,63.85692846423211,97.7288644322161,249.31965982991494,185.46273136568283
0093074AR,4,58.30415207603801,98.2841420710355,277.82391195597796,219.51975987993995
0093135AR,4,47.38369184592296,94.58229114557277,370.0,322.61630815407705
0097361AR,1,45.53276638319159,83.10655327663832,247.46873436718357,201.935967983992
0099103AR,1,46.27313656828414,70.8904452226113,340.57028514257127,294.2971485742871
0102454AR,1,59.04452226113056,101.61580790395197,356.1180590295147,297.07353676838414
0102584AR,4,61.63581790895447,94.02701350675336,277.6388194097048,216.00300150075034
0102771AR,1,49.04952476238118,87.17858929464732,334.46223111555776,285.4127063531766
0102935AR,4,51.82591295647824,95.32266133066533,370.0,318.17408704352175
0103347AR,4,45.902951475737865,104.20710355177589,308.7343671835918,262.8314157078539
0103439AR,1,52.196098049024506,104.39219609804901,370.0,317.8039019509755
0103634AR,1,40.35017508754377,109.20460230115057,265.7928964482241,225.44272136068034
0103778AR,1,49.78989494747374,91.25062531265633,342.97648824412204,293.1865932966483
0103912AR,4,59.599799899949964,90.6953476738369,275.23261630815404,215.63281640820406
0104177AR,1,54.602301150575286,98.2841420710355,281.15557778889445,226.55327663831918
0104195AR,1,53.49174587293646,101.06053026513257,290.41020510255123,236.91845922961477
0104374AR,4,56.453226613306654,83.29164582291145,333.1665832916458,276.71335667833915
0104583AR,1,46.27313656828414,100.87543771885942,272.0860430215107,225.81290645322656
0104790AR,4,58.67433716858429,99.57978989494748,370.0,311.3256628314157
0104912AR,1,44.0520260130065,87.73386693346673,286.5232616308154,242.4712356178089
0109649AR,1,69.22461230615308,148.62931465732865,297.99899949974986,228.7743871935968
0109792AR,1,61.08054027013507,102.1710855427714,318.72936468234116,257.64882441220607
0109793AR,1,62.376188094047016,116.05302651325661,274.3071535767884,211.93096548274136
0110623AR,1,51.82591295647824,191.20060030015006,302.62631315657825,250.8004002001
0113295AR,1,45.71785892946473,139.18959479739868,319.83991995997997,274.1220610305152
0113309AR,1,61.45072536268133,146.22311155577788,330.57528764382187,269.1245622811405
0113326AR,1,0.0,162.1410705352676,253.57678839419705,253.57678839419705
0113393AR,1,64.59729864932466,90.51025512756378,255.42771385692845,190.83041520760378
0113590AR,1,108.83441720860431,351.6758379189595,370.0,261.1655827913957
0113626AR,1,0.0,131.41570785392693,254.50225112556276,254.50225112556276
0113673AR,1,38.68434217108554,221.7408704352176,327.983991995998,289.2996498249125
0113719AR,1,59.599799899949964,136.59829914957476,347.4187093546773,287.8189094547273
0113783AR,1,55.34267133566783,87.73386693346673,316.13806903451723,260.7953976988494
0113853AR,1,57.37868934467233,137.33866933466732,347.97398699349674,290.5952976488244
0114099AR,1,57.1935967983992,131.97098549274637,315.767883941971,258.5742871435718
0114139AR,1,48.30915457728864,119.01450725362682,273.3816908454227,225.0725362681341
0114161AR,1,59.2296148074037,134.192096048024,342.6063031515758,283.37668834417207
0114226AR,1,64.7823911955978,115.31265632816408,296.7033516758379,231.9209604802401
0114323AR,1,0.0,134.37718859429714,279.8599299649825,279.8599299649825
0114401AR,1,54.97248624312155,122.71635817908953,304.66233116558277,249.68984492246122
0114421AR,1,57.74887443721861,132.34117058529264,342.2361180590295,284.4872436218109
0114528AR,1,0.0,141.22561280640318,302.256128064032,302.256128064032
0114705AR,1,66.63331665832916,352.60130065032513,370.0,303.36668334167086
0114748AR,1,59.78489244622311,118.08904452226112,357.2286143071535,297.4437218609304
0114762AR,1,0.0,137.7088544272136,317.4337168584292,317.4337168584292
0114933AR,1,75.33266633316659,148.07403701850924,220.81540770385192,145.48274137068535
0114936AR,1,34.98249124562281,194.71735867933967,359.81990995497745,324.83741870935467
0114952AR,1,15.547773886943471,228.95947973986992,324.4672336168084,308.91945972986497
0115779AR,1,67.37368684342171,110.8704352176088,347.048524262131,279.67483741870933
0115798AR,1,62.74637318659329,112.90645322661331,257.0935467733867,194.34717358679342
0115870AR,1,67.74387193596799,117.16358179089544,307.2536268134067,239.5097548774387
0115917AR,1,68.66933466733366,104.94747373686842,276.15807903951975,207.4887443721861
0115978AR,1,68.48424212106053,106.7983991995998,305.95797898949473,237.4737368684342
0116002AR,1,65.70785392696347,101.8009004502251,293.92696348174087,228.2191095547774
0116030AR,1,70.70535267633817,100.50525262631315,344.08704352176085,273.38169084542267
0116034AR,1,70.52026013006503,140.3001500750375,328.35417708854425,257.8339169584792
0116057AR,1,62.376188094047016,237.28864432216105,322.4312156078039,260.0550275137569
0116061AR,1,71.26063031515757,114.9424712356178,268.0140070035017,196.75337668834413
0116069AR,1,69.22461230615308,108.09404702351175,309.4747373686843,240.25012506253125
0116147AR,1,58.30415207603801,122.34617308654326,342.0510255127563,283.7468734367183
0116157AR,1,68.66933466733366,141.59579789894948,332.056028014007,263.3866933466733
0116232AR,1,68.66933466733366,110.3151575787894,284.8574287143571,216.18809404702347
0116256AR,1,41.27563781890945,144.00200100050023,271.16058029014505,229.8849424712356
0116266AR,1,70.8904452226113,107.90895447723861,280.4152076038019,209.52476238119058
0116290AR,1,64.41220610305153,103.83691845922961,273.5667833916958,209.1545772886443
0116299AR,1,69.22461230615308,113.09154577288643,274.1220610305152,204.89744872436216
0116323AR,1,69.22461230615308,103.46673336668333,276.8984492246123,207.67383691845924
0116362AR,1,61.45072536268133,137.33866933466732,370.0,308.54927463731866
0116378AR,1,67.00350175087543,106.7983991995998,286.89344672336165,219.8899449724862
0116388AR,1,72.00100050025011,118.27413706853426,303.18159079539765,231.18059029514754
0116429AR,1,61.2656328164082,117.71885942971484,352.2311155577789,290.9654827413707
0116437AR,1,66.63331665832916,122.90145072536266,259.49974987493744,192.86643321660827
0116483AR,1,70.52026013006503,115.86793396698349,322.24612306153074,251.7258629314657
0116553AR,1,69.59479739869934,129.1945972986493,336.86843421710853,267.27363681840916
0116594AR,1,62.376188094047016,108.46423211605801,311.14057028514253,248.7643821910955
0116628AR,1,60.155077538769376,117.903951975988,342.2361180590295,282.0810405202601
0116780AR,1,63.48674337168584,120.68034017008503,272.8264132066033,209.3396698349175
0116797AR,1,71.26063031515757,199.52976488244119,327.983991995998,256.7233616808404
0116801AR,1,64.7823911955978,111.79589794897448,366.85342671335667,302.0710355177589
0116808AR,4,61.08054027013507,102.91145572786392,298.73936968484236,237.6588294147073
0116832AR,1,69.96498249124562,121.42071035517758,269.8649324662331,199.89994997498746
0116847AR,1,70.33516758379189,114.0170085042521,256.168084042021,185.83291645822914
0116886AR,1,66.63331665832916,99.20960480240119,318.544272136068,251.91095547773884
0116917AR,1,70.15007503751875,100.32016008004001,328.35417708854425,258.20410205102553
0116924AR,1,67.18859429714857,119.19959979989993,320.9504752376188,253.7618809404702
0116946AR,1,66.81840920460229,97.7288644322161,272.8264132066033,206.00800400200103
0117039AR,1,68.66933466733366,107.53876938469234,278.0090045022511,209.33966983491746
0117046AR,1,67.00350175087543,119.19959979989993,357.7838919459729,290.7803901950975
0117075AR,1,57.93396698349174,124.01200600300149,295.7778889444722,237.84392196098042
0117099AR,1,70.15007503751875,106.61330665332666,353.71185592796394,283.5617808904452
0117136AR,1,69.77988994497248,108.83441720860431,322.4312156078039,252.65132566283143
0117175AR,1,69.22461230615308,112.35117558779389,277.82391195597796,208.5992996498249
0117190AR,1,71.44572286143071,97.54377188594297,295.9629814907454,224.51725862931468
0117204AR,1,57.563781890945464,137.33866933466732,354.08204102051025,296.5182591295648
0117278AR,1,66.63331665832916,133.26663331665833,319.4697348674337,252.83641820910455
0117326AR,1,67.18859429714857,106.61330665332666,278.7493746873437,211.5607803901951
0117395AR,4,63.48674337168584,98.2841420710355,283.7468734367184,220.26013006503254
0117477AR,1,50.160080040020006,113.83191595797899,370.0,319.83991995997997
0117529AR,1,61.08054027013507,129.0095047523762,324.8374187093546,263.7568784392195
0117604AR,1,68.11405702851425,107.35367683841919,320.5802901450725,252.46623311655827
0117614AR,1,69.4097048524262,105.13256628314157,315.9529764882441,246.54327163581786
0117623AR,1,70.15007503751875,106.05802901450724,246.91345672836417,176.76338169084542
0117643AR,1,66.07803901950975,129.37968984492244,280.23011505752874,214.152076038019
0117648AR,4,67.55877938969483,122.71635817908953,273.93696848424213,206.37818909454728
0117669AR,1,71.26063031515757,200.08504252126062,330.02001000500246,258.7593796898449
0117724AR,1,68.66933466733366,110.68534267133566,246.17308654327164,177.50375187593798
0117738AR,1,75.70285142571285,106.05802901450724,320.0250125062531,244.32216108054027
0117757AR,1,70.70535267633817,207.30365182591297,339.45972986493246,268.7543771885943
0117827AR,1,79.21960980490245,133.82191095547773,311.8809404702351,232.66133066533263
0117830AR,1,67.74387193596799,101.06053026513257,296.1480740370185,228.4042021010505
0117858AR,1,67.18859429714857,106.2431215607804,304.8474237118559,237.65882941470736
0117872AR,1,65.52276138069034,109.9449724862431,352.97148574287144,287.4487243621811
0117912AR,4,66.44822411205602,103.65182591295648,315.2126063031516,248.76438219109554
0117913AR,1,71.07553776888443,101.06053026513257,286.89344672336165,215.81790895447722
0117918AR,1,59.599799899949964,126.048024012006,280.9704852426213,221.37068534267132
0117940AR,1,70.8904452226113,180.8354177088544,328.35417708854425,257.4637318659329
0117977AR,1,69.59479739869934,223.40670335167582,332.2411205602801,262.64632316158077
0118002AR,1,74.40720360180089,114.57228614307152,288.1890945472736,213.78189094547272
0118028AR,1,68.66933466733366,209.33966983491743,337.79389694847424,269.1245622811406
0118041AR,1,69.59479739869934,104.76238119059528,350.56528264132066,280.9704852426213
0118175AR,1,59.599799899949964,103.65182591295648,370.0,310.40020010005003
0118257AR,1,69.96498249124562,97.17358679339668,298.18409204602295,228.21910955477733
0118261AR,1,70.8904452226113,106.7983991995998,265.05252626313154,194.16208104052023
0118285AR,1,70.70535267633817,109.57478739369684,298.18409204602295,227.47873936968477
0118316AR,1,69.22461230615308,101.24562281140568,325.2076038019009,255.98299149574785
0118356AR,1,73.85192596298148,104.39219609804901,342.0510255127563,268.1990995497748
0118391AR,1,73.48174087043522,117.34867433716857,305.7728864432216,232.29114557278638
0118414AR,1,67.00350175087543,135.11755877938967,249.87493746873434,182.8714357178589
0118587AR,4,64.7823911955978,116.4232116058029,348.8994497248624,284.11705852926457
0118603AR,1,67.92896448224111,116.05302651325661,319.4697348674337,251.54077038519262
0118650AR,1,64.59729864932466,100.69034517258628,317.06353176588294,252.46623311655827
0118709AR,1,72.74137068534267,200.64032016008002,328.90945472736365,256.16808404202095
0118719AR,1,67.74387193596799,103.09654827413706,298.18409204602295,230.44022011005495
0118730AR,1,56.26813406703351,120.12506253126561,353.15657828914453,296.88844422211105
0118745AR,1,59.2296148074037,96.43321660830415,271.5307653826913,212.3011505752876
0118774AR,1,28.874437218609305,268.384192096048,370.0,341.12556278139067
0118790AR,1,69.59479739869934,101.24562281140568,318.35917958979485,248.7643821910955
0118801AR,1,68.29914957478738,107.72386193096548,341.4957478739369,273.1965982991495
0118804AR,1,72.00100050025011,102.72636318159078,309.4747373686843,237.4737368684342
0118808AR,1,72.00100050025011,206.19309654827413,325.5777888944472,253.5767883941971
0118812AR,1,67.00350175087543,99.76488244122059,305.2176088044022,238.21410705352673
0118842AR,1,70.15007503751875,120.68034017008503,288.744372186093,218.59429714857427
0118889AR,1,51.640820410205095,145.11255627813907,324.4672336168084,272.8264132066033
0118985AR,1,67.37368684342171,105.68784392196098,341.4957478739369,274.1220610305152
0119013AR,1,63.85692846423211,145.48274137068535,243.76688344172086,179.90995497748875
0119034AR,1,62.376188094047016,114.57228614307152,265.2376188094047,202.86143071535767
0119039AR,1,68.29914957478738,118.08904452226112,345.56778389194596,277.26863431715856
0119074AR,1,44.23711855927964,174.35717858929465,319.4697348674337,275.2326163081541
0119076AR,1,72.18609304652325,119.01450725362682,296.88844422211105,224.7023511755878
0119154AR,1,44.23711855927964,152.33116558279139,367.59379689844917,323.35667833916955
0119188AR,1,65.89294647323662,107.35367683841919,277.82391195597796,211.93096548274133
0119220AR,1,67.00350175087543,110.50025012506252,330.02001000500246,263.016508254127
0119227AR,1,32.3911955977989,132.52626313156577,278.7493746873437,246.35817908954476
0119229AR,1,67.74387193596799,117.53376688344173,327.6138069034517,259.8699349674837
0119253AR,1,71.63081540770385,106.98349174587293,290.78039019509754,219.1495747873937
0119346AR,1,72.3711855927964,105.68784392196098,319.6548274137068,247.28364182091042
0119359AR,1,69.03951975987994,148.62931465732865,327.4287143571786,258.3891945972987
0119365AR,1,69.4097048524262,105.8729364682341,278.37918959479737,208.96948474237115
0119388AR,1,70.70535267633817,125.67783891945973,256.7233616808404,186.01800900450223
0119404AR,1,76.07303651825913,103.65182591295648,332.4262131065533,256.35317658829416
0119421AR,1,69.96498249124562,102.3561780890445,327.983991995998,258.0190095047524
0119422AR,1,64.04202101050525,101.61580790395197,260.7953976988494,196.75337668834413
0119428AR,1,60.71035517758879,148.62931465732865,291.89094547273635,231.18059029514757
0119429AR,1,57.74887443721861,128.26913456728363,360.7453726863431,302.9964982491245
0119480AR,1,65.89294647323662,218.7793896948474,330.2051025512756,264.312156078039
0119482AR,1,41.460730365182584,133.63681840920458,370.0,328.5392696348174
0119519AR,1,53.676838419209595,141.41070535267633,351.6758379189595,297.99899949974986
0119525AR,1,52.566283141570786,133.63681840920458,347.7888944472236,295.2226113056528
0119559AR,1,70.33516758379189,100.87543771885942,316.3231615807904,245.9879939969985
0119627AR,1,65.52276138069034,111.05552776388193,331.5007503751876,265.97798899449725
0119649AR,1,58.489244622311155,129.37968984492244,282.82141070535266,224.3321660830415
0119658AR,1,70.33516758379189,111.61080540270135,277.26863431715856,206.93346673336669
0119697AR,1,57.563781890945464,114.75737868934466,306.8834417208604,249.31965982991494
0119701AR,1,71.44572286143071,122.90145072536266,287.81890945472736,216.37318659329665
0119702AR,1,69.77988994497248,119.19959979989993,285.59779889944974,215.81790895447728
0119766AR,1,72.18609304652325,193.79189594797396,304.66233116558277,232.47623811905953
0119797AR,1,68.66933466733366,105.3176588294147,277.26863431715856,208.5992996498249
0119837AR,1,66.44822411205602,108.46423211605801,278.0090045022511,211.56078039019508
0119856AR,1,48.124062031015505,174.1720860430215,351.4907453726863,303.3666833416708
0119874AR,1,69.77988994497248,109.01950975487743,310.7703851925963,240.9904952476238
0119903AR,1,69.96498249124562,103.83691845922961,344.8274137068534,274.8624312156078
0120532AR,1,68.11405702851425,102.72636318159078,285.41270635317653,217.29864932466228
0120629AR,1,68.48424212106053,103.09654827413706,287.0785392696348,218.59429714857427
0120804AR,1,68.48424212106053,122.5312656328164,312.4362181090545,243.95197598799396
0122415AR,1,58.119059529764876,209.33966983491743,348.8994497248624,290.78039019509754
0122517AR,1,62.191095547773884,97.7288644322161,302.07103551775884,239.87993996998495
0122605AR,1,51.0855427713857,106.42821410705352,268.384192096048,217.29864932466234
0122821AR,1,59.04452226113056,105.8729364682341,305.2176088044022,246.1730865432716
0122943AR,1,57.93396698349174,195.27263631815907,351.4907453726863,293.55677838919456
0123076AR,1,68.48424212106053,133.08154077038517,304.66233116558277,236.17808904452224
0123368AR,1,62.74637318659329,114.0170085042521,279.3046523261631,216.55827913956978
0124946AR,1,19.434717358679336,116.05302651325661,269.8649324662331,250.43021510755375
0125039AR,1,49.23461730865433,168.61930965482742,360.1900950475237,310.9554777388694
0125603AR,1,51.45572786393196,149.9249624812406,370.0,318.54427213606806
0125846AR,1,44.0520260130065,137.33866933466732,318.35917958979485,274.3071535767883
0131666AR,4,52.566283141570786,100.69034517258628,308.17908954477235,255.61280640320157
0131714AR,4,68.8544272136068,124.56728364182091,302.07103551775884,233.21660830415203
0131739AR,4,54.417208604302154,81.81090545272636,370.0,315.5827913956978
0131898AR,4,57.74887443721861,99.02451225612806,370.0,312.2511255627814
0132011AR,4,58.30415207603801,90.1400700350175,370.0,311.695847923962
0132034AR,4,69.4097048524262,97.54377188594297,370.0,300.5902951475738
0132099AR,4,62.93146573286643,116.23811905952975,349.2696348174087,286.3381690845423
0132167AR,4,60.89544772386192,94.39719859929964,343.3466733366683,282.45122561280635
0132234AR,4,49.604802401200594,93.28664332166083,329.83491745872936,280.2301150575288
0132396AR,4,51.45572786393196,94.02701350675336,332.056028014007,280.60030015007504
0132530AR,4,50.34517258629314,95.87793896948475,315.767883941971,265.42271135567785
0132549AR,4,47.93896948474237,97.7288644322161,350.56528264132066,302.6263131565783
0132562AR,4,52.93646823411705,90.88044022011005,312.4362181090545,259.49974987493744
0132640AR,4,60.89544772386192,151.77588794397198,370.0,309.10455227613807
0132770AR,4,51.82591295647824,98.65432716358177,332.2411205602801,280.41520760380183
0132803AR,4,50.530265132566285,90.1400700350175,316.5082541270635,265.9779889944972
0132864AR,4,52.93646823411705,91.06553276638319,317.06353176588294,264.1270635317659
0132867AR,4,59.41470735367683,146.03801900950475,370.0,310.5852926463232
0132884AR,4,71.44572286143071,100.69034517258628,370.0,298.5542771385693
0132973AR,4,53.30665332666333,96.06303151575786,344.4572286143071,291.1505752876438
0133056AR,4,62.006003001500744,182.3161580790395,370.0,307.99399699849926
0133059AR,4,52.566283141570786,94.58229114557277,298.73936968484236,246.17308654327158
0133126AR,4,51.45572786393196,97.91395697848924,304.2921460730365,252.83641820910455
0133143AR,4,58.67433716858429,92.73136568284141,370.0,311.3256628314157
0133164AR,4,57.93396698349174,102.1710855427714,370.0,312.06603301650824
0133174AR,4,54.78739369684842,145.48274137068535,370.0,315.2126063031516
0133321AR,4,50.530265132566285,94.95247623811906,327.4287143571786,276.8984492246123
0133325AR,4,48.30915457728864,90.32516258129064,315.0275137568784,266.7183591795898
0133351AR,4,51.82591295647824,94.02701350675336,335.9429714857429,284.1170585292646
0133378AR,4,54.417208604302154,94.95247623811906,306.51325662831414,252.096048024012
0133522AR,4,58.67433716858429,94.39719859929964,370.0,311.3256628314157
0133540AR,4,51.45572786393196,93.28664332166083,293.92696348174087,242.4712356178089
0133643AR,4,59.41470735367683,136.96848424212106,370.0,310.5852926463232
0133679AR,4,59.2296148074037,126.23311655827914,354.63731865932965,295.40770385192593
0133716AR,4,55.89794897448724,91.25062531265633,347.4187093546773,291.52076038019004
0133739AR,4,51.640820410205095,94.02701350675336,307.62381190595295,255.98299149574785
0133802AR,4,56.083041520760375,85.69784892446222,361.30065032516256,305.2176088044022
0133835AR,4,51.45572786393196,87.91895947973987,310.5852926463231,259.1295647823912
0133849AR,4,70.33516758379189,99.39469734867433,370.0,299.6648324162081
0133876AR,4,53.676838419209595,93.47173586793397,331.6858429214607,278.00900450225106
0133915AR,4,49.04952476238118,95.50775387693847,307.4387193596798,258.3891945972986
0133925AR,4,61.2656328164082,84.77238619309654,330.57528764382187,269.3096548274137
0133954AR,4,48.49424712356178,96.98849424712355,316.13806903451723,267.64382191095547
0133965AR,4,60.340170085042516,115.49774887443722,370.0,309.65982991495747
0134055AR,4,49.41970985492746,93.10155077538768,328.5392696348174,279.1195597798899
0134085AR,4,50.530265132566285,95.87793896948475,306.6983491745873,256.168084042021
0134223AR,4,51.27063531765883,102.72636318159078,301.1455727863932,249.87493746873434
0134292AR,4,48.67933966983492,93.28664332166083,357.96898449224614,309.2896448224112
0134335AR,4,58.85942971485742,91.25062531265633,370.0,311.1405702851426
0134339AR,4,49.604802401200594,98.65432716358177,300.7753876938469,251.17058529264628
0134363AR,4,49.78989494747374,98.83941970985492,316.13806903451723,266.3481740870435
0134374AR,4,54.97248624312155,90.1400700350175,328.35417708854425,273.38169084542267
0134378AR,4,60.525262631315655,122.90145072536266,370.0,309.4747373686844
0134401AR,4,52.93646823411705,99.20960480240119,370.0,317.06353176588294
0134415AR,4,50.530265132566285,98.83941970985492,313.17658829414705,262.64632316158077
0134482AR,4,53.30665332666333,97.54377188594297,312.06603301650824,258.75937968984493
0134527AR,4,83.47673836918459,131.78589294647324,279.3046523261631,195.82791395697848
0134560AR,4,50.71535767883942,87.91895947973987,309.8449224612306,259.1295647823912
0134654AR,4,59.969984992496244,139.18959479739868,370.0,310.0300150075038
0134660AR,4,72.00100050025011,100.13506753376689,336.4982491245623,264.4972486243122
0134682AR,4,62.93146573286643,87.73386693346673,370.0,307.0685342671336
0134740AR,4,49.41970985492746,98.09904952476236,291.7058529264632,242.28614307153572
0135019AR,4,60.71035517758879,120.12506253126561,355.37768884442215,294.6673336668334
0136590AR,4,57.563781890945464,110.3151575787894,328.1690845422711,270.60530265132564
0137407AR,4,40.5352676338169,83.84692346173087,370.0,329.4647323661831
0137934AR,4,63.3016508254127,145.11255627813907,321.50575287643824,258.20410205102553
0139853AR,4,64.96748374187092,102.91145572786392,370.0,305.0325162581291
0139854AR,4,70.52026013006503,115.49774887443722,364.4472236118059,293.92696348174087
0139858AR,4,70.8904452226113,124.56728364182091,370.0,299.10955477738867
0139935AR,4,67.55877938969483,122.16108054027013,365.0025012506253,297.44372186093045
0140074AR,4,71.07553776888443,215.81790895447722,332.98149074537264,261.9059529764882
0140096AR,4,66.07803901950975,104.39219609804901,340.9404702351175,274.8624312156078
0140121AR,4,72.55627813906953,105.50275137568784,367.9639819909955,295.40770385192593
0140123AR,4,67.92896448224111,104.02201100550275,341.12556278139067,273.19659829914957
0140126AR,4,69.4097048524262,109.75987993996998,342.6063031515758,273.19659829914957
0140169AR,4,68.48424212106053,98.09904952476236,370.0,301.51575787893944
0140211AR,4,68.11405702851425,107.90895447723861,326.13306653326663,258.0190095047524
0140229AR,4,72.18609304652325,140.48524262131065,363.15157578789393,290.9654827413707
0140323AR,4,69.03951975987994,117.71885942971484,346.12306153076537,277.0835417708854
0140368AR,4,67.37368684342171,107.35367683841919,336.6833416708354,269.3096548274137
0140378AR,4,62.93146573286643,115.68284142071035,311.8809404702351,248.94947473736866
0140430AR,4,70.15007503751875,112.72136068034017,370.0,299.8499249624813
0141341AR,4,71.81590795397699,116.60830415207602,323.91195597798895,252.09604802401196
0142008AR,4,71.81590795397699,118.27413706853426,360.0050025012506,288.1890945472736
0142146AR,4,69.4097048524262,110.3151575787894,354.63731865932965,285.22761380690343
0142148AR,4,71.63081540770385,98.83941970985492,370.0,298.36918459229616
0142156AR,4,70.33516758379189,100.13506753376689,347.7888944472236,277.4537268634317
0142237AR,4,70.8904452226113,108.46423211605801,364.632316158079,293.74187093546766
0142254AR,4,64.41220610305153,134.00700350175086,323.17158579289645,258.75937968984493
0142260AR,4,69.22461230615308,114.20210105052526,325.2076038019009,255.98299149574785
0142280AR,4,70.33516758379189,109.01950975487743,344.8274137068534,274.49224612306153
0142291AR,4,68.29914957478738,108.83441720860431,351.86093046523257,283.5617808904452
0142305AR,4,70.33516758379189,106.05802901450724,370.0,299.6648324162081
0142327AR,4,70.52026013006503,106.05802901450724,307.8089044522261,237.28864432216108
0142380AR,4,69.4097048524262,112.90645322661331,357.59879939969983,288.1890945472736
0142390AR,4,65.3376688344172,126.41820910455226,325.39269634817407,260.05502751375684
0142426AR,4,69.59479739869934,105.3176588294147,352.0460230115057,282.4512256128064
0142433AR,4,69.59479739869934,103.65182591295648,370.0,300.40520260130063
0142443AR,4,70.33516758379189,120.12506253126561,354.4522261130565,284.1170585292646
0142494AR,4,69.77988994497248,97.17358679339668,333.90695347673835,264.1270635317659
0142496AR,4,69.4097048524262,106.2431215607804,332.056028014007,262.64632316158077
0142501AR,4,70.15007503751875,134.37718859429714,360.3751875937969,290.2251125562782
0142563AR,4,69.4097048524262,111.05552776388193,333.90695347673835,264.49724862431214
0142619AR,4,69.22461230615308,109.9449724862431,350.9354677338669,281.71085542771385
0142702AR,4,81.81090545272636,263.0165082541271,332.79639819909954,250.98549274637318
0142719AR,4,69.96498249124562,101.61580790395197,320.7653826913456,250.8004002001
0142720AR,4,71.26063031515757,102.3561780890445,370.0,298.7393696848424
0142756AR,4,73.66683341670834,147.14857428714356,366.1130565282641,292.44622311155575
0142785AR,4,68.8544272136068,96.80340170085042,361.1155577788894,292.2611305652826
0142787AR,4,68.66933466733366,98.65432716358177,349.63981990995495,280.9704852426213
0142828AR,4,69.96498249124562,101.06053026513257,334.64732366183085,264.68234117058523
0142910AR,4,69.03951975987994,100.32016008004001,325.2076038019009,256.16808404202095
0142951AR,4,69.96498249124562,120.31015507753875,344.272136068034,274.3071535767884
0142962AR,4,70.33516758379189,98.09904952476236,354.4522261130565,284.1170585292646
0142980AR,4,68.48424212106053,99.94997498749375,327.983991995998,259.4997498749375
0143002AR,4,71.63081540770385,199.52976488244119,328.7243621810905,257.09354677338666
0143003AR,4,67.74387193596799,117.71885942971484,370.0,302.256128064032
0143006AR,4,73.48174087043522,117.71885942971484,349.63981990995495,276.15807903951975
0143023AR,4,66.44822411205602,118.64432216108052,337.97898949474734,271.5307653826913
0143041AR,4,71.26063031515757,111.61080540270135,349.2696348174087,278.0090045022511
0143047AR,4,71.44572286143071,104.94747373686842,326.5032516258129,255.05752876438217
0143110AR,4,70.33516758379189,100.69034517258628,355.19259629814906,284.8574287143572
0143139AR,4,71.07553776888443,100.32016008004001,354.63731865932965,283.5617808904452
0143164AR,4,70.8904452226113,212.11605802901448,335.57278639319657,264.68234117058523
0143170AR,4,70.33516758379189,100.50525262631315,341.3106553276638,270.97548774387195
0143891AR,4,59.41470735367683,104.20710355177589,364.26213106553274,304.8474237118559
0157398AR,1,89.76988494247124,224.14707353676837,370.0,280.2301150575288
0159774AR,1,58.85942971485742,83.84692346173087,370.0,311.1405702851426
0159804AR,1,119.19959979989993,261.7208604302151,370.0,250.80040020010006
0159818AR,1,50.90045022511255,107.35367683841919,370.0,319.09954977488746
0159821AR,1,64.7823911955978,127.89894947473735,370.0,305.2176088044022
0159851AR,1,84.95747873936968,277.6388194097048,370.0,285.04252126063034
0159857AR,1,83.84692346173087,199.71485742871437,370.0,286.15307653826915
0159982AR,1,90.88044022011005,157.5137568784392,370.0,279.11955977989
0160005AR,1,61.63581790895447,102.72636318159078,370.0,308.3641820910455
0160034AR,1,54.97248624312155,96.24812406203101,318.72936468234116,263.7568784392196
0160037AR,1,84.95747873936968,232.4762381190595,370.0,285.04252126063034
0160047AR,1,48.67933966983492,87.36368184092045,287.26363181590796,238.58429214607304
0160060AR,1,105.8729364682341,125.49274637318658,226.73836918459227,120.86543271635817
0160099AR,1,59.04452226113056,132.52626313156577,370.0,310.95547773886943
0160172AR,1,108.27913956978489,126.048024012006,287.0785392696348,178.79939969984991
0160180AR,1,71.26063031515757,145.11255627813907,302.44122061030515,231.18059029514757
0160205AR,1,73.48174087043522,149.55477738869433,370.0,296.5182591295648
0160206AR,1,36.4632316158079,101.98599299649824,276.15807903951975,239.69484742371185
0160230AR,1,66.26313156578288,114.0170085042521,296.88844422211105,230.62531265632816
0160253AR,1,44.97748874437218,88.104052026013,336.4982491245623,291.5207603801901
0160257AR,1,49.97498749374687,94.2121060530265,311.3256628314157,261.3506753376688
0160276AR,1,53.676838419209595,100.32016008004001,266.16308154077035,212.48624312156076
0160294AR,1,72.9264632316158,138.44922461230615,370.0,297.0735367683842
0160298AR,1,86.6233116558279,264.6823411705853,358.15407703851923,271.53076538269136
0160306AR,1,56.453226613306654,99.57978989494748,299.2946473236618,242.84142071035518
0160307AR,1,45.53276638319159,77.55377688844422,328.5392696348174,283.0065032516258
0160315AR,1,54.78739369684842,102.3561780890445,370.0,315.2126063031516
0160326AR,1,84.03201600800399,136.59829914957476,370.0,285.967983991996
0160347AR,1,75.70285142571285,322.80140070035014,370.0,294.2971485742871
0160384AR,1,86.99349674837418,119.93996998499249,370.0,283.0065032516258
0160396AR,1,57.93396698349174,99.39469734867433,276.3431715857929,218.40920460230114
0160404AR,1,87.54877438719359,226.73836918459227,370.0,282.4512256128064
0160418AR,1,89.02951475737868,245.80290145072533,370.0,280.9704852426213
0160425AR,1,79.58979489744871,128.0840420210105,370.0,290.4102051025513
0160449AR,1,66.63331665832916,122.16108054027013,300.0350175087544,233.40170085042521
0160458AR,1,74.22211105552776,139.37468734367184,299.66483241620807,225.4427213606803
0160511AR,1,61.82091045522761,130.120060030015,370.0,308.1790895447724
0160515AR,1,50.71535767883942,93.6568284142071,307.62381190595295,256.9084542271135
0160525AR,1,84.40220110055026,135.85792896448223,370.0,285.59779889944974
0160548AR,1,76.25812906453226,123.45672836418208,326.3181590795397,250.06003001500747
0160564AR,1,85.51275637818908,113.09154577288643,370.0,284.48724362181093
0160577AR,1,45.16258129064532,107.72386193096548,283.5617808904452,238.39919959979989
0160583AR,1,76.25812906453226,110.13006503251626,370.0,293.7418709354678
0160615AR,1,68.8544272136068,142.33616808404201,360.9304652326163,292.0760380190095
0160648AR,1,65.89294647323662,162.1410705352676,279.67483741870933,213.7818909454727
0160658AR,1,56.453226613306654,131.6008004002001,370.0,313.54677338669336
0160663AR,1,75.14757378689345,186.75837918959476,370.0,294.8524262131066
0160698AR,1,78.4792396198099,144.3721860930465,370.0,291.5207603801901
0160703AR,1,33.686843421710854,228.95947973986992,278.19409704852427,244.50725362681342
0160707AR,1,100.50525262631315,137.52376188094047,225.07253626813403,124.56728364182088
0160710AR,1,76.25812906453226,314.84242121060527,370.0,293.7418709354678
0160723AR,1,56.453226613306654,229.51475737868932,370.0,313.54677338669336
0160766AR,1,57.74887443721861,115.49774887443722,300.5902951475738,242.84142071035518
0160839AR,1,41.27563781890945,105.50275137568784,277.82391195597796,236.54827413706852
0160891AR,1,58.67433716858429,124.38219109554777,283.37668834417207,224.70235117558778
0160917AR,1,37.943971985992995,136.41320660330166,308.7343671835918,270.7903951975988
0160921AR,1,48.124062031015505,75.51775887943971,300.0350175087544,251.91095547773887
0160964AR,1,114.57228614307152,289.66983491745873,370.0,255.42771385692848
0161042AR,1,68.66933466733366,132.52626313156577,370.0,301.33066533266634
0161091AR,1,66.81840920460229,132.1560780390195,370.0,303.1815907953977
0161107AR,1,60.71035517758879,111.24062031015507,288.1890945472736,227.47873936968483
0161112AR,1,63.11655827913957,89.5847923961981,342.0510255127563,278.9344672336168
0161128AR,1,41.27563781890945,111.79589794897448,292.44622311155575,251.1705852926463
0161140AR,1,47.75387693846923,72.74137068534267,334.83241620810406,287.0785392696348
0161156AR,1,67.92896448224111,127.15857928964482,292.6313156578289,224.7023511755878
0161201AR,1,50.530265132566285,105.8729364682341,327.79889944972484,277.26863431715856
0161235AR,1,43.12656328164081,101.61580790395197,267.82891445722856,224.70235117558775
0161248AR,1,37.57378689344672,220.6303151575788,367.4087043521761,329.83491745872936
0161295AR,1,66.07803901950975,91.99099549774887,269.1245622811405,203.0465232616308
0161353AR,1,91.43571785892946,141.96598299149574,370.0,278.5642821410705
0161361AR,1,60.155077538769376,86.99349674837418,346.12306153076537,285.967983991996
0161375AR,1,84.21710855427713,162.32616308154076,370.0,285.78289144572284
0161392AR,1,96.43321660830415,280.4152076038019,370.0,273.5667833916958
0161416AR,1,49.78989494747374,95.13756878439219,360.56028014007,310.7703851925963
0161438AR,1,55.89794897448724,98.83941970985492,327.0585292646323,271.16058029014505
0161444AR,1,67.74387193596799,308.3641820910455,370.0,302.256128064032
0161489AR,1,41.460730365182584,99.02451225612806,286.89344672336165,245.43271635817905
0161490AR,1,54.417208604302154,102.54127063531766,315.0275137568784,260.61030515257625
0161521AR,1,0.0,171.5807903951976,282.0810405202601,282.0810405202601
0161526AR,1,43.681840920460225,194.9024512256128,328.1690845422711,284.4872436218109
0161552AR,1,45.53276638319159,92.17608804402201,317.80390195097544,272.27113556778386
0161553AR,1,0.0,194.71735867933967,296.88844422211105,296.88844422211105
0161561AR,1,57.1935967983992,137.33866933466732,370.0,312.8064032016008
0161592AR,1,98.2841420710355,238.58429214607304,370.0,271.7158579289645
0161676AR,1,45.16258129064532,111.42571285642819,300.96048024012003,255.7978989494747
0161745AR,1,73.85192596298148,129.37968984492244,335.38769384692347,261.53576788394196
0161769AR,1,54.78739369684842,103.28164082041019,280.78539269634814,225.9979989994997
0161789AR,1,62.376188094047016,108.46423211605801,278.0090045022511,215.6328164082041
0161815AR,1,60.71035517758879,91.80590295147573,279.1195597798899,218.40920460230114
0161858AR,1,56.26813406703351,98.09904952476236,307.2536268134067,250.98549274637318
0161860AR,1,58.30415207603801,109.9449724862431,291.33566783391694,233.03151575787894
0161870AR,1,42.94147073536768,168.98949474737367,281.71085542771385,238.76938469234616
0163572AR,1,49.97498749374687,105.13256628314157,252.096048024012,202.1210605302651
0163714AR,1,47.56878439219609,100.69034517258628,343.9019509754877,296.3331665832916
0163783AR,1,50.71535767883942,90.88044022011005,246.17308654327164,195.45772886443223
0163814AR,1,49.97498749374687,89.5847923961981,269.49474737368683,219.51975987993995
0163866AR,1,47.19859929964982,102.3561780890445,321.13556778389193,273.93696848424213
0163876AR,1,18.879439719859928,115.31265632816408,270.7903951975988,251.91095547773887
0164981AR,1,0.0,114.0170085042521,282.26613306653326,282.26613306653326
0165160AR,1,35.722861430715355,106.61330665332666,275.04752376188094,239.3246623311656
0165227AR,1,54.047023511755874,94.02701350675336,359.81990995497745,305.7728864432216
0165843AR,1,4.072036018009005,119.38469234617308,272.456228114057,268.384192096048
0166357AR,1,0.0,111.42571285642819,283.7468734367184,283.7468734367184
0166402AR,1,46.82841420710355,81.44072036018008,263.2016008004002,216.37318659329662
0166504AR,1,19.989994997498748,111.79589794897448,277.82391195597796,257.8339169584792
0166618AR,1,48.86443221610805,106.98349174587293,252.28114057028512,203.41670835417708
0167112AR,4,71.26063031515757,112.53626813406702,291.89094547273635,220.63031515757876
0167134AR,4,55.712856428214096,121.42071035517758,288.37418709354677,232.66133066533268
0167163AR,4,60.525262631315655,161.95597798899448,301.1455727863932,240.62031015507753
0167182AR,4,66.63331665832916,109.3896948474237,334.64732366183085,268.01400700350166
0167271AR,4,67.74387193596799,109.20460230115057,265.7928964482241,198.0490245122561
0167313AR,4,68.66933466733366,99.94997498749375,278.0090045022511,209.33966983491746
0167343AR,4,53.86193096548274,106.2431215607804,293.3716858429214,239.50975487743867
0167432AR,4,67.18859429714857,106.2431215607804,370.0,302.8114057028514
0167500AR,4,69.77988994497248,104.57728864432215,287.6338169084542,217.85392696348174
0167545AR,4,67.00350175087543,107.90895447723861,297.2586293146573,230.25512756378185
0167572AR,4,67.92896448224111,137.52376188094047,317.4337168584292,249.5047523761881
0167768AR,4,68.48424212106053,111.05552776388193,263.2016008004002,194.71735867933964
0168114AR,4,58.85942971485742,108.64932466233115,298.92446223111557,240.06503251625816
0168419AR,4,62.561280640320156,130.86043021510756,271.71585792896445,209.1545772886443
0168448AR,4,61.82091045522761,116.23811905952975,300.5902951475738,238.76938469234616
0168584AR,4,69.59479739869934,107.53876938469234,352.60130065032513,283.00650325162576
0168760AR,4,68.66933466733366,111.05552776388193,293.3716858429214,224.70235117558775
0168971AR,4,70.52026013006503,103.09654827413706,294.11205602801397,223.59179589794894
0169277AR,4,45.902951475737865,127.34367183591795,285.78289144572284,239.87993996998497
0169348AR,4,61.2656328164082,120.4952476238119,263.2016008004002,201.935967983992
0169381AR,4,66.44822411205602,107.90895447723861,263.5717858929465,197.12356178089044
0169426AR,4,65.15257628814408,94.2121060530265,343.7168584292146,278.5642821410705
0169501AR,4,69.4097048524262,103.46673336668333,283.37668834417207,213.96698349174585
0169504AR,4,68.11405702851425,180.46523261630816,343.1615807903952,275.04752376188094
0169524AR,4,66.07803901950975,106.61330665332666,292.2611305652826,226.18309154577287
0169532AR,4,71.44572286143071,111.05552776388193,330.760380190095,259.31465732866434
0169705AR,4,59.969984992496244,114.75737868934466,281.89594797398695,221.9259629814907
0169944AR,4,67.74387193596799,104.39219609804901,370.0,302.256128064032
0170040AR,4,67.92896448224111,125.86293146573286,314.472236118059,246.54327163581792
0170100AR,4,69.96498249124562,96.43321660830415,370.0,300.0350175087544
0170281AR,4,48.86443221610805,123.08654327163582,277.6388194097048,228.77438719359677
0170309AR,4,69.03951975987994,114.0170085042521,347.97398699349674,278.93446723361683
0170623AR,4,62.376188094047016,110.13006503251626,304.10705352676337,241.73086543271634
0170741AR,4,70.15007503751875,170.1000500250125,336.12806403201597,265.9779889944972
0170742AR,4,67.37368684342171,109.75987993996998,261.7208604302151,194.34717358679342
0172162AR,1,70.8904452226113,124.75237618809403,267.4587293646823,196.568284142071
0172218AR,1,73.85192596298148,150.8504252126063,240.6203101550775,166.76838419209602
0172239AR,1,72.55627813906953,106.7983991995998,340.57028514257127,268.0140070035017
0172246AR,1,71.44572286143071,129.93496748374184,260.98049024512255,189.53476738369184
0172303AR,1,69.77988994497248,127.71385692846422,262.09104552276136,192.3111555777889
0172354AR,1,71.63081540770385,116.60830415207602,263.2016008004002,191.57078539269634
0172357AR,1,72.18609304652325,107.16858429214606,332.98149074537264,260.7953976988494
0172379AR,1,69.22461230615308,131.41570785392693,272.456228114057,203.23161580790395
0172394AR,1,69.22461230615308,131.6008004002001,265.05252626313154,195.82791395697848
0172400AR,1,73.66683341670834,106.61330665332666,307.8089044522261,234.14207103551774
0172401AR,1,74.40720360180089,136.96848424212106,345.3826913456728,270.9754877438719
0172407AR,1,73.29664832416208,115.68284142071035,257.0935467733867,183.79689844922464
0172520AR,1,71.63081540770385,136.04302151075535,250.43021510755375,178.79939969984991
0172543AR,1,73.85192596298148,151.9609804902451,343.53176588294144,269.67983991995993
0172554AR,1,72.74137068534267,109.57478739369684,339.8299149574787,267.088544272136
0172555AR,1,69.59479739869934,135.85792896448223,261.9059529764882,192.31115557778887
0172576AR,1,73.29664832416208,109.20460230115057,330.9454727363682,257.64882441220607
0172594AR,1,73.85192596298148,115.49774887443722,344.08704352176085,270.2351175587794
0172602AR,1,72.3711855927964,107.72386193096548,336.3131565782891,263.94197098549273
0172624AR,1,73.48174087043522,111.42571285642819,273.3816908454227,199.89994997498752
0172628AR,1,72.18609304652325,127.89894947473735,274.8624312156078,202.67633816908454
0172630AR,1,73.11155577788894,113.09154577288643,264.6823411705853,191.57078539269634
0172665AR,1,69.4097048524262,132.52626313156577,260.7953976988494,191.38569284642318
0172672AR,1,74.03701850925462,104.57728864432215,334.46223111555776,260.42521260630315
0172676AR,1,72.55627813906953,108.27913956978489,346.4932466233116,273.9369684842421
0172725AR,1,73.11155577788894,107.53876938469234,342.2361180590295,269.1245622811405
0172728AR,1,71.63081540770385,126.78839419709853,263.3866933466733,191.7558779389695
0172741AR,1,73.11155577788894,114.75737868934466,360.1900950475237,287.07853926963475
0172775AR,1,69.96498249124562,130.6753376688344,256.3531765882941,186.38819409704848
0172882AR,1,70.52026013006503,123.82691345672835,276.15807903951975,205.63781890945472
0172884AR,1,70.33516758379189,126.6033016508254,262.09104552276136,191.7558779389695
0172886AR,1,73.85192596298148,134.37718859429714,346.30815407703847,272.456228114057
0172906AR,1,72.3711855927964,107.16858429214606,344.08704352176085,271.71585792896445
0172927AR,1,73.48174087043522,146.408204102051,243.58179089544768,170.10005002501248
0172929AR,1,70.15007503751875,127.52876438219108,261.3506753376688,191.20060030015006
0172952AR,1,74.22211105552776,106.98349174587293,291.33566783391694,217.11355677838918
0173042AR,1,73.85192596298148,151.77588794397198,238.21410705352676,164.36218109054528
0173123AR,1,72.00100050025011,133.82191095547773,250.61530765382687,178.61430715357676
0173125AR,1,70.52026013006503,127.71385692846422,267.4587293646823,196.9384692346173
0173140AR,1,71.07553776888443,124.75237618809403,258.5742871435718,187.49874937468735
0173144AR,1,69.4097048524262,138.07903951975987,253.39169584792393,183.9819909954977
0173155AR,1,74.22211105552776,116.05302651325661,342.97648824412204,268.7543771885943
0176939AR,4,54.97248624312155,120.12506253126561,370.0,315.0275137568784
0180582AR,4,65.3376688344172,104.94747373686842,317.4337168584292,252.096048024012
0180776AR,1,70.33516758379189,108.64932466233115,335.38769384692347,265.0525262631316
0180833AR,1,67.18859429714857,119.93996998499249,249.50475237618807,182.3161580790395
0181931AR,1,76.4432216108054,103.83691845922961,370.0,293.5567783891946
0181939AR,1,61.63581790895447,94.02701350675336,245.98799399699845,184.352176088044
0181947AR,1,63.48674337168584,132.71135567783892,322.61630815407705,259.1295647823912
0182075AR,1,78.66433216608304,106.2431215607804,165.4727363681841,86.80840420210104
0182081AR,1,100.32016008004001,283.00650325162576,370.0,269.67983991996
0182107AR,1,35.537768884442215,287.0785392696348,370.0,334.46223111555776
0182172AR,1,72.74137068534267,111.61080540270135,327.6138069034517,254.87243621810902
0182270AR,4,58.85942971485742,97.7288644322161,296.5182591295648,237.65882941470738
0182354AR,1,71.44572286143071,119.01450725362682,282.82141070535266,211.37568784392195
0182522AR,1,58.67433716858429,305.7728864432216,370.0,311.3256628314157
0182565AR,1,35.537768884442215,305.40270135067533,370.0,334.46223111555776
0182581AR,4,56.82341170585292,181.3906953476738,339.8299149574787,283.00650325162576
0182601AR,1,72.00100050025011,110.3151575787894,326.68834417208603,254.68734367183592
0182635AR,1,73.29664832416208,133.08154077038517,370.0,296.7033516758379
0182637AR,4,56.26813406703351,93.47173586793397,332.6113056528264,276.3431715857929
0182718AR,4,61.2656328164082,185.46273136568283,334.2771385692846,273.0115057528764
0182758AR,1,0.0,158.4392196098049,272.27113556778386,272.27113556778386
0182762AR,1,71.07553776888443,135.30265132566282,370.0,298.92446223111557
0182803AR,4,56.453226613306654,214.15207603801898,330.760380190095,274.3071535767884
0182834AR,1,76.07303651825913,116.4232116058029,370.0,293.92696348174087
0182856AR,1,59.41470735367683,115.12756378189093,319.4697348674337,260.0550275137569
0182866AR,1,73.85192596298148,106.61330665332666,370.0,296.14807403701855
0182993AR,1,62.74637318659329,116.97848924462231,313.73186593296646,250.98549274637315
0183018AR,1,73.48174087043522,111.05552776388193,351.86093046523257,278.37918959479737
0183035AR,1,46.27313656828414,341.3106553276638,370.0,323.72686343171586
0183049AR,1,61.08054027013507,137.33866933466732,332.79639819909954,271.71585792896445
0183091AR,1,74.40720360180089,187.3136568284142,370.0,295.5927963981991
0183115AR,1,74.9624812406203,196.568284142071,369.6298149074537,294.6673336668334
0183138AR,4,73.29664832416208,105.68784392196098,335.9429714857429,262.64632316158077
0183394AR,1,65.3376688344172,330.760380190095,370.0,304.6623311655828
0183507AR,1,56.82341170585292,122.5312656328164,351.86093046523257,295.0375187593796
0183559AR,4,58.30415207603801,243.39669834917459,333.90695347673835,275.60280140070034
0183678AR,1,59.41470735367683,103.65182591295648,337.23861930965484,277.823911955978
0183746AR,1,59.969984992496244,99.39469734867433,338.34917458729365,278.3791895947974
0183759AR,1,56.82341170585292,105.3176588294147,342.97648824412204,286.15307653826915
0183763AR,1,72.9264632316158,122.5312656328164,370.0,297.0735367683842
0183863AR,4,62.561280640320156,218.40920460230114,340.200100050025,277.63881940970487
0183912AR,1,69.03951975987994,118.4592296148074,370.0,300.9604802401201
0183941AR,1,0.0,169.35967983991995,270.42021010505255,270.42021010505255
0183946AR,1,74.9624812406203,116.23811905952975,322.06103051525764,247.09854927463732
0183979AR,4,47.56878439219609,214.33716858429213,329.46473236618306,281.89594797398695
0184005AR,1,61.63581790895447,112.72136068034017,271.3456728364182,209.70985492746374
0184086AR,1,65.52276138069034,201.5657828914457,263.2016008004002,197.67883941970985
0184088AR,1,73.48174087043522,116.97848924462231,274.1220610305152,200.64032016008002
0184110AR,1,56.453226613306654,120.86543271635817,330.02001000500246,273.5667833916958
0184111AR,1,58.489244622311155,149.55477738869433,266.71835917958975,208.2291145572786
0184161AR,1,74.22211105552776,131.6008004002001,348.52926463231614,274.3071535767884
0184272AR,1,73.29664832416208,112.53626813406702,370.0,296.7033516758379
0184441AR,1,72.18609304652325,120.68034017008503,370.0,297.81390695347676
0184500AR,1,56.82341170585292,103.28164082041019,324.4672336168084,267.64382191095547
0184531AR,1,74.77738869434717,102.91145572786392,370.0,295.22261130565283
0184657AR,1,74.40720360180089,116.4232116058029,370.0,295.5927963981991
0184725AR,1,70.33516758379189,108.09404702351175,370.0,299.6648324162081
0184746AR,1,72.74137068534267,114.20210105052526,370.0,297.25862931465736
0184775AR,1,60.525262631315655,100.50525262631315,318.72936468234116,258.20410205102553
0184853AR,1,67.74387193596799,137.52376188094047,347.7888944472236,280.0450225112556
0184878AR,1,76.25812906453226,115.49774887443722,370.0,293.7418709354678
0184934AR,4,53.30665332666333,214.15207603801898,331.6858429214607,278.37918959479737
0184943AR,1,72.3711855927964,131.97098549274637,256.3531765882941,183.9819909954977
0184954AR,1,71.81590795397699,93.10155077538768,370.0,298.184092046023
0185013AR,1,76.81340670335167,117.34867433716857,370.0,293.1865932966483
0185036AR,4,50.160080040020006,134.93246623311654,360.1900950475237,310.0300150075037
0185079AR,1,61.2656328164082,116.23811905952975,340.9404702351175,279.67483741870933
0185090AR,1,59.41470735367683,112.35117558779389,284.1170585292646,224.7023511755878
0185097AR,1,50.90045022511255,125.67783891945973,296.3331665832916,245.43271635817905
0185120AR,1,71.63081540770385,106.05802901450724,370.0,298.36918459229616
0185147AR,4,55.1575787893947,124.93746873436717,343.1615807903952,288.0040020010005
0185160AR,1,72.74137068534267,225.81290645322662,370.0,297.25862931465736
0185176AR,1,58.119059529764876,111.24062031015507,297.62881440720355,239.50975487743867
0185350AR,1,64.96748374187092,195.4577288644322,269.3096548274137,204.34217108554276
0185461AR,1,66.07803901950975,120.12506253126561,326.87343671835913,260.7953976988494
0185465AR,1,59.969984992496244,122.5312656328164,330.39019509754877,270.42021010505255
0185490AR,1,64.41220610305153,134.00700350175086,265.60780390195094,201.19559779889943
0185501AR,4,64.96748374187092,97.91395697848924,370.0,305.0325162581291
0185638AR,1,67.00350175087543,121.42071035517758,252.83641820910452,185.83291645822908
0185755AR,1,64.7823911955978,105.3176588294147,295.9629814907454,231.1805902951476
0185786AR,1,55.712856428214096,108.64932466233115,370.0,314.2871435717859
0185849AR,1,92.73136568284141,355.19259629814906,370.0,277.26863431715856
0185899AR,1,63.48674337168584,116.05302651325661,331.5007503751876,268.0140070035017
0188579AR,1,53.49174587293646,78.66433216608304,276.528264132066,223.03651825912954
0190385AR,1,82.18109054527262,117.903951975988,370.0,287.81890945472736
0190684AR,1,68.11405702851425,145.48274137068535,346.4932466233116,278.37918959479737
0190773AR,1,48.67933966983492,280.600300150075,370.0,321.3206603301651
0191357AR,1,62.191095547773884,119.56978489244622,370.0,307.8089044522261
0191689AR,1,82.5512756378189,134.192096048024,361.6708354177088,279.1195597798899
0193836AR,1,44.97748874437218,326.3181590795397,370.0,325.0225112556278
0193870AR,1,56.26813406703351,85.14257128564282,320.9504752376188,264.6823411705853
0194011AR,1,44.60730365182591,327.79889944972484,370.0,325.39269634817407
0194094AR,1,55.52776388194096,100.32016008004001,370.0,314.472236118059
0194206AR,1,53.1215607803902,86.25312656328163,347.97398699349674,294.8524262131065
0194258AR,1,68.8544272136068,335.2026013006503,370.0,301.1455727863932
0194295AR,1,1.1105552776388192,193.05152576288143,284.1170585292646,283.0065032516258
0194344AR,1,32.021010505252626,203.78689344672335,271.9009504752376,239.87993996998497
0194355AR,1,56.26813406703351,85.88294147073536,318.17408704352175,261.90595297648827
0194436AR,1,46.27313656828414,138.07903951975987,306.51325662831414,260.24012006003
0194546AR,1,54.97248624312155,131.41570785392693,370.0,315.0275137568784
0194553AR,1,54.23211605802901,99.39469734867433,370.0,315.767883941971
0194555AR,1,52.011005502751374,90.1400700350175,357.4137068534267,305.40270135067533
0194624AR,1,53.30665332666333,114.3871935967984,370.0,316.6933466733367
0194664AR,1,8.699349674837418,228.40420210105052,278.5642821410705,269.8649324662331
0194675AR,1,29.42971485742871,178.61430715357676,293.3716858429214,263.9419709854927
0194723AR,1,51.82591295647824,90.1400700350175,354.26713356678334,302.4412206103051
0194891AR,1,24.987493746873437,205.45272636318157,280.4152076038019,255.42771385692845
0194892AR,1,51.45572786393196,80.51525762881441,370.0,318.54427213606806
0194907AR,1,58.67433716858429,96.06303151575786,370.0,311.3256628314157
0194959AR,1,48.49424712356178,100.13506753376689,312.8064032016008,264.31215607803904
0194976AR,1,43.866933466733364,127.34367183591795,301.7008504252126,257.8339169584792
0194989AR,1,32.021010505252626,162.5112556278139,293.92696348174087,261.90595297648827
0195012AR,1,13.511755877938969,209.1545772886443,293.92696348174087,280.4152076038019
0195018AR,1,59.599799899949964,88.84442221110554,370.0,310.40020010005003
0195022AR,1,52.75137568784392,122.90145072536266,296.5182591295648,243.7668834417209
0195084AR,1,73.29664832416208,290.41020510255123,370.0,296.7033516758379
0195170AR,1,22.02601300650325,174.7273636818409,283.00650325162576,260.9804902451225
0195184AR,1,52.38119059529764,285.0425212606303,370.0,317.61880940470235
0195207AR,1,58.119059529764876,96.24812406203101,370.0,311.88094047023515
0195213AR,1,33.31665832916458,201.75087543771883,278.19409704852427,244.8774387193597
0195259AR,1,56.82341170585292,90.51025512756378,270.7903951975988,213.96698349174588
0195433AR,1,41.27563781890945,104.39219609804901,287.26363181590796,245.9879939969985
0195501AR,1,27.208604302151077,176.57828914457227,287.0785392696348,259.86993496748374
0195513AR,1,24.802401200600297,210.26513256628314,280.23011505752874,255.42771385692845
0195563AR,1,55.89794897448724,86.43821910955478,340.7553776888444,284.8574287143572
0195702AR,1,56.82341170585292,90.6953476738369,370.0,313.1765882941471
0195714AR,1,62.006003001500744,316.8784392196098,370.0,307.99399699849926
0195722AR,1,52.75137568784392,109.57478739369684,358.15407703851923,305.40270135067533
0195806AR,1,35.537768884442215,198.97448724362178,278.37918959479737,242.84142071035515
0195968AR,1,47.19859929964982,112.53626813406702,292.0760380190095,244.87743871935967
0196019AR,1,34.98249124562281,148.44422211105552,305.2176088044022,270.2351175587794
0196045AR,1,45.16258129064532,77.9239619809905,370.0,324.83741870935467
0197546AR,1,70.15007503751875,148.62931465732865,304.2921460730365,234.14207103551777
0197554AR,4,65.3376688344172,133.26663331665833,370.0,304.6623311655828
0197703AR,1,74.59229614807403,137.1535767883942,285.78289144572284,211.19059529764883
0197953AR,4,57.00850425212605,135.6728364182091,297.62881440720355,240.6203101550775
0198184AR,1,78.66433216608304,115.86793396698349,370.0,291.33566783391694
0198302AR,1,67.00350175087543,100.32016008004001,298.3691845922961,231.36568284142066
0198684AR,4,74.77738869434717,125.12256128064031,177.13356678339167,102.3561780890445
0198827AR,1,76.07303651825913,132.34117058529264,370.0,293.92696348174087
0199055AR,1,63.3016508254127,100.13506753376689,336.6833416708354,273.38169084542267
0199190AR,4,69.03951975987994,244.69234617308652,369.25962981490744,300.2201100550275
0199764AR,4,61.08054027013507,129.74987493746872,344.272136068034,283.1915957978989
0199790AR,1,54.78739369684842,118.4592296148074,303.55177588794396,248.76438219109554
0200036AR,4,62.561280640320156,136.7833916958479,360.9304652326163,298.36918459229616
0200184AR,1,67.92896448224111,119.01450725362682,344.272136068034,276.3431715857929
0200205AR,1,65.52276138069034,112.90645322661331,265.7928964482241,200.27013506753377
0200263AR,1,7.033516758379188,197.67883941970985,275.4177088544272,268.384192096048
0200369AR,4,94.39719859929964,209.33966983491743,370.0,275.60280140070034
0206295AR,1,42.75637818909454,105.13256628314157,297.2586293146573,254.50225112556276
0206337AR,1,106.05802901450724,355.0075037518759,370.0,263.94197098549273
0206383AR,1,69.03951975987994,125.86293146573286,370.0,300.9604802401201
0206555AR,1,75.88794397198599,296.5182591295648,370.0,294.112056028014
0206556AR,1,52.011005502751374,109.9449724862431,299.2946473236618,247.28364182091045
0206566AR,1,67.37368684342171,101.06053026513257,370.0,302.6263131565783
0206673AR,1,52.93646823411705,114.57228614307152,282.82141070535266,229.8849424712356
0206699AR,1,45.53276638319159,120.4952476238119,314.28714357178586,268.7543771885943
0206725AR,1,68.8544272136068,105.50275137568784,370.0,301.1455727863932
0206837AR,1,63.11655827913957,99.94997498749375,338.34917458729365,275.2326163081541
0207116AR,1,68.48424212106053,96.61830915457728,370.0,301.51575787893944
0207134AR,1,47.56878439219609,105.8729364682341,301.88594297148575,254.31715857928964
0207154AR,1,69.03951975987994,105.68784392196098,370.0,300.9604802401201
0207161AR,1,70.15007503751875,101.61580790395197,370.0,299.8499249624813
0207360AR,1,69.22461230615308,153.4417208604302,370.0,300.77538769384694
0207594AR,1,38.31415707853927,124.19709854927464,273.0115057528764,234.69734867433715
0207668AR,1,67.37368684342171,101.61580790395197,370.0,302.6263131565783
0207765AR,1,58.119059529764876,112.16608304152075,306.14307153576783,248.02401200600295
0207904AR,1,67.18859429714857,101.98599299649824,298.92446223111557,231.735867933967
0209272AR,4,64.7823911955978,205.26763381690844,335.38769384692347,270.6053026513257
0209283AR,4,64.22711355677838,132.52626313156577,334.09204602301145,269.8649324662331
0209336AR,4,40.35017508754377,71.07553776888443,370.0,329.6498249124562
0209550AR,4,73.85192596298148,193.9769884942471,370.0,296.14807403701855
0209564AR,4,48.124062031015505,181.02051025512756,332.98149074537264,284.8574287143571
0209594AR,4,51.45572786393196,109.3896948474237,320.7653826913456,269.3096548274137
0209619AR,4,69.59479739869934,120.4952476238119,312.06603301650824,242.4712356178089
0209703AR,4,103.65182591295648,352.7863931965983,370.0,266.3481740870435
0209722AR,4,68.29914957478738,154.73736868434216,336.12806403201597,267.8289144572286
0209748AR,4,70.15007503751875,126.6033016508254,326.5032516258129,256.3531765882941
0209800AR,4,58.67433716858429,206.56328164082038,332.056028014007,273.38169084542267
0209805AR,4,62.376188094047016,119.56978489244622,370.0,307.623811905953
0209811AR,4,66.44822411205602,141.59579789894948,359.6348174087043,293.18659329664825
0209824AR,4,69.22461230615308,119.01450725362682,316.13806903451723,246.91345672836417
0209862AR,4,65.70785392696347,129.74987493746872,337.42371185592793,271.71585792896445
0209900AR,4,70.52026013006503,222.85142571285638,328.35417708854425,257.8339169584792
0209971AR,4,56.453226613306654,129.37968984492244,358.15407703851923,301.7008504252126
0210038AR,4,65.15257628814408,114.3871935967984,358.8944472236118,293.7418709354677
0210063AR,4,58.489244622311155,112.16608304152075,370.0,311.51075537768884
0210069AR,4,64.04202101050525,105.50275137568784,351.4907453726863,287.44872436218105
0210085AR,4,69.03951975987994,171.95097548774385,327.79889944972484,258.7593796898449
0210096AR,4,72.3711855927964,222.48124062031013,328.35417708854425,255.98299149574785
0210211AR,4,64.59729864932466,130.120060030015,338.7193596798399,274.1220610305152
0210303AR,4,54.602301150575286,98.46923461730866,370.0,315.3976988494247
0210306AR,4,64.7823911955978,123.45672836418208,335.9429714857429,271.16058029014505
0210396AR,4,65.70785392696347,110.3151575787894,328.35417708854425,262.64632316158077
0210423AR,4,57.93396698349174,128.6393196598299,370.0,312.06603301650824
0210473AR,4,70.33516758379189,116.79339669834917,325.0225112556278,254.68734367183595
0210486AR,4,56.453226613306654,212.85642821410704,334.83241620810406,278.3791895947974
0210517AR,4,72.74137068534267,348.52926463231614,370.0,297.25862931465736
0210525AR,4,42.016008004001996,150.2951475737869,319.4697348674337,277.4537268634317
0210578AR,4,61.2656328164082,106.42821410705352,362.0410205102551,300.77538769384694
0210607AR,4,70.8904452226113,121.42071035517758,320.39519759879937,249.50475237618807
0210636AR,4,66.63331665832916,123.45672836418208,328.90945472736365,262.27613806903446
0210654AR,4,64.7823911955978,117.34867433716857,370.0,305.2176088044022
0210680AR,4,55.52776388194096,127.15857928964482,346.30815407703847,290.7803901950975
0210770AR,4,66.81840920460229,129.37968984492244,370.0,303.1815907953977
0210774AR,4,55.52776388194096,237.4737368684342,332.79639819909954,277.26863431715856
0210782AR,4,54.23211605802901,111.79589794897448,332.2411205602801,278.00900450225106
0210807AR,4,68.48424212106053,125.67783891945973,320.9504752376188,252.46623311655824
0210831AR,4,64.7823911955978,127.52876438219108,370.0,305.2176088044022
0210925AR,4,43.866933466733364,120.31015507753875,367.03851925962977,323.1715857928964
0210927AR,4,64.7823911955978,127.89894947473735,305.2176088044022,240.43521760880438
0210961AR,4,88.84442221110554,303.18159079539765,370.0,281.15557778889445
0210993AR,4,50.90045022511255,126.6033016508254,370.0,319.09954977488746
0211123AR,4,67.37368684342171,118.08904452226112,370.0,302.6263131565783
0211139AR,4,68.11405702851425,115.49774887443722,358.8944472236118,290.78039019509754
0211149AR,4,63.11655827913957,137.33866933466732,340.200100050025,277.08354177088546
0211225AR,4,49.41970985492746,144.18709354677338,370.0,320.5802901450725
0211242AR,4,61.82091045522761,124.56728364182091,362.0410205102551,300.22011005502753
0211261AR,4,70.52026013006503,117.71885942971484,312.2511255627814,241.73086543271637
0211276AR,4,69.4097048524262,101.43071535767884,315.5827913956978,246.1730865432716
0211333AR,4,63.67183591795897,115.49774887443722,345.3826913456728,281.71085542771385
0211343AR,4,69.59479739869934,121.975987993997,321.13556778389193,251.5407703851926
0211474AR,4,64.7823911955978,116.4232116058029,370.0,305.2176088044022
0211591AR,4,67.00350175087543,107.53876938469234,343.53176588294144,276.528264132066
0211613AR,4,68.8544272136068,117.16358179089544,317.24862431215604,248.39419709854923
0211814AR,4,69.77988994497248,124.93746873436717,320.5802901450725,250.80040020010006
0211821AR,4,68.11405702851425,125.67783891945973,329.0945472736368,260.98049024512255
0211841AR,4,69.03951975987994,130.6753376688344,335.57278639319657,266.53326663331666
0211903AR,4,68.48424212106053,122.5312656328164,356.6733366683341,288.1890945472736
0211937AR,4,56.083041520760375,159.36468234117058,357.0435217608804,300.96048024012003
0211955AR,4,54.23211605802901,98.2841420710355,370.0,315.767883941971
0211964AR,4,58.119059529764876,91.99099549774887,370.0,311.88094047023515
0211996AR,4,59.41470735367683,190.46023011505753,324.2821410705352,264.8674337168584
0213234AR,4,69.96498249124562,114.57228614307152,333.35167583791895,263.3866933466733
0224128AR,1,66.81840920460229,100.87543771885942,282.0810405202601,215.2626313156578
0224137AR,1,43.49674837418709,121.42071035517758,301.7008504252126,258.20410205102553
0224163AR,1,35.537768884442215,150.2951475737869,285.96798399199594,250.43021510755372
0224167AR,1,77.9239619809905,116.97848924462231,370.0,292.0760380190095
0224184AR,1,53.49174587293646,145.2976488244122,299.8499249624812,246.35817908954476
0224193AR,1,59.2296148074037,138.44922461230615,362.9664832416208,303.73686843421706
0224198AR,1,71.26063031515757,125.86293146573286,315.39769884942467,244.1370685342671
0224211AR,1,71.44572286143071,104.20710355177589,370.0,298.5542771385693
0224260AR,1,35.907953976988495,164.5472736368184,287.6338169084542,251.7258629314657
0224264AR,1,34.79739869934967,224.8874437218609,279.1195597798899,244.32216108054024
0224281AR,1,40.90545272636318,135.30265132566282,363.15157578789393,322.24612306153074
0224300AR,1,79.21960980490245,111.42571285642819,370.0,290.78039019509754
0224309AR,1,48.67933966983492,95.50775387693847,370.0,321.3206603301651
0224315AR,1,49.23461730865433,139.18959479739868,294.8524262131065,245.6178089044522
0224320AR,1,72.55627813906953,112.35117558779389,370.0,297.44372186093045
0224340AR,1,63.85692846423211,114.0170085042521,300.40520260130063,236.54827413706852
0224342AR,1,46.27313656828414,123.82691345672835,312.9914957478739,266.71835917958975
0224387AR,1,68.66933466733366,102.91145572786392,280.600300150075,211.93096548274133
0224401AR,1,62.006003001500744,130.86043021510756,301.1455727863932,239.13956978489244
0226500AR,4,54.417208604302154,116.60830415207602,354.08204102051025,299.66483241620807
0226505AR,4,69.4097048524262,102.91145572786392,348.52926463231614,279.1195597798899
0226506AR,4,69.96498249124562,98.46923461730866,370.0,300.0350175087544
0226524AR,4,53.49174587293646,124.01200600300149,339.45972986493246,285.967983991996
0226531AR,4,49.97498749374687,86.0680340170085,330.57528764382187,280.600300150075
0226543AR,4,45.902951475737865,71.63081540770385,332.2411205602801,286.3381690845422
0226553AR,4,62.74637318659329,141.22561280640318,352.7863931965983,290.040020010005
0226561AR,4,59.599799899949964,86.0680340170085,274.8624312156078,215.2626313156578
0226563AR,4,4.442221110555277,185.8329164582291,252.46623311655827,248.024012006003
0226572AR,4,58.85942971485742,104.39219609804901,370.0,311.1405702851426
0226575AR,4,69.22461230615308,197.49374687343672,328.5392696348174,259.31465732866434
0226576AR,4,55.712856428214096,110.13006503251626,361.85592796398197,306.1430715357679
0226580AR,4,46.643321660830416,92.91645822911455,310.5852926463231,263.94197098549273
0226592AR,4,42.75637818909454,114.3871935967984,317.80390195097544,275.0475237618809
0226600AR,4,52.196098049024506,112.35117558779389,342.7913956978489,290.5952976488244
0226603AR,4,71.44572286143071,120.12506253126561,338.90445222611305,267.4587293646823
0226607AR,4,49.41970985492746,108.27913956978489,339.45972986493246,290.040020010005
0226637AR,4,67.37368684342171,98.83941970985492,363.8919459729865,296.5182591295648
0226641AR,4,71.26063031515757,109.01950975487743,350.75037518759376,279.4897448724362
0226646AR,4,61.45072536268133,172.50625312656325,321.50575287643824,260.0550275137569
0226649AR,4,56.63831915957979,86.0680340170085,321.87593796898443,265.23761880940464
0226650AR,4,69.4097048524262,96.61830915457728,261.3506753376688,191.9409704852426
0226651AR,4,41.645822911455724,182.68634317158578,328.1690845422711,286.52326163081534
0226654AR,4,52.566283141570786,83.47673836918459,300.96048024012003,248.39419709854926
0226665AR,4,42.94147073536768,111.61080540270135,270.05002501250624,227.10855427713855
0226678AR,4,60.89544772386192,127.34367183591795,296.3331665832916,235.43771885942965
0226679AR,4,54.047023511755874,80.88544272136068,309.4747373686843,255.42771385692845
0226680AR,4,47.38369184592296,129.1945972986493,332.98149074537264,285.5977988994497
0226685AR,4,69.77988994497248,119.19959979989993,337.60880440220103,267.82891445722856
0226686AR,4,63.85692846423211,113.46173086543271,342.97648824412204,279.1195597798899
0226688AR,4,51.0855427713857,76.9984992496248,296.5182591295648,245.4327163581791
0226690AR,4,47.19859929964982,80.14507253626813,338.53426713356674,291.33566783391694
0226703AR,4,61.82091045522761,191.57078539269637,323.72686343171586,261.90595297648827
0226717AR,4,62.74637318659329,99.39469734867433,326.3181590795397,263.5717858929464
0226718AR,4,69.77988994497248,211.00550275137567,370.0,300.22011005502753
0226721AR,4,42.57128564282141,81.9959979989995,276.3431715857929,233.7718859429715
0226730AR,4,24.802401200600297,94.02701350675336,370.0,345.1975987993997
0226732AR,4,47.93896948474237,81.25562781390695,317.4337168584292,269.49474737368683
0226737AR,4,17.953976988494247,143.63181590795398,278.7493746873437,260.79539769884946
0226738AR,4,67.18859429714857,102.54127063531766,342.97648824412204,275.78789394697344
0226743AR,4,45.71785892946473,177.13356678339167,331.3156578289144,285.5977988994497
0226744AR,4,49.604802401200594,106.42821410705352,335.9429714857429,286.3381690845423
0226745AR,4,56.453226613306654,119.19959979989993,327.79889944972484,271.3456728364182
0226750AR,4,76.81340670335167,355.19259629814906,370.0,293.1865932966483
0226757AR,4,43.31165582791395,81.44072036018008,275.7878939469735,232.47623811905953
0226762AR,4,52.011005502751374,78.4792396198099,280.23011505752874,228.21910955477736
0226774AR,4,59.969984992496244,92.17608804402201,342.2361180590295,282.26613306653326
0226778AR,4,54.602301150575286,172.87643821910956,332.4262131065533,277.823911955978
0226781AR,4,44.23711855927964,67.37368684342171,281.71085542771385,237.47373686843423
0226785AR,4,56.083041520760375,80.88544272136068,313.3616808404202,257.2786393196598
0226786AR,4,39.05452726363181,96.06303151575786,322.06103051525764,283.0065032516258
0226798AR,4,49.78989494747374,85.14257128564282,286.70835417708855,236.91845922961483
0226800AR,4,45.16258129064532,109.75987993996998,365.0025012506253,319.83991995997997
0226802AR,4,67.74387193596799,92.36118059029513,370.0,302.256128064032
0226807AR,4,43.866933466733364,112.35117558779389,366.48324162081036,322.616308154077
0226814AR,4,49.604802401200594,89.39969984992496,330.39019509754877,280.7853926963482
0226817AR,4,62.191095547773884,129.37968984492244,334.46223111555776,272.27113556778386
0226833AR,4,49.604802401200594,73.48174087043522,341.6808404202101,292.0760380190095
0226835AR,4,45.34767383691845,75.33266633316659,319.28464232116056,273.93696848424213
0226836AR,4,56.82341170585292,80.14507253626813,315.767883941971,258.94447223611803
0226838AR,4,47.75387693846923,73.85192596298148,312.62131065532765,264.8674337168584
0226839AR,4,67.55877938969483,150.11005502751374,324.8374187093546,257.27863931965976
0226841AR,4,58.489244622311155,124.75237618809403,337.42371185592793,278.9344672336168
0226846AR,4,68.29914957478738,125.30765382691344,370.0,301.7008504252126
0226852AR,4,52.38119059529764,76.9984992496248,300.7753876938469,248.39419709854923
0226861AR,4,66.63331665832916,128.0840420210105,332.056028014007,265.42271135567785
0226864AR,4,40.72036018009004,105.50275137568784,370.0,329.27963981990996
0226866AR,4,64.41220610305153,123.64182091045522,366.6683341670835,302.256128064032
0226877AR,4,67.92896448224111,140.11505752876437,329.83491745872936,261.90595297648827
0226891AR,4,65.89294647323662,92.54627313656827,312.06603301650824,246.1730865432716
0226910AR,4,27.57878939469735,157.32866433216608,337.0535267633817,309.4747373686843
0226912AR,4,59.78489244622311,162.69634817408703,370.0,310.2151075537769
0226917AR,4,65.3376688344172,195.08754377188595,326.68834417208603,261.3506753376688
0226918AR,4,68.29914957478738,196.0130065032516,325.0225112556278,256.7233616808404
0226922AR,4,57.1935967983992,93.28664332166083,370.0,312.8064032016008
0226928AR,4,64.59729864932466,100.69034517258628,369.6298149074537,305.032516258129
0226930AR,4,62.93146573286643,193.60680340170083,325.9479739869935,263.0165082541271
0226932AR,4,66.63331665832916,114.9424712356178,364.4472236118059,297.8139069534767
0226941AR,4,54.23211605802901,78.10905452726362,370.0,315.767883941971
0226949AR,4,67.74387193596799,97.17358679339668,253.02151075537768,185.27763881940967
0226951AR,4,71.44572286143071,120.4952476238119,322.61630815407705,251.17058529264634
0226952AR,4,30.170085042521258,127.89894947473735,297.44372186093045,267.2736368184092
0226978AR,4,68.48424212106053,126.048024012006,322.06103051525764,253.5767883941971
0226986AR,4,68.11405702851425,97.91395697848924,320.0250125062531,251.91095547773887
0226999AR,4,68.48424212106053,105.13256628314157,341.4957478739369,273.01150575287636
0227007AR,4,42.20110055027513,87.91895947973987,333.90695347673835,291.7058529264632
0227015AR,4,68.66933466733366,129.74987493746872,338.34917458729365,269.67983991996
0227021AR,4,63.85692846423211,126.23311655827914,320.9504752376188,257.09354677338666
0227025AR,4,63.67183591795897,91.43571785892946,314.84242121060527,251.1705852926463
0227026AR,4,47.19859929964982,82.18109054527262,298.55427713856926,251.35567783891943
0227028AR,4,65.15257628814408,94.02701350675336,322.80140070035014,257.64882441220607
0227030AR,4,47.38369184592296,76.9984992496248,325.39269634817407,278.0090045022511
0227054AR,4,66.07803901950975,94.39719859929964,325.0225112556278,258.9444722361181
0227055AR,4,62.74637318659329,219.70485242621308,323.72686343171586,260.98049024512255
0227059AR,4,52.38119059529764,75.70285142571285,305.032516258129,252.65132566283137
0227070AR,4,65.15257628814408,94.58229114557277,370.0,304.8474237118559
0227073AR,4,50.71535767883942,167.87893946973486,332.98149074537264,282.2661330665332
0227077AR,4,46.82841420710355,159.54977488744373,331.3156578289144,284.4872436218109
0227080AR,4,64.7823911955978,103.83691845922961,287.6338169084542,222.8514257128564
0227081AR,4,63.67183591795897,193.4217108554277,323.91195597798895,260.24012006003
0227099AR,4,60.525262631315655,81.44072036018008,278.0090045022511,217.48374187093546
0227104AR,4,38.4992496248124,100.32016008004001,262.46123061530767,223.96198099049528
0227105AR,4,67.18859429714857,92.73136568284141,370.0,302.8114057028514
0227118AR,4,53.30665332666333,86.6233116558279,301.88594297148575,248.5792896448224
0227120AR,4,64.41220610305153,141.04052026013005,308.3641820910455,243.951975987994
0227125AR,4,69.77988994497248,197.86393196598297,327.6138069034517,257.8339169584792
0227132AR,4,68.66933466733366,159.73486743371686,329.6498249124562,260.98049024512255
0227141AR,4,44.60730365182591,66.81840920460229,266.71835917958975,222.11105552776385
0227145AR,4,36.83341670835417,119.93996998499249,245.43271635817905,208.59929964982487
0227152AR,4,63.3016508254127,326.87343671835913,370.0,306.6983491745873
0227161AR,4,41.645822911455724,137.89394697348675,357.0435217608804,315.3976988494247
0227164AR,4,42.75637818909454,69.59479739869934,323.17158579289645,280.4152076038019
0227173AR,4,64.22711355677838,105.68784392196098,340.200100050025,275.97298649324665
0227174AR,4,68.48424212106053,117.16358179089544,329.2796398199099,260.79539769884934
0227193AR,4,65.89294647323662,93.10155077538768,342.6063031515758,276.71335667833915
0227199AR,4,69.22461230615308,149.36968484242118,367.7788894447224,298.5542771385693
0227200AR,4,53.676838419209595,144.18709354677338,327.79889944972484,274.1220610305152
0227204AR,4,44.23711855927964,74.77738869434717,352.0460230115057,307.8089044522261
0227209AR,4,48.124062031015505,151.22061030515258,333.7218609304652,285.5977988994497
0227216AR,4,65.89294647323662,114.57228614307152,324.4672336168084,258.5742871435718
0227222AR,4,62.191095547773884,136.7833916958479,370.0,307.8089044522261
0227240AR,4,47.01350675337668,89.76988494247124,311.5107553776888,264.4972486243121
0227251AR,4,69.22461230615308,132.1560780390195,330.57528764382187,261.3506753376688
0227252AR,4,57.37868934467233,82.5512756378189,266.3481740870435,208.96948474237118
0227256AR,4,67.55877938969483,195.82791395697848,327.79889944972484,260.24012006003
0227264AR,4,50.160080040020006,110.50025012506252,357.2286143071535,307.0685342671335
0227266AR,4,54.047023511755874,78.29414707353676,370.0,315.95297648824413
0227268AR,4,50.530265132566285,90.88044022011005,349.08454227113555,298.55427713856926
0227277AR,4,34.61230615307654,93.47173586793397,273.1965982991495,238.58429214607298
0227278AR,4,45.902951475737865,72.55627813906953,360.3751875937969,314.4722361180591
0227280AR,4,53.86193096548274,77.73886943471734,354.63731865932965,300.77538769384694
0227302AR,4,51.45572786393196,95.69284642321159,303.3666833416708,251.91095547773884
0227315AR,4,65.89294647323662,93.47173586793397,345.1975987993997,279.3046523261631
0227321AR,4,44.79239619809905,71.26063031515757,322.61630815407705,277.823911955978
0227335AR,4,65.70785392696347,95.87793896948475,319.28464232116056,253.57678839419708
0227338AR,4,67.00350175087543,93.84192096048024,312.8064032016008,245.80290145072536
0227340AR,4,65.52276138069034,127.71385692846422,327.0585292646323,261.53576788394196
0227345AR,4,72.3711855927964,106.05802901450724,331.6858429214607,259.3146573286643
0227351AR,4,59.969984992496244,149.9249624812406,333.90695347673835,273.93696848424213
0227354AR,4,62.561280640320156,191.9409704852426,324.8374187093546,262.27613806903446
0227368AR,4,44.97748874437218,91.06553276638319,302.256128064032,257.2786393196598
0227372AR,4,64.7823911955978,96.24812406203101,315.5827913956978,250.80040020010003
0227377AR,4,68.11405702851425,111.79589794897448,347.97398699349674,279.8599299649825
0227380AR,4,64.22711355677838,92.36118059029513,321.69084542271133,257.46373186593297
0227383AR,4,69.4097048524262,96.80340170085042,366.48324162081036,297.07353676838414
0227388AR,4,47.93896948474237,82.18109054527262,348.344172086043,300.40520260130063
0227403AR,4,43.866933466733364,76.4432216108054,297.2586293146573,253.39169584792393
0227416AR,4,67.00350175087543,117.53376688344173,359.6348174087043,292.63131565782885
0227420AR,4,65.52276138069034,117.16358179089544,370.0,304.4772386193097
0227432AR,4,55.89794897448724,81.25562781390695,315.767883941971,259.86993496748374
0227435AR,4,46.45822911455728,174.7273636818409,229.51475737868932,183.05652826413206
0227439AR,4,38.86943471735867,160.29014507253626,266.71835917958975,227.84892446223108
0227454AR,4,46.643321660830416,79.03451725862931,276.15807903951975,229.51475737868932
0227456AR,4,53.86193096548274,194.9024512256128,341.3106553276638,287.4487243621811
0227459AR,4,67.92896448224111,169.17458729364682,326.68834417208603,258.75937968984493
0227460AR,4,50.530265132566285,89.39969984992496,342.6063031515758,292.0760380190095
0227467AR,4,72.18609304652325,103.46673336668333,353.71185592796394,281.5257628814407
0227471AR,4,69.59479739869934,123.45672836418208,348.344172086043,278.7493746873437
0227475AR,4,44.0520260130065,80.33016508254126,324.2821410705352,280.2301150575287
0227480AR,4,50.71535767883942,95.50775387693847,340.7553776888444,290.040020010005
0227489AR,4,69.4097048524262,105.8729364682341,313.3616808404202,243.951975987994
0227491AR,4,64.41220610305153,157.69884942471234,327.79889944972484,263.3866933466733
0227495AR,4,49.78989494747374,121.60580290145073,334.46223111555776,284.67233616808403
0227507AR,4,68.8544272136068,96.43321660830415,370.0,301.1455727863932
0227511AR,4,63.48674337168584,121.60580290145073,300.2201100550275,236.73336668334164
0227512AR,4,51.82591295647824,83.47673836918459,278.0090045022511,226.18309154577287
0227519AR,4,69.22461230615308,189.16458229114554,330.02001000500246,260.7953976988494
0227521AR,4,51.82591295647824,160.84542271135567,310.5852926463231,258.7593796898449
0227523AR,4,70.33516758379189,124.01200600300149,329.2796398199099,258.94447223611803
0227526AR,4,64.96748374187092,140.11505752876437,323.5417708854427,258.5742871435718
0227538AR,4,52.196098049024506,89.21460730365182,315.767883941971,263.5717858929465
0227540AR,4,67.00350175087543,155.4777388694347,330.9454727363682,263.94197098549273
0227541AR,4,59.78489244622311,108.64932466233115,370.0,310.2151075537769
0227547AR,4,64.04202101050525,91.99099549774887,323.17158579289645,259.1295647823912
0227549AR,4,53.676838419209595,180.65032516258128,332.79639819909954,279.1195597798899
0227557AR,4,69.22461230615308,197.67883941970985,328.7243621810905,259.49974987493744
0227559AR,4,48.30915457728864,76.81340670335167,357.0435217608804,308.73436718359176
0227562AR,4,64.96748374187092,94.95247623811906,320.5802901450725,255.6128064032016
0227577AR,4,71.07553776888443,100.87543771885942,330.2051025512756,259.1295647823912
0227581AR,4,65.70785392696347,99.94997498749375,303.55177588794396,237.84392196098048
0227582AR,4,52.93646823411705,77.9239619809905,337.42371185592793,284.4872436218109
0227586AR,4,69.22461230615308,96.43321660830415,370.0,300.77538769384694
0227591AR,4,44.0520260130065,80.14507253626813,284.4872436218109,240.43521760880438
0227597AR,4,54.78739369684842,83.84692346173087,307.8089044522261,253.02151075537768
0227603AR,4,45.16258129064532,81.81090545272636,337.23861930965484,292.0760380190095
0227604AR,4,67.55877938969483,120.31015507753875,341.6808404202101,274.1220610305152
0227606AR,4,66.63331665832916,102.54127063531766,339.08954477238615,272.456228114057
0227616AR,4,68.8544272136068,133.08154077038517,345.1975987993997,276.3431715857929
0227622AR,4,50.160080040020006,92.17608804402201,282.45122561280635,232.29114557278635
0227629AR,4,56.63831915957979,91.99099549774887,301.51575787893944,244.87743871935965
0227635AR,4,44.60730365182591,87.36368184092045,370.0,325.39269634817407
0227640AR,4,66.44822411205602,93.10155077538768,370.0,303.55177588794396
0227650AR,4,55.1575787893947,108.64932466233115,370.0,314.8424212106053
0227671AR,4,70.52026013006503,105.50275137568784,326.5032516258129,255.98299149574785
0227680AR,4,70.8904452226113,199.34467233616806,327.24362181090544,256.3531765882941
0227692AR,4,65.70785392696347,96.43321660830415,307.4387193596798,241.7308654327163
0227694AR,4,54.97248624312155,187.49874937468732,369.6298149074537,314.6573286643321
0227702AR,4,68.11405702851425,96.61830915457728,344.272136068034,276.15807903951975
0227705AR,4,49.04952476238118,74.9624812406203,370.0,320.95047523761883
0227711AR,4,26.468234117058525,193.05152576288143,259.1295647823912,232.66133066533266
0227714AR,4,46.27313656828414,87.54877438719359,370.0,323.72686343171586
0227715AR,4,47.19859929964982,84.03201600800399,308.17908954477235,260.98049024512255
0227716AR,4,69.22461230615308,96.98849424712355,298.92446223111557,229.6998499249625
0227735AR,4,68.8544272136068,146.22311155577788,333.53676838419204,264.68234117058523
0227737AR,4,55.1575787893947,135.85792896448223,327.6138069034517,272.456228114057
0227751AR,4,55.89794897448724,144.18709354677338,370.0,314.10205102551276
0227754AR,4,42.38619309654827,89.02951475737868,270.60530265132564,228.2191095547774
0227755AR,4,68.29914957478738,99.94997498749375,370.0,301.7008504252126
0227762AR,4,43.866933466733364,110.13006503251626,370.0,326.13306653326663
0227766AR,4,56.26813406703351,113.83191595797899,346.4932466233116,290.22511255627813
0227792AR,4,63.67183591795897,103.46673336668333,370.0,306.32816408204104
0227794AR,4,0.0,180.46523261630816,252.096048024012,252.096048024012
0227802AR,4,69.22461230615308,99.57978989494748,343.7168584292146,274.49224612306153
0227811AR,4,3.146573286643321,208.41420710355177,303.18159079539765,300.0350175087543
0227816AR,4,70.8904452226113,99.94997498749375,334.83241620810406,263.94197098549273
0227819AR,4,47.01350675337668,76.25812906453226,370.0,322.9864932466233
0227835AR,4,56.083041520760375,83.10655327663832,285.0425212606303,228.9594797398699
0227845AR,4,64.59729864932466,128.82441220610306,330.760380190095,266.16308154077035
0227850AR,4,67.74387193596799,104.76238119059528,288.37418709354677,220.63031515757876
0227854AR,4,53.676838419209595,79.40470235117559,337.60880440220103,283.9319659829914
0227855AR,4,45.53276638319159,83.47673836918459,316.5082541270635,270.9754877438719
0227859AR,4,53.30665332666333,91.99099549774887,302.62631315657825,249.3196598299149
0227870AR,4,69.22461230615308,98.83941970985492,354.4522261130565,285.22761380690343
0227877AR,4,46.643321660830416,129.1945972986493,370.0,323.3566783391696
0227881AR,4,57.563781890945464,122.16108054027013,351.4907453726863,293.92696348174087
0227886AR,4,43.681840920460225,90.1400700350175,316.5082541270635,272.82641320660326
0227890AR,4,57.74887443721861,109.75987993996998,256.168084042021,198.4192096048024
0227895AR,4,64.96748374187092,111.98099049524761,324.6523261630815,259.6848424212106
0227908AR,4,70.52026013006503,198.78939469734865,328.5392696348174,258.0190095047524
0227917AR,4,50.90045022511255,88.84442221110554,344.8274137068534,293.92696348174087
0227918AR,4,55.712856428214096,82.5512756378189,340.57028514257127,284.8574287143572
0227922AR,4,64.59729864932466,98.46923461730866,302.8114057028514,238.21410705352673
0227929AR,4,36.83341670835417,116.79339669834917,260.6103051525763,223.77688844422212
0227932AR,4,71.26063031515757,94.2121060530265,370.0,298.7393696848424
0227933AR,4,66.44822411205602,106.42821410705352,363.3366683341671,296.88844422211105
0227947AR,4,67.74387193596799,97.35867933966983,266.3481740870435,198.6043021510755
0227950AR,4,59.2296148074037,138.8194097048524,365.74287143571786,306.51325662831414
0227957AR,4,64.7823911955978,156.58829414707353,344.272136068034,279.4897448724362
0227959AR,4,39.424712356178084,116.23811905952975,369.6298149074537,330.2051025512756
0227963AR,4,54.047023511755874,82.18109054527262,330.9454727363682,276.8984492246123
0227965AR,4,69.22461230615308,102.1710855427714,370.0,300.77538769384694
0227973AR,4,67.55877938969483,202.86143071535767,327.4287143571786,259.86993496748374
0228006AR,4,48.49424712356178,91.62081040520259,328.5392696348174,280.04502251125564
0228011AR,4,45.902951475737865,88.104052026013,334.2771385692846,288.37418709354677
0228017AR,4,48.67933966983492,94.39719859929964,370.0,321.3206603301651
0228024AR,4,70.52026013006503,198.23411705852925,326.5032516258129,255.98299149574785
0228030AR,4,66.63331665832916,111.24062031015507,343.9019509754877,277.26863431715856
0228041AR,4,48.124062031015505,72.74137068534267,337.79389694847424,289.66983491745873
0228047AR,4,47.56878439219609,104.02201100550275,330.9454727363682,283.37668834417207
0228049AR,4,57.1935967983992,103.83691845922961,348.52926463231614,291.33566783391694
0228054AR,4,66.81840920460229,130.30515257628815,365.74287143571786,298.92446223111557
0228058AR,4,61.63581790895447,97.54377188594297,370.0,308.3641820910455
0228059AR,4,55.52776388194096,78.84942471235617,370.0,314.472236118059
0228064AR,4,65.89294647323662,99.39469734867433,328.35417708854425,262.4612306153076
0228067AR,4,42.57128564282141,79.40470235117559,314.28714357178586,271.71585792896445
0228069AR,4,55.89794897448724,81.25562781390695,340.01500750375186,284.1170585292646
0228071AR,4,70.33516758379189,165.28764382191093,333.90695347673835,263.5717858929465
0228073AR,4,66.81840920460229,92.54627313656827,352.60130065032513,285.78289144572284
0228075AR,4,58.85942971485742,84.58729364682341,303.18159079539765,244.32216108054024
0228076AR,4,49.78989494747374,218.03901950975487,370.0,320.2101050525263
0228085AR,4,71.07553776888443,118.08904452226112,340.200100050025,269.1245622811406
0228086AR,4,50.160080040020006,79.40470235117559,294.8524262131065,244.69234617308652
0228089AR,4,56.453226613306654,114.0170085042521,345.0125062531265,288.55927963981986
0228090AR,4,59.969984992496244,103.09654827413706,259.3146573286643,199.34467233616803
0228093AR,4,52.196098049024506,81.62581290645322,344.4572286143071,292.2611305652826
0228101AR,4,59.78489244622311,85.14257128564282,358.3391695847924,298.55427713856926
0228102AR,4,67.74387193596799,95.50775387693847,331.3156578289144,263.5717858929464
0228110AR,4,67.74387193596799,110.13006503251626,329.83491745872936,262.09104552276136
0228118AR,4,59.41470735367683,143.07653826913457,370.0,310.5852926463232
0228122AR,4,64.7823911955978,92.91645822911455,317.24862431215604,252.46623311655824
0228129AR,4,68.11405702851425,95.87793896948475,254.13206603301649,186.01800900450223
0228132AR,4,64.96748374187092,96.80340170085042,324.4672336168084,259.4997498749375
0228139AR,4,47.01350675337668,82.18109054527262,285.78289144572284,238.76938469234616
0228145AR,4,52.93646823411705,125.30765382691344,361.6708354177088,308.73436718359176
0228169AR,4,64.22711355677838,157.8839419709855,321.320660330165,257.09354677338666
0228170AR,4,67.18859429714857,187.68384192096048,312.62131065532765,245.43271635817908
0228171AR,4,66.26313156578288,109.20460230115057,370.0,303.7368684342171
0228207AR,4,60.89544772386192,98.09904952476236,336.4982491245623,275.60280140070034
0228241AR,4,52.196098049024506,89.02951475737868,346.30815407703847,294.11205602801397
0228246AR,4,54.417208604302154,172.32116058029015,335.01750875437716,280.600300150075
0228248AR,4,42.75637818909454,70.52026013006503,292.44622311155575,249.68984492246122
0228251AR,4,65.70785392696347,134.00700350175086,345.9379689844922,280.23011505752874
0228273AR,4,67.18859429714857,131.6008004002001,335.57278639319657,268.38419209604797
0228276AR,4,67.18859429714857,153.9969984992496,320.5802901450725,253.39169584792396
0228279AR,4,65.89294647323662,94.02701350675336,302.44122061030515,236.54827413706852
0228285AR,4,47.19859929964982,90.1400700350175,329.46473236618306,282.26613306653326
0228288AR,4,64.41220610305153,129.1945972986493,326.5032516258129,262.09104552276136
0228289AR,4,37.758879439719855,168.24912456228114,296.1480740370185,258.3891945972986
0228296AR,4,73.85192596298148,132.71135567783892,330.57528764382187,256.7233616808404
0228298AR,4,63.48674337168584,101.24562281140568,370.0,306.51325662831414
0228301AR,4,65.15257628814408,91.25062531265633,308.3641820910455,243.21160580290143
0228302AR,4,63.67183591795897,141.04052026013005,323.72686343171586,260.0550275137569
0228306AR,4,47.38369184592296,188.424212106053,332.6113056528264,285.22761380690343
0228316AR,4,47.38369184592296,92.36118059029513,370.0,322.61630815407705
0228335AR,4,70.33516758379189,95.87793896948475,370.0,299.6648324162081
0228342AR,4,66.44822411205602,157.14357178589293,322.80140070035014,256.3531765882941
0228343AR,4,65.89294647323662,167.87893946973486,321.50575287643824,255.6128064032016
0228349AR,4,41.460730365182584,102.3561780890445,255.05752876438217,213.5967983991996
0228358AR,4,44.97748874437218,137.33866933466732,334.09204602301145,289.11455727863927
0228364AR,4,55.712856428214096,130.30515257628815,295.9629814907454,240.2501250625313
0228365AR,4,65.52276138069034,104.94747373686842,297.0735367683842,231.55077538769388
0228373AR,4,47.38369184592296,84.03201600800399,300.40520260130063,253.02151075537768
0228374AR,4,69.22461230615308,167.32366183091543,334.64732366183085,265.4227113556778
0228378AR,4,72.55627813906953,106.61330665332666,333.35167583791895,260.7953976988494
0228406AR,4,26.653326663331665,130.86043021510756,258.7593796898449,232.10605302651322
0228416AR,4,68.8544272136068,112.53626813406702,340.01500750375186,271.16058029014505
0228423AR,4,59.2296148074037,149.36968484242118,338.90445222611305,279.67483741870933
0228445AR,4,54.23211605802901,100.50525262631315,370.0,315.767883941971
0228446AR,4,44.79239619809905,71.81590795397699,347.4187093546773,302.62631315657825
0228452AR,4,39.23961980990495,176.208104052026,370.0,330.760380190095
0228458AR,4,56.26813406703351,123.82691345672835,370.0,313.7318659329665
0228459AR,4,68.48424212106053,155.847923961981,334.46223111555776,265.9779889944972
0228460AR,4,45.16258129064532,87.54877438719359,328.90945472736365,283.7468734367183
0228477AR,4,68.29914957478738,100.50525262631315,321.50575287643824,253.20660330165086
0228496AR,4,68.8544272136068,151.59079539769883,334.2771385692846,265.4227113556778
0228500AR,4,70.70535267633817,94.39719859929964,370.0,299.2946473236618
0228503AR,4,67.37368684342171,110.8704352176088,366.1130565282641,298.7393696848424
0228510AR,4,68.66933466733366,92.91645822911455,250.98549274637315,182.3161580790395
0228539AR,4,42.94147073536768,146.59329664832416,320.5802901450725,277.63881940970487
0228546AR,4,58.85942971485742,134.00700350175086,370.0,311.1405702851426
0228547AR,4,68.29914957478738,167.50875437718858,335.2026013006503,266.90345172586296
0228550AR,4,62.561280640320156,93.47173586793397,311.8809404702351,249.31965982991494
0228557AR,4,51.0855427713857,77.73886943471734,326.87343671835913,275.78789394697344
0228558AR,4,55.52776388194096,85.14257128564282,321.50575287643824,265.97798899449725
0228569AR,4,46.27313656828414,216.1880940470235,370.0,323.72686343171586
0228578AR,4,54.97248624312155,76.62831415707853,277.6388194097048,222.66633316658326
0228586AR,4,48.30915457728864,100.87543771885942,315.9529764882441,267.64382191095547
0228591AR,4,48.49424712356178,117.34867433716857,326.13306653326663,277.63881940970487
0228595AR,4,70.8904452226113,104.76238119059528,323.17158579289645,252.28114057028515
0228602AR,4,63.67183591795897,106.61330665332666,337.79389694847424,274.1220610305153
0228603AR,4,54.23211605802901,125.86293146573286,370.0,315.767883941971
0228604AR,4,40.72036018009004,113.64682341170584,303.3666833416708,262.64632316158077
0228606AR,4,42.75637818909454,101.8009004502251,274.3071535767884,231.55077538769385
0228611AR,4,69.77988994497248,197.86393196598297,326.87343671835913,257.09354677338666
0228625AR,4,67.92896448224111,100.13506753376689,370.0,302.0710355177589
0228638AR,4,63.11655827913957,151.22061030515258,321.69084542271133,258.5742871435718
0228640AR,4,47.56878439219609,84.21710855427713,283.93196598299147,236.36318159079536
0228644AR,4,45.902951475737865,81.62581290645322,301.88594297148575,255.98299149574788
0228647AR,4,65.15257628814408,106.2431215607804,284.8574287143571,219.70485242621305
0228651AR,4,67.55877938969483,93.6568284142071,370.0,302.44122061030515
0228652AR,4,67.55877938969483,113.83191595797899,348.8994497248624,281.34067033516754
0228662AR,4,64.04202101050525,195.08754377188595,327.24362181090544,263.2016008004002
0228665AR,4,69.77988994497248,124.01200600300149,333.7218609304652,263.94197098549273
0228673AR,4,34.98249124562281,101.06053026513257,340.57028514257127,305.5877938969485
0228694AR,4,25.54277138569285,121.23561780890444,281.34067033516754,255.7978989494747
0228698AR,4,40.35017508754377,106.2431215607804,370.0,329.6498249124562
0228701AR,4,60.340170085042516,189.90495247623812,323.91195597798895,263.5717858929464
0228704AR,4,68.48424212106053,101.98599299649824,300.40520260130063,231.9209604802401
0228705AR,4,59.78489244622311,334.64732366183085,370.0,310.2151075537769
0228713AR,4,66.63331665832916,100.50525262631315,327.0585292646323,260.42521260630315
0228715AR,4,68.66933466733366,199.71485742871437,331.5007503751876,262.8314157078539
0228724AR,4,68.8544272136068,101.8009004502251,328.7243621810905,259.8699349674837
0228739AR,4,71.63081540770385,119.19959979989993,346.86343171585787,275.23261630815404
0228740AR,4,56.63831915957979,80.88544272136068,341.12556278139067,284.4872436218109
0228749AR,4,65.52276138069034,92.17608804402201,325.2076038019009,259.6848424212106
0228755AR,4,39.05452726363181,78.10905452726362,370.0,330.9454727363682
0228762AR,4,54.78739369684842,191.9409704852426,370.0,315.2126063031516
0228766AR,4,44.23711855927964,93.47173586793397,315.5827913956978,271.3456728364182
0228774AR,4,51.82591295647824,78.66433216608304,314.84242121060527,263.016508254127
0228780AR,4,72.00100050025011,101.8009004502251,340.200100050025,268.1990995497749
0228806AR,4,49.604802401200594,78.84942471235617,282.45122561280635,232.84642321160575
0228820AR,4,64.22711355677838,96.98849424712355,352.2311155577789,288.0040020010005
0228827AR,4,42.38619309654827,170.1000500250125,322.06103051525764,279.6748374187094
0228831AR,4,49.97498749374687,93.84192096048024,293.7418709354677,243.76688344172084
0228835AR,4,49.41970985492746,82.18109054527262,351.86093046523257,302.4412206103051
0228858AR,4,47.38369184592296,91.25062531265633,282.82141070535266,235.4377188594297
0228865AR,4,45.902951475737865,106.2431215607804,367.03851925962977,321.13556778389193
0228872AR,4,54.78739369684842,81.25562781390695,289.1145572786393,234.3271635817909
0228877AR,4,59.78489244622311,125.30765382691344,297.99899949974986,238.21410705352673
0228878AR,4,55.34267133566783,82.18109054527262,347.97398699349674,292.6313156578289
0228902AR,4,66.44822411205602,93.47173586793397,370.0,303.55177588794396
0228904AR,4,58.489244622311155,126.97348674337168,364.26213106553274,305.7728864432216
0228911AR,4,52.011005502751374,89.95497748874436,253.2066033016508,201.19559779889943
0228917AR,4,64.7823911955978,141.41070535267633,322.9864932466233,258.20410205102553
0228918AR,4,46.82841420710355,132.52626313156577,370.0,323.17158579289645
0228923AR,4,59.599799899949964,108.09404702351175,341.3106553276638,281.71085542771385
0228936AR,4,67.92896448224111,95.87793896948475,370.0,302.0710355177589
0228942AR,4,45.53276638319159,92.17608804402201,336.3131565782891,290.78039019509754
0228945AR,4,44.79239619809905,85.14257128564282,296.88844422211105,252.096048024012
0228947AR,4,45.34767383691845,123.82691345672835,324.8374187093546,279.4897448724362
0228968AR,4,62.191095547773884,155.29264632316156,370.0,307.8089044522261
0228976AR,4,65.3376688344172,119.56978489244622,366.85342671335667,301.51575787893944
0228979AR,4,55.34267133566783,84.77238619309654,287.26363181590796,231.92096048024013
0228989AR,4,63.48674337168584,193.9769884942471,324.4672336168084,260.98049024512255
0228996AR,4,49.604802401200594,92.17608804402201,337.42371185592793,287.81890945472736
0229008AR,4,64.22711355677838,134.192096048024,317.61880940470235,253.39169584792398
0229010AR,4,46.27313656828414,77.36868434217108,342.7913956978489,296.51825912956474
0229011AR,4,57.1935967983992,80.33016508254126,329.6498249124562,272.456228114057
0229018AR,4,69.59479739869934,157.14357178589293,338.7193596798399,269.1245622811406
0229019AR,4,65.70785392696347,103.65182591295648,370.0,304.2921460730365
0229032AR,4,71.44572286143071,123.08654327163582,318.35917958979485,246.91345672836414
0229035AR,4,53.49174587293646,79.77488744372187,346.12306153076537,292.6313156578289
0229047AR,4,65.15257628814408,96.43321660830415,332.98149074537264,267.82891445722856
0229056AR,4,51.27063531765883,89.95497748874436,340.3851925962981,289.11455727863927
0229062AR,4,44.0520260130065,84.21710855427713,358.15407703851923,314.10205102551276
0229068AR,4,67.74387193596799,175.09754877438718,324.6523261630815,256.9084542271135
0229069AR,4,61.2656328164082,102.91145572786392,258.7593796898449,197.4937468734367
0229070AR,4,49.604802401200594,84.03201600800399,317.80390195097544,268.19909954977487
0229080AR,4,52.75137568784392,132.71135567783892,328.1690845422711,275.4177088544272
0229090AR,4,63.11655827913957,189.53476738369184,323.17158579289645,260.0550275137569
0229093AR,4,67.18859429714857,119.38469234617308,362.4112056028014,295.2226113056528
0229113AR,4,42.016008004001996,78.84942471235617,370.0,327.983991995998
0229118AR,4,46.45822911455728,75.51775887943971,362.4112056028014,315.9529764882441
0229125AR,4,72.18609304652325,101.61580790395197,349.08454227113555,276.8984492246123
0229129AR,4,66.26313156578288,148.44422211105552,324.4672336168084,258.20410205102553
0229146AR,4,63.85692846423211,97.17358679339668,333.90695347673835,270.05002501250624
0229151AR,4,48.49424712356178,93.6568284142071,313.17658829414705,264.6823411705853
0229156AR,4,65.15257628814408,91.43571785892946,315.0275137568784,249.87493746873434
0229158AR,4,68.8544272136068,216.1880940470235,329.6498249124562,260.7953976988494
0229177AR,4,72.74137068534267,121.60580290145073,297.99899949974986,225.25762881440718
0229180AR,4,69.4097048524262,105.3176588294147,370.0,300.5902951475738
0229181AR,4,68.29914957478738,110.8704352176088,354.63731865932965,286.3381690845423
0229185AR,4,69.96498249124562,101.98599299649824,337.23861930965484,267.2736368184092
0229190AR,4,61.2656328164082,84.58729364682341,370.0,308.7343671835918
0229193AR,4,67.00350175087543,117.903951975988,328.7243621810905,261.72086043021505
0229194AR,4,66.44822411205602,120.12506253126561,366.6683341670835,300.2201100550275
0229198AR,4,67.92896448224111,95.87793896948475,323.35667833916955,255.42771385692845
0229203AR,4,67.00350175087543,97.91395697848924,356.85842921460727,289.8549274637318
0229211AR,4,47.75387693846923,84.03201600800399,290.41020510255123,242.656328164082
0229212AR,4,55.1575787893947,128.45422711355675,361.85592796398197,306.6983491745873
0229218AR,4,68.66933466733366,130.86043021510756,345.7528764382191,277.08354177088546
0229220AR,4,41.83091545772886,92.54627313656827,323.5417708854427,281.71085542771385
0229221AR,4,38.68434217108554,129.1945972986493,314.472236118059,275.7878939469735
0229226AR,4,40.72036018009004,181.94597298649325,370.0,329.27963981990996
0229233AR,4,59.2296148074037,88.65932966483241,277.26863431715856,218.03901950975487
0229250AR,4,67.18859429714857,97.35867933966983,350.3801900950475,283.1915957978989
0229252AR,4,67.00350175087543,106.98349174587293,309.8449224612306,242.84142071035518
0229260AR,4,46.088044022011005,72.18609304652325,308.9194597298649,262.8314157078539
0229264AR,4,67.55877938969483,161.77088544272135,365.74287143571786,298.184092046023
0229268AR,4,67.00350175087543,97.17358679339668,311.695847923962,244.69234617308655
0229271AR,4,69.96498249124562,97.35867933966983,315.39769884942467,245.43271635817905
0229276AR,4,27.94897448724362,125.49274637318658,281.34067033516754,253.39169584792393
0229280AR,4,54.97248624312155,110.3151575787894,370.0,315.0275137568784
0229281AR,4,54.602301150575286,118.4592296148074,370.0,315.3976988494247
0229282AR,4,60.89544772386192,86.80840420210104,307.06853426713354,246.1730865432716
0229292AR,4,66.63331665832916,172.87643821910956,328.7243621810905,262.0910455227613
0229295AR,4,66.81840920460229,95.69284642321159,323.72686343171586,256.90845422711357
0229297AR,4,70.70535267633817,103.28164082041019,341.3106553276638,270.60530265132564
0229302AR,4,60.71035517758879,181.2056028014007,362.7813906953476,302.07103551775884
0229320AR,4,48.49424712356178,74.9624812406203,304.4772386193096,255.98299149574785
0229322AR,4,52.011005502751374,94.58229114557277,286.89344672336165,234.88244122061027
0229325AR,4,68.11405702851425,96.43321660830415,362.2261130565282,294.11205602801397
0229331AR,4,53.86193096548274,88.104052026013,312.9914957478739,259.1295647823912
0229338AR,4,59.599799899949964,105.68784392196098,326.68834417208603,267.08854427213606
0229350AR,4,69.77988994497248,196.93846923461732,324.4672336168084,254.68734367183595
0229354AR,4,54.23211605802901,105.13256628314157,301.7008504252126,247.46873436718357
0229359AR,4,69.96498249124562,96.43321660830415,370.0,300.0350175087544
0229361AR,4,44.97748874437218,105.3176588294147,370.0,325.0225112556278
0229363AR,4,9.809904952476238,147.3336668334167,261.9059529764882,252.09604802401196
0229364AR,4,64.59729864932466,105.8729364682341,331.13056528264127,266.5332666333166
0229365AR,4,40.16508254127063,158.9944972486243,363.70685342671334,323.5417708854427
0229366AR,4,54.97248624312155,107.35367683841919,370.0,315.0275137568784
0229377AR,4,49.604802401200594,75.14757378689345,370.0,320.3951975987994
0229384AR,4,67.00350175087543,94.39719859929964,370.0,302.99649824912456
0229389AR,4,62.93146573286643,164.5472736368184,327.24362181090544,264.31215607803904
0229391AR,4,57.00850425212605,119.19959979989993,359.4497248624312,302.44122061030515
0229392AR,4,68.8544272136068,99.20960480240119,304.10705352676337,235.25262631315655
0229397AR,4,69.4097048524262,93.6568284142071,370.0,300.5902951475738
0229398AR,4,69.03951975987994,210.08004002000996,370.0,300.9604802401201
0229399AR,4,63.11655827913957,92.17608804402201,339.2746373186593,276.15807903951975
0229400AR,4,67.74387193596799,94.76738369184592,332.4262131065533,264.6823411705853
0229406AR,4,51.0855427713857,105.50275137568784,248.9494747373687,197.863931965983
0229411AR,4,45.902951475737865,84.95747873936968,311.8809404702351,265.9779889944972
0229422AR,4,66.81840920460229,126.41820910455226,370.0,303.1815907953977
0229436AR,4,69.4097048524262,197.67883941970985,327.4287143571786,258.0190095047524
0229438AR,4,71.44572286143071,118.27413706853426,352.2311155577789,280.78539269634814
0229441AR,4,69.22461230615308,96.06303151575786,368.33416708354173,299.10955477738867
0229443AR,4,67.92896448224111,98.46923461730866,317.61880940470235,249.68984492246125
0229449AR,4,49.78989494747374,86.6233116558279,335.57278639319657,285.78289144572284
0229453AR,4,40.5352676338169,115.86793396698349,270.97548774387195,230.44022011005507
0229463AR,4,59.969984992496244,100.32016008004001,318.17408704352175,258.20410205102553
0229464AR,4,70.52026013006503,108.64932466233115,357.0435217608804,286.5232616308154
0229471AR,4,64.41220610305153,135.30265132566282,323.17158579289645,258.75937968984493
0229491AR,4,69.77988994497248,130.120060030015,334.09204602301145,264.312156078039
0229494AR,4,57.1935967983992,181.57578789394697,330.9454727363682,273.751875937969
0229496AR,4,42.38619309654827,85.88294147073536,327.0585292646323,284.67233616808403
0229501AR,4,64.04202101050525,94.2121060530265,314.84242121060527,250.8004002001
0229508AR,4,54.417208604302154,135.85792896448223,351.4907453726863,297.07353676838414
0229510AR,4,55.1575787893947,82.36618309154576,314.10205102551276,258.9444722361181
0229513AR,4,42.20110055027513,92.54627313656827,288.5592796398199,246.3581790895448
0229514AR,4,67.18859429714857,95.69284642321159,243.951975987994,176.76338169084542
0229515AR,4,59.2296148074037,131.04552276138068,353.3416708354177,294.11205602801397
0229541AR,4,71.26063031515757,114.57228614307152,335.9429714857429,264.6823411705853
0229544AR,4,52.011005502751374,176.76338169084542,332.4262131065533,280.41520760380195
0229545AR,4,40.16508254127063,94.2121060530265,323.72686343171586,283.5617808904452
0229551AR,4,55.34267133566783,80.14507253626813,334.09204602301145,278.7493746873436
0229554AR,4,66.26313156578288,131.04552276138068,329.0945472736368,262.8314157078539
0229555AR,4,70.70535267633817,113.09154577288643,340.01500750375186,269.3096548274137
0229561AR,4,56.453226613306654,203.97198599299648,324.6523261630815,268.19909954977487
0229565AR,4,43.12656328164081,78.84942471235617,315.9529764882441,272.82641320660326
0229572AR,4,45.902951475737865,70.8904452226113,299.8499249624812,253.94697348674336
0229573AR,4,64.22711355677838,93.10155077538768,346.4932466233116,282.26613306653326
0229583AR,4,39.60980490245122,93.10155077538768,267.27363681840916,227.66383191595793
0229586AR,4,52.196098049024506,76.07303651825913,328.1690845422711,275.9729864932466
0229594AR,4,46.82841420710355,139.37468734367184,340.200100050025,293.37168584292147
0229596AR,4,49.604802401200594,97.7288644322161,312.4362181090545,262.8314157078539
0229603AR,4,67.37368684342171,129.1945972986493,325.39269634817407,258.0190095047524
0229609AR,4,42.75637818909454,112.72136068034017,352.97148574287144,310.2151075537769
0229636AR,4,49.41970985492746,84.40220110055026,324.0970485242621,274.67733866933463
0229637AR,4,48.86443221610805,75.51775887943971,279.8599299649825,230.99549774887444
0229643AR,4,71.81590795397699,200.64032016008002,329.83491745872936,258.0190095047524
0229644AR,4,69.4097048524262,95.32266133066533,370.0,300.5902951475738
0229649AR,4,67.00350175087543,154.9224612306153,323.72686343171586,256.7233616808404
0229651AR,4,71.81590795397699,103.09654827413706,332.98149074537264,261.16558279139565
0229653AR,4,0.0,264.49724862431214,289.8549274637318,289.8549274637318
0229656AR,4,67.18859429714857,96.06303151575786,324.8374187093546,257.64882441220607
0229658AR,4,48.124062031015505,76.9984992496248,342.0510255127563,293.9269634817408
0229668AR,4,70.15007503751875,107.35367683841919,340.57028514257127,270.42021010505255
0229674AR,4,49.604802401200594,75.51775887943971,273.1965982991495,223.5917958979489
0229680AR,4,62.93146573286643,94.76738369184592,323.35667833916955,260.42521260630315
0229685AR,4,63.85692846423211,125.67783891945973,343.3466733366683,279.4897448724362
0229687AR,4,48.124062031015505,75.33266633316659,257.6488244122061,209.5247623811906
0229695AR,4,68.11405702851425,145.11255627813907,356.1180590295147,288.00400200100046
0229697AR,4,62.93146573286643,132.89644822411205,324.4672336168084,261.53576788394196
0229701AR,4,47.01350675337668,71.26063031515757,363.70685342671334,316.69334667333663
0229703AR,4,46.82841420710355,132.52626313156577,348.52926463231614,301.7008504252126
0229709AR,4,65.3376688344172,175.09754877438718,305.95797898949473,240.62031015507753
0229712AR,4,69.59479739869934,98.09904952476236,370.0,300.40520260130063
0229720AR,4,46.27313656828414,72.74137068534267,353.3416708354177,307.06853426713354
0229740AR,4,48.124062031015505,106.42821410705352,229.8849424712356,181.7608804402201
0229756AR,4,63.67183591795897,109.01950975487743,344.4572286143071,280.78539269634814
0229760AR,4,67.92896448224111,121.23561780890444,360.0050025012506,292.0760380190095
0229762AR,4,45.902951475737865,83.47673836918459,325.0225112556278,279.11955977989
0229769AR,4,70.70535267633817,130.120060030015,329.6498249124562,258.94447223611803
0229777AR,4,68.66933466733366,104.94747373686842,348.8994497248624,280.23011505752874
0229786AR,4,65.52276138069034,96.98849424712355,308.9194597298649,243.39669834917459
0229789AR,4,64.7823911955978,96.98849424712355,345.9379689844922,281.15557778889445
0229791AR,4,47.75387693846923,73.66683341670834,337.60880440220103,289.85492746373177
0229794AR,4,59.2296148074037,200.4552276138069,370.0,310.7703851925963
0229797AR,4,40.35017508754377,155.29264632316156,295.0375187593797,254.68734367183592
0229799AR,4,50.71535767883942,86.0680340170085,311.3256628314157,260.61030515257625
0229811AR,4,54.97248624312155,130.30515257628815,370.0,315.0275137568784
0229813AR,4,45.902951475737865,77.73886943471734,270.05002501250624,224.14707353676837
0229823AR,4,68.11405702851425,125.30765382691344,296.88844422211105,228.7743871935968
0229837AR,4,69.77988994497248,197.67883941970985,326.68834417208603,256.90845422711357
0231093AR,4,62.93146573286643,114.0170085042521,358.52426213106554,295.5927963981991
0231172AR,4,56.453226613306654,123.08654327163582,284.67233616808403,228.2191095547774
0231256AR,4,70.15007503751875,102.1710855427714,267.64382191095547,197.49374687343672
0231290AR,4,69.59479739869934,141.59579789894948,370.0,300.40520260130063
0231304AR,4,86.25312656328163,139.55977988994496,370.0,283.7468734367184
0231413AR,4,71.26063031515757,129.1945972986493,335.38769384692347,264.1270635317659
0231442AR,4,70.33516758379189,113.09154577288643,267.4587293646823,197.12356178089044
0231450AR,4,68.11405702851425,110.68534267133566,280.0450225112556,211.93096548274133
0231459AR,4,66.07803901950975,103.65182591295648,270.42021010505255,204.34217108554282
0231464AR,4,65.70785392696347,188.79439719859928,334.09204602301145,268.38419209604797
0231646AR,4,69.22461230615308,101.8009004502251,276.3431715857929,207.11855927963984
0231656AR,4,68.48424212106053,104.02201100550275,349.63981990995495,281.15557778889445
0231673AR,4,67.55877938969483,99.39469734867433,358.8944472236118,291.33566783391694
0231790AR,4,67.92896448224111,100.50525262631315,370.0,302.0710355177589
0232024AR,4,69.03951975987994,166.39819909954977,336.6833416708354,267.64382191095547
0232025AR,4,56.63831915957979,108.27913956978489,370.0,313.3616808404202
0232038AR,4,65.89294647323662,150.11005502751374,347.97398699349674,282.0810405202601
0232060AR,4,68.66933466733366,102.3561780890445,283.37668834417207,214.7073536768384
0232075AR,4,59.969984992496244,99.20960480240119,339.2746373186593,279.3046523261631
0232144AR,4,59.78489244622311,103.09654827413706,346.86343171585787,287.07853926963475
0232453AR,4,68.66933466733366,105.68784392196098,272.0860430215107,203.41670835417705
0232488AR,4,71.44572286143071,96.98849424712355,321.13556778389193,249.68984492246122
0232564AR,4,63.85692846423211,108.46423211605801,317.80390195097544,253.94697348674333
0232579AR,4,65.15257628814408,102.91145572786392,261.7208604302151,196.56828414207104
0232686AR,4,66.26313156578288,96.61830915457728,327.0585292646323,260.7953976988494
0232720AR,4,68.8544272136068,101.06053026513257,297.8139069534767,228.9594797398699
0232776AR,4,69.22461230615308,205.45272636318157,331.6858429214607,262.4612306153076
0232795AR,4,68.11405702851425,136.7833916958479,340.7553776888444,272.64132066033017
0232838AR,4,68.29914957478738,110.50025012506252,263.2016008004002,194.9024512256128
0232858AR,4,69.77988994497248,148.99949974987493,334.2771385692846,264.49724862431214
0232911AR,4,57.1935967983992,94.2121060530265,358.52426213106554,301.33066533266634
0232991AR,4,71.63081540770385,120.68034017008503,238.76938469234616,167.1385692846423
0233050AR,4,73.85192596298148,98.46923461730866,370.0,296.14807403701855
0233129AR,4,71.63081540770385,105.13256628314157,322.61630815407705,250.9854927463732
0233178AR,4,68.11405702851425,96.80340170085042,357.59879939969983,289.4847423711856
0233229AR,4,69.03951975987994,100.50525262631315,273.1965982991495,204.15707853926958
0233240AR,4,64.04202101050525,89.21460730365182,370.0,305.95797898949473
0233353AR,4,70.52026013006503,197.30865432716354,335.38769384692347,264.86743371685844
0233390AR,4,73.11155577788894,117.53376688344173,370.0,296.88844422211105
0233517AR,4,65.70785392696347,106.98349174587293,266.3481740870435,200.64032016008002
0233637AR,4,69.22461230615308,136.2281140570285,338.53426713356674,269.3096548274137
0233668AR,4,68.11405702851425,107.16858429214606,273.5667833916958,205.45272636318157
0233696AR,4,73.48174087043522,108.09404702351175,370.0,296.5182591295648
0233818AR,4,71.07553776888443,100.69034517258628,343.9019509754877,272.82641320660326
0233830AR,4,71.63081540770385,121.42071035517758,370.0,298.36918459229616
0234004AR,4,33.871935967983994,164.73236618309153,280.23011505752874,246.35817908954473
0234122AR,4,66.81840920460229,119.75487743871935,370.0,303.1815907953977
0234213AR,4,71.63081540770385,112.16608304152075,350.19509754877436,278.5642821410705
0234218AR,4,62.006003001500744,141.04052026013005,349.4547273636818,287.44872436218105
0234261AR,4,66.81840920460229,109.9449724862431,280.9704852426213,214.152076038019
0234325AR,4,61.2656328164082,121.975987993997,261.3506753376688,200.08504252126062
0234400AR,4,69.96498249124562,99.76488244122059,340.7553776888444,270.7903951975988
0234464AR,4,69.4097048524262,99.39469734867433,283.5617808904452,214.152076038019
0234473AR,4,68.8544272136068,99.02451225612806,370.0,301.1455727863932
0234505AR,4,69.96498249124562,104.39219609804901,265.05252626313154,195.08754377188592
0234512AR,4,71.07553776888443,121.42071035517758,243.02651325662828,171.95097548774385
0234525AR,4,53.676838419209595,103.83691845922961,292.6313156578289,238.95447723861932
0234532AR,4,67.55877938969483,121.05052526263131,363.15157578789393,295.5927963981991
0234596AR,4,74.59229614807403,99.20960480240119,370.0,295.407703851926
0234599AR,4,70.8904452226113,163.80690345172584,338.90445222611305,268.0140070035018
0235625AR,4,64.96748374187092,136.04302151075535,304.66233116558277,239.69484742371185
0235670AR,1,55.1575787893947,108.64932466233115,279.4897448724362,224.33216608304147
0235883AR,4,44.42221110555277,73.48174087043522,312.8064032016008,268.384192096048
0235924AR,4,67.74387193596799,99.02451225612806,324.0970485242621,256.3531765882941
0235948AR,1,60.525262631315655,131.04552276138068,261.3506753376688,200.82541270635315
0235985AR,1,56.63831915957979,147.51875937968984,269.49474737368683,212.85642821410704
0236005AR,4,44.23711855927964,97.7288644322161,336.6833416708354,292.44622311155575
0236019AR,1,34.4272136068034,181.3906953476738,286.33816908454224,251.91095547773884
0236028AR,4,69.03951975987994,96.24812406203101,325.2076038019009,256.16808404202095
0236058AR,4,70.8904452226113,108.46423211605801,313.9169584792396,243.0265132566283
0236066AR,4,69.4097048524262,98.83941970985492,366.1130565282641,296.7033516758379
0236092AR,1,60.155077538769376,94.02701350675336,330.9454727363682,270.7903951975988
0236252AR,1,52.011005502751374,112.35117558779389,344.272136068034,292.26113056528266
0236313AR,1,53.1215607803902,115.86793396698349,290.5952976488244,237.47373686843417
0236351AR,4,51.45572786393196,113.46173086543271,307.2536268134067,255.79789894947473
0236412AR,1,58.489244622311155,121.975987993997,296.1480740370185,237.65882941470733
0236414AR,1,52.38119059529764,138.07903951975987,259.3146573286643,206.93346673336663
0236421AR,1,66.26313156578288,127.71385692846422,290.22511255627813,223.96198099049525
0236456AR,1,56.453226613306654,109.75987993996998,308.3641820910455,251.91095547773887
0236476AR,4,67.00350175087543,101.98599299649824,327.6138069034517,260.61030515257625
0236482AR,4,69.03951975987994,113.64682341170584,303.55177588794396,234.51225612806402
0236549AR,4,68.66933466733366,109.01950975487743,300.0350175087544,231.36568284142072
0236630AR,4,67.92896448224111,104.76238119059528,342.6063031515758,274.6773386693347
0236645AR,1,56.63831915957979,124.56728364182091,370.0,313.3616808404202
0236648AR,1,49.23461730865433,137.33866933466732,288.00400200100046,238.76938469234614
0236762AR,1,35.537768884442215,123.45672836418208,370.0,334.46223111555776
0236857AR,4,69.4097048524262,99.76488244122059,370.0,300.5902951475738
0236893AR,1,71.63081540770385,114.0170085042521,333.53676838419204,261.9059529764882
0236899AR,1,54.23211605802901,98.2841420710355,309.4747373686843,255.2426213106553
0237006AR,4,50.530265132566285,82.36618309154576,298.3691845922961,247.83891945972982
0237108AR,4,46.088044022011005,72.74137068534267,350.19509754877436,304.10705352676337
0237133AR,1,43.49674837418709,238.76938469234616,369.6298149074537,326.13306653326663
0237153AR,1,42.20110055027513,129.93496748374184,370.0,327.7988994497249
0237270AR,4,65.70785392696347,110.13006503251626,323.35667833916955,257.64882441220607
0237317AR,1,72.3711855927964,111.79589794897448,339.08954477238615,266.71835917958975
0237386AR,4,69.77988994497248,101.98599299649824,338.7193596798399,268.93946973486743
0237401AR,4,60.89544772386192,115.31265632816408,325.39269634817407,264.49724862431214
0237414AR,1,66.44822411205602,124.93746873436717,277.6388194097048,211.19059529764877
0237459AR,4,72.3711855927964,111.42571285642819,370.0,297.6288144072036
0237482AR,4,70.15007503751875,112.53626813406702,326.68834417208603,256.53826913456726
0237499AR,1,60.89544772386192,137.89394697348675,267.4587293646823,206.56328164082038
0237584AR,4,66.63331665832916,135.11755877938967,370.0,303.36668334167086
0237603AR,4,71.44572286143071,106.7983991995998,338.53426713356674,267.088544272136
0237615AR,4,68.29914957478738,101.8009004502251,350.56528264132066,282.26613306653326
0237645AR,1,66.44822411205602,128.26913456728363,273.5667833916958,207.11855927963978
0237685AR,4,59.599799899949964,154.9224612306153,299.66483241620807,240.0650325162581
0237715AR,4,67.55877938969483,111.98099049524761,301.88594297148575,234.3271635817909
0237788AR,1,58.489244622311155,129.1945972986493,370.0,311.51075537768884
0237875AR,4,71.26063031515757,100.13506753376689,300.5902951475738,229.3296648324162
0237877AR,1,71.63081540770385,113.27663831915957,318.72936468234116,247.09854927463732
0237895AR,4,45.16258129064532,92.17608804402201,315.0275137568784,269.8649324662331
0237898AR,1,58.489244622311155,123.45672836418208,283.37668834417207,224.8874437218609
0237915AR,4,64.96748374187092,107.53876938469234,370.0,305.0325162581291
0238003AR,1,49.97498749374687,126.6033016508254,276.15807903951975,226.18309154577287
0238017AR,1,51.82591295647824,135.6728364182091,278.7493746873437,226.92346173086543
0238118AR,1,66.63331665832916,124.56728364182091,276.528264132066,209.89494747373683
0238122AR,1,62.74637318659329,100.69034517258628,370.0,307.2536268134067
0238290AR,1,60.340170085042516,93.28664332166083,316.8784392196098,256.53826913456726
0238335AR,1,44.0520260130065,257.8339169584792,306.6983491745873,262.64632316158077
0238389AR,1,67.74387193596799,123.27163581790894,268.5692846423211,200.82541270635312
0238482AR,4,45.71785892946473,73.48174087043522,312.8064032016008,267.08854427213606
0238488AR,4,66.07803901950975,114.75737868934466,298.73936968484236,232.66133066533263
0238508AR,1,34.242121060530266,141.22561280640318,267.27363681840916,233.03151575787888
0238600AR,4,47.93896948474237,74.40720360180089,361.1155577788894,313.17658829414705
0238620AR,1,65.52276138069034,128.0840420210105,277.6388194097048,212.11605802901448
0238636AR,4,67.55877938969483,183.79689844922459,328.35417708854425,260.7953976988494
0238648AR,1,67.18859429714857,127.71385692846422,275.04752376188094,207.85892946473237
0238659AR,1,67.37368684342171,134.192096048024,370.0,302.6263131565783
0238703AR,1,58.67433716858429,122.16108054027013,285.22761380690343,226.55327663831915
0238762AR,1,67.00350175087543,156.9584792396198,367.03851925962977,300.0350175087543
0238794AR,4,65.3376688344172,101.43071535767884,351.6758379189595,286.3381690845423
0238942AR,1,43.866933466733364,120.31015507753875,369.25962981490744,325.39269634817407
0239042AR,1,42.57128564282141,119.19959979989993,362.2261130565282,319.6548274137068
0239055AR,4,43.866933466733364,68.48424212106053,353.71185592796394,309.84492246123057
0239059AR,4,43.866933466733364,112.35117558779389,330.57528764382187,286.7083541770885
0239075AR,4,45.34767383691845,78.10905452726362,318.72936468234116,273.3816908454227
0239084AR,1,62.93146573286643,134.00700350175086,267.64382191095547,204.71235617808904
0239246AR,4,43.681840920460225,184.90745372686342,333.1665832916458,289.4847423711856
0239382AR,4,60.155077538769376,116.60830415207602,305.40270135067533,245.24762381190595
0239393AR,1,56.82341170585292,118.08904452226112,295.0375187593797,238.21410705352676
0239414AR,1,66.26313156578288,129.5647823911956,261.1655827913957,194.90245122561282
0239429AR,1,37.01850925462731,142.15107553776886,270.05002501250624,233.03151575787894
0239448AR,4,67.74387193596799,118.08904452226112,356.6733366683341,288.9294647323661
0239549AR,4,47.75387693846923,78.29414707353676,297.0735367683842,249.31965982991497
0239597AR,4,61.2656328164082,96.43321660830415,310.0300150075037,248.76438219109554
0248419AR,1,64.59729864932466,127.71385692846422,288.1890945472736,223.59179589794894
0248425AR,1,56.82341170585292,131.78589294647324,311.5107553776888,254.68734367183586
0248566AR,1,62.93146573286643,124.56728364182091,297.2586293146573,234.32716358179087
0248578AR,1,65.3376688344172,131.41570785392693,269.67983991995993,204.34217108554273
0248619AR,1,64.41220610305153,116.23811905952975,350.9354677338669,286.5232616308154
0248652AR,1,62.561280640320156,115.31265632816408,370.0,307.43871935967985
0248660AR,1,66.44822411205602,127.15857928964482,304.66233116558277,238.21410705352673
0248741AR,1,63.85692846423211,126.048024012006,268.0140070035017,204.1570785392696
0248765AR,1,68.8544272136068,109.9449724862431,327.983991995998,259.1295647823912
0248869AR,1,66.81840920460229,119.93996998499249,292.44622311155575,225.62781390695346
0248899AR,1,67.92896448224111,106.61330665332666,344.4572286143071,276.528264132066
0248906AR,1,65.52276138069034,124.19709854927464,266.9034517258629,201.38069034517258
0248970AR,1,61.08054027013507,130.49024512256128,271.3456728364182,210.26513256628314
0249049AR,1,67.37368684342171,131.04552276138068,254.31715857928964,186.94347173586794
0249053AR,1,63.67183591795897,129.74987493746872,297.62881440720355,233.9569784892446
0249083AR,1,63.67183591795897,126.41820910455226,314.28714357178586,250.6153076538269
0249131AR,1,62.561280640320156,121.79089544772384,370.0,307.43871935967985
0249143AR,1,67.74387193596799,113.83191595797899,299.479739869935,231.73586793396697
0249150AR,1,67.92896448224111,123.64182091045522,352.0460230115057,284.1170585292646
0252877AR,1,49.04952476238118,126.97348674337168,255.2426213106553,206.19309654827413
0252898AR,1,53.86193096548274,114.57228614307152,318.72936468234116,264.8674337168584
0253048AR,1,57.93396698349174,99.02451225612806,301.1455727863932,243.21160580290143
0253157AR,1,45.16258129064532,121.975987993997,298.55427713856926,253.39169584792393
0253279AR,1,65.15257628814408,98.65432716358177,289.8549274637318,224.70235117558775
0253332AR,1,58.119059529764876,117.34867433716857,246.35817908954476,188.23911955977988
0253403AR,1,54.417208604302154,119.19959979989993,248.2091045522761,193.79189594797396
0253611AR,1,49.41970985492746,133.26663331665833,274.1220610305152,224.70235117558775
0253665AR,1,57.00850425212605,119.38469234617308,276.15807903951975,219.1495747873937
0253749AR,1,59.969984992496244,105.68784392196098,311.8809404702351,251.91095547773884
0253942AR,1,64.04202101050525,95.13756878439219,298.73936968484236,234.6973486743371
0253982AR,1,58.30415207603801,99.57978989494748,323.5417708854427,265.2376188094047
0253992AR,1,53.49174587293646,105.13256628314157,310.0300150075037,256.53826913456726
0255252AR,1,67.55877938969483,163.25162581290644,258.94447223611803,191.38569284642318
0255396AR,1,66.07803901950975,96.61830915457728,275.6028014007003,209.52476238119056
0255656AR,1,66.26313156578288,95.50775387693847,370.0,303.7368684342171
0258494AR,4,28.504252126063026,220.81540770385192,328.35417708854425,299.8499249624812
0261388AR,4,66.81840920460229,202.67633816908454,317.80390195097544,250.98549274637315
0261504AR,4,53.30665332666333,225.44272136068034,349.2696348174087,295.9629814907454
0261683AR,4,43.31165582791395,109.57478739369684,370.0,326.68834417208603
0261731AR,4,42.75637818909454,76.9984992496248,370.0,327.24362181090544
0270786AR,1,46.82841420710355,93.47173586793397,370.0,323.17158579289645
0286684AR,4,47.56878439219609,83.10655327663832,363.8919459729865,316.3231615807904
0286831AR,4,44.23711855927964,111.79589794897448,291.5207603801901,247.28364182091047
0286905AR,4,55.712856428214096,196.75337668834413,370.0,314.2871435717859
0286906AR,4,41.460730365182584,178.42921460730363,370.0,328.5392696348174
0289334AR,4,61.08054027013507,88.65932966483241,332.79639819909954,271.71585792896445
0289335AR,4,59.599799899949964,104.02201100550275,335.9429714857429,276.3431715857929
0289336AR,4,59.599799899949964,117.16358179089544,311.14057028514253,251.54077038519256
0289337AR,4,55.1575787893947,89.76988494247124,326.13306653326663,270.97548774387195
0289617AR,4,50.34517258629314,87.91895947973987,322.06103051525764,271.7158579289645
0289618AR,4,52.566283141570786,101.43071535767884,337.79389694847424,285.22761380690343
0289646AR,1,78.29414707353676,127.34367183591795,264.49724862431214,186.2031015507754
0289680AR,4,72.3711855927964,108.27913956978489,327.6138069034517,255.2426213106553
0289681AR,4,70.33516758379189,108.64932466233115,322.4312156078039,252.09604802401202
0290142AR,4,69.77988994497248,107.16858429214606,370.0,300.22011005502753
0291855AR,1,77.55377688844422,232.8464232116058,370.0,292.4462231115558
0292801AR,4,60.155077538769376,127.15857928964482,236.73336668334164,176.57828914457227
0292802AR,4,44.0520260130065,111.24062031015507,275.4177088544272,231.3656828414207
0293430AR,4,67.74387193596799,100.50525262631315,283.19159579789897,215.44772386193097
0293434AR,4,66.26313156578288,121.42071035517758,281.89594797398695,215.63281640820406
0293436AR,4,67.00350175087543,112.72136068034017,266.16308154077035,199.1595797898949
0293437AR,4,64.59729864932466,134.00700350175086,279.8599299649825,215.2626313156578
0293438AR,4,69.03951975987994,127.15857928964482,269.67983991995993,200.64032016008
0293439AR,4,74.77738869434717,123.27163581790894,227.4787393696848,152.70135067533764
0294765AR,1,67.92896448224111,111.98099049524761,282.45122561280635,214.52226113056525
0294816AR,1,57.74887443721861,146.77838919459728,292.2611305652826,234.512256128064
0296215AR,1,44.60730365182591,102.1710855427714,265.42271135567785,220.81540770385195
0296633AR,4,63.11655827913957,213.41170585292645,334.64732366183085,271.5307653826913
0296649AR,4,65.52276138069034,102.54127063531766,295.0375187593797,229.51475737868935
0301670AR,1,56.453226613306654,144.00200100050023,286.89344672336165,230.440220110055
0305443AR,1,65.70785392696347,102.1710855427714,271.5307653826913,205.82291145572782
0305872AR,4,70.52026013006503,280.600300150075,357.2286143071535,286.7083541770885
0305873AR,4,54.602301150575286,129.5647823911956,363.3366683341671,308.7343671835918
0306982AR,4,60.89544772386192,146.408204102051,302.8114057028514,241.91595797898947
0307364AR,4,64.59729864932466,318.544272136068,370.0,305.40270135067533
0307365AR,4,81.25562781390695,330.02001000500246,370.0,288.7443721860931
0307366AR,4,72.00100050025011,330.57528764382187,370.0,297.99899949974986
0307367AR,4,70.8904452226113,327.4287143571786,370.0,299.10955477738867
0307368AR,4,76.81340670335167,338.34917458729365,370.0,293.1865932966483
0307369AR,4,79.21960980490245,332.6113056528264,370.0,290.78039019509754
0307370AR,4,81.81090545272636,327.79889944972484,370.0,288.1890945472736
0307371AR,4,39.23961980990495,163.991995997999,370.0,330.760380190095
0307372AR,4,38.86943471735867,197.67883941970985,370.0,331.1305652826413
0307373AR,4,32.57628814407204,169.54477238619307,328.35417708854425,295.77788894447224
0307374AR,4,63.48674337168584,187.3136568284142,310.9554777388694,247.46873436718354
0307441AR,1,62.74637318659329,125.67783891945973,294.4822411205603,231.73586793396697
0307444AR,1,26.283141570785393,140.67033516758377,296.7033516758379,270.4202101050525
0307445AR,1,48.49424712356178,138.44922461230615,279.3046523261631,230.81040520260132
0308380AR,1,60.71035517758879,136.2281140570285,260.6103051525763,199.89994997498752
0308381AR,1,15.917958979489743,157.32866433216608,272.0860430215107,256.16808404202095
0308934AR,1,49.23461730865433,109.01950975487743,333.53676838419204,284.3021510755377
0308935AR,1,51.0855427713857,114.20210105052526,288.92946473236617,237.84392196098048
0308936AR,1,50.530265132566285,113.46173086543271,332.98149074537264,282.45122561280635
0308937AR,1,50.34517258629314,115.68284142071035,304.4772386193096,254.13206603301649
0308938AR,1,50.160080040020006,109.57478739369684,310.7703851925963,260.6103051525763
0308939AR,1,51.0855427713857,111.98099049524761,279.1195597798899,228.03401700850424
0308940AR,1,53.1215607803902,111.42571285642819,277.0835417708854,223.9619809904952
0308941AR,1,49.04952476238118,104.94747373686842,285.22761380690343,236.17808904452227
0308942AR,1,49.78989494747374,105.13256628314157,271.5307653826913,221.74087043521757
0308943AR,1,47.19859929964982,107.53876938469234,280.78539269634814,233.5867933966983
0308944AR,1,41.83091545772886,104.57728864432215,275.04752376188094,233.2166083041521
0308945AR,1,44.60730365182591,105.13256628314157,275.04752376188094,230.44022011005504
0308946AR,1,42.016008004001996,102.54127063531766,282.82141070535266,240.80540270135066
0308947AR,1,39.60980490245122,103.09654827413706,276.8984492246123,237.28864432216108
0308948AR,1,36.09304652326163,99.76488244122059,280.4152076038019,244.32216108054027
0308949AR,1,41.27563781890945,101.43071535767884,268.19909954977487,226.92346173086543
0308950AR,1,38.68434217108554,101.06053026513257,260.6103051525763,221.92596298149076
0308951AR,1,40.35017508754377,96.24812406203101,266.9034517258629,226.55327663831915
0308952AR,1,34.05702851425713,94.95247623811906,265.97798899449725,231.92096048024013
0308953AR,1,30.725362681340666,93.84192096048024,260.42521260630315,229.69984992496248
0308954AR,1,42.75637818909454,98.2841420710355,287.6338169084542,244.87743871935967
0308955AR,1,37.01850925462731,98.09904952476236,287.6338169084542,250.6153076538269
0308956AR,1,39.979989994997496,96.80340170085042,268.5692846423211,228.58929464732364
0308957AR,1,34.242121060530266,90.32516258129064,260.24012006003,225.9979989994997
0308958AR,1,27.57878939469735,92.54627313656827,252.83641820910452,225.25762881440718
0308959AR,1,27.76388194097048,96.43321660830415,256.9084542271135,229.14457228614302
0308960AR,1,40.90545272636318,101.61580790395197,296.3331665832916,255.4277138569284
0308961AR,1,41.09054527263631,95.69284642321159,282.26613306653326,241.17558779389694
0308965AR,1,50.530265132566285,106.98349174587293,332.6113056528264,282.0810405202601
0309313AR,1,57.93396698349174,113.83191595797899,331.5007503751876,273.5667833916958
0309884AR,1,64.41220610305153,100.87543771885942,306.8834417208604,242.47123561780887
0309891AR,1,72.00100050025011,124.75237618809403,294.8524262131065,222.8514257128564
0309892AR,1,72.74137068534267,128.6393196598299,290.22511255627813,217.48374187093546
0309893AR,1,69.22461230615308,119.56978489244622,315.2126063031516,245.9879939969985
0309894AR,1,72.18609304652325,123.64182091045522,298.18409204602295,225.9979989994997
0309895AR,1,64.59729864932466,144.9274637318659,309.65982991495747,245.0625312656328
0309896AR,1,74.22211105552776,128.6393196598299,312.06603301650824,237.84392196098048
0309897AR,1,71.44572286143071,119.75487743871935,316.13806903451723,244.69234617308652
0309898AR,1,73.66683341670834,126.78839419709853,323.17158579289645,249.5047523761881
0309899AR,1,75.88794397198599,187.3136568284142,320.39519759879937,244.5072536268134
0309900AR,1,71.44572286143071,122.5312656328164,323.91195597798895,252.46623311655824
0309901AR,1,72.18609304652325,122.5312656328164,313.5467733866933,241.36068034017006
0309902AR,1,76.07303651825913,126.23311655827914,280.78539269634814,204.712356178089
0309903AR,1,73.66683341670834,121.05052526263131,282.82141070535266,209.1545772886443
0310264AR,1,37.758879439719855,102.3561780890445,298.18409204602295,260.4252126063031
0310698AR,4,65.52276138069034,112.16608304152075,352.2311155577789,286.70835417708855
0314528AR,1,73.48174087043522,101.24562281140568,370.0,296.5182591295648
0315213AR,4,58.119059529764876,132.71135567783892,370.0,311.88094047023515
0316551AR,1,38.31415707853927,261.53576788394196,330.2051025512756,291.89094547273635
0316595AR,1,9.439719859929964,203.97198599299648,305.95797898949473,296.5182591295648
0316597AR,1,76.25812906453226,108.09404702351175,312.06603301650824,235.807903951976
0316601AR,1,65.3376688344172,176.39319659829914,322.61630815407705,257.2786393196599
0316605AR,1,71.81590795397699,151.9609804902451,308.7343671835918,236.91845922961483
0316607AR,1,66.81840920460229,121.05052526263131,346.6783391695848,279.8599299649825
0316743AR,4,61.63581790895447,112.72136068034017,331.6858429214607,270.0500250125062
0316744AR,4,64.22711355677838,111.05552776388193,362.5962981490745,298.36918459229616
0316745AR,4,66.44822411205602,110.50025012506252,326.13306653326663,259.6848424212106
0317353AR,1,64.41220610305153,109.75987993996998,332.79639819909954,268.384192096048
0320898AR,1,44.97748874437218,180.09504752376185,282.6363181590795,237.65882941470733
0320903AR,1,0.0,138.264132066033,272.0860430215107,272.0860430215107
0320906AR,1,64.41220610305153,100.50525262631315,294.2971485742871,229.8849424712356
0320907AR,1,61.45072536268133,123.27163581790894,258.2041020510255,196.75337668834413
0320908AR,1,54.047023511755874,125.86293146573286,277.82391195597796,223.7768884442221
0320909AR,1,57.93396698349174,125.49274637318658,290.5952976488244,232.66133066533263
0320912AR,1,53.1215607803902,120.86543271635817,284.67233616808403,231.55077538769382
0320921AR,1,42.57128564282141,168.06403201600799,297.62881440720355,255.05752876438214
0320930AR,1,47.38369184592296,145.11255627813907,286.5232616308154,239.13956978489244
0321897AR,1,67.92896448224111,128.0840420210105,258.2041020510255,190.27513756878437
0322115AR,1,60.155077538769376,147.70385192596297,306.14307153576783,245.98799399699845
0322351AR,4,32.76138069034517,94.95247623811906,296.5182591295648,263.75687843921963
0327988AR,4,56.82341170585292,123.45672836418208,341.12556278139067,284.3021510755377
0333631AR,1,65.15257628814408,122.34617308654326,255.61280640320157,190.4602301150575
0333990AR,1,74.22211105552776,126.6033016508254,257.2786393196598,183.05652826413206
0334246AR,1,54.047023511755874,104.57728864432215,335.38769384692347,281.3406703351676
0335503AR,1,78.29414707353676,289.1145572786393,370.0,291.70585292646325
0335669AR,1,32.206103051525766,120.4952476238119,255.05752876438217,222.8514257128564
0336924AR,4,13.696848424212105,191.01550775387693,225.2576288144072,211.5607803901951
0338305AR,4,53.86193096548274,96.80340170085042,353.3416708354177,299.479739869935
0338368AR,4,59.969984992496244,140.11505752876437,370.0,310.0300150075038
0342320AR,4,14.992496248124061,119.56978489244622,298.55427713856926,283.5617808904452
0342321AR,4,10.365182591295646,178.42921460730363,272.27113556778386,261.9059529764882
0342322AR,4,8.14407203601801,194.53226613306654,284.8574287143571,276.7133566783391
0342367AR,4,152.14607303651826,213.0415207603802,260.24012006003,108.09404702351173
0342828AR,1,34.4272136068034,190.09004502251125,297.44372186093045,263.0165082541271
0342861AR,1,74.9624812406203,164.36218109054525,333.90695347673835,258.94447223611803
0342863AR,1,74.77738869434717,158.9944972486243,335.57278639319657,260.7953976988494
0342864AR,1,74.59229614807403,112.35117558779389,340.200100050025,265.607803901951
0342865AR,1,73.66683341670834,105.13256628314157,318.72936468234116,245.0625312656328
0342866AR,1,73.29664832416208,105.8729364682341,302.256128064032,228.95947973986992
0342867AR,1,73.85192596298148,119.93996998499249,238.9544772386193,165.1025512756378
0342868AR,1,73.29664832416208,119.19959979989993,245.61780890445223,172.32116058029015
0342870AR,1,71.81590795397699,122.16108054027013,253.39169584792393,181.57578789394694
0342871AR,1,72.3711855927964,122.16108054027013,256.53826913456726,184.16708354177086
0342873AR,1,70.33516758379189,123.27163581790894,260.6103051525763,190.27513756878443
0342874AR,1,70.70535267633817,121.79089544772384,260.24012006003,189.53476738369181
0342875AR,1,69.77988994497248,125.67783891945973,257.6488244122061,187.86893446723366
0342876AR,1,69.96498249124562,130.86043021510756,261.53576788394196,191.57078539269634
0342877AR,1,70.15007503751875,122.90145072536266,268.5692846423211,198.41920960480238
0342878AR,1,69.22461230615308,128.45422711355675,267.64382191095547,198.4192096048024
0342879AR,1,67.55877938969483,125.12256128064031,256.9084542271135,189.34967483741866
0344478AR,4,49.23461730865433,85.88294147073536,283.00650325162576,233.77188594297144
0344885AR,1,60.340170085042516,82.73636818409204,370.0,309.65982991495747
0344889AR,1,157.69884942471234,370.0,370.0,212.30115057528766
0344895AR,1,63.3016508254127,103.09654827413706,282.0810405202601,218.7793896948474
0344928AR,4,64.22711355677838,104.94747373686842,226.92346173086543,162.69634817408706
0345740AR,1,33.31665832916458,258.94447223611803,370.0,336.68334167083543
0346332AR,1,0.0,283.19159579789897,305.5877938969484,305.5877938969484
0346333AR,1,43.49674837418709,279.4897448724362,370.0,326.50325162581294
0346334AR,1,62.93146573286643,167.87893946973486,357.59879939969983,294.66733366683343
0346335AR,1,80.33016508254126,321.69084542271133,366.6683341670835,286.33816908454224
0346336AR,1,0.0,246.91345672836417,370.0,370.0
0346688AR,1,45.71785892946473,188.79439719859928,308.3641820910455,262.64632316158077
0346694AR,1,21.655827913956976,214.33716858429213,278.5642821410705,256.90845422711357
