codi,x_etrs89,y_etrs89,latitud,longitud,cat_nom_ci,Mean_LST,LST_zone,LST_zone_label
0003763AR,431710.114,4584143.78,41.405939,2.1829769,Styphnolobium japonicum,28.97036495,3,Warm
0003764AR,431701.302,4584135.115,41.4058602,2.1828724,Styphnolobium japonicum,28.98535499,3,Warm
0003768AR,431696.56,4584130.113,41.4058148,2.1828163,Styphnolobium japonicum,28.98339095,3,Warm
0003769AR,431705.587,4584139.465,41.4058998,2.1829232,Styphnolobium japonicum,28.92458277,3,Warm
0019520AR,434379.137,4583974.176,41.4046338,2.2149246,Styphnolobium japonicum,27.51214321,1,Coolest
0019612AR,433825.469,4584309.77,41.407611,2.2082646,Styphnolobium japonicum,26.78393484,1,Coolest
0019804AR,433803.058,4584248.72,41.4070593,2.2080031,Styphnolobium japonicum,26.95531086,1,Coolest
0020134AR,433836.579,4584322.16,41.4077235,2.2083961,Styphnolobium japonicum,26.79643619,1,Coolest
0020725AR,434324.178,4584141.036,41.4061321,2.2142491,Styphnolobium japonicum,25.97810611,1,Coolest
0020744AR,434333.298,4584149.936,41.406213,2.2143572,Styphnolobium japonicum,25.82847526,1,Coolest
0023198AR,433793.421,4584633.171,41.4105211,2.2078458,Styphnolobium japonicum,30.99838139,4,Hottest
0023199AR,433802.081,4584641.651,41.4105982,2.2079485,Styphnolobium japonicum,31.10266892,4,Hottest
0023206AR,433829.672,4584651.901,41.4106928,2.2082774,Styphnolobium japonicum,31.22925669,4,Hottest
0023240AR,433823.00000000006,4584662.0,41.4107832,2.2081965,Styphnolobium japonicum,31.31257945,4,Hottest
0023260AR,433157.0,4584906.0,41.4129257,2.2002016,Styphnolobium japonicum,26.90680322,1,Coolest
0023261AR,433810.0,4584633.0,41.410521,2.2080441,Styphnolobium japonicum,31.00890688,4,Hottest
0023280AR,432836.466,4584385.3,41.4082092,2.1964245,Styphnolobium japonicum,29.56421813,3,Warm
0023282AR,432967.793,4584233.674,41.4068545,2.1980124,Styphnolobium japonicum,28.07677066,2,Cool
0023446AR,433824.821,4584647.261,41.4106506,2.2082199,Styphnolobium japonicum,31.19373393,4,Hottest
0023524AR,433815.00000000006,4584654.0,41.4107105,2.2081017,Styphnolobium japonicum,31.23252163,4,Hottest
0023542AR,433005.242,4584860.357,41.412502,2.198391,Styphnolobium japonicum,27.63291326,1,Coolest
0023555AR,433784.76100000006,4584624.691,41.410444,2.2077431,Styphnolobium japonicum,30.90861157,4,Hottest
0023568AR,433029.242,4584880.567,41.412686,2.1986759,Styphnolobium japonicum,27.4344595,1,Coolest
0023597AR,433586.397,4585414.764,41.4175436,2.2052832,Styphnolobium japonicum,27.43878097,1,Coolest
0023726AR,433033.172,4584880.327,41.4126842,2.198723,Styphnolobium japonicum,27.39114517,1,Coolest
0023739AR,433786.671,4584610.341,41.410315,2.2077675,Styphnolobium japonicum,30.73342032,4,Hottest
0023753AR,432951.237,4584268.537,41.4071672,2.1978105,Styphnolobium japonicum,28.30884292,2,Cool
0023775AR,432982.437,4584236.587,41.406882,2.1981873,Styphnolobium japonicum,27.95001028,2,Cool
0023829AR,432947.1979999999,4584254.273,41.4070384,2.1977637,Styphnolobium japonicum,28.36085918,2,Cool
0023837AR,432832.288,4584371.078,41.4080808,2.1963761,Styphnolobium japonicum,29.74660639,3,Warm
0023898AR,433586.9170000001,4585421.734,41.4176065,2.2052886,Styphnolobium japonicum,27.33103186,1,Coolest
0023942AR,432953.636,4584247.033,41.4069737,2.1978416,Styphnolobium japonicum,28.26296939,2,Cool
0023987AR,433431.00000000006,4585174.0,41.4153623,2.2034503,Styphnolobium japonicum,28.16942828,2,Cool
0024013AR,433006.352,4584856.447,41.4124669,2.1984047,Styphnolobium japonicum,27.60459582,1,Coolest
0024022AR,433436.0,4585193.0,41.4155338,2.2035081,Styphnolobium japonicum,27.94450753,2,Cool
0024054AR,433588.717,4585428.534,41.4176679,2.2053094,Styphnolobium japonicum,27.28178602,1,Coolest
0024115AR,433810.0,4584650.0,41.4106741,2.2080423,Styphnolobium japonicum,31.19400537,4,Hottest
0024146AR,432888.899,4584331.884,41.4077325,2.1970577,Styphnolobium japonicum,29.2472143,3,Warm
0024214AR,433805.0,4584628.0,41.4104755,2.2079849,Styphnolobium japonicum,30.94737418,4,Hottest
0024233AR,432928.293,4584273.622,41.4072111,2.1975354,Styphnolobium japonicum,28.59911325,2,Cool
0024277AR,432977.28,4584218.388,41.4067177,2.1981276,Styphnolobium japonicum,28.00179133,2,Cool
0024321AR,433797.751,4584637.411,41.4105597,2.2078971,Styphnolobium japonicum,31.05939171,4,Hottest
0024339AR,432826.172,4584377.558,41.4081386,2.1963022,Styphnolobium japonicum,29.74228968,3,Warm
0024359AR,433432.0,4585181.0,41.4154254,2.2034615,Styphnolobium japonicum,28.06679756,2,Cool
0024367AR,432829.658,4584391.91,41.4082682,2.1963423,Styphnolobium japonicum,29.57629547,3,Warm
0024426AR,433797.0,4584620.0,41.4104028,2.20789,Styphnolobium japonicum,30.86465744,4,Hottest
0024440AR,433789.0,4584628.0,41.4104742,2.2077934,Styphnolobium japonicum,30.95248607,4,Hottest
0024489AR,433594.267,4585418.954,41.417582,2.2053769,Styphnolobium japonicum,27.39149109,1,Coolest
0024503AR,432850.5229999999,4584371.243,41.4080838,2.1965942,Styphnolobium japonicum,29.56694887,3,Warm
0024516AR,433815.131,4584637.981,41.4105662,2.208105,Styphnolobium japonicum,31.05744005,4,Hottest
0024552AR,432999.667,4584233.626,41.4068568,2.1983937,Styphnolobium japonicum,27.85002345,2,Cool
0024726AR,433434.0,4585185.0,41.4154616,2.203485,Styphnolobium japonicum,27.97378867,2,Cool
0024800AR,432858.388,4584345.065,41.4078487,2.1966912,Styphnolobium japonicum,29.68752996,3,Warm
0024811AR,432972.943,4584228.137,41.4068051,2.1980746,Styphnolobium japonicum,28.05761804,2,Cool
0024828AR,432873.252,4584329.694,41.4077115,2.1968708,Styphnolobium japonicum,29.49182315,3,Warm
0024858AR,433025.032,4584880.407,41.4126843,2.1986256,Styphnolobium japonicum,27.48574956,1,Coolest
0024923AR,433435.00000000006,4585189.0,41.4154977,2.2034966,Styphnolobium japonicum,27.97116239,2,Cool
0025020AR,433007.882,4584852.787,41.4124341,2.1984234,Styphnolobium japonicum,27.60974372,1,Coolest
0025029AR,433806.0,4584645.0,41.4106287,2.207995,Styphnolobium japonicum,31.15328536,4,Hottest
0025041AR,433771.771,4584611.971,41.4103284,2.2075891,Styphnolobium japonicum,30.77637754,4,Hottest
0025109AR,433432.0,4585178.0,41.4153984,2.2034619,Styphnolobium japonicum,28.16989209,2,Cool
0025142AR,433776.101,4584616.211,41.410367,2.2076404,Styphnolobium japonicum,30.82162385,4,Hottest
0025154AR,432963.717,4584255.757,41.4070531,2.1979612,Styphnolobium japonicum,28.16752638,2,Cool
0025215AR,433782.541,4584606.211,41.4102774,2.2077186,Styphnolobium japonicum,30.69143075,4,Hottest
0025233AR,432861.003,4584359.772,41.4079814,2.1967209,Styphnolobium japonicum,29.51429067,3,Warm
0025273AR,432961.036,4584240.22,41.4069129,2.1979308,Styphnolobium japonicum,28.21608285,2,Cool
0025280AR,433586.397,4585418.244,41.417575,2.2052828,Styphnolobium japonicum,27.42495455,1,Coolest
0025316AR,432923.689,4584295.948,41.4074117,2.1974779,Styphnolobium japonicum,28.76026238,2,Cool
0025325AR,433586.607,4585411.224,41.4175118,2.2052861,Styphnolobium japonicum,27.39202233,1,Coolest
0025365AR,432864.849,4584337.959,41.4077852,2.1967693,Styphnolobium japonicum,29.60821202,3,Warm
0025441AR,432977.353,4584208.692,41.4066303,2.1981295,Styphnolobium japonicum,28.0052508,2,Cool
0025443AR,433587.747,4585425.054,41.4176364,2.2052982,Styphnolobium japonicum,27.27176575,1,Coolest
0025458AR,432938.757,4584281.317,41.4072812,2.1976598,Styphnolobium japonicum,28.5320294,2,Cool
0025460AR,432933.942,4584267.393,41.4071554,2.1976037,Styphnolobium japonicum,28.54330748,2,Cool
0025609AR,433832.422,4584654.561,41.410717,2.20831,Styphnolobium japonicum,31.25861901,4,Hottest
0025649AR,432969.957,4584249.367,41.4069961,2.1980366,Styphnolobium japonicum,28.10282134,2,Cool
0025687AR,432976.197,4584242.977,41.406939,2.1981119,Styphnolobium japonicum,28.03709309,2,Cool
0025763AR,432867.924,4584353.174,41.4079225,2.1968044,Styphnolobium japonicum,29.47369551,3,Warm
0025818AR,433767.441,4584607.741,41.41029,2.2075377,Styphnolobium japonicum,30.72839226,4,Hottest
0025854AR,432989.807,4584233.927,41.4068587,2.1982757,Styphnolobium japonicum,27.9078808,2,Cool
0025936AR,433431.00000000006,4585169.0,41.4153173,2.2034509,Styphnolobium japonicum,28.23597095,2,Cool
0025984AR,432851.767,4584352.035,41.4079109,2.1966112,Styphnolobium japonicum,29.69272763,3,Warm
0025999AR,432921.569,4584280.474,41.4072722,2.1974542,Styphnolobium japonicum,28.7421475,2,Cool
0026011AR,432819.875,4584383.818,41.4081945,2.1962262,Styphnolobium japonicum,29.69641828,3,Warm
0026014AR,432932.517,4584287.707,41.4073383,2.1975844,Styphnolobium japonicum,28.62497924,2,Cool
0026034AR,432845.707,4584358.015,41.4079643,2.1965381,Styphnolobium japonicum,29.71828335,3,Warm
0026041AR,433605.207,4585443.384,41.417803,2.2055051,Styphnolobium japonicum,26.94043052,1,Coolest
0026078AR,433819.981,4584642.621,41.4106084,2.2081625,Styphnolobium japonicum,31.14336882,4,Hottest
0030531AR,432960.156,4585415.256,41.4174961,2.1977901,Styphnolobium japonicum,28.18708514,2,Cool
0030676AR,433008.302,4584880.197,41.412681,2.1984254,Styphnolobium japonicum,27.53444764,1,Coolest
0030785AR,433003.602,4584872.427,41.4126106,2.1983701,Styphnolobium japonicum,27.63932411,1,Coolest
0031237AR,432970.194,4585403.015,41.4173867,2.1979116,Styphnolobium japonicum,28.22049597,2,Cool
0031240AR,433016.422,4584880.327,41.4126828,2.1985226,Styphnolobium japonicum,27.52053238,1,Coolest
0031421AR,432962.5,4585416.459,41.4175071,2.197818,Styphnolobium japonicum,28.18348728,2,Cool
0031643AR,432960.437,4585418.555,41.4175258,2.1977931,Styphnolobium japonicum,28.17884652,2,Cool
0031690AR,433012.452,4584880.167,41.412681,2.1984751,Styphnolobium japonicum,27.54770979,1,Coolest
0032587AR,433003.852,4584868.187,41.4125724,2.1983735,Styphnolobium japonicum,27.60538528,1,Coolest
0032767AR,432964.252,4585413.067,41.4174767,2.1978394,Styphnolobium japonicum,28.19176292,2,Cool
0032973AR,433004.982,4584864.387,41.4125383,2.1983875,Styphnolobium japonicum,27.6336132,1,Coolest
0033052AR,433020.742,4584880.627,41.4126859,2.1985742,Styphnolobium japonicum,27.46737145,1,Coolest
0033123AR,433002.771,4584876.481,41.412647,2.1983597,Styphnolobium japonicum,27.60019688,1,Coolest
0034613AR,433940.952,4586041.272,41.4232156,2.209457,Styphnolobium japonicum,29.0919896,3,Warm
0034808AR,433958.168,4585974.809,41.4226184,2.2096703,Styphnolobium japonicum,28.7040432,2,Cool
0034814AR,434085.292,4585962.781,41.4225206,2.2111928,Styphnolobium japonicum,28.02370275,2,Cool
0034987AR,433950.049,4586004.027,41.4228809,2.20957,Styphnolobium japonicum,28.87681717,2,Cool
0035025AR,433228.059,4585724.617,41.4203047,2.2009614,Styphnolobium japonicum,28.13459593,2,Cool
0035045AR,433946.469,4586018.679,41.4230126,2.2095255,Styphnolobium japonicum,28.9726794,3,Warm
0035125AR,433942.372,4586035.592,41.4231646,2.2094746,Styphnolobium japonicum,29.06639065,3,Warm
0035179AR,434085.072,4585974.991,41.4226305,2.2111888,Styphnolobium japonicum,28.1701658,2,Cool
0035190AR,433979.339,4585912.281,41.422057,2.2099305,Styphnolobium japonicum,28.45100661,2,Cool
0035238AR,433930.664,4586039.558,41.4231994,2.2093341,Styphnolobium japonicum,29.03663623,3,Warm
0035260AR,433986.174,4585928.81,41.4222065,2.2100104,Styphnolobium japonicum,28.48207914,2,Cool
0035318AR,433939.052,4586006.872,41.4229057,2.2094381,Styphnolobium japonicum,28.90085724,3,Warm
0035415AR,434085.072,4585968.941,41.422576,2.2111895,Styphnolobium japonicum,28.15044363,2,Cool
0035502AR,433935.922,4586019.989,41.4230235,2.2093992,Styphnolobium japonicum,28.95997176,3,Warm
0035510AR,433945.837,4585981.107,41.4226742,2.2095221,Styphnolobium japonicum,28.75676799,2,Cool
0035596AR,433983.871,4585916.716,41.4220973,2.2099842,Styphnolobium japonicum,28.45843056,2,Cool
0035728AR,433923.742,4586069.572,41.4234691,2.209248,Styphnolobium japonicum,29.13498175,3,Warm
0035864AR,434043.943,4586076.451,41.423541,2.2106856,Styphnolobium japonicum,29.36564892,3,Warm
0035908AR,433220.289,4585732.587,41.4203758,2.2008676,Styphnolobium japonicum,28.10776819,2,Cool
0035991AR,433934.03,4586026.635,41.4230832,2.2093758,Styphnolobium japonicum,28.9969201,3,Warm
0036023AR,434084.743,4585945.552,41.4223653,2.2111881,Styphnolobium japonicum,28.00123451,2,Cool
0036064AR,433939.928,4586002.428,41.4228657,2.209449,Styphnolobium japonicum,28.87536465,2,Cool
0036541AR,433252.969,4585700.507,41.4200896,2.2012622,Styphnolobium japonicum,28.22464212,2,Cool
0036674AR,434038.933,4586075.141,41.4235288,2.2106258,Styphnolobium japonicum,29.40056006,3,Warm
0036703AR,433951.743,4585998.104,41.4228277,2.2095909,Styphnolobium japonicum,28.84407421,2,Cool
0036809AR,433209.729,4585742.747,41.4204665,2.2007401,Styphnolobium japonicum,28.08831287,2,Cool
0036836AR,433947.326,4586012.991,41.4229615,2.2095364,Styphnolobium japonicum,28.92982915,3,Warm
0036848AR,433246.789,4585705.887,41.4201376,2.2011876,Styphnolobium japonicum,28.18752737,2,Cool
0036867AR,433224.069,4585728.407,41.4203385,2.2009133,Styphnolobium japonicum,28.12489282,2,Cool
0036907AR,433932.187,4586032.909,41.4231396,2.2093531,Styphnolobium japonicum,29.02252429,3,Warm
0036921AR,433983.541,4585908.022,41.422019,2.2099812,Styphnolobium japonicum,28.44385915,2,Cool
0037023AR,433941.22200000007,4585998.03,41.4228262,2.209465,Styphnolobium japonicum,28.84298297,2,Cool
0037120AR,433989.647,4585932.506,41.42224,2.2100516,Styphnolobium japonicum,28.49048643,2,Cool
0037149AR,433926.522,4586058.172,41.4233667,2.2092825,Styphnolobium japonicum,29.10146545,3,Warm
0037426AR,433925.1319999999,4586063.872,41.4234179,2.2092653,Styphnolobium japonicum,29.11121866,3,Warm
0037434AR,433931.871,4586073.223,41.4235027,2.2093449,Styphnolobium japonicum,29.17562805,3,Warm
0037475AR,433944.971,4585985.465,41.4227133,2.2095112,Styphnolobium japonicum,28.77815037,2,Cool
0037534AR,433948.997,4586007.848,41.4229153,2.2095569,Styphnolobium japonicum,28.90676318,3,Warm
0037607AR,433929.302,4586046.772,41.4232642,2.209317,Styphnolobium japonicum,29.08180677,3,Warm
0037622AR,433927.912,4586052.472,41.4233155,2.2092998,Styphnolobium japonicum,29.11012498,3,Warm
0037740AR,433935.734,4586060.241,41.4233861,2.2093925,Styphnolobium japonicum,29.16543932,3,Warm
0037787AR,433946.928,4585976.897,41.4226363,2.2095356,Styphnolobium japonicum,28.7233583,2,Cool
0037857AR,433943.21,4586030.141,41.4231156,2.2094853,Styphnolobium japonicum,29.03156623,3,Warm
0037875AR,433993.443,4585936.311,41.4222746,2.2100966,Styphnolobium japonicum,28.50169795,2,Cool
0037877AR,433956.498,4585980.339,41.4226681,2.2096497,Styphnolobium japonicum,28.7415977,2,Cool
0038007AR,434083.79,4585938.591,41.4223026,2.2111774,Styphnolobium japonicum,28.05133623,2,Cool
0038056AR,433977.121,4585893.902,41.4218913,2.2099059,Styphnolobium japonicum,28.40860618,2,Cool
0038150AR,434084.282,4585980.261,41.4226779,2.2111788,Styphnolobium japonicum,28.22408592,2,Cool
0038463AR,434083.532,4585921.021,41.4221443,2.2111763,Styphnolobium japonicum,28.17263283,2,Cool
0038491AR,433595.727,4585440.324,41.4177746,2.205392,Styphnolobium japonicum,27.1410292,1,Coolest
0038505AR,433598.097,4585442.914,41.4177981,2.2054201,Styphnolobium japonicum,27.05923221,1,Coolest
0038747AR,434087.232,4585921.371,41.4221477,2.2112205,Styphnolobium japonicum,28.0846341,2,Cool
0038853AR,433591.317,4585434.724,41.4177238,2.2053399,Styphnolobium japonicum,27.27834307,1,Coolest
0040135AR,432434.608,4584774.823,41.4116839,2.1915735,Styphnolobium japonicum,28.71079501,2,Cool
0040140AR,432728.009,4584586.899,41.4100159,2.1951046,Styphnolobium japonicum,27.8697841,2,Cool
0040397AR,432500.38,4584730.391,41.4112892,2.1923653,Styphnolobium japonicum,28.44107218,2,Cool
0040538AR,432478.838,4584728.343,41.411269,2.1921078,Styphnolobium japonicum,28.50430369,2,Cool
0040571AR,432280.699,4584580.412,41.4099199,2.1897538,Styphnolobium japonicum,28.71190103,2,Cool
0040587AR,432258.799,4584590.223,41.4100064,2.1894907,Styphnolobium japonicum,28.75560466,2,Cool
0040785AR,432651.889,4584551.25,41.4096884,2.1941979,Styphnolobium japonicum,27.60848293,1,Coolest
0040876AR,432724.019,4584567.419,41.4098401,2.195059,Styphnolobium japonicum,27.67738763,1,Coolest
0041044AR,432630.109,4584573.92,41.4098908,2.1939348,Styphnolobium japonicum,28.21396809,2,Cool
0041457AR,432264.049,4584587.843,41.4099854,2.1895538,Styphnolobium japonicum,28.74359215,2,Cool
0041604AR,432728.709,4584590.839,41.4100515,2.1951125,Styphnolobium japonicum,27.95712947,2,Cool
0041782AR,432729.419,4584594.749,41.4100867,2.1951206,Styphnolobium japonicum,27.97043167,2,Cool
0041832AR,432727.199,4584583.019,41.4099809,2.1950953,Styphnolobium japonicum,27.82906575,1,Coolest
0041888AR,432725.379,4584575.189,41.4099102,2.1950744,Styphnolobium japonicum,27.711601,1,Coolest
0042055AR,432724.739,4584571.349,41.4098756,2.1950672,Styphnolobium japonicum,27.65133126,1,Coolest
0042411AR,432158.832,4585116.154,41.4147349,2.1882358,Styphnolobium japonicum,28.24629706,2,Cool
0042448AR,432209.382,4585022.184,41.4138928,2.1888511,Styphnolobium japonicum,28.57701457,2,Cool
0042519AR,432208.693,4585164.964,41.4151787,2.1888269,Styphnolobium japonicum,28.44101415,2,Cool
0042532AR,431739.435,4585478.998,41.4179674,2.183177,Styphnolobium japonicum,28.94749564,3,Warm
0042583AR,431720.705,4585500.178,41.4181566,2.1829505,Styphnolobium japonicum,28.9598854,3,Warm
0042698AR,432148.532,4585097.334,41.4145645,2.1881147,Styphnolobium japonicum,28.24600444,2,Cool
0042713AR,432285.794,4585256.763,41.416012,2.1897391,Styphnolobium japonicum,28.93227585,3,Warm
0042803AR,431801.204,4585438.227,41.4176054,2.1839207,Styphnolobium japonicum,28.75415708,2,Cool
0042823AR,432150.292,4585107.614,41.4146573,2.1881346,Styphnolobium japonicum,28.22506834,2,Cool
0042879AR,431903.674,4585333.336,41.4166694,2.1851585,Styphnolobium japonicum,28.36205215,2,Cool
0042913AR,432151.463,4585125.054,41.4148144,2.1881466,Styphnolobium japonicum,28.21619206,2,Cool
0043007AR,431726.365,4585494.858,41.4181091,2.1830188,Styphnolobium japonicum,28.95301512,3,Warm
0043018AR,432103.08200000005,4585130.845,41.4148625,2.1875671,Styphnolobium japonicum,28.11158064,2,Cool
0043225AR,432174.98300000007,4585132.424,41.4148828,2.1884272,Styphnolobium japonicum,28.28745537,2,Cool
0043229AR,431687.565,4585534.128,41.4184595,2.1825501,Styphnolobium japonicum,28.94509254,3,Warm
0043376AR,431664.845,4585551.429,41.4186134,2.1822763,Styphnolobium japonicum,28.91048929,3,Warm
0043551AR,431880.805,4585357.34,41.4168837,2.1848822,Styphnolobium japonicum,28.41287007,2,Cool
0043593AR,432315.234,4585262.853,41.4160694,2.1900907,Styphnolobium japonicum,28.99723113,3,Warm
0043605AR,431596.8350000001,4585626.419,41.419283,2.1814541,Styphnolobium japonicum,28.75773448,2,Cool
0043637AR,432373.604,4585326.856,41.4166507,2.1907819,Styphnolobium japonicum,29.32499766,3,Warm
0043650AR,432148.782,4585088.214,41.4144824,2.1881187,Styphnolobium japonicum,28.26009732,2,Cool
0043686AR,432299.91399999993,4585255.013,41.4159975,2.1899082,Styphnolobium japonicum,28.95462801,3,Warm
0043872AR,431624.375,4585598.179,41.419031,2.1817868,Styphnolobium japonicum,28.79624284,2,Cool
0043873AR,432305.604,4585260.703,41.4160492,2.1899757,Styphnolobium japonicum,28.98479784,3,Warm
0043890AR,431824.474,4585415.187,41.4173999,2.1842017,Styphnolobium japonicum,28.65006176,2,Cool
0043914AR,431885.405,4585352.587,41.4168412,2.1849378,Styphnolobium japonicum,28.40361967,2,Cool
0044016AR,432220.083,4585168.854,41.4152147,2.1889627,Styphnolobium japonicum,28.45494888,2,Cool
0044419AR,433247.592,4588722.362,41.447306,2.2008641,Styphnolobium japonicum,29.37385668,3,Warm
0044574AR,433242.851,4588704.412,41.447144,2.2008093,Styphnolobium japonicum,29.50840715,3,Warm
0044583AR,433241.771,4588719.782,41.4472823,2.2007947,Styphnolobium japonicum,29.34782972,3,Warm
0044659AR,433247.591,4588703.562,41.4471367,2.2008661,Styphnolobium japonicum,29.56018245,3,Warm
0044663AR,433240.781,4588710.002,41.4471942,2.2007839,Styphnolobium japonicum,29.44604457,3,Warm
0044818AR,433237.3709999999,4588717.062,41.4472575,2.2007423,Styphnolobium japonicum,29.36242376,3,Warm
0045070AR,433246.781,4588716.012,41.4472488,2.2008551,Styphnolobium japonicum,29.44167117,3,Warm
0045081AR,433263.701,4588709.971,41.4471958,2.2010583,Styphnolobium japonicum,29.63317975,3,Warm
0045108AR,433254.891,4588716.321,41.4472523,2.2009521,Styphnolobium japonicum,29.50971928,3,Warm
0046963AR,432446.021,4589429.153,41.4536048,2.1911898,Styphnolobium japonicum,28.78311911,2,Cool
0046980AR,432453.127,4589422.206,41.4535428,2.1912756,Styphnolobium japonicum,28.86165146,2,Cool
0047005AR,432477.047,4589390.749,41.4532615,2.1915655,Styphnolobium japonicum,29.07420407,3,Warm
0047025AR,432374.211,4589038.55,41.4500807,2.1903739,Styphnolobium japonicum,29.28114799,3,Warm
0047052AR,432461.99,4589405.442,41.4533926,2.1913836,Styphnolobium japonicum,28.94313046,3,Warm
0047055AR,432477.485,4589398.613,41.4533324,2.1915699,Styphnolobium japonicum,29.06012627,3,Warm
0047056AR,432577.911,4588849.967,41.4483994,2.1928334,Styphnolobium japonicum,29.50961506,3,Warm
0047061AR,432473.466,4589402.347,41.4533657,2.1915214,Styphnolobium japonicum,29.03164661,3,Warm
0047110AR,432507.285,4589371.958,41.4530948,2.1919296,Styphnolobium japonicum,29.25520164,3,Warm
0047138AR,432473.302,4589394.171,41.453292,2.1915203,Styphnolobium japonicum,29.05038669,3,Warm
0047144AR,432437.589,4589428.638,41.4535995,2.1910889,Styphnolobium japonicum,28.72745637,2,Cool
0047156AR,432438.231,4589436.508,41.4536704,2.1910957,Styphnolobium japonicum,28.71303412,2,Cool
0047195AR,432449.34,4589426.13,41.4535779,2.1912299,Styphnolobium japonicum,28.80981907,2,Cool
0047229AR,432426.273,4589439.712,41.4536982,2.1909522,Styphnolobium japonicum,28.62136936,2,Cool
0047316AR,432518.286,4589361.252,41.4529993,2.1920625,Styphnolobium japonicum,29.28905315,3,Warm
0047319AR,432481.4369999999,4589395.085,41.4533009,2.1916176,Styphnolobium japonicum,29.09998727,3,Warm
0047336AR,432488.325,4589379.738,41.4531633,2.1917018,Styphnolobium japonicum,29.16330057,3,Warm
0047391AR,432492.765,4589384.598,41.4532074,2.1917544,Styphnolobium japonicum,29.16272514,3,Warm
0047402AR,432535.674,4589344.834,41.4528529,2.1922725,Styphnolobium japonicum,29.33597687,3,Warm
0047436AR,432496.525,4589380.748,41.4531731,2.1917998,Styphnolobium japonicum,29.18880892,3,Warm
0047459AR,432489.072,4589387.974,41.4532375,2.1917098,Styphnolobium japonicum,29.15025304,3,Warm
0047493AR,432370.132,4589024.989,41.4499583,2.1903265,Styphnolobium japonicum,29.27083742,3,Warm
0047502AR,432540.693,4589339.875,41.4528087,2.1923331,Styphnolobium japonicum,29.35308293,3,Warm
0047509AR,432418.906,4589448.339,41.4537753,2.190863,Styphnolobium japonicum,28.5680353,2,Cool
0047525AR,432441.357,4589424.876,41.4535659,2.1911344,Styphnolobium japonicum,28.75997319,2,Cool
0047531AR,432487.847,4589372.119,41.4530946,2.1916969,Styphnolobium japonicum,29.18446445,3,Warm
0047554AR,432429.904,4589436.073,41.4536658,2.1909961,Styphnolobium japonicum,28.6430005,2,Cool
0047561AR,432442.306,4589432.969,41.4536389,2.1911449,Styphnolobium japonicum,28.7357631,2,Cool
0047610AR,432452.28,4589414.427,41.4534727,2.1912664,Styphnolobium japonicum,28.8520001,2,Cool
0047624AR,432460.788,4589415.177,41.4534802,2.1913681,Styphnolobium japonicum,28.9328711,3,Warm
0047664AR,432469.866,4589405.923,41.4533976,2.1914779,Styphnolobium japonicum,28.99213163,3,Warm
0047728AR,432371.6,4589030.061,41.4500041,2.1903435,Styphnolobium japonicum,29.27566469,3,Warm
0047748AR,432512.586,4589366.66,41.4530476,2.1919937,Styphnolobium japonicum,29.27604877,3,Warm
0047752AR,432491.744,4589376.555,41.4531349,2.1917431,Styphnolobium japonicum,29.18940198,3,Warm
0047828AR,432433.801,4589432.323,41.4536323,2.1910431,Styphnolobium japonicum,28.68317326,2,Cool
0047899AR,432448.39,4589418.139,41.4535058,2.1912194,Styphnolobium japonicum,28.82060462,2,Cool
0047902AR,432368.8020000001,4589019.959,41.4499128,2.1903112,Styphnolobium japonicum,29.2662704,3,Warm
0047904AR,432469.406,4589397.859,41.4533249,2.1914732,Styphnolobium japonicum,29.00510118,3,Warm
0047980AR,432444.929,4589421.565,41.4535364,2.1911776,Styphnolobium japonicum,28.78709369,2,Cool
0048031AR,432579.121,4588837.927,41.448291,2.1928492,Styphnolobium japonicum,29.60703184,3,Warm
0048047AR,432456.788,4589418.677,41.4535114,2.1913199,Styphnolobium japonicum,28.88332804,2,Cool
0048061AR,432513.925,4589356.648,41.4529575,2.1920108,Styphnolobium japonicum,29.29086303,3,Warm
0048112AR,432484.639,4589383.393,41.4531959,2.1916572,Styphnolobium japonicum,29.13398659,3,Warm
0048151AR,432422.225,4589443.512,41.4537321,2.1909033,Styphnolobium japonicum,28.59737033,2,Cool
0048204AR,432578.471,4588843.897,41.4483448,2.1928408,Styphnolobium japonicum,29.5634683,3,Warm
0048262AR,432577.161,4588858.557,41.4484767,2.1928235,Styphnolobium japonicum,29.42502961,3,Warm
0048364AR,432480.874,4589387.07,41.4532287,2.1916117,Styphnolobium japonicum,29.10018646,3,Warm
0048371AR,432503.005,4589367.618,41.4530554,2.1918789,Styphnolobium japonicum,29.24846077,3,Warm
0048443AR,432456.385,4589410.299,41.4534359,2.191316,Styphnolobium japonicum,28.88261265,2,Cool
0048477AR,432485.30499999993,4589391.798,41.4532717,2.1916643,Styphnolobium japonicum,29.12520019,3,Warm
0048499AR,432426.349,4589448.144,41.4537742,2.1909522,Styphnolobium japonicum,28.62961634,2,Cool
0048527AR,432580.061,4588832.147,41.4482391,2.1928611,Styphnolobium japonicum,29.6770802,3,Warm
0048530AR,432508.225,4589362.358,41.4530084,2.1919419,Styphnolobium japonicum,29.26436271,3,Warm
0048543AR,432465.767,4589401.495,41.4533574,2.1914293,Styphnolobium japonicum,28.98479244,3,Warm
0048549AR,432466.187,4589409.825,41.4534324,2.1914334,Styphnolobium japonicum,28.95540492,3,Warm
0048564AR,432524.14,4589355.82,41.4529509,2.1921332,Styphnolobium japonicum,29.30365493,3,Warm
0048724AR,431223.999,4589675.415,41.455719,2.1765322,Styphnolobium japonicum,27.42914222,1,Coolest
0048732AR,431073.0,4589690.0,41.4558374,2.1747227,Styphnolobium japonicum,27.44703548,1,Coolest
0048746AR,431119.00000000006,4589677.0,41.4557243,2.1752749,Styphnolobium japonicum,27.6630675,1,Coolest
0048751AR,431149.0,4589680.0,41.4557539,2.1756337,Styphnolobium japonicum,27.66456808,1,Coolest
0048789AR,431139.00000000006,4589678.0,41.455735,2.1755143,Styphnolobium japonicum,27.677518,1,Coolest
0048860AR,431215.28,4589633.244,41.4553384,2.1764326,Styphnolobium japonicum,27.56674747,1,Coolest
0048867AR,431216.565,4589628.574,41.4552965,2.1764485,Styphnolobium japonicum,27.57229201,1,Coolest
0048868AR,431124.0,4589677.0,41.4557247,2.1753348,Styphnolobium japonicum,27.6645231,1,Coolest
0048879AR,431218.141,4589623.505,41.455251,2.1764679,Styphnolobium japonicum,27.58224722,1,Coolest
0048891AR,431153.0,4589681.0,41.4557632,2.1756815,Styphnolobium japonicum,27.65941377,1,Coolest
0048901AR,431067.621,4589727.675,41.4561763,2.174654,Styphnolobium japonicum,27.44473816,1,Coolest
0048908AR,431065.0,4589692.0,41.4558547,2.1746267,Styphnolobium japonicum,27.40401532,1,Coolest
0048926AR,431220.546,4589669.546,41.4556658,2.1764915,Styphnolobium japonicum,27.44545593,1,Coolest
0048954AR,431212.707,4589568.967,41.4547593,2.1764091,Styphnolobium japonicum,27.56422228,1,Coolest
0048971AR,431115.00000000006,4589677.0,41.4557239,2.175227,Styphnolobium japonicum,27.652183,1,Coolest
0048975AR,431201.135,4589552.914,41.4546137,2.1762724,Styphnolobium japonicum,27.58040333,1,Coolest
0049014AR,431219.571,4589585.721,41.4549108,2.1764894,Styphnolobium japonicum,27.51272571,1,Coolest
0049026AR,431212.826,4589647.486,41.4554665,2.1764016,Styphnolobium japonicum,27.54292091,1,Coolest
0049043AR,431207.665,4589560.848,41.4546857,2.1763497,Styphnolobium japonicum,27.57485276,1,Coolest
0049063AR,431218.1,4589664.261,41.455618,2.1764628,Styphnolobium japonicum,27.46371652,1,Coolest
0049066AR,431212.676,4589654.719,41.4555316,2.176399,Styphnolobium japonicum,27.52712272,1,Coolest
0049077AR,431204.765,4589557.078,41.4546515,2.1763154,Styphnolobium japonicum,27.56112132,1,Coolest
0049095AR,431218.255,4589581.843,41.4548757,2.176474,Styphnolobium japonicum,27.51717047,1,Coolest
0049123AR,431144.0,4589679.0,41.4557444,2.175574,Styphnolobium japonicum,27.67018979,1,Coolest
0049124AR,431214.483,4589573.262,41.4547981,2.1764299,Styphnolobium japonicum,27.5381455,1,Coolest
0049137AR,431216.0,4589577.0,41.4548319,2.1764476,Styphnolobium japonicum,27.52535119,1,Coolest
0049140AR,431210.0,4589564.0,41.4547143,2.1763773,Styphnolobium japonicum,27.58484526,1,Coolest
0049151AR,431197.882,4589549.213,41.4545801,2.1762339,Styphnolobium japonicum,27.61474906,1,Coolest
0049943AR,431708.0200000001,4588353.601,41.4438553,2.1824763,Styphnolobium japonicum,29.16421221,3,Warm
0051044AR,432032.166,4588551.432,41.4456646,2.1863341,Styphnolobium japonicum,29.33010389,3,Warm
0051066AR,431925.729,4588598.871,41.4460828,2.1850546,Styphnolobium japonicum,28.99222265,3,Warm
0051104AR,432010.498,4588548.331,41.4456348,2.186075,Styphnolobium japonicum,29.30150186,3,Warm
0051114AR,431516.225,4587989.914,41.4405633,2.1802218,Styphnolobium japonicum,29.96925829,3,Warm
0051118AR,431541.66,4588062.009,41.4412148,2.1805181,Styphnolobium japonicum,29.43578499,3,Warm
0051124AR,431934.243,4588597.607,41.4460721,2.1851567,Styphnolobium japonicum,29.00815464,3,Warm
0051157AR,431947.298,4588564.281,41.4457731,2.1853167,Styphnolobium japonicum,29.10220914,3,Warm
0051164AR,431560.987,4588242.454,41.4428417,2.180729,Styphnolobium japonicum,29.37017545,3,Warm
0051183AR,431684.166,4588362.783,41.4439359,2.1821898,Styphnolobium japonicum,29.1731851,3,Warm
0051207AR,432021.908,4588546.321,41.4456177,2.1862118,Styphnolobium japonicum,29.34079845,3,Warm
0051221AR,431713.656,4588333.033,41.4436705,2.1825461,Styphnolobium japonicum,29.17602893,3,Warm
0051295AR,431714.616,4588345.643,41.4437841,2.1825562,Styphnolobium japonicum,29.16580676,3,Warm
0051301AR,431526.062,4588081.014,41.4413847,2.1803292,Styphnolobium japonicum,29.37061488,3,Warm
0051310AR,431533.036,4588073.705,41.4413194,2.1804135,Styphnolobium japonicum,29.39959639,3,Warm
0051319AR,431539.777,4588069.709,41.441284,2.1804947,Styphnolobium japonicum,29.40754964,3,Warm
0051322AR,432018.059,4588553.784,41.4456845,2.1861649,Styphnolobium japonicum,29.30667339,3,Warm
0051327AR,431950.488,4588544.831,41.4455982,2.1853571,Styphnolobium japonicum,29.1568383,3,Warm
0051371AR,431537.191,4588064.649,41.4412382,2.1804643,Styphnolobium japonicum,29.43143004,3,Warm
0051415AR,431948.798,4588538.571,41.4455417,2.1853376,Styphnolobium japonicum,29.17528127,3,Warm
0051419AR,431900.848,4588570.932,41.4458291,2.18476,Styphnolobium japonicum,29.01100925,3,Warm
0051492AR,432039.948,4588543.67,41.4455953,2.1864281,Styphnolobium japonicum,29.38110005,3,Warm
0051537AR,432012.018,4588554.111,41.445687,2.1860926,Styphnolobium japonicum,29.27965378,3,Warm
0051626AR,431719.556,4588342.343,41.4437548,2.1826157,Styphnolobium japonicum,29.16602319,3,Warm
0051635AR,432041.184,4588550.368,41.4456557,2.1864421,Styphnolobium japonicum,29.35866229,3,Warm
0051669AR,431951.978,4588550.391,41.4456484,2.1853743,Styphnolobium japonicum,29.14392899,3,Warm
0051683AR,431907.478,4588569.981,41.4458211,2.1848394,Styphnolobium japonicum,29.02122314,3,Warm
0051700AR,431982.591,4588559.632,41.4457342,2.1857397,Styphnolobium japonicum,29.2005325,3,Warm
0051732AR,431953.668,4588555.561,41.4456951,2.185394,Styphnolobium japonicum,29.13400317,3,Warm
0051757AR,431566.834,4588036.563,41.4409878,2.1808223,Styphnolobium japonicum,29.58995557,3,Warm
0051801AR,432035.6589999999,4588544.785,41.445605,2.1863766,Styphnolobium japonicum,29.36617488,3,Warm
0051810AR,431512.533,4588000.504,41.4406584,2.1801764,Styphnolobium japonicum,29.88326648,3,Warm
0051819AR,431920.748,4588568.081,41.4458051,2.1849985,Styphnolobium japonicum,29.04567916,3,Warm
0051844AR,431848.187,4588418.762,41.444454,2.1841468,Styphnolobium japonicum,29.2511479,3,Warm
0051858AR,431968.065,4588561.841,41.4457529,2.1855656,Styphnolobium japonicum,29.15947941,3,Warm
0051909AR,431550.947,4588056.343,41.4411646,2.1806299,Styphnolobium japonicum,29.47685136,3,Warm
0051961AR,431972.929,4588561.063,41.4457463,2.1856239,Styphnolobium japonicum,29.17411348,3,Warm
0051996AR,431521.074,4588081.844,41.4413917,2.1802694,Styphnolobium japonicum,29.37393077,3,Warm
0052006AR,431686.0,4588356.0,41.443875,2.1822125,Styphnolobium japonicum,29.17697137,3,Warm
0052007AR,431945.368,4588526.211,41.44543,2.1852979,Styphnolobium japonicum,29.20063707,3,Warm
0052039AR,432001.912,4588556.273,41.4457056,2.1859714,Styphnolobium japonicum,29.25327918,3,Warm
0052081AR,431539.384,4588028.661,41.4409143,2.1804946,Styphnolobium japonicum,29.67496597,3,Warm
0052103AR,431946.718,4588532.371,41.4454856,2.1853134,Styphnolobium japonicum,29.18955405,3,Warm
0052117AR,431841.488,4588432.041,41.4445731,2.1840651,Styphnolobium japonicum,29.23731196,3,Warm
0052165AR,432036.679,4588550.831,41.4456595,2.1863881,Styphnolobium japonicum,29.34424497,3,Warm
0052180AR,431987.329,4588558.75,41.4457267,2.1857965,Styphnolobium japonicum,29.21158123,3,Warm
0052233AR,431601.433,4587999.713,41.4406588,2.1812406,Styphnolobium japonicum,29.79818144,3,Warm
0052236AR,431717.396,4588349.983,41.4438235,2.182589,Styphnolobium japonicum,29.16267008,3,Warm
0052240AR,431847.998,4588442.393,41.4446669,2.1841418,Styphnolobium japonicum,29.23402067,3,Warm
0052241AR,432030.978,4588545.08,41.4456073,2.1863206,Styphnolobium japonicum,29.3586235,3,Warm
0052251AR,432023.265,4588553.04,41.4456783,2.1862273,Styphnolobium japonicum,29.31288506,3,Warm
0052263AR,432026.698,4588545.761,41.445613,2.1862692,Styphnolobium japonicum,29.34356966,3,Warm
0052284AR,431575.1159999999,4588033.426,41.4409603,2.1809218,Styphnolobium japonicum,29.60701523,3,Warm
0052291AR,431854.5470000001,4588431.552,41.4445698,2.1842215,Styphnolobium japonicum,29.2560587,3,Warm
0052305AR,431977.784,4588560.195,41.4457389,2.1856821,Styphnolobium japonicum,29.18424483,3,Warm
0052329AR,431576.815,4588027.665,41.4409085,2.1809428,Styphnolobium japonicum,29.65214347,3,Warm
0052348AR,431546.36,4588064.144,41.4412345,2.1805741,Styphnolobium japonicum,29.41986957,3,Warm
0052358AR,431963.158,4588562.773,41.4457609,2.1855067,Styphnolobium japonicum,29.1396373,3,Warm
0052410AR,432027.877,4588552.066,41.4456699,2.1862826,Styphnolobium japonicum,29.32177476,3,Warm
0052433AR,431559.3540000001,4588045.423,41.441067,2.1807317,Styphnolobium japonicum,29.54960305,3,Warm
0052510AR,431927.388,4588567.131,41.4457971,2.1850781,Styphnolobium japonicum,29.0563264,3,Warm
0052522AR,431543.199,4588032.654,41.4409506,2.1805398,Styphnolobium japonicum,29.62896427,3,Warm
0052530AR,431579.994,4588024.268,41.4408782,2.1809812,Styphnolobium japonicum,29.67468058,3,Warm
0052536AR,431992.024,4588557.853,41.445719,2.1858528,Styphnolobium japonicum,29.23649393,3,Warm
0052550AR,431547.695,4588250.704,41.4429148,2.1805689,Styphnolobium japonicum,29.39627106,3,Warm
0052571AR,431929.302,4588590.216,41.4460052,2.1850984,Styphnolobium japonicum,29.01305841,3,Warm
0052666AR,431940.658,4588565.231,41.4457811,2.1852371,Styphnolobium japonicum,29.08708295,3,Warm
0052729AR,431716.606,4588337.693,41.4437127,2.1825809,Styphnolobium japonicum,29.16840063,3,Warm
0052734AR,431531.299,4588078.521,41.4413627,2.1803922,Styphnolobium japonicum,29.37577237,3,Warm
0052738AR,431834.722,4588421.397,41.4444766,2.1839853,Styphnolobium japonicum,29.23309694,3,Warm
0052747AR,431690.413,4588360.554,41.4439164,2.1822648,Styphnolobium japonicum,29.16710916,3,Warm
0052757AR,431838.20199999993,4588426.855,41.4445261,2.1840263,Styphnolobium japonicum,29.23847024,3,Warm
0052778AR,431943.158,4588519.501,41.4453694,2.1852722,Styphnolobium japonicum,29.21577643,3,Warm
0052784AR,431914.118,4588569.031,41.4458131,2.184919,Styphnolobium japonicum,29.03298443,3,Warm
0052889AR,431694.966,4588358.893,41.4439018,2.1823195,Styphnolobium japonicum,29.16525413,3,Warm
0052939AR,431845.091,4588437.478,41.4446224,2.1841076,Styphnolobium japonicum,29.23936524,3,Warm
0052946AR,431564.922,4588239.958,41.4428195,2.1807764,Styphnolobium japonicum,29.36560701,3,Warm
0052958AR,431934.018,4588566.181,41.4457891,2.1851575,Styphnolobium japonicum,29.07227781,3,Warm
0052960AR,431958.538,4588563.477,41.4457668,2.1854514,Styphnolobium japonicum,29.13147671,3,Warm
0052976AR,431851.207,4588447.498,41.4447131,2.1841797,Styphnolobium japonicum,29.2370036,3,Warm
0053920AR,431930.708,4589125.183,41.4508235,2.1850549,Styphnolobium japonicum,29.18760926,3,Warm
0053971AR,431933.466,4589120.168,41.4507786,2.1850885,Styphnolobium japonicum,29.16964195,3,Warm
0054123AR,432038.5300000001,4589226.862,41.4517484,2.1863342,Styphnolobium japonicum,28.92924106,3,Warm
0054131AR,431807.335,4588906.673,41.448845,2.1836027,Styphnolobium japonicum,30.30216863,4,Hottest
0054136AR,431938.0200000001,4589142.384,41.4509791,2.1851405,Styphnolobium japonicum,29.18478863,3,Warm
0054147AR,431925.607,4589102.42,41.4506181,2.1849964,Styphnolobium japonicum,29.19217876,3,Warm
0054157AR,432048.398,4589270.663,41.4521438,2.1864474,Styphnolobium japonicum,29.34530875,3,Warm
0054161AR,432010.805,4589200.848,41.4515118,2.1860053,Styphnolobium japonicum,28.91407923,3,Warm
0054163AR,431814.729,4588898.857,41.4487752,2.1836921,Styphnolobium japonicum,30.24555589,4,Hottest
0054193AR,431948.061,4589155.04,41.4510939,2.1852593,Styphnolobium japonicum,29.12005648,3,Warm
0054236AR,431941.463,4589138.544,41.4509448,2.1851822,Styphnolobium japonicum,29.13041704,3,Warm
0054249AR,431816.406,4588902.811,41.448811,2.1837117,Styphnolobium japonicum,30.25264353,4,Hottest
0054287AR,431918.628,4589096.435,41.4505636,2.1849135,Styphnolobium japonicum,29.27512232,3,Warm
0054290AR,432040.357,4589233.099,41.4518048,2.1863554,Styphnolobium japonicum,28.96979872,3,Warm
0054291AR,431936.114,4589138.519,41.4509441,2.1851181,Styphnolobium japonicum,29.20215084,3,Warm
0054321AR,432042.072,4589239.679,41.4518642,2.1863752,Styphnolobium japonicum,29.04172179,3,Warm
0054347AR,431923.345,4589096.948,41.4505686,2.18497,Styphnolobium japonicum,29.24183088,3,Warm
0054348AR,432005.535,4589196.804,41.4514749,2.1859426,Styphnolobium japonicum,28.9277208,3,Warm
0054371AR,431931.558,4589115.449,41.4507359,2.1850662,Styphnolobium japonicum,29.18500918,3,Warm
0054396AR,432021.801,4589207.2,41.4515699,2.1861362,Styphnolobium japonicum,28.83377424,2,Cool
0054410AR,431928.42,4589086.394,41.450474,2.1850319,Styphnolobium japonicum,29.22826075,3,Warm
0054412AR,432047.086,4589263.323,41.4520776,2.1864326,Styphnolobium japonicum,29.27817326,3,Warm
0054429AR,431921.285,4589092.503,41.4505284,2.1849458,Styphnolobium japonicum,29.25547679,3,Warm
0054432AR,431894.404,4589070.028,41.4503237,2.1846265,Styphnolobium japonicum,29.51056427,3,Warm
0054433AR,431932.81,4589129.954,41.4508667,2.1850795,Styphnolobium japonicum,29.17445524,3,Warm
0054453AR,431920.532,4589101.247,41.4506071,2.1849358,Styphnolobium japonicum,29.26933038,3,Warm
0054489AR,431922.355,4589105.332,41.450644,2.1849572,Styphnolobium japonicum,29.25339818,3,Warm
0054512AR,431934.713,4589134.24,41.4509054,2.1851018,Styphnolobium japonicum,29.19755687,3,Warm
0054544AR,431896.499,4589074.934,41.450368,2.1846511,Styphnolobium japonicum,29.48311691,3,Warm
0054562AR,431928.189,4589119.207,41.4507695,2.1850254,Styphnolobium japonicum,29.22225869,3,Warm
0054565AR,431926.398,4589114.84,41.45073,2.1850045,Styphnolobium japonicum,29.25753034,3,Warm
0054682AR,431927.151,4589106.417,41.4506542,2.1850145,Styphnolobium japonicum,29.20288873,3,Warm
0054758AR,431809.518,4588900.915,41.4487933,2.1836295,Styphnolobium japonicum,30.27353589,4,Hottest
0054763AR,431935.87,4589089.514,41.4505027,2.1851207,Styphnolobium japonicum,29.16119275,3,Warm
0054779AR,431939.385,4589133.831,41.4509021,2.1851578,Styphnolobium japonicum,29.12921001,3,Warm
0054845AR,431935.58,4589124.822,41.4508207,2.1851133,Styphnolobium japonicum,29.13748224,3,Warm
0054947AR,431919.488,4589088.074,41.4504883,2.1849248,Styphnolobium japonicum,29.29910161,3,Warm
0054952AR,432024.484,4589211.412,41.4516081,2.1861678,Styphnolobium japonicum,28.87075329,2,Cool
0054999AR,431917.357,4589083.252,41.4504447,2.1848998,Styphnolobium japonicum,29.30693367,3,Warm
0055002AR,431924.305,4589109.989,41.4506861,2.18498,Styphnolobium japonicum,29.26810026,3,Warm
0055067AR,431914.607,4589087.344,41.4504814,2.1848664,Styphnolobium japonicum,29.32187398,3,Warm
0055115AR,431937.634,4589129.248,41.4508607,2.1851374,Styphnolobium japonicum,29.1256665,3,Warm
0058749AR,430171.58,4587314.228,41.4343619,2.1642056,Styphnolobium japonicum,29.04550154,3,Warm
0058757AR,430480.667,4587335.221,41.4345778,2.1679023,Styphnolobium japonicum,30.23082768,3,Warm
0058836AR,430542.19,4587297.139,41.4342401,2.168643,Styphnolobium japonicum,29.78194914,3,Warm
0058849AR,430191.091,4587351.814,41.4347021,2.1644347,Styphnolobium japonicum,29.69637609,3,Warm
0058989AR,430511.527,4587315.77,41.4344053,2.1682739,Styphnolobium japonicum,29.99788069,3,Warm
0059040AR,430173.333,4587319.656,41.4344109,2.1642259,Styphnolobium japonicum,29.14606782,3,Warm
0059050AR,430195.00000000006,4587337.0,41.434569,2.1644832,Styphnolobium japonicum,29.52244008,3,Warm
0059723AR,428057.343,4586099.331,41.4232332,2.139047,Styphnolobium japonicum,29.32445976,3,Warm
0059727AR,427948.767,4586286.412,41.4249085,2.1377255,Styphnolobium japonicum,27.60063835,1,Coolest
0059758AR,428007.976,4586840.184,41.4299014,2.1383681,Styphnolobium japonicum,28.9292393,3,Warm
0059759AR,427862.071,4586710.472,41.42872,2.1366375,Styphnolobium japonicum,28.86326461,2,Cool
0059763AR,427992.165,4586539.737,41.4271939,2.1382147,Styphnolobium japonicum,28.42553749,2,Cool
0059764AR,427867.849,4586696.122,41.4285913,2.1367083,Styphnolobium japonicum,28.84827926,2,Cool
0059765AR,428045.781,4586096.448,41.4232062,2.138909,Styphnolobium japonicum,29.25503494,3,Warm
0059797AR,427862.101,4586698.798,41.4286149,2.1366392,Styphnolobium japonicum,28.85479696,2,Cool
0059817AR,427866.292,4586700.42,41.4286298,2.1366892,Styphnolobium japonicum,28.85287524,2,Cool
0059821AR,427909.615,4586514.396,41.4269583,2.1372298,Styphnolobium japonicum,28.26448901,2,Cool
0059831AR,427865.134,4586669.474,41.428351,2.136679,Styphnolobium japonicum,28.82492202,2,Cool
0059835AR,427885.548,4586524.185,41.4270443,2.1369407,Styphnolobium japonicum,28.32546357,2,Cool
0059846AR,428001.714,4586266.704,41.4247357,2.1383614,Styphnolobium japonicum,27.80739389,1,Coolest
0059851AR,428055.33700000006,4586061.647,41.4228937,2.1390275,Styphnolobium japonicum,29.19799351,3,Warm
0059864AR,428050.8350000001,4586076.299,41.4230252,2.1389719,Styphnolobium japonicum,29.22486887,3,Warm
0059865AR,427864.249,4586705.327,41.4286739,2.1366642,Styphnolobium japonicum,28.84916966,2,Cool
0059867AR,428060.598,4586106.197,41.4232954,2.1390851,Styphnolobium japonicum,29.36440462,3,Warm
0059883AR,427844.812,4586734.341,41.4289334,2.1364281,Styphnolobium japonicum,28.87016582,2,Cool
0059885AR,427853.01,4586719.348,41.4287991,2.136528,Styphnolobium japonicum,28.86324252,2,Cool
0059919AR,427977.26,4586751.854,41.429103,2.138011,Styphnolobium japonicum,28.95864103,3,Warm
0059964AR,427851.7249999999,4586705.492,41.4286742,2.1365143,Styphnolobium japonicum,28.87669108,2,Cool
0059965AR,428072.734,4586030.794,41.4226173,2.1392393,Styphnolobium japonicum,29.0965866,3,Warm
0059981AR,428049.264,4586103.106,41.4232665,2.1389499,Styphnolobium japonicum,29.27946949,3,Warm
0059986AR,428077.647,4586022.485,41.4225429,2.1392991,Styphnolobium japonicum,29.06418365,3,Warm
0059990AR,428054.089,4586092.464,41.4231711,2.1390089,Styphnolobium japonicum,29.29413134,3,Warm
0060000AR,427846.675,4586715.792,41.4287665,2.1364526,Styphnolobium japonicum,28.88445926,2,Cool
0060004AR,428180.829,4586261.966,41.4247091,2.1405053,Styphnolobium japonicum,28.42655157,2,Cool
0060007AR,428082.022,4586014.466,41.4224711,2.1393524,Styphnolobium japonicum,29.02297421,3,Warm
0060012AR,427869.973,4586675.098,41.4284021,2.1367363,Styphnolobium japonicum,28.82272137,2,Cool
0060018AR,428067.931,4586121.097,41.4234302,2.1391711,Styphnolobium japonicum,29.41591071,3,Warm
0060022AR,427847.574,4586605.647,41.4277746,2.1364765,Styphnolobium japonicum,28.67768385,2,Cool
0060024AR,427847.248,4586729.657,41.4288915,2.1364578,Styphnolobium japonicum,28.86545756,2,Cool
0060061AR,427841.592,4586739.671,41.4289811,2.1363889,Styphnolobium japonicum,28.86695301,2,Cool
0060071AR,428013.984,4586275.083,41.4248123,2.1385073,Styphnolobium japonicum,27.76430035,1,Coolest
0060078AR,427844.047,4586602.025,41.4277416,2.1364347,Styphnolobium japonicum,28.6644154,2,Cool
0060085AR,427964.06,4586727.185,41.4288797,2.137856,Styphnolobium japonicum,28.95936899,3,Warm
0060103AR,427899.777,4586517.335,41.4269839,2.1371118,Styphnolobium japonicum,28.28391351,2,Cool
0060124AR,427834.908,4586736.243,41.4289497,2.1363094,Styphnolobium japonicum,28.88666545,2,Cool
0060134AR,427849.385,4586710.452,41.4287187,2.1364857,Styphnolobium japonicum,28.8854978,2,Cool
0060146AR,427865.844,4586675.674,41.4284069,2.1366868,Styphnolobium japonicum,28.83305399,2,Cool
0060151AR,428028.3,4586256.691,41.4246479,2.1386808,Styphnolobium japonicum,27.97680962,2,Cool
0060152AR,427866.064,4586681.724,41.4284614,2.1366887,Styphnolobium japonicum,28.84002785,2,Cool
0060158AR,428123.602,4586338.759,41.4253956,2.1398114,Styphnolobium japonicum,27.7065247,1,Coolest
0060160AR,428051.552,4586084.197,41.4230964,2.1389795,Styphnolobium japonicum,29.25661962,3,Warm
0060186AR,428059.487,4586054.484,41.4228295,2.139078,Styphnolobium japonicum,29.1945489,3,Warm
0060191AR,428060.166,4586124.555,41.4234607,2.1390778,Styphnolobium japonicum,29.36273463,3,Warm
0060194AR,428052.336,4586068.729,41.4229572,2.1389907,Styphnolobium japonicum,29.21263711,3,Warm
0060209AR,427890.953,4586521.263,41.4270185,2.1370057,Styphnolobium japonicum,28.30799377,2,Cool
0060220AR,428068.52,4586038.521,41.4226866,2.139188,Styphnolobium japonicum,29.14118497,3,Warm
0060225AR,427840.768,4586726.077,41.4288586,2.1363807,Styphnolobium japonicum,28.87994581,2,Cool
0060229AR,427864.64,4586691.878,41.4285528,2.1366705,Styphnolobium japonicum,28.84771465,2,Cool
0060238AR,427828.558,4586746.74,41.4290436,2.1362321,Styphnolobium japonicum,28.87058811,2,Cool
0060239AR,427860.137,4586703.955,41.4286611,2.1366151,Styphnolobium japonicum,28.85632508,2,Cool
0060240AR,428013.748,4586845.545,41.4299502,2.1384365,Styphnolobium japonicum,28.92866761,3,Warm
0060243AR,428056.338,4586117.038,41.4233926,2.1390329,Styphnolobium japonicum,29.33933879,3,Warm
0060247AR,427858.16,4586708.788,41.4287045,2.1365909,Styphnolobium japonicum,28.86658428,2,Cool
0060249AR,428052.711,4586110.058,41.4233294,2.1389903,Styphnolobium japonicum,29.31074396,3,Warm
0060254AR,427870.193,4586681.578,41.4284605,2.1367381,Styphnolobium japonicum,28.8419539,2,Cool
0060756AR,428713.097,4586458.552,41.4265271,2.1468514,Styphnolobium japonicum,32.92859311,4,Hottest
0060766AR,428851.352,4586440.883,41.4263802,2.1485079,Styphnolobium japonicum,31.12037196,4,Hottest
0060798AR,428820.141,4586343.365,41.4254991,2.1481459,Styphnolobium japonicum,30.30614851,4,Hottest
0062333AR,428890.659,4586515.912,41.4270594,2.1489694,Styphnolobium japonicum,30.84628407,4,Hottest
0062361AR,428773.589,4587129.048,41.4325713,2.1474963,Styphnolobium japonicum,28.50970657,2,Cool
0062383AR,428781.723,4587151.343,41.4327728,2.147591,Styphnolobium japonicum,28.40634233,2,Cool
0062459AR,428831.467,4586377.399,41.4258066,2.1482774,Styphnolobium japonicum,30.72623022,4,Hottest
0062467AR,428802.154,4587208.406,41.4332886,2.1478288,Styphnolobium japonicum,28.21230712,2,Cool
0062547AR,428835.224,4586375.613,41.4257909,2.1483226,Styphnolobium japonicum,30.61890026,4,Hottest
0062581AR,428824.516,4586358.529,41.4256361,2.1481964,Styphnolobium japonicum,30.51185762,4,Hottest
0062638AR,428840.45699999994,4586366.331,41.4257077,2.1483863,Styphnolobium japonicum,30.36936974,4,Hottest
0062640AR,428761.764,4586466.11,41.4265994,2.1474329,Styphnolobium japonicum,32.20981534,4,Hottest
0062696AR,428696.517,4586459.833,41.4265371,2.1466528,Styphnolobium japonicum,33.10723778,4,Hottest
0062703AR,428715.284,4586457.781,41.4265203,2.1468776,Styphnolobium japonicum,32.90817173,4,Hottest
0062724AR,428862.087,4586541.13,41.427284,2.1486246,Styphnolobium japonicum,30.89832757,4,Hottest
0062729AR,428798.043,4587196.953,41.433185,2.1477809,Styphnolobium japonicum,28.23318026,2,Cool
0062788AR,428777.363,4587139.773,41.4326682,2.1475401,Styphnolobium japonicum,28.46542726,2,Cool
0062808AR,428825.298,4586353.547,41.4255913,2.1482064,Styphnolobium japonicum,30.44400036,4,Hottest
0062823AR,428783.733,4587156.923,41.4328232,2.1476144,Styphnolobium japonicum,28.37616421,2,Cool
0062830AR,428830.837,4586372.503,41.4257625,2.1482704,Styphnolobium japonicum,30.64866532,4,Hottest
0062831AR,428810.138,4586466.052,41.4266032,2.1480117,Styphnolobium japonicum,31.6591375,4,Hottest
0062834AR,428839.33799999993,4586374.973,41.4257855,2.1483719,Styphnolobium japonicum,30.5144782,4,Hottest
0062835AR,428789.917,4587174.145,41.4329789,2.1476863,Styphnolobium japonicum,28.31352618,2,Cool
0062843AR,428754.121,4586464.941,41.4265882,2.1473415,Styphnolobium japonicum,32.33762462,4,Hottest
0062866AR,428691.654,4586454.775,41.4264911,2.1465952,Styphnolobium japonicum,33.20674153,4,Hottest
0062870AR,428753.743,4587091.53,41.4322316,2.1472632,Styphnolobium japonicum,28.65503438,2,Cool
0062902AR,428755.682,4587096.58,41.4322773,2.1472858,Styphnolobium japonicum,28.6483734,2,Cool
0062911AR,428804.0530000001,4587213.493,41.4333345,2.1478509,Styphnolobium japonicum,28.20754818,2,Cool
0062941AR,428796.113,4587191.023,41.4331315,2.1477585,Styphnolobium japonicum,28.24602768,2,Cool
0062975AR,428934.438,4586494.561,41.426871,2.1494958,Styphnolobium japonicum,30.63007935,4,Hottest
0062981AR,428838.028,4586468.092,41.426624,2.1483452,Styphnolobium japonicum,31.39426449,4,Hottest
0063001AR,428943.258,4586495.831,41.4268832,2.1496012,Styphnolobium japonicum,30.55498712,4,Hottest
0063039AR,428711.714,4586454.608,41.4264914,2.1468353,Styphnolobium japonicum,32.95944482,4,Hottest
0063092AR,428848.83,4586435.709,41.4263333,2.1484783,Styphnolobium japonicum,31.09785832,4,Hottest
0063112AR,428889.385,4586512.13,41.4270252,2.1489546,Styphnolobium japonicum,30.89177452,4,Hottest
0063155AR,428828.85,4586346.342,41.4255267,2.1482497,Styphnolobium japonicum,30.23397297,4,Hottest
0063171AR,428806.315,4587219.573,41.4333895,2.1478772,Styphnolobium japonicum,28.21028972,2,Cool
0063179AR,428658.499,4586466.548,41.4265942,2.1461971,Styphnolobium japonicum,33.17644632,4,Hottest
0063189AR,428761.655,4587113.485,41.43243,2.1473553,Styphnolobium japonicum,28.58799178,2,Cool
0063190AR,428852.783,4586845.243,41.4300222,2.1484774,Styphnolobium japonicum,29.88163442,3,Warm
0063193AR,428755.407,4586461.202,41.4265547,2.1473574,Styphnolobium japonicum,32.30962137,4,Hottest
0063208AR,428835.088,4586464.102,41.4265878,2.1483105,Styphnolobium japonicum,31.39802764,4,Hottest
0063226AR,428850.717,4586418.988,41.4261829,2.1485029,Styphnolobium japonicum,30.93922093,4,Hottest
0063262AR,428799.993,4587202.173,41.4332322,2.1478036,Styphnolobium japonicum,28.22708817,2,Cool
0063263AR,428851.906,4586434.04,41.4263186,2.1485153,Styphnolobium japonicum,31.05008147,4,Hottest
0063272AR,428804.558,4586466.723,41.4266087,2.1479449,Styphnolobium japonicum,31.69883588,4,Hottest
0063285AR,428640.715,4586472.308,41.4266445,2.1459836,Styphnolobium japonicum,33.00158764,4,Hottest
0063353AR,428793.873,4587185.253,41.4330793,2.1477324,Styphnolobium japonicum,28.27653634,2,Cool
0063423AR,429039.118,4586907.669,41.4306009,2.1507,Styphnolobium japonicum,29.66688018,3,Warm
0063477AR,428898.677,4586834.474,41.4299293,2.1490279,Styphnolobium japonicum,29.67982734,3,Warm
0063541AR,428775.523,4587134.253,41.4326183,2.1475188,Styphnolobium japonicum,28.4988122,2,Cool
0063554AR,428771.55999999994,4587123.021,41.4325168,2.1474727,Styphnolobium japonicum,28.5411197,2,Cool
0063565AR,428850.246,4586847.873,41.4300457,2.1484468,Styphnolobium japonicum,29.89033185,3,Warm
0063574AR,429041.051,4586897.431,41.4305089,2.1507243,Styphnolobium japonicum,29.61461426,3,Warm
0063587AR,428696.817,4586454.133,41.4264858,2.1466571,Styphnolobium japonicum,33.15868405,4,Hottest
0063632AR,428912.908,4586500.101,41.426919,2.1492375,Styphnolobium japonicum,30.7858452,4,Hottest
0063662AR,428835.17,4586371.227,41.4257514,2.1483224,Styphnolobium japonicum,30.55501362,4,Hottest
0063734AR,428938.706,4586820.425,41.4298063,2.1495086,Styphnolobium japonicum,29.40718532,3,Warm
0063735AR,428834.787,4586349.691,41.4255574,2.1483204,Styphnolobium japonicum,30.15302346,3,Warm
0063801AR,428759.602,4587107.953,41.43238,2.1473314,Styphnolobium japonicum,28.6055764,2,Cool
0063810AR,428757.562,4587101.833,41.4323247,2.1473077,Styphnolobium japonicum,28.6377788,2,Cool
0063850AR,428894.482,4586833.973,41.4299244,2.1489778,Styphnolobium japonicum,29.69974122,3,Warm
0063859AR,428848.157,4586405.331,41.4260597,2.1484738,Styphnolobium japonicum,30.83480037,4,Hottest
0063896AR,428785.733,4587162.683,41.4328753,2.1476376,Styphnolobium japonicum,28.3550216,2,Cool
0064000AR,429250.143,4586605.759,41.4279004,2.1532607,Styphnolobium japonicum,28.5926303,2,Cool
0064001AR,429275.789,4586621.018,41.4280401,2.1535659,Styphnolobium japonicum,28.59213549,2,Cool
0064019AR,429176.417,4586540.694,41.4273078,2.1523861,Styphnolobium japonicum,28.73279855,2,Cool
0064020AR,429268.419,4586617.388,41.4280067,2.1534781,Styphnolobium japonicum,28.58228856,2,Cool
0064057AR,429279.939,4586622.798,41.4280564,2.1536153,Styphnolobium japonicum,28.59399525,2,Cool
0064066AR,429285.259,4586628.498,41.4281083,2.1536783,Styphnolobium japonicum,28.61244031,2,Cool
0064070AR,429079.409,4586665.86,41.4284266,2.1512106,Styphnolobium japonicum,28.55051478,2,Cool
0064075AR,429290.497,4586636.708,41.4281827,2.15374,Styphnolobium japonicum,28.66277582,2,Cool
0064077AR,429265.729,4586613.068,41.4279676,2.1534464,Styphnolobium japonicum,28.57752591,2,Cool
0064084AR,429408.821,4586747.088,41.4291872,2.1551431,Styphnolobium japonicum,29.37253627,3,Warm
0064090AR,429407.181,4586767.048,41.4293668,2.1551211,Styphnolobium japonicum,29.46320025,3,Warm
0064098AR,429257.939,4586609.179,41.4279318,2.1533536,Styphnolobium japonicum,28.59366442,2,Cool
0064117AR,429260.479,4586613.859,41.4279742,2.1533835,Styphnolobium japonicum,28.59585975,2,Cool
0064125AR,429405.911,4586752.358,41.4292344,2.1551077,Styphnolobium japonicum,29.39809065,3,Warm
0064127AR,428995.001,4586494.065,41.4268719,2.1502206,Styphnolobium japonicum,30.09234136,3,Warm
0064131AR,428998.361,4586502.538,41.4269485,2.1502598,Styphnolobium japonicum,30.0661438,3,Warm
0064142AR,429395.9,4586738.838,41.4291118,2.1549894,Styphnolobium japonicum,29.31429319,3,Warm
0064145AR,429273.249,4586618.006,41.4280127,2.1535358,Styphnolobium japonicum,28.59220353,2,Cool
0064152AR,429181.693,4586545.024,41.4273473,2.1524487,Styphnolobium japonicum,28.72278176,2,Cool
0064155AR,429412.321,4586743.478,41.429155,2.1551854,Styphnolobium japonicum,29.36613922,3,Warm
0064157AR,429252.239,4586610.099,41.4279396,2.1532853,Styphnolobium japonicum,28.60021583,2,Cool
0064161AR,429005.693,4586509.126,41.4270085,2.1503468,Styphnolobium japonicum,29.97072791,3,Warm
0064168AR,429407.491,4586775.768,41.4294454,2.1551238,Styphnolobium japonicum,29.48505603,3,Warm
0064171AR,429406.671,4586758.958,41.4292939,2.155116,Styphnolobium japonicum,29.42954038,3,Warm
0064173AR,429389.729,4586737.693,41.4291009,2.1549157,Styphnolobium japonicum,29.31026388,3,Warm
0064175AR,429293.043,4586645.225,41.4282596,2.1537695,Styphnolobium japonicum,28.68429827,2,Cool
0064187AR,429186.5889999999,4586549.841,41.4273911,2.1525067,Styphnolobium japonicum,28.70862474,2,Cool
0064190AR,429295.69,4586653.538,41.4283347,2.1538002,Styphnolobium japonicum,28.73111972,2,Cool
0064201AR,429170.727,4586534.358,41.4272503,2.1523187,Styphnolobium japonicum,28.76997058,2,Cool
0064202AR,429282.089,4586626.458,41.4280896,2.1536406,Styphnolobium japonicum,28.61062115,2,Cool
0064210AR,429296.88,4586658.928,41.4283833,2.1538138,Styphnolobium japonicum,28.75497311,2,Cool
0064233AR,429002.052,4586511.836,41.4270325,2.1503029,Styphnolobium japonicum,29.98943892,3,Warm
0064580AR,429803.04900000006,4585712.223,41.4199011,2.159981,Styphnolobium japonicum,26.01880448,1,Coolest
0064581AR,429609.697,4586287.755,41.4250678,2.1576005,Styphnolobium japonicum,29.44758033,3,Warm
0064587AR,429670.69,4586312.583,41.4252968,2.1583275,Styphnolobium japonicum,29.34021343,3,Warm
0064592AR,429062.568,4586109.006,41.4234098,2.1510743,Styphnolobium japonicum,28.05239245,2,Cool
0064597AR,429590.385,4586505.54,41.4270276,2.157344,Styphnolobium japonicum,29.64292262,3,Warm
0064598AR,429611.818,4586417.506,41.4262366,2.1576108,Styphnolobium japonicum,29.77207816,3,Warm
0064599AR,429291.59299999994,4586481.608,41.4267858,2.1537713,Styphnolobium japonicum,28.30938137,2,Cool
0064602AR,429552.98399999994,4586246.958,41.4246954,2.1569266,Styphnolobium japonicum,29.29323424,3,Warm
0064606AR,429378.356,4586135.068,41.4236723,2.15485,Styphnolobium japonicum,28.94194637,3,Warm
0064616AR,429511.669,4586550.116,41.4274222,2.1563969,Styphnolobium japonicum,29.27455847,3,Warm
0064621AR,429433.75,4586163.052,41.4239292,2.1555096,Styphnolobium japonicum,29.12334455,3,Warm
0064626AR,429615.111,4586393.444,41.4260202,2.157653,Styphnolobium japonicum,29.72035281,3,Warm
0064627AR,429146.688,4585780.83,41.4204614,2.1521194,Styphnolobium japonicum,26.8061514,1,Coolest
0064629AR,429609.978,4586345.139,41.4255847,2.1575972,Styphnolobium japonicum,29.61386135,3,Warm
0064631AR,429449.953,4586513.98,41.4270913,2.1556625,Styphnolobium japonicum,29.22349689,3,Warm
0064632AR,429585.753,4586499.35,41.4269715,2.1572893,Styphnolobium japonicum,29.70806525,3,Warm
0064640AR,429286.149,4585852.265,41.4211171,2.1537797,Styphnolobium japonicum,27.68399404,1,Coolest
0064641AR,429635.759,4586533.546,41.4272838,2.1578837,Styphnolobium japonicum,29.1983721,3,Warm
0064643AR,429346.979,4585780.128,41.4204728,2.154516,Styphnolobium japonicum,27.96699007,2,Cool
0064646AR,429290.8109999999,4586349.478,41.4255957,2.1537774,Styphnolobium japonicum,28.94183921,3,Warm
0064648AR,429491.794,4586539.328,41.4273233,2.1561603,Styphnolobium japonicum,29.3038333,3,Warm
0064651AR,429766.747,4585690.402,41.4197014,2.1595492,Styphnolobium japonicum,26.06431679,1,Coolest
0064653AR,429557.229,4586261.51,41.4248268,2.1569757,Styphnolobium japonicum,29.36146839,3,Warm
0064654AR,429061.214,4586065.277,41.4230158,2.1510633,Styphnolobium japonicum,27.6492707,1,Coolest
0064659AR,429565.983,4586610.964,41.427975,2.1570397,Styphnolobium japonicum,28.73622201,2,Cool
0064671AR,429619.523,4586268.621,41.4248963,2.1577203,Styphnolobium japonicum,29.35989601,3,Warm
0064672AR,429476.56,4586531.179,41.4272486,2.1559789,Styphnolobium japonicum,29.25635221,3,Warm
0064673AR,429699.212,4585659.606,41.4194182,2.1587447,Styphnolobium japonicum,26.34904431,1,Coolest
0064676AR,429067.754,4585902.689,41.421552,2.1511606,Styphnolobium japonicum,26.2802376,1,Coolest
0064691AR,429699.83100000006,4585650.348,41.4193348,2.1587531,Styphnolobium japonicum,26.35869808,1,Coolest
0064694AR,429520.45699999994,4586235.516,41.4245895,2.1565387,Styphnolobium japonicum,29.24576525,3,Warm
0064695AR,429175.839,4585975.815,41.4222202,2.1524453,Styphnolobium japonicum,26.99148085,1,Coolest
0064698AR,429350.718,4586414.208,41.426184,2.1544867,Styphnolobium japonicum,29.13653931,3,Warm
0064704AR,429327.277,4586086.475,41.4232302,2.1542445,Styphnolobium japonicum,28.5702877,2,Cool
0064707AR,429632.982,4586528.175,41.4272352,2.1578511,Styphnolobium japonicum,29.25779993,3,Warm
0064713AR,429307.256,4586083.67,41.4232031,2.1540052,Styphnolobium japonicum,28.47184357,2,Cool
0064717AR,429150.974,4585969.498,41.4221611,2.1521486,Styphnolobium japonicum,26.94285066,1,Coolest
0064719AR,429706.6219999999,4586080.023,41.4232053,2.1587845,Styphnolobium japonicum,27.82001812,1,Coolest
0064720AR,429676.491,4586070.912,41.4231206,2.158425,Styphnolobium japonicum,28.03576565,2,Cool
0064721AR,429389.819,4586463.108,41.4266278,2.1549489,Styphnolobium japonicum,29.12433205,3,Warm
0064722AR,429680.639,4585648.481,41.4193163,2.1585237,Styphnolobium japonicum,26.53079645,1,Coolest
0064726AR,429175.484,4585987.068,41.4223215,2.1524398,Styphnolobium japonicum,27.18453111,1,Coolest
0064727AR,429441.316,4586507.764,41.4270346,2.1555599,Styphnolobium japonicum,29.17612093,3,Warm
0064728AR,429062.309,4586135.293,41.4236465,2.1510682,Styphnolobium japonicum,28.09169384,2,Cool
0064730AR,429624.76,4586646.306,41.4282985,2.157739,Styphnolobium japonicum,28.26891241,2,Cool
0064732AR,429582.787,4586268.466,41.4248917,2.1572807,Styphnolobium japonicum,29.39924378,3,Warm
0064736AR,429231.875,4586028.198,41.4226969,2.1531097,Styphnolobium japonicum,27.77099016,1,Coolest
0064739AR,429637.579,4586522.076,41.4271807,2.1579069,Styphnolobium japonicum,29.27700449,3,Warm
0064742AR,429609.544,4586429.607,41.4263454,2.1575821,Styphnolobium japonicum,29.79845727,3,Warm
0064744AR,429331.445,4585798.918,41.4206406,2.154328,Styphnolobium japonicum,27.96653294,2,Cool
0064745AR,429181.13,4585979.287,41.4222519,2.1525083,Styphnolobium japonicum,27.07431827,1,Coolest
0064746AR,429676.688,4586271.398,41.4249264,2.158404,Styphnolobium japonicum,29.18248867,3,Warm
0064754AR,429647.484,4586459.862,41.4266212,2.1580326,Styphnolobium japonicum,29.54289725,3,Warm
0064755AR,429678.76100000006,4585651.294,41.4193415,2.1585009,Styphnolobium japonicum,26.53701724,1,Coolest
0064756AR,429359.554,4585764.52,41.4203333,2.1546683,Styphnolobium japonicum,27.97663785,2,Cool
0064759AR,429196.328,4585850.924,41.4210971,2.1527051,Styphnolobium japonicum,26.67972725,1,Coolest
0064761AR,429588.609,4586529.996,41.4272477,2.1573199,Styphnolobium japonicum,29.46967085,3,Warm
0064763AR,429156.528,4585962.08,41.4220948,2.1522159,Styphnolobium japonicum,26.84616672,1,Coolest
0064764AR,429899.554,4585779.542,41.4205159,2.1611279,Styphnolobium japonicum,26.00229652,1,Coolest
0064765AR,429375.474,4585744.282,41.4201524,2.1548612,Styphnolobium japonicum,27.97786444,2,Cool
0064768AR,429652.567,4586429.871,41.4263515,2.1580969,Styphnolobium japonicum,29.55601202,3,Warm
0064771AR,429905.594,4585773.342,41.4204606,2.1612009,Styphnolobium japonicum,25.98975165,1,Coolest
0064776AR,429583.942,4585577.114,41.4186651,2.157375,Styphnolobium japonicum,27.6683218,1,Coolest
0064777AR,429146.784,4585954.928,41.4220295,2.1521001,Styphnolobium japonicum,26.86650904,1,Coolest
0064779AR,429581.967,4586523.244,41.4271863,2.1572412,Styphnolobium japonicum,29.55604798,3,Warm
0064787AR,429833.871,4585730.522,41.4200686,2.1603477,Styphnolobium japonicum,25.97920782,1,Coolest
0064789AR,429331.048,4586101.538,41.4233662,2.1542878,Styphnolobium japonicum,28.63799404,2,Cool
0064790AR,429591.611,4586512.783,41.427093,2.1573579,Styphnolobium japonicum,29.59507552,3,Warm
0064791AR,429560.672,4586414.31,41.4262033,2.1569991,Styphnolobium japonicum,29.93940695,3,Warm
0064806AR,429604.129,4586465.579,41.4266689,2.1575131,Styphnolobium japonicum,29.77109194,3,Warm
0064807AR,429674.297,4586288.395,41.4250792,2.1583734,Styphnolobium japonicum,29.25795571,3,Warm
0064808AR,429637.452,4586253.268,41.4247596,2.1579366,Styphnolobium japonicum,29.24199538,3,Warm
0064811AR,429364.091,4586125.155,41.4235818,2.1546805,Styphnolobium japonicum,28.84892105,2,Cool
0064812AR,429536.733,4586559.359,41.4275076,2.1566957,Styphnolobium japonicum,29.23937829,3,Warm
0064813AR,429117.173,4586238.763,41.4245833,2.1517125,Styphnolobium japonicum,28.2190853,2,Cool
0064815AR,429562.498,4586254.103,41.4247606,2.1570396,Styphnolobium japonicum,29.33471392,3,Warm
0064821AR,429656.8680000001,4586400.567,41.426088,2.1581518,Styphnolobium japonicum,29.52510398,3,Warm
0064822AR,429459.00000000006,4585706.633,41.4198207,2.155865,Styphnolobium japonicum,28.14120978,2,Cool
0064835AR,429899.215,4585769.564,41.420426,2.161125,Styphnolobium japonicum,25.97522315,1,Coolest
0064842AR,429557.86400000006,4586250.474,41.4247275,2.1569846,Styphnolobium japonicum,29.3135142,3,Warm
0064847AR,429572.303,4586260.419,41.4248183,2.1571562,Styphnolobium japonicum,29.37136412,3,Warm
0064848AR,429623.013,4586245.498,41.4246884,2.1577647,Styphnolobium japonicum,29.24970656,3,Warm
0064849AR,429607.015,4586447.883,41.4265098,2.1575497,Styphnolobium japonicum,29.78786266,3,Warm
0064851AR,429624.651,4586334.935,41.4254941,2.1577739,Styphnolobium japonicum,29.56199921,3,Warm
0064852AR,429678.829,4586259.702,41.4248212,2.158431,Styphnolobium japonicum,29.11209619,3,Warm
0064856AR,429504.486,4586224.85,41.424492,2.1563488,Styphnolobium japonicum,29.21580226,3,Warm
0064868AR,429061.37000000005,4586074.196,41.4230961,2.1510641,Styphnolobium japonicum,27.86136143,2,Cool
0064876AR,429556.32,4586657.806,41.428396,2.1569186,Styphnolobium japonicum,28.45058275,2,Cool
0064886AR,429797.942,4585709.174,41.4198732,2.1599202,Styphnolobium japonicum,26.02680382,1,Coolest
0064887AR,429626.266,4586640.489,41.4282462,2.1577577,Styphnolobium japonicum,28.3123268,2,Cool
0064892AR,429171.387,4585972.537,41.4221902,2.1523925,Styphnolobium japonicum,26.97470898,1,Coolest
0064894AR,429202.199,4585995.02,41.4223955,2.1527585,Styphnolobium japonicum,27.28170098,1,Coolest
0064896AR,429481.212,4586533.747,41.4272721,2.1560343,Styphnolobium japonicum,29.26385481,3,Warm
0064898AR,429668.497,4586068.585,41.423099,2.1583296,Styphnolobium japonicum,28.07417579,2,Cool
0064900AR,429061.686,4586129.287,41.4235924,2.1510614,Styphnolobium japonicum,28.09107194,2,Cool
0064906AR,429916.654,4585780.306,41.4205243,2.1613324,Styphnolobium japonicum,26.01677778,1,Coolest
0064911AR,429618.9,4586369.698,41.4258066,2.1577011,Styphnolobium japonicum,29.65188606,3,Warm
0064913AR,429554.128,4586669.23,41.4284987,2.1568911,Styphnolobium japonicum,28.41107323,2,Cool
0064914AR,429321.232,4586094.566,41.4233025,2.1541712,Styphnolobium japonicum,28.57542785,2,Cool
0064918AR,429715.103,4585659.375,41.4194175,2.1589348,Styphnolobium japonicum,26.25177482,1,Coolest
0064919AR,429105.266,4585927.515,41.4217789,2.1516065,Styphnolobium japonicum,26.92705422,1,Coolest
0064922AR,429552.8109999999,4586258.398,41.4247984,2.1569232,Styphnolobium japonicum,29.34295936,3,Warm
0064926AR,429636.28,4586259.059,41.4248117,2.1579219,Styphnolobium japonicum,29.2783619,3,Warm
0064933AR,429298.775,4585838.831,41.4209972,2.1539324,Styphnolobium japonicum,27.82963732,2,Cool
0064934AR,429584.363,4586506.102,41.4270322,2.1572719,Styphnolobium japonicum,29.67157815,3,Warm
0064936AR,429286.316,4586056.578,41.4229573,2.1537578,Styphnolobium japonicum,28.26048379,2,Cool
0064937AR,429659.504,4586382.678,41.4259271,2.1581854,Styphnolobium japonicum,29.49360605,3,Warm
0064939AR,429661.529,4586370.364,41.4258164,2.1582111,Styphnolobium japonicum,29.46109883,3,Warm
0064941AR,429421.977,4586493.727,41.4269065,2.1553301,Styphnolobium japonicum,29.12869012,3,Warm
0064943AR,429205.598,4585856.271,41.4211461,2.1528154,Styphnolobium japonicum,26.77996195,1,Coolest
0064944AR,429644.588,4586477.278,41.4267778,2.1579959,Styphnolobium japonicum,29.49436896,3,Warm
0064952AR,429642.729,4586489.86,41.426891,2.1579722,Styphnolobium japonicum,29.45272612,3,Warm
0064953AR,429312.919,4586088.066,41.4232432,2.1540725,Styphnolobium japonicum,28.4989833,2,Cool
0064954AR,429655.967,4586406.228,41.4261389,2.1581404,Styphnolobium japonicum,29.53419645,3,Warm
0064957AR,429586.641,4586542.429,41.4273595,2.1572949,Styphnolobium japonicum,29.36313458,3,Warm
0064960AR,429583.401,4585570.534,41.4186058,2.1573693,Styphnolobium japonicum,27.67484301,1,Coolest
0064971AR,429325.459,4586225.438,41.4244816,2.1542065,Styphnolobium japonicum,28.96398271,3,Warm
0064973AR,429621.1979999999,4586257.014,41.4247919,2.1577417,Styphnolobium japonicum,29.31050836,3,Warm
0064974AR,429614.558,4586314.955,41.4253132,2.1576555,Styphnolobium japonicum,29.52458037,3,Warm
0064977AR,429499.518,4586209.089,41.4243496,2.1562912,Styphnolobium japonicum,29.19349297,3,Warm
0064979AR,429557.541,4586652.5,41.4283483,2.1569339,Styphnolobium japonicum,28.46935309,2,Cool
0064982AR,429302.707,4586068.24,41.4230638,2.1539526,Styphnolobium japonicum,28.39236046,2,Cool
0064985AR,429689.315,4585644.058,41.4192773,2.1586281,Styphnolobium japonicum,26.4612946,1,Coolest
0064990AR,429297.656,4586064.804,41.4230324,2.1538926,Styphnolobium japonicum,28.35358962,2,Cool
0064991AR,429675.974,4586277.252,41.424979,2.1583948,Styphnolobium japonicum,29.21005749,3,Warm
0064992AR,429541.31,4586560.188,41.4275155,2.1567504,Styphnolobium japonicum,29.22794074,3,Warm
0064994AR,429670.723,4585633.146,41.4191774,2.1584069,Styphnolobium japonicum,26.63088166,1,Coolest
0064996AR,429675.237,4586282.945,41.4250302,2.1583853,Styphnolobium japonicum,29.22909368,3,Warm
0065000AR,429684.501,4585640.967,41.419249,2.1585708,Styphnolobium japonicum,26.51589969,1,Coolest
0065002AR,429350.976,4586115.427,41.423493,2.1545247,Styphnolobium japonicum,28.76953055,2,Cool
0065003AR,429372.417,4586441.557,41.4264322,2.1547432,Styphnolobium japonicum,29.12272438,3,Warm
0065004AR,429877.294,4585766.063,41.4203925,2.1608631,Styphnolobium japonicum,25.99245898,1,Coolest
0065005AR,429494.342,4586217.224,41.4244225,2.1562283,Styphnolobium japonicum,29.20078186,3,Warm
0065006AR,429120.474,4585949.149,41.4219751,2.151786,Styphnolobium japonicum,26.97040106,1,Coolest
0065009AR,429273.441,4586335.475,41.4254681,2.1535712,Styphnolobium japonicum,28.85082233,2,Cool
0065011AR,429213.035,4586002.478,41.4224636,2.1528873,Styphnolobium japonicum,27.40647663,1,Coolest
0065017AR,429606.249,4586453.613,41.4265613,2.1575399,Styphnolobium japonicum,29.79471798,3,Warm
0065020AR,429496.922,4586542.055,41.4273483,2.1562213,Styphnolobium japonicum,29.29111362,3,Warm
0065021AR,429761.02,4585687.052,41.4196708,2.159481,Styphnolobium japonicum,26.07956845,1,Coolest
0065022AR,429634.82,4586270.524,41.4249148,2.1579031,Styphnolobium japonicum,29.33590744,3,Warm
0065026AR,429679.72,4586254.617,41.4247755,2.1584423,Styphnolobium japonicum,29.06874382,3,Warm
0065029AR,429622.037,4586352.859,41.4256553,2.1577406,Styphnolobium japonicum,29.60515359,3,Warm
0065030AR,429617.801,4586280.395,41.4250022,2.1576983,Styphnolobium japonicum,29.40418096,3,Warm
0065032AR,429386.618,4586458.958,41.4265902,2.1549111,Styphnolobium japonicum,29.10733282,3,Warm
0065033AR,429605.177,4586284.785,41.4250407,2.1575467,Styphnolobium japonicum,29.44409591,3,Warm
0065034AR,429608.709,4586436.09,41.4264037,2.1575714,Styphnolobium japonicum,29.7980095,3,Warm
0065035AR,429623.74,4586239.792,41.4246371,2.1577741,Styphnolobium japonicum,29.21857426,3,Warm
0065037AR,429197.06,4585991.128,41.42236,2.1526975,Styphnolobium japonicum,27.2400956,1,Coolest
0065041AR,429547.708,4586254.435,41.4247623,2.1568626,Styphnolobium japonicum,29.31568474,3,Warm
0065043AR,429719.391,4585662.008,41.4194416,2.1589858,Styphnolobium japonicum,26.2226414,1,Coolest
0065044AR,429668.785,4585643.679,41.4192721,2.1583825,Styphnolobium japonicum,26.63344739,1,Coolest
0065052AR,429607.907,4586356.437,41.4256862,2.1575711,Styphnolobium japonicum,29.6521962,3,Warm
0065058AR,429572.502,4586272.527,41.4249274,2.1571572,Styphnolobium japonicum,29.41054681,3,Warm
0065059AR,429192.509,4585987.629,41.422328,2.1526434,Styphnolobium japonicum,27.13649796,1,Coolest
0065060AR,429204.069,4586304.803,41.4251857,2.1527446,Styphnolobium japonicum,28.44148492,2,Cool
0065064AR,429546.732,4586410.459,41.4261674,2.1568327,Styphnolobium japonicum,29.94857095,3,Warm
0065066AR,429412.864,4586487.086,41.4268458,2.1552219,Styphnolobium japonicum,29.13003614,3,Warm
0065069AR,429131.514,4585944.818,41.4219371,2.1519186,Styphnolobium japonicum,26.89510049,1,Coolest
0065077AR,429525.697,4586239.036,41.4246217,2.156601,Styphnolobium japonicum,29.25645085,3,Warm
0065080AR,429653.966,4586418.494,41.4262492,2.158115,Styphnolobium japonicum,29.54765482,3,Warm
0065085AR,429475.82,4586192.729,41.4242002,2.1560095,Styphnolobium japonicum,29.17470458,3,Warm
0065093AR,429626.758,4586322.325,41.4253807,2.1578006,Styphnolobium japonicum,29.51541009,3,Warm
0065096AR,429223.545,4586010.168,41.4225338,2.1530122,Styphnolobium japonicum,27.55083872,1,Coolest
0065097AR,429509.4440000001,4586228.314,41.4245237,2.1564078,Styphnolobium japonicum,29.22754384,3,Warm
0065105AR,429591.109,4586499.646,41.4269746,2.1573534,Styphnolobium japonicum,29.68317356,3,Warm
0065107AR,429445.207,4586183.3,41.4241126,2.1556443,Styphnolobium japonicum,29.1555314,3,Warm
0065109AR,429704.865,4585663.155,41.4194506,2.1588119,Styphnolobium japonicum,26.3153652,1,Coolest
0065114AR,429461.539,4586182.553,41.4241073,2.1558399,Styphnolobium japonicum,29.16248958,3,Warm
0065115AR,429664.4,4586353.087,41.425661,2.1582475,Styphnolobium japonicum,29.42911317,3,Warm
0065119AR,429624.57,4586233.392,41.4245795,2.1577848,Styphnolobium japonicum,29.18144191,3,Warm
0065124AR,429709.348,4585656.115,41.4193876,2.1588663,Styphnolobium japonicum,26.28003971,1,Coolest
0065131AR,429581.345,4586419.35,41.4262506,2.1572459,Styphnolobium japonicum,29.89519742,3,Warm
0065134AR,429318.137,4586079.656,41.423168,2.1541359,Styphnolobium japonicum,28.50735701,2,Cool
0065142AR,429627.99,4586628.956,41.4281425,2.1577797,Styphnolobium japonicum,28.38686654,2,Cool
0065144AR,429693.6990000001,4585656.413,41.4193889,2.1586791,Styphnolobium japonicum,26.40001815,1,Coolest
0065148AR,429079.948,4585922.273,41.4217295,2.1513042,Styphnolobium japonicum,26.6057182,1,Coolest
0065149AR,429590.501,4586518.514,41.4271445,2.1573439,Styphnolobium japonicum,29.56318188,3,Warm
0065151AR,429662.74,4586364.775,41.4257661,2.1582263,Styphnolobium japonicum,29.45655505,3,Warm
0065156AR,429589.579,4586524.684,41.4272,2.1573322,Styphnolobium japonicum,29.52004692,3,Warm
0065159AR,429724.194,4585664.899,41.419468,2.159043,Styphnolobium japonicum,26.19634417,1,Coolest
0065166AR,429587.501,4586272.237,41.4249261,2.1573367,Styphnolobium japonicum,29.41144441,3,Warm
0065180AR,429591.28800000006,4586463.082,41.4266453,2.1573598,Styphnolobium japonicum,29.83821563,3,Warm
0065182AR,429721.223,4585672.571,41.4195369,2.1590065,Styphnolobium japonicum,26.18955606,1,Coolest
0065187AR,429602.593,4586477.07,41.4267723,2.1574934,Styphnolobium japonicum,29.74731277,3,Warm
0065190AR,429286.471,4586345.906,41.4255632,2.1537259,Styphnolobium japonicum,28.92445507,3,Warm
0065191AR,429115.274,4585945.699,41.4219436,2.1517242,Styphnolobium japonicum,26.97664929,1,Coolest
0065192AR,429694.468,4585647.145,41.4193055,2.1586894,Styphnolobium japonicum,26.42013499,1,Coolest
0065193AR,429482.705,4585706.438,41.419821,2.1561486,Styphnolobium japonicum,28.18625617,2,Cool
0065194AR,429063.39,4586120.496,41.4235133,2.1510828,Styphnolobium japonicum,28.08755489,2,Cool
0065197AR,429622.508,4586250.879,41.4247368,2.1577581,Styphnolobium japonicum,29.28083251,3,Warm
0065201AR,429232.495,4586016.718,41.4225936,2.1531185,Styphnolobium japonicum,27.64193035,1,Coolest
0065208AR,429244.072,4586318.054,41.4253086,2.1532218,Styphnolobium japonicum,28.67356489,2,Cool
0065209AR,429291.675,4586072.137,41.4230979,2.1538202,Styphnolobium japonicum,28.35108606,2,Cool
0065211AR,429794.203,4585716.693,41.4199406,2.1598746,Styphnolobium japonicum,26.03812514,1,Coolest
0065217AR,429729.516,4585668.14,41.4194977,2.1591063,Styphnolobium japonicum,26.16800119,1,Coolest
0065222AR,429665.181,4586347.276,41.4256088,2.1582575,Styphnolobium japonicum,29.42270234,3,Warm
0065225AR,429630.365,4586197.329,41.4242552,2.1578583,Styphnolobium japonicum,28.94749683,3,Warm
0065226AR,429856.804,4585753.813,41.4202804,2.1606194,Styphnolobium japonicum,25.98132069,1,Coolest
0065232AR,429562.325,4586564.863,41.4275595,2.1570013,Styphnolobium japonicum,29.18781808,3,Warm
0065233AR,429886.932,4585762.529,41.4203616,2.1609789,Styphnolobium japonicum,25.96445576,1,Coolest
0065240AR,429369.218,4586437.197,41.4263927,2.1547054,Styphnolobium japonicum,29.13947043,3,Warm
0065241AR,429159.633,4585801.435,41.4206482,2.1522719,Styphnolobium japonicum,26.70978362,1,Coolest
0065244AR,429613.643,4586321.402,41.4253712,2.1576438,Styphnolobium japonicum,29.54451706,3,Warm
0065245AR,429621.145,4586358.473,41.4257057,2.1577292,Styphnolobium japonicum,29.62208107,3,Warm
0065248AR,429568.069,4586415.901,41.4262183,2.1570874,Styphnolobium japonicum,29.93354934,3,Warm
0065251AR,429417.677,4586163.119,41.4239284,2.1553173,Styphnolobium japonicum,29.10204797,3,Warm
0065265AR,429141.534,4585963.128,41.4221029,2.1520363,Styphnolobium japonicum,26.94231036,1,Coolest
0065267AR,429270.665,4586056.798,41.4229579,2.1535705,Styphnolobium japonicum,28.16985346,2,Cool
0065270AR,429616.088,4586387.941,41.4259707,2.1576653,Styphnolobium japonicum,29.70213167,3,Warm
0065275AR,429411.4770000001,4586158.731,41.4238884,2.1552436,Styphnolobium japonicum,29.08231054,3,Warm
0065279AR,429658.75,4586388.446,41.425979,2.1581758,Styphnolobium japonicum,29.4977494,3,Warm
0065280AR,429788.568,4585713.262,41.4199092,2.1598076,Styphnolobium japonicum,26.0476366,1,Coolest
0065282AR,429645.538,4586524.09,41.4271995,2.1580019,Styphnolobium japonicum,29.20150532,3,Warm
0065283AR,429128.973,4585763.558,41.4203043,2.1519094,Styphnolobium japonicum,26.83814679,1,Coolest
0065284AR,429417.553,4586490.338,41.4268755,2.1552776,Styphnolobium japonicum,29.14109405,3,Warm
0065286AR,429390.826,4586144.077,41.4237546,2.1549982,Styphnolobium japonicum,29.00061452,3,Warm
0065287AR,429882.28,4585760.009,41.4203385,2.1609235,Styphnolobium japonicum,25.96162781,1,Coolest
0065295AR,429631.229,4586532.439,41.4272735,2.1578297,Styphnolobium japonicum,29.22457104,3,Warm
0065299AR,429159.089,4586304.409,41.4251782,2.1522064,Styphnolobium japonicum,28.16407358,2,Cool
0065302AR,429556.985,4586673.193,41.4285347,2.1569248,Styphnolobium japonicum,28.38606068,2,Cool
0065306AR,429604.981,4586376.882,41.4258701,2.1575337,Styphnolobium japonicum,29.72305179,3,Warm
0065307AR,429632.446,4586185.246,41.4241465,2.1578846,Styphnolobium japonicum,28.86250636,2,Cool
0065309AR,429638.677,4586247.394,41.4247068,2.157952,Styphnolobium japonicum,29.22044337,3,Warm
0065312AR,429136.896,4585948.819,41.4219736,2.1519825,Styphnolobium japonicum,26.87469993,1,Coolest
0065318AR,429322.738,4586083.233,41.4232006,2.1541906,Styphnolobium japonicum,28.54225867,2,Cool
0065319AR,429634.117,4586276.642,41.4249699,2.157894,Styphnolobium japonicum,29.35298742,3,Warm
0065321AR,429046.98300000007,4585889.029,41.4214272,2.1509137,Styphnolobium japonicum,25.95492361,1,Coolest
0065322AR,429922.499,4585793.371,41.4206424,2.1614009,Styphnolobium japonicum,26.06218199,1,Coolest
0065331AR,429061.59,4586079.414,41.4231432,2.1510661,Styphnolobium japonicum,27.88345552,2,Cool
0065335AR,429562.031,4586265.024,41.4248589,2.1570327,Styphnolobium japonicum,29.37818696,3,Warm
0065340AR,429568.337,4586599.028,41.4278677,2.1570693,Styphnolobium japonicum,28.84102779,2,Cool
0065341AR,429483.505,4586209.894,41.4243555,2.1560995,Styphnolobium japonicum,29.19004527,3,Warm
0065343AR,429602.56,4586392.147,41.4260074,2.1575029,Styphnolobium japonicum,29.77111239,3,Warm
0065346AR,429784.987,4585701.485,41.4198028,2.1597661,Styphnolobium japonicum,26.04465682,1,Coolest
0065358AR,429499.521,4586220.932,41.4244563,2.1562899,Styphnolobium japonicum,29.20416318,3,Warm
0065360AR,429142.5960000001,4585776.282,41.4204201,2.1520709,Styphnolobium japonicum,26.81770223,1,Coolest
0065374AR,429663.613,4585639.754,41.4192362,2.158321,Styphnolobium japonicum,26.69393828,1,Coolest
0065375AR,429595.169,4586440.106,41.4264387,2.1574089,Styphnolobium japonicum,29.85422444,3,Warm
0065377AR,429172.193,4585822.567,41.4208396,2.1524197,Styphnolobium japonicum,26.68864209,1,Coolest
0065379AR,429065.08200000005,4586138.358,41.4236744,2.151101,Styphnolobium japonicum,28.12457411,2,Cool
0065383AR,429905.498,4585783.114,41.4205486,2.1611986,Styphnolobium japonicum,26.01330114,1,Coolest
0065385AR,429489.046,4586213.633,41.4243896,2.1561654,Styphnolobium japonicum,29.19787437,3,Warm
0065398AR,429566.927,4586268.55,41.4248911,2.1570909,Styphnolobium japonicum,29.39312655,3,Warm
0065401AR,429555.27,4586662.826,41.4284412,2.1569055,Styphnolobium japonicum,28.43304699,2,Cool
0065403AR,429145.944,4585966.178,41.4221307,2.1520888,Styphnolobium japonicum,26.93638649,1,Coolest
0065408AR,429566.757,4586256.796,41.4247852,2.1570903,Styphnolobium japonicum,29.34300035,3,Warm
0065409AR,429212.936,4586014.186,41.422569,2.1528847,Styphnolobium japonicum,27.52083525,1,Coolest
0065412AR,429792.206,4585705.856,41.4198428,2.159852,Styphnolobium japonicum,26.02892362,1,Coolest
0065415AR,429261.825,4586038.398,41.4227914,2.1534669,Styphnolobium japonicum,28.0318318,2,Cool
0065416AR,429510.73,4586216.956,41.4244215,2.1564245,Styphnolobium japonicum,29.20091335,3,Warm
0065419AR,429822.493,4585733.579,41.4200952,2.1602112,Styphnolobium japonicum,26.01752098,1,Coolest
0065423AR,429242.125,4586023.738,41.4226576,2.1532329,Styphnolobium japonicum,27.74248058,1,Coolest
0065425AR,429521.19,4586224.382,41.4244893,2.1565488,Styphnolobium japonicum,29.21703029,3,Warm
0065430AR,429605.821,4586370.601,41.4258136,2.1575445,Styphnolobium japonicum,29.70137202,3,Warm
0065437AR,429371.953,4585748.967,41.4201943,2.1548185,Styphnolobium japonicum,27.9831544,2,Cool
0065439AR,429614.129,4586400.099,41.42608,2.1576404,Styphnolobium japonicum,29.73782914,3,Warm
0065441AR,429347.318,4586409.948,41.4261453,2.1544465,Styphnolobium japonicum,29.13510925,3,Warm
0065442AR,429052.37400000007,4585892.669,41.4214604,2.1509777,Styphnolobium japonicum,26.1465566,1,Coolest
0065445AR,429673.879,4585647.612,41.4193079,2.1584429,Styphnolobium japonicum,26.58010028,1,Coolest
0065447AR,429477.159,4585706.862,41.4198243,2.1560822,Styphnolobium japonicum,28.17882565,2,Cool
0065450AR,429673.388,4586294.565,41.4251347,2.1583618,Styphnolobium japonicum,29.28298689,3,Warm
0065451AR,429639.73,4586242.312,41.4246612,2.1579652,Styphnolobium japonicum,29.18468581,3,Warm
0065452AR,429266.595,4586042.048,41.4228247,2.1535236,Styphnolobium japonicum,28.08205268,2,Cool
0065454AR,429426.158,4586157.425,41.4238779,2.1554194,Styphnolobium japonicum,29.1091118,3,Warm
0065459AR,429526.477,4586227.959,41.424522,2.1566116,Styphnolobium japonicum,29.22947137,3,Warm
0065460AR,429738.113,4585673.145,41.4195435,2.1592086,Styphnolobium japonicum,26.11689879,1,Coolest
0065461AR,429218.255,4586006.338,41.4224988,2.1529493,Styphnolobium japonicum,27.48995973,1,Coolest
0065475AR,429627.07,4586634.416,41.4281916,2.157768,Styphnolobium japonicum,28.35290224,2,Cool
0065478AR,429860.789,4585746.855,41.4202181,2.1606679,Styphnolobium japonicum,25.96513866,1,Coolest
0065480AR,429110.764,4585931.039,41.4218111,2.1516719,Styphnolobium japonicum,26.93759575,1,Coolest
0065481AR,429705.206,4585653.409,41.4193629,2.1588171,Styphnolobium japonicum,26.31592654,1,Coolest
0065486AR,429579.431,4586540.654,41.4273429,2.1572089,Styphnolobium japonicum,29.41248908,3,Warm
0065488AR,429910.653,4585776.522,41.4204897,2.1612611,Styphnolobium japonicum,25.9954172,1,Coolest
0065489AR,429247.035,4586027.388,41.4226909,2.1532912,Styphnolobium japonicum,27.80743596,1,Coolest
0065492AR,429606.752,4585604.194,41.418911,2.1576448,Styphnolobium japonicum,27.4009806,1,Coolest
0065496AR,429608.417,4586299.175,41.4251706,2.1575838,Styphnolobium japonicum,29.48598679,3,Warm
0065499AR,429531.207,4586231.146,41.4245511,2.1566678,Styphnolobium japonicum,29.23567578,3,Warm
0065505AR,429170.724,4585983.518,41.4222891,2.1523832,Styphnolobium japonicum,27.12622926,1,Coolest
0065510AR,429504.677,4586212.583,41.4243816,2.1563525,Styphnolobium japonicum,29.20088743,3,Warm
0065511AR,429126.5300000001,4586313.46,41.4252568,2.1518157,Styphnolobium japonicum,27.95298361,2,Cool
0065512AR,429592.297,4586457.67,41.4265966,2.1573725,Styphnolobium japonicum,29.84285523,3,Warm
0065516AR,429645.019,4586529.175,41.4272453,2.1579951,Styphnolobium japonicum,29.17654421,3,Warm
0065517AR,429236.888,4586031.824,41.42273,2.1531693,Styphnolobium japonicum,27.81592941,1,Coolest
0065519AR,429632.397,4586288.325,41.4250749,2.1578721,Styphnolobium japonicum,29.40282172,3,Warm
0065527AR,429823.917,4585724.55,41.420014,2.1602293,Styphnolobium japonicum,25.99551485,1,Coolest
0065528AR,429731.431,4585678.843,41.4195942,2.1591279,Styphnolobium japonicum,26.14317472,1,Coolest
0065529AR,429773.762,4585694.656,41.4197404,2.1596326,Styphnolobium japonicum,26.06057752,1,Coolest
0065530AR,429136.571,4586309.175,41.4252191,2.1519364,Styphnolobium japonicum,28.03252709,2,Cool
0065537AR,429671.54300000006,4586306.709,41.4252439,2.1583383,Styphnolobium japonicum,29.31608766,3,Warm
0065538AR,429358.228,4586423.687,41.42627,2.1545754,Styphnolobium japonicum,29.12908543,3,Warm
0065542AR,429557.921,4586679.829,41.4285945,2.1569352,Styphnolobium japonicum,28.35984701,2,Cool
0065547AR,429124.175,4585760.562,41.4202769,2.1518524,Styphnolobium japonicum,26.85341811,1,Coolest
0065553AR,429241.455,4586035.298,41.4227617,2.1532235,Styphnolobium japonicum,27.89718092,2,Cool
0065554AR,429339.398,4586400.368,41.4260583,2.1543528,Styphnolobium japonicum,29.12315462,3,Warm
0065558AR,429643.678,4586483.259,41.4268316,2.1579844,Styphnolobium japonicum,29.47447039,3,Warm
0065562AR,429612.508,4586302.365,41.4251996,2.1576324,Styphnolobium japonicum,29.48984594,3,Warm
0065564AR,429927.038,4585786.542,41.4205813,2.161456,Styphnolobium japonicum,26.0492689,1,Coolest
0065571AR,429563.527,4586623.4,41.4280868,2.1570089,Styphnolobium japonicum,28.64050155,2,Cool
0065574AR,429636.454,4586154.664,41.4238715,2.1579362,Styphnolobium japonicum,28.6596231,2,Cool
0065579AR,429138.756,4585771.931,41.4203806,2.1520255,Styphnolobium japonicum,26.81732497,1,Coolest
0065580AR,429367.456,4585754.36,41.4202425,2.1547641,Styphnolobium japonicum,27.9858993,2,Cool
0065583AR,429593.422,4585586.792,41.4187531,2.1574873,Styphnolobium japonicum,27.58125899,1,Coolest
0065584AR,429657.568,4586394.417,41.4260327,2.1581609,Styphnolobium japonicum,29.50989903,3,Warm
0065589AR,429646.479,4586465.335,41.4266704,2.15802,Styphnolobium japonicum,29.52980451,3,Warm
0065592AR,429866.15200000006,4585759.472,41.4203322,2.1607306,Styphnolobium japonicum,25.98416387,1,Coolest
0065595AR,429430.135,4585701.146,41.4197687,2.1555202,Styphnolobium japonicum,28.0738058,2,Cool
0065599AR,429603.329,4586471.006,41.4267177,2.1575029,Styphnolobium japonicum,29.76816049,3,Warm
0065601AR,429237.408,4585861.777,41.4211985,2.1531954,Styphnolobium japonicum,27.11971988,1,Coolest
0065603AR,429585.775,4586548.226,41.4274117,2.1572839,Styphnolobium japonicum,29.30056363,3,Warm
0065605AR,429332.458,4586391.698,41.4259796,2.1542708,Styphnolobium japonicum,29.09540582,3,Warm
0065606AR,429357.616,4586120.432,41.4235387,2.1546036,Styphnolobium japonicum,28.82507953,2,Cool
0065610AR,429536.511,4586246.66,41.4246913,2.1567295,Styphnolobium japonicum,29.28891855,3,Warm
0065618AR,429612.61,4586326.834,41.42542,2.1576308,Styphnolobium japonicum,29.56184759,3,Warm
0065620AR,429587.85,4586487.849,41.4268681,2.1573158,Styphnolobium japonicum,29.74905403,3,Warm
0065621AR,429416.126,4586150.317,41.423813,2.1553002,Styphnolobium japonicum,29.08385431,3,Warm
0065622AR,429266.44000000006,4586053.439,41.4229273,2.1535204,Styphnolobium japonicum,28.13666621,2,Cool
0065624AR,429865.125,4585749.571,41.4202429,2.1607194,Styphnolobium japonicum,25.96332072,1,Coolest
0065626AR,429844.231,4585737.006,41.4201279,2.1604709,Styphnolobium japonicum,25.97377927,1,Coolest
0065630AR,429632.928,4586282.37,41.4250213,2.1578791,Styphnolobium japonicum,29.37928435,3,Warm
0065631AR,429593.407,4586276.335,41.4249635,2.1574069,Styphnolobium japonicum,29.42791315,3,Warm
0065632AR,429617.258,4586381.465,41.4259125,2.1576801,Styphnolobium japonicum,29.67886815,3,Warm
0065633AR,429343.931,4586110.358,41.4234467,2.154441,Styphnolobium japonicum,28.71605986,2,Cool
0065634AR,429677.687,4586265.223,41.4248708,2.1584167,Styphnolobium japonicum,29.14457512,3,Warm
0065637AR,429645.499,4586471.721,41.4267279,2.1580075,Styphnolobium japonicum,29.50413041,3,Warm
0065641AR,429398.557,4586474.163,41.4267282,2.1550521,Styphnolobium japonicum,29.08595667,3,Warm
0065643AR,429623.968,4586339.505,41.4255352,2.1577652,Styphnolobium japonicum,29.57366311,3,Warm
0065647AR,429653.138,4586423.695,41.426296,2.1581045,Styphnolobium japonicum,29.55267833,3,Warm
0065653AR,429603.739,4586383.819,41.4259325,2.157518,Styphnolobium japonicum,29.73967759,3,Warm
0065656AR,429252.105,4586031.168,41.4227254,2.1533514,Styphnolobium japonicum,27.93713696,2,Cool
0065660AR,429871.4440000001,4585762.563,41.4203605,2.1607935,Styphnolobium japonicum,25.98461998,1,Coolest
0065661AR,429675.423,4585635.717,41.4192009,2.1584628,Styphnolobium japonicum,26.58363108,1,Coolest
0065663AR,429834.194,4585740.632,41.4201597,2.1603504,Styphnolobium japonicum,26.00965194,1,Coolest
0065671AR,429585.199,4586553.877,41.4274625,2.1572763,Styphnolobium japonicum,29.26027835,3,Warm
0065684AR,429185.855,4585994.558,41.4223899,2.152563,Styphnolobium japonicum,27.2830395,1,Coolest
0065689AR,429268.5300000001,4585856.141,41.4211505,2.1535685,Styphnolobium japonicum,27.50786798,1,Coolest
0065693AR,429063.06599999993,4585899.313,41.4215212,2.1511049,Styphnolobium japonicum,26.2856731,1,Coolest
0065701AR,429590.93400000007,4586468.595,41.4266949,2.1573549,Styphnolobium japonicum,29.8231992,3,Warm
0065703AR,429084.624,4585925.099,41.4217553,2.1513598,Styphnolobium japonicum,26.61673367,1,Coolest
0065704AR,429058.375,4586032.71,41.4227222,2.1510331,Styphnolobium japonicum,27.3485918,1,Coolest
0065705AR,429586.807,4586493.322,41.4269173,2.1573026,Styphnolobium japonicum,29.73660244,3,Warm
0065706AR,429646.097,4586518.953,41.4271533,2.1580092,Styphnolobium japonicum,29.24654476,3,Warm
0065708AR,429607.861,4586441.978,41.4264567,2.1575606,Styphnolobium japonicum,29.79526183,3,Warm
0065709AR,429125.748,4585953.032,41.4220106,2.1518486,Styphnolobium japonicum,26.95389955,1,Coolest
0065712AR,429594.617,4586289.155,41.4250791,2.1574199,Styphnolobium japonicum,29.48022854,3,Warm
0065717AR,429436.887,4586177.265,41.4240575,2.1555455,Styphnolobium japonicum,29.13667595,3,Warm
0065718AR,429648.529,4586453.445,41.4265635,2.1580459,Styphnolobium japonicum,29.54822448,3,Warm
0065719AR,429577.397,4586264.556,41.424856,2.1572167,Styphnolobium japonicum,29.38406384,3,Warm
0065720AR,429574.659,4586417.761,41.4262357,2.1571661,Styphnolobium japonicum,29.91766656,3,Warm
0065725AR,429580.16899999994,4586534.306,41.4272858,2.1572184,Styphnolobium japonicum,29.46256473,3,Warm
0065730AR,429166.75,4585969.083,41.4221587,2.1523374,Styphnolobium japonicum,26.94481008,1,Coolest
0065735AR,429194.899,4586303.752,41.4251754,2.152635,Styphnolobium japonicum,28.37386784,2,Cool
0065741AR,429422.585,4585702.197,41.4197775,2.1554298,Styphnolobium japonicum,28.05684192,2,Cool
0065742AR,429663.637,4586359.251,41.4257165,2.1582376,Styphnolobium japonicum,29.43877937,3,Warm
0065743AR,429210.377,4585858.458,41.4211662,2.1528723,Styphnolobium japonicum,26.80009897,1,Coolest
0065745AR,429666.16,4585630.476,41.4191529,2.1583526,Styphnolobium japonicum,26.69010458,1,Coolest
0065747AR,429644.063,4586514.383,41.427112,2.1579853,Styphnolobium japonicum,29.30164222,3,Warm
0065751AR,429601.468,4586401.866,41.4260948,2.1574887,Styphnolobium japonicum,29.80152159,3,Warm
0065753AR,429057.529,4586024.008,41.4226438,2.151024,Styphnolobium japonicum,27.30387437,1,Coolest
0065769AR,429432.3009999999,4586501.063,41.4269734,2.1554528,Styphnolobium japonicum,29.19205002,3,Warm
0065773AR,429115.801,4585934.621,41.4218439,2.1517318,Styphnolobium japonicum,26.92620027,1,Coolest
0065775AR,429937.533,4585801.916,41.4207207,2.1615798,Styphnolobium japonicum,26.11496962,1,Coolest
0065776AR,429828.534,4585736.983,41.4201264,2.1602831,Styphnolobium japonicum,26.01351457,1,Coolest
0065781AR,429062.845,4586114.694,41.423461,2.151077,Styphnolobium japonicum,28.07287105,2,Cool
0065783AR,429559.17,4586684.559,41.4286372,2.1569496,Styphnolobium japonicum,28.34462753,2,Cool
0065794AR,429120.784,4585937.809,41.421873,2.151791,Styphnolobium japonicum,26.91967903,1,Coolest
0065797AR,429536.743,4586235.389,41.4245898,2.1567336,Styphnolobium japonicum,29.25502728,3,Warm
0065799AR,429321.697,4586233.407,41.424553,2.1541605,Styphnolobium japonicum,28.97430061,3,Warm
0065802AR,429593.395,4586452.292,41.4265483,2.1573862,Styphnolobium japonicum,29.84762384,3,Warm
0065805AR,429613.028,4585598.499,41.4188602,2.1577206,Styphnolobium japonicum,27.34815468,1,Coolest
0065807AR,429599.614,4585590.402,41.4187861,2.157561,Styphnolobium japonicum,27.49337994,1,Coolest
0065808AR,429430.978,4586172.817,41.4240169,2.1554753,Styphnolobium japonicum,29.13036359,3,Warm
0065810AR,429180.564,4585990.798,41.4223555,2.1525001,Styphnolobium japonicum,27.22241047,1,Coolest
0065812AR,429121.4039999999,4586243.649,41.4246276,2.1517626,Styphnolobium japonicum,28.2156654,2,Cool
0065814AR,429620.148,4586363.685,41.4257526,2.1577167,Styphnolobium japonicum,29.63182674,3,Warm
0065816AR,429130.724,4585956.278,41.4220402,2.1519078,Styphnolobium japonicum,26.94346334,1,Coolest
0065817AR,429296.195,4586075.607,41.4231296,2.1538738,Styphnolobium japonicum,28.3777758,2,Cool
0065820AR,429855.309,4585743.506,41.4201875,2.1606027,Styphnolobium japonicum,25.97292761,1,Coolest
0065822AR,429539.883,4586408.758,41.4261515,2.156751,Styphnolobium japonicum,29.94996521,3,Warm
0065823AR,429166.118,4585980.145,41.4222583,2.1523285,Styphnolobium japonicum,27.09632579,1,Coolest
0065827AR,429625.601,4586227.102,41.4245229,2.1577978,Styphnolobium japonicum,29.15201502,3,Warm
0065829AR,429328.878,4586387.348,41.4259401,2.1542285,Styphnolobium japonicum,29.09768377,3,Warm
0065833AR,429275.755,4586060.298,41.4229899,2.153631,Styphnolobium japonicum,28.21814266,2,Cool
0065834AR,429631.357,4586191.54,41.4242031,2.1578709,Styphnolobium japonicum,28.91125938,3,Warm
0065841AR,429281.619,4586053.099,41.4229255,2.153702,Styphnolobium japonicum,28.20539617,2,Cool
0065845AR,429100.475,4585924.455,41.4217509,2.1515496,Styphnolobium japonicum,26.78112408,1,Coolest
0065849AR,429272.075,4586046.069,41.4228614,2.1535887,Styphnolobium japonicum,28.13842017,2,Cool
0065851AR,429660.488,4586377.139,41.4258773,2.1581979,Styphnolobium japonicum,29.47929651,3,Warm
0065855AR,429587.812,4585582.614,41.418715,2.1574207,Styphnolobium japonicum,27.62021433,1,Coolest
0065857AR,429257.005,4586034.788,41.4227585,2.1534097,Styphnolobium japonicum,27.99023037,2,Cool
0065864AR,429061.84799999994,4586085.251,41.4231958,2.1510685,Styphnolobium japonicum,27.89929591,2,Cool
0065881AR,429590.297,4586286.016,41.4250504,2.1573685,Styphnolobium japonicum,29.46158502,3,Warm
0065889AR,429625.678,4586328.135,41.4254329,2.157787,Styphnolobium japonicum,29.54094285,3,Warm
0065892AR,429605.269,4586459.92,41.426618,2.1575274,Styphnolobium japonicum,29.79187468,3,Warm
0065894AR,429587.693,4586535.923,41.427301,2.1573083,Styphnolobium japonicum,29.42372937,3,Warm
0065895AR,429466.412,4586186.149,41.4241401,2.1558977,Styphnolobium japonicum,29.17369938,3,Warm
0065901AR,429217.651,4586307.665,41.4252127,2.1529068,Styphnolobium japonicum,28.52950368,2,Cool
0065903AR,429541.607,4586238.576,41.4246189,2.1567914,Styphnolobium japonicum,29.26928005,3,Warm
0065904AR,429588.189,4586421.063,41.4262666,2.1573276,Styphnolobium japonicum,29.87877134,3,Warm
0065916AR,429852.034,4585750.853,41.4202533,2.1605626,Styphnolobium japonicum,25.98698652,1,Coolest
0065918AR,429191.7320000001,4585998.968,41.4224301,2.1526328,Styphnolobium japonicum,27.29979832,1,Coolest
0065919AR,429561.182,4586634.855,41.4281897,2.1569795,Styphnolobium japonicum,28.56630471,2,Cool
0065923AR,429465.032,4585707.189,41.4198262,2.1559371,Styphnolobium japonicum,28.15214057,2,Cool
0065932AR,429599.1230000001,4586292.318,41.425108,2.1574734,Styphnolobium japonicum,29.48224821,3,Warm
0065934AR,429654.777,4586412.768,41.4261977,2.1581254,Styphnolobium japonicum,29.53936196,3,Warm
0065939AR,429643.979,4586534.895,41.4272967,2.157982,Styphnolobium japonicum,29.13149423,3,Warm
0065951AR,429851.55,4585741.366,41.4201679,2.160558,Styphnolobium japonicum,25.9777638,1,Coolest
0065953AR,429660.18500000006,4585996.894,41.4224526,2.1582385,Styphnolobium japonicum,28.05390681,2,Cool
0065956AR,429617.821,4586376.141,41.4258646,2.1576874,Styphnolobium japonicum,29.66902715,3,Warm
0065958AR,429610.503,4586423.712,41.4262924,2.1575943,Styphnolobium japonicum,29.78733686,3,Warm
0065960AR,429196.465,4586002.428,41.4224617,2.152689,Styphnolobium japonicum,27.38795677,1,Coolest
0065966AR,429383.058,4586454.567,41.4265503,2.154869,Styphnolobium japonicum,29.11330259,3,Warm
0065968AR,429725.998,4585675.487,41.4195635,2.1590633,Styphnolobium japonicum,26.16691701,1,Coolest
0065973AR,429262.434,4585858.078,41.4211674,2.1534953,Styphnolobium japonicum,27.46072573,1,Coolest
0065977AR,429190.282,4585846.384,41.4210557,2.1526333,Styphnolobium japonicum,26.6235263,1,Coolest
0065991AR,429567.043,4586604.729,41.4279189,2.1570531,Styphnolobium japonicum,28.80829416,2,Cool
0065992AR,429217.845,4586017.968,41.4226035,2.152943,Styphnolobium japonicum,27.59006751,1,Coolest
0065994AR,429626.5140000001,4586220.907,41.4244672,2.1578095,Styphnolobium japonicum,29.11090855,3,Warm
0065995AR,429375.775,4586445.741,41.4264702,2.1547828,Styphnolobium japonicum,29.1297186,3,Warm
0066000AR,429268.127,4586331.996,41.4254363,2.153508,Styphnolobium japonicum,28.81523042,2,Cool
0066001AR,429553.573,4586412.347,41.426185,2.1569144,Styphnolobium japonicum,29.94411941,3,Warm
0066002AR,429530.947,4586242.726,41.4246554,2.1566634,Styphnolobium japonicum,29.27666525,3,Warm
0066006AR,429504.223,4586546.32,41.4273874,2.1563082,Styphnolobium japonicum,29.27696699,3,Warm
0066011AR,429470.281,4586200.81,41.4242725,2.1559423,Styphnolobium japonicum,29.17997114,3,Warm
0066013AR,429489.766,4586202.356,41.4242881,2.1561753,Styphnolobium japonicum,29.18198326,3,Warm
0066014AR,429589.738,4586475.495,41.426757,2.1573398,Styphnolobium japonicum,29.81246759,3,Warm
0066015AR,429577.483,4586276.182,41.4249608,2.1572163,Styphnolobium japonicum,29.42580556,3,Warm
0066017AR,429570.238,4586587.856,41.4277672,2.1570933,Styphnolobium japonicum,28.96508459,3,Warm
0066019AR,429889.097,4585773.262,41.4204584,2.1610035,Styphnolobium japonicum,25.98938024,1,Coolest
0066023AR,429307.297,4586071.876,41.4230969,2.1540071,Styphnolobium japonicum,28.4256418,2,Cool
0066027AR,429201.795,4586006.218,41.4224963,2.1527524,Styphnolobium japonicum,27.42688918,1,Coolest
0066028AR,429799.653,4585719.863,41.4199697,2.1599395,Styphnolobium japonicum,26.04446424,1,Coolest
0066031AR,429494.489,4586205.847,41.42432,2.1562314,Styphnolobium japonicum,29.18781829,3,Warm
0066032AR,429910.855,4585786.409,41.4205787,2.1612623,Styphnolobium japonicum,26.02145981,1,Coolest
0066035AR,429089.884,4585928.589,41.4217872,2.1514224,Styphnolobium japonicum,26.69843574,1,Coolest
0066037AR,429594.177,4586446.677,41.4264978,2.1573963,Styphnolobium japonicum,29.8573399,3,Warm
0066040AR,429325.578,4586382.948,41.4259002,2.1541895,Styphnolobium japonicum,29.08586245,3,Warm
0066041AR,429263.421,4586328.867,41.4254077,2.153452,Styphnolobium japonicum,28.77714977,2,Cool
0066044AR,429094.772,4585932.139,41.4218196,2.1514804,Styphnolobium japonicum,26.7464811,1,Coolest
0066050AR,429110.383,4585942.288,41.4219124,2.151666,Styphnolobium japonicum,26.96942239,1,Coolest
0066054AR,429685.374,4585651.296,41.4193421,2.1585801,Styphnolobium japonicum,26.48584566,1,Coolest
0066055AR,429058.979,4586038.04,41.4227703,2.1510397,Styphnolobium japonicum,27.35851266,1,Coolest
0066059AR,429066.232,4586142.967,41.423716,2.1511142,Styphnolobium japonicum,28.13125747,2,Cool
0066060AR,429635.893,4586264.88,41.4248641,2.1579166,Styphnolobium japonicum,29.31012486,3,Warm
0066070AR,429808.163,4585715.173,41.4199282,2.1600419,Styphnolobium japonicum,26.01641322,1,Coolest
0066073AR,429741.38,4585684.813,41.4196489,2.1592463,Styphnolobium japonicum,26.11411816,1,Coolest
0066075AR,429261.235,4586049.748,41.4228936,2.1534585,Styphnolobium japonicum,28.08234671,2,Cool
0066080AR,429161.494,4585965.424,41.4221253,2.1522749,Styphnolobium japonicum,26.88698459,1,Coolest
0066081AR,429672.328,4586300.535,41.4251884,2.1583485,Styphnolobium japonicum,29.30215879,3,Warm
0066086AR,429237.045,4586020.058,41.422624,2.1531725,Styphnolobium japonicum,27.6819748,1,Coolest
0066087AR,429471.473,4586189.524,41.424171,2.1559579,Styphnolobium japonicum,29.1718751,3,Warm
0066088AR,429329.721,4586217.276,41.4244085,2.1542584,Styphnolobium japonicum,28.95004835,3,Warm
0066089AR,429033.497,4585879.85,41.4213433,2.1507534,Styphnolobium japonicum,25.70407676,1,Coolest
0066091AR,429559.66,4586641.022,41.4282452,2.1569606,Styphnolobium japonicum,28.533369,2,Cool
0066092AR,429861.714,4585756.653,41.4203064,2.1606778,Styphnolobium japonicum,25.97569786,1,Coolest
0066095AR,429342.978,4586404.308,41.4260941,2.1543952,Styphnolobium japonicum,29.125426,3,Warm
0066098AR,429690.72800000006,4586075.234,41.4231608,2.1585948,Styphnolobium japonicum,27.91347862,2,Cool
0066099AR,429932.035,4585789.51,41.4206085,2.1615154,Styphnolobium japonicum,26.0586924,1,Coolest
0066103AR,429917.262,4585790.205,41.4206135,2.1613386,Styphnolobium japonicum,26.04361511,1,Coolest
0066104AR,429424.381,4586167.99,41.4239729,2.1553969,Styphnolobium japonicum,29.11744783,3,Warm
0066105AR,429752.023,4585691.163,41.419707,2.1593729,Styphnolobium japonicum,26.09386274,1,Coolest
0066111AR,429276.66200000007,4586049.582,41.4228934,2.1536431,Styphnolobium japonicum,28.17181831,2,Cool
0066115AR,429608.857,4586351.03,41.4256376,2.1575831,Styphnolobium japonicum,29.63746793,3,Warm
0066117AR,429437.336,4586504.716,41.4270068,2.1555126,Styphnolobium japonicum,29.18138084,3,Warm
0066121AR,429486.426,4586536.503,41.4272974,2.1560964,Styphnolobium japonicum,29.2864398,3,Warm
0066124AR,429166.171,4585812.175,41.4207455,2.1523488,Styphnolobium japonicum,26.65188574,1,Coolest
0066128AR,429067.734,4586147.669,41.4237584,2.1511316,Styphnolobium japonicum,28.13297387,2,Cool
0066131AR,429045.832,4585981.612,41.4222609,2.150889,Styphnolobium japonicum,26.53983733,1,Coolest
0066132AR,429600.607,4586281.505,41.4250107,2.1574924,Styphnolobium japonicum,29.44044353,3,Warm
0066136AR,429546.069,4586561.146,41.4275246,2.1568072,Styphnolobium japonicum,29.22855027,3,Warm
0066140AR,429810.501,4585726.315,41.4200287,2.1600685,Styphnolobium japonicum,26.02921399,1,Coolest
0066144AR,429952.714,4585813.502,41.4208264,2.1617601,Styphnolobium japonicum,26.19229784,1,Coolest
0066145AR,429767.801,4585700.506,41.4197925,2.1595606,Styphnolobium japonicum,26.07554512,1,Coolest
0066156AR,429580.993,4586529.257,41.4272404,2.1572289,Styphnolobium japonicum,29.49660261,3,Warm
0066160AR,429629.043,4586623.062,41.4280895,2.157793,Styphnolobium japonicum,28.41840149,2,Cool
0066161AR,429048.483,4585988.13,41.4223198,2.15092,Styphnolobium japonicum,26.61320434,1,Coolest
0066166AR,429326.482,4586098.216,41.4233358,2.1542336,Styphnolobium japonicum,28.60767523,2,Cool
0066168AR,429611.79800000007,4586333.185,41.4254772,2.1576203,Styphnolobium japonicum,29.5818567,3,Warm
0066173AR,429207.865,4585998.498,41.4224273,2.1528259,Styphnolobium japonicum,27.34923819,1,Coolest
0066175AR,429384.889,4586139.632,41.423714,2.1549277,Styphnolobium japonicum,28.96879381,3,Warm
0066178AR,429846.522,4585747.988,41.4202271,2.160497,Styphnolobium japonicum,25.98702947,1,Coolest
0066180AR,429459.294,4586520.918,41.4271546,2.1557735,Styphnolobium japonicum,29.22099328,3,Warm
0066181AR,429828.907,4585727.458,41.4200406,2.1602886,Styphnolobium japonicum,25.98646384,1,Coolest
0066186AR,429637.741,4586147.84,41.4238101,2.1579523,Styphnolobium japonicum,28.59782994,2,Cool
0066190AR,429603.998,4586295.729,41.4251391,2.1575314,Styphnolobium japonicum,29.48203693,3,Warm
0066194AR,429783.924,4585710.521,41.4198841,2.1597524,Styphnolobium japonicum,26.05873061,1,Coolest
0066195AR,429595.482,4585597.404,41.4188489,2.1575108,Styphnolobium japonicum,27.52950289,1,Coolest
0066201AR,429610.788,4586338.535,41.4255253,2.1576076,Styphnolobium japonicum,29.59465342,3,Warm
0066202AR,429450.305,4586186.636,41.4241431,2.1557049,Styphnolobium japonicum,29.1558187,3,Warm
0066204AR,429105.4110000001,4585938.829,41.4218808,2.151607,Styphnolobium japonicum,26.98836974,1,Coolest
0066207AR,429577.267,4586552.882,41.4274529,2.1571815,Styphnolobium japonicum,29.29890265,3,Warm
0066208AR,429583.843,4586511.417,41.42708,2.1572651,Styphnolobium japonicum,29.64158894,3,Warm
0066212AR,429333.647,4586209.146,41.4243356,2.1543064,Styphnolobium japonicum,28.95141867,3,Warm
0066215AR,429532.702,4586407.059,41.4261356,2.1566652,Styphnolobium japonicum,29.9529336,3,Warm
0066221AR,429141.563,4585951.766,41.4220005,2.152038,Styphnolobium japonicum,26.86051492,1,Coolest
0066224AR,429099.814,4585935.379,41.4218493,2.1515404,Styphnolobium japonicum,26.73501478,1,Coolest
0066692AR,429989.236,4585072.058,41.4141517,2.1622829,Styphnolobium japonicum,29.03290912,3,Warm
0066703AR,430046.378,4585191.721,41.4152344,2.1629527,Styphnolobium japonicum,29.04663639,3,Warm
0066705AR,430030.045,4585188.46,41.4152036,2.1627577,Styphnolobium japonicum,29.00947829,3,Warm
0066709AR,429758.035,4585242.285,41.4156647,2.159497,Styphnolobium japonicum,29.10492598,3,Warm
0066713AR,430018.0459999999,4585167.28,41.4150118,2.1626166,Styphnolobium japonicum,28.95990651,3,Warm
0066727AR,429760.975,4585225.731,41.4155158,2.1595341,Styphnolobium japonicum,29.09200332,3,Warm
0066737AR,430064.016,4585104.572,41.414451,2.1631738,Styphnolobium japonicum,29.07090791,3,Warm
0066741AR,430313.533,4585186.803,41.4152133,2.1661497,Styphnolobium japonicum,29.61754209,3,Warm
0066745AR,429909.587,4585062.768,41.4140611,2.161331,Styphnolobium japonicum,28.95081661,3,Warm
0066765AR,430314.021,4585190.632,41.4152478,2.1661551,Styphnolobium japonicum,29.57544592,3,Warm
0066781AR,429762.857,4585232.267,41.4155749,2.1595558,Styphnolobium japonicum,29.10972863,3,Warm
0066797AR,429763.169,4585252.104,41.4157535,2.1595572,Styphnolobium japonicum,29.11672792,3,Warm
0066805AR,430020.047,4585086.65,41.4142858,2.1626498,Styphnolobium japonicum,29.02788369,3,Warm
0066814AR,429957.186,4585054.131,41.4139874,2.1619015,Styphnolobium japonicum,29.02858178,3,Warm
0066822AR,429755.578,4585237.127,41.415618,2.1594682,Styphnolobium japonicum,29.08766342,3,Warm
0066824AR,430086.663,4585112.407,41.4145236,2.1634439,Styphnolobium japonicum,29.10850543,3,Warm
0066850AR,429942.783,4585102.354,41.4144205,2.1617236,Styphnolobium japonicum,28.94799321,3,Warm
0066856AR,429791.32,4585268.252,41.4159014,2.1598922,Styphnolobium japonicum,29.20765923,3,Warm
0066859AR,430109.4770000001,4585119.985,41.4145938,2.163716,Styphnolobium japonicum,29.1551704,3,Warm
0066861AR,430129.778,4585125.906,41.4146489,2.1639582,Styphnolobium japonicum,29.19770127,3,Warm
0066862AR,429981.179,4585146.341,41.41482,2.1621779,Styphnolobium japonicum,28.91929895,3,Warm
0066864AR,429759.157,4585220.346,41.4154672,2.1595129,Styphnolobium japonicum,29.0850315,3,Warm
0066865AR,429985.955,4585150.531,41.4148582,2.1622346,Styphnolobium japonicum,28.92086394,3,Warm
0066883AR,429792.913,4585277.6,41.4159858,2.1599102,Styphnolobium japonicum,29.21114472,3,Warm
0066910AR,429760.6,4585247.373,41.4157107,2.1595271,Styphnolobium japonicum,29.10945315,3,Warm
0066947AR,430033.688,4585191.706,41.4152332,2.1628009,Styphnolobium japonicum,29.01896305,3,Warm
0066971AR,430205.873,4585143.564,41.4148145,2.1648666,Styphnolobium japonicum,29.37540388,3,Warm
0066976AR,430012.598,4585173.678,41.415069,2.1625506,Styphnolobium japonicum,28.95789203,3,Warm
0066985AR,430259.7320000001,4585151.491,41.4148906,2.16551,Styphnolobium japonicum,29.56314391,3,Warm
0066986AR,429965.999,4585133.47,41.4147028,2.1619978,Styphnolobium japonicum,28.92123503,3,Warm
0066998AR,429957.6,4585114.444,41.4145307,2.1618995,Styphnolobium japonicum,28.93789855,3,Warm
0067003AR,429937.644,4585097.954,41.4143804,2.1616626,Styphnolobium japonicum,28.95236849,3,Warm
0067008AR,429916.389,4585056.181,41.4140023,2.1614132,Styphnolobium japonicum,28.96381349,3,Warm
0067019AR,429996.631,4585159.892,41.4149434,2.1623612,Styphnolobium japonicum,28.92737947,3,Warm
0067029AR,429932.649,4585093.565,41.4143404,2.1616034,Styphnolobium japonicum,28.94908772,3,Warm
0067032AR,429927.6660000001,4585089.331,41.4143019,2.1615442,Styphnolobium japonicum,28.94864161,3,Warm
0067040AR,429791.32,4585272.792,41.4159423,2.1598917,Styphnolobium japonicum,29.2073528,3,Warm
0067044AR,430036.813,4585183.49,41.4151594,2.1628392,Styphnolobium japonicum,29.01389484,3,Warm
0067045AR,429753.904,4585231.448,41.4155667,2.1594488,Styphnolobium japonicum,29.07479602,3,Warm
0067058AR,430292.93,4585364.54,41.4168123,2.1658827,Styphnolobium japonicum,28.95846114,3,Warm
0067094AR,430245.82,4585150.018,41.4148761,2.1653438,Styphnolobium japonicum,29.50926033,3,Warm
0067095AR,429981.608,4585135.314,41.4147207,2.1621843,Styphnolobium japonicum,28.92381908,3,Warm
0067096AR,429793.078,4585264.175,41.4158649,2.1599137,Styphnolobium japonicum,29.20930147,3,Warm
0068006AR,430259.211,4584758.859,41.4113543,2.1655491,Styphnolobium japonicum,29.03613682,3,Warm
0068008AR,429990.98,4584905.954,41.4126558,2.162323,Styphnolobium japonicum,29.59494983,3,Warm
0068015AR,430367.762,4584810.397,41.4118279,2.1668418,Styphnolobium japonicum,28.78368818,2,Cool
0068026AR,430070.28,4585093.003,41.4143474,2.1632501,Styphnolobium japonicum,29.10163581,3,Warm
0068029AR,430663.926,4584692.207,41.410789,2.1703986,Styphnolobium japonicum,29.16566972,3,Warm
0068032AR,430573.898,4585176.861,41.4151463,2.169266,Styphnolobium japonicum,29.16275765,3,Warm
0068034AR,430822.123,4584715.902,41.411016,2.1722886,Styphnolobium japonicum,29.10601367,3,Warm
0068038AR,430599.894,4584459.443,41.408687,2.1696593,Styphnolobium japonicum,28.2973338,2,Cool
0068039AR,430842.239,4584879.172,41.4124883,2.1725106,Styphnolobium japonicum,29.424428,3,Warm
0068043AR,430584.096,4584406.614,41.4082098,2.1694763,Styphnolobium japonicum,28.33542258,2,Cool
0068047AR,430600.102,4584390.025,41.4080618,2.1696697,Styphnolobium japonicum,28.45570819,2,Cool
0068048AR,430806.164,4584732.294,41.4111623,2.1720958,Styphnolobium japonicum,29.1681388,3,Warm
0068049AR,430557.436,4584616.646,41.4100992,2.1691333,Styphnolobium japonicum,28.92572017,3,Warm
0068056AR,430736.258,4584821.175,41.4119568,2.1712492,Styphnolobium japonicum,29.35908852,3,Warm
0068065AR,430630.511,4584565.123,41.4096415,2.1700134,Styphnolobium japonicum,28.64846897,2,Cool
0068079AR,430735.76,4584589.531,41.4098704,2.1712698,Styphnolobium japonicum,28.97605743,3,Warm
0068092AR,430470.815,4584775.5,41.4115225,2.1680787,Styphnolobium japonicum,28.87316284,2,Cool
0068095AR,430241.138,4584760.765,41.4113699,2.1653326,Styphnolobium japonicum,28.99365825,3,Warm
0068097AR,430573.849,4585205.444,41.4154037,2.1692621,Styphnolobium japonicum,29.16524354,3,Warm
0068098AR,430016.14,4584836.1,41.4120288,2.1626321,Styphnolobium japonicum,29.39963524,3,Warm
0068099AR,430595.782,4584455.874,41.4086545,2.1696105,Styphnolobium japonicum,28.29985053,2,Cool
0068101AR,430605.261,4584478.857,41.4088623,2.1697213,Styphnolobium japonicum,28.29422908,2,Cool
0068113AR,430283.698,4584716.266,41.4109728,2.1658469,Styphnolobium japonicum,29.18728985,3,Warm
0068114AR,430760.228,4584779.654,41.4115849,2.1715408,Styphnolobium japonicum,29.29275467,3,Warm
0068135AR,430258.805,4585138.801,41.4147762,2.1655004,Styphnolobium japonicum,29.6049231,3,Warm
0068139AR,430806.286,4584635.488,41.4102904,2.1721083,Styphnolobium japonicum,29.084818,3,Warm
0068140AR,430088.584,4584720.711,41.4109959,2.1635121,Styphnolobium japonicum,29.15598485,3,Warm
0068141AR,430203.012,4585129.89,41.4146911,2.1648339,Styphnolobium japonicum,29.38858964,3,Warm
0068143AR,430542.665,4584835.979,41.4120734,2.1689314,Styphnolobium japonicum,28.80745704,2,Cool
0068144AR,430443.619,4584961.027,41.4131911,2.167732,Styphnolobium japonicum,28.98194662,3,Warm
0068158AR,430658.112,4584698.379,41.4108441,2.1703284,Styphnolobium japonicum,29.17528246,3,Warm
0068165AR,430249.816,4585137.556,41.4147642,2.165393,Styphnolobium japonicum,29.56552118,3,Warm
0068169AR,430664.471,4585062.096,41.4141205,2.1703628,Styphnolobium japonicum,29.42834084,3,Warm
0068176AR,430671.297,4584871.583,41.4124052,2.1704663,Styphnolobium japonicum,29.30723261,3,Warm
0068185AR,430657.209,4584905.925,41.4127133,2.1702938,Styphnolobium japonicum,29.29150685,3,Warm
0068188AR,430459.562,4585069.633,41.4141707,2.1679103,Styphnolobium japonicum,29.49594022,3,Warm
0068189AR,430441.949,4584964.597,41.4132231,2.1677116,Styphnolobium japonicum,29.00809656,3,Warm
0068190AR,430146.077,4584858.089,41.4122382,2.1641841,Styphnolobium japonicum,29.07519532,3,Warm
0068192AR,430589.638,4584400.848,41.4081584,2.1695433,Styphnolobium japonicum,28.37429622,2,Cool
0068193AR,430633.21,4584724.299,41.4110754,2.1700275,Styphnolobium japonicum,29.19710629,3,Warm
0068197AR,430796.006,4584626.348,41.4102072,2.1719863,Styphnolobium japonicum,29.09165978,3,Warm
0068201AR,430896.712,4584715.518,41.411019,2.173181,Styphnolobium japonicum,28.88193732,2,Cool
0068210AR,430456.42,4584739.579,41.4111977,2.1679107,Styphnolobium japonicum,29.021629,3,Warm
0068216AR,430885.068,4584832.656,41.412073,2.1730283,Styphnolobium japonicum,29.09786965,3,Warm
0068217AR,430364.132,4584634.047,41.4102392,2.1668187,Styphnolobium japonicum,29.34962221,3,Warm
0068231AR,430809.944,4584657.449,41.4104885,2.1721495,Styphnolobium japonicum,29.05956133,3,Warm
0068233AR,430541.8,4584633.585,41.4102504,2.1689443,Styphnolobium japonicum,28.99609725,3,Warm
0068234AR,430031.167,4584811.486,41.4118084,2.1628147,Styphnolobium japonicum,29.53165174,3,Warm
0068238AR,430546.257,4584831.748,41.4120356,2.1689749,Styphnolobium japonicum,28.82531815,2,Cool
0068241AR,430623.55,4584734.314,41.4111647,2.1699108,Styphnolobium japonicum,29.20124051,3,Warm
0068243AR,430031.877,4585077.508,41.4142045,2.1627924,Styphnolobium japonicum,29.06632277,3,Warm
0068248AR,430134.368,4584883.209,41.4124634,2.1640411,Styphnolobium japonicum,29.09852488,3,Warm
0068253AR,430307.966,4584691.287,41.4107499,2.1661401,Styphnolobium japonicum,29.37616877,3,Warm
0068256AR,430411.103,4584585.473,41.4098058,2.1673862,Styphnolobium japonicum,29.22698599,3,Warm
0068266AR,430540.681,4584411.308,41.4082484,2.1689564,Styphnolobium japonicum,28.34531939,2,Cool
0068273AR,430360.449,4584661.259,41.410484,2.1667715,Styphnolobium japonicum,29.37641987,3,Warm
0068274AR,430580.062,4584779.846,41.4115711,2.1693853,Styphnolobium japonicum,29.09591034,3,Warm
0068282AR,430246.505,4584755.061,41.411319,2.1653975,Styphnolobium japonicum,29.02751984,3,Warm
0068288AR,430608.357,4584749.785,41.4113028,2.1697272,Styphnolobium japonicum,29.18188564,3,Warm
0068294AR,430055.615,4584773.171,41.4114655,2.1631116,Styphnolobium japonicum,29.44561497,3,Warm
0068308AR,430474.717,4584728.286,41.4110976,2.1681308,Styphnolobium japonicum,29.06240267,3,Warm
0068313AR,430715.234,4584555.677,41.4095637,2.1710281,Styphnolobium japonicum,28.91974245,3,Warm
0068316AR,430822.199,4584649.478,41.4104178,2.1722971,Styphnolobium japonicum,29.05133576,3,Warm
0068325AR,430875.239,4584691.085,41.4107971,2.1729269,Styphnolobium japonicum,28.94299642,3,Warm
0068329AR,430609.113,4584397.913,41.4081336,2.1697766,Styphnolobium japonicum,28.46337759,2,Cool
0068334AR,430131.088,4584921.583,41.4128087,2.1639974,Styphnolobium japonicum,29.0443809,3,Warm
0068336AR,430379.84,4584617.384,41.4100905,2.1670085,Styphnolobium japonicum,29.31388802,3,Warm
0068338AR,430279.779,4584720.482,41.4110104,2.1657996,Styphnolobium japonicum,29.17178913,3,Warm
0068340AR,430935.878,4584750.833,41.4113404,2.1736455,Styphnolobium japonicum,28.68879681,2,Cool
0068350AR,430123.097,4584676.977,41.410605,2.1639301,Styphnolobium japonicum,28.96753154,3,Warm
0068351AR,429915.728,4585012.057,41.4136049,2.1614104,Styphnolobium japonicum,29.03807313,3,Warm
0068352AR,430676.366,4584866.245,41.4123575,2.1705275,Styphnolobium japonicum,29.31941823,3,Warm
0068355AR,430838.64,4584696.482,41.4108425,2.1724884,Styphnolobium japonicum,29.03525071,3,Warm
0068357AR,430785.63,4584616.928,41.4101215,2.1718633,Styphnolobium japonicum,29.1004087,3,Warm
0068360AR,430119.056,4584946.874,41.4130355,2.1638506,Styphnolobium japonicum,29.09325892,3,Warm
0068371AR,430455.278,4584936.037,41.412967,2.1678744,Styphnolobium japonicum,28.77729059,2,Cool
0068372AR,430702.166,4584839.232,41.4121165,2.1708393,Styphnolobium japonicum,29.34000834,3,Warm
0068377AR,430724.668,4584816.961,41.4119178,2.1711111,Styphnolobium japonicum,29.33888146,3,Warm
0068378AR,430020.319,4584829.785,41.4119723,2.1626828,Styphnolobium japonicum,29.42113472,3,Warm
0068379AR,429999.63,4585062.413,41.4140657,2.1624084,Styphnolobium japonicum,29.06275239,3,Warm
0068383AR,430754.262,4584618.48,41.4101327,2.1714878,Styphnolobium japonicum,29.03007703,3,Warm
0068392AR,430062.663,4584761.5,41.411361,2.1631973,Styphnolobium japonicum,29.38121855,3,Warm
0068393AR,430621.001,4584939.703,41.4130144,2.1698567,Styphnolobium japonicum,29.20052652,3,Warm
0068394AR,430014.842,4585069.73,41.4141329,2.1625895,Styphnolobium japonicum,29.06348039,3,Warm
0068395AR,430047.334,4584786.053,41.4115808,2.1630111,Styphnolobium japonicum,29.51447737,3,Warm
0068397AR,430526.956,4584834.87,41.4120621,2.1687436,Styphnolobium japonicum,28.74210986,2,Cool
0068403AR,429952.436,4584938.924,41.4129494,2.161858,Styphnolobium japonicum,29.39349361,3,Warm
0068408AR,430800.857,4584630.435,41.4102444,2.1720439,Styphnolobium japonicum,29.08476411,3,Warm
0068411AR,430875.097,4584678.603,41.4106846,2.1729266,Styphnolobium japonicum,28.94330407,3,Warm
0068413AR,430453.618,4584939.607,41.412999,2.1678541,Styphnolobium japonicum,28.78924008,2,Cool
0068421AR,430547.368,4584627.453,41.4101957,2.1690116,Styphnolobium japonicum,28.97052377,3,Warm
0068457AR,430433.026,4584769.188,41.4114624,2.1676274,Styphnolobium japonicum,28.92481851,3,Warm
0068458AR,430682.099,4584689.855,41.4107694,2.1706163,Styphnolobium japonicum,29.15244812,3,Warm
0068459AR,430520.754,4584394.876,41.4080987,2.1687199,Styphnolobium japonicum,28.47931941,2,Cool
0068462AR,430722.039,4584561.744,41.4096189,2.1711088,Styphnolobium japonicum,28.95311749,3,Warm
0068466AR,430878.147,4584714.97,41.4110124,2.1729589,Styphnolobium japonicum,28.95383519,3,Warm
0068467AR,430780.2,4584612.175,41.4100782,2.1717989,Styphnolobium japonicum,29.10397596,3,Warm
0068479AR,430659.295,4584497.255,41.4090327,2.1703656,Styphnolobium japonicum,28.50009543,2,Cool
0068483AR,430588.096,4584419.734,41.4083284,2.1695227,Styphnolobium japonicum,28.30786114,2,Cool
0068491AR,430591.587,4584452.562,41.4086243,2.1695607,Styphnolobium japonicum,28.29517997,2,Cool
0068494AR,430846.936,4584874.671,41.4124481,2.1725673,Styphnolobium japonicum,29.4020015,3,Warm
0068508AR,430344.167,4585143.016,41.4148216,2.1665212,Styphnolobium japonicum,29.98775716,3,Warm
0068509AR,430270.44000000006,4584729.985,41.4110952,2.1656867,Styphnolobium japonicum,29.14345348,3,Warm
0068513AR,429935.087,4585026.173,41.4137337,2.1616403,Styphnolobium japonicum,29.05815984,3,Warm
0068518AR,429945.325,4584950.005,41.4130486,2.1617717,Styphnolobium japonicum,29.301423,3,Warm
0068522AR,430109.007,4584692.984,41.4107479,2.1637597,Styphnolobium japonicum,29.04544315,3,Warm
0068523AR,430568.5559999999,4584791.9,41.4116786,2.1692462,Styphnolobium japonicum,29.00653901,3,Warm
0068526AR,430651.22,4584497.683,41.4090359,2.1702689,Styphnolobium japonicum,28.46382682,2,Cool
0068532AR,430619.612,4584924.978,41.4128816,2.1698418,Styphnolobium japonicum,29.13954641,3,Warm
0068537AR,429981.219,4585053.366,41.4139826,2.1621891,Styphnolobium japonicum,29.06872961,3,Warm
0068538AR,430837.032,4584662.717,41.4105383,2.172473,Styphnolobium japonicum,29.0324958,3,Warm
0068540AR,430838.097,4584716.693,41.4110245,2.1724796,Styphnolobium japonicum,29.07389574,3,Warm
0068544AR,430225.799,4584776.643,41.4115115,2.1651473,Styphnolobium japonicum,28.93917669,3,Warm
0068547AR,430323.714,4584675.433,41.4106085,2.1663304,Styphnolobium japonicum,29.39414571,3,Warm
0068548AR,430889.907,4584709.733,41.4109663,2.1731002,Styphnolobium japonicum,28.90714561,3,Warm
0068550AR,430776.567,4584779.978,41.4115892,2.1717362,Styphnolobium japonicum,29.30080158,3,Warm
0068552AR,430555.173,4584827.324,41.4119965,2.169082,Styphnolobium japonicum,28.86134775,2,Cool
0068554AR,429950.047,4585035.302,41.4138172,2.1618183,Styphnolobium japonicum,29.06773221,3,Warm
0068556AR,430119.805,4585109.451,41.4144998,2.1638407,Styphnolobium japonicum,29.17985568,3,Warm
0068559AR,430616.287,4584944.464,41.4130569,2.1697998,Styphnolobium japonicum,29.19014117,3,Warm
0068563AR,430559.146,4584418.461,41.4083144,2.1691765,Styphnolobium japonicum,28.31305114,2,Cool
0068565AR,430515.488,4584390.716,41.4080607,2.1686574,Styphnolobium japonicum,28.55745016,2,Cool
0068567AR,430622.026,4585105.157,41.4145047,2.16985,Styphnolobium japonicum,29.13111226,3,Warm
0068577AR,430445.279,4584957.457,41.4131591,2.1677523,Styphnolobium japonicum,28.92382548,3,Warm
0068586AR,430148.017,4584854.75,41.4122083,2.1642077,Styphnolobium japonicum,29.06398651,3,Warm
0068587AR,430793.608,4584766.489,41.4114692,2.1719416,Styphnolobium japonicum,29.26832616,3,Warm
0068592AR,430332.469,4584683.29,41.41068,2.1664342,Styphnolobium japonicum,29.39056799,3,Warm
0068593AR,430117.715,4584682.774,41.4106567,2.163865,Styphnolobium japonicum,28.99407681,3,Warm
0068608AR,430383.977,4585093.81,41.4143819,2.1670032,Styphnolobium japonicum,29.95693164,3,Warm
0068610AR,430532.856,4584829.007,41.4120098,2.1688148,Styphnolobium japonicum,28.76954019,2,Cool
0068631AR,430622.284,4584478.109,41.4088571,2.169925,Styphnolobium japonicum,28.34030978,2,Cool
0068637AR,430713.196,4584569.134,41.4096847,2.1710022,Styphnolobium japonicum,28.92397656,3,Warm
0068638AR,430578.768,4585158.866,41.4149847,2.1693263,Styphnolobium japonicum,29.14237879,3,Warm
0068650AR,430182.234,4585125.317,41.4146481,2.1645858,Styphnolobium japonicum,29.32031401,3,Warm
0068652AR,430814.725,4584741.04,41.4112418,2.1721972,Styphnolobium japonicum,29.17739925,3,Warm
0068654AR,430647.749,4585079.467,41.4142755,2.1701607,Styphnolobium japonicum,29.27114332,3,Warm
0068656AR,430275.424,4584724.841,41.4110493,2.165747,Styphnolobium japonicum,29.16771282,3,Warm
0068683AR,430710.746,4584847.789,41.4121943,2.170941,Styphnolobium japonicum,29.36601375,3,Warm
0068690AR,430904.916,4584663.252,41.4105489,2.1732851,Styphnolobium japonicum,28.85766033,2,Cool
0068699AR,430966.222,4584714.878,41.4110192,2.1740126,Styphnolobium japonicum,28.55893836,2,Cool
0068709AR,430363.949,4584814.488,41.4118644,2.1667957,Styphnolobium japonicum,28.7423458,2,Cool
0068710AR,430473.1159999999,4584698.786,41.4108317,2.1681151,Styphnolobium japonicum,29.1382521,3,Warm
0068714AR,430104.578,4584698.121,41.4107938,2.1637061,Styphnolobium japonicum,29.07659847,3,Warm
0068717AR,430843.28,4584668.347,41.4105895,2.1725471,Styphnolobium japonicum,29.01081028,3,Warm
0068718AR,430772.288,4584784.016,41.4116252,2.1716845,Styphnolobium japonicum,29.30798103,3,Warm
0068722AR,430831.144,4584706.557,41.4109326,2.1723975,Styphnolobium japonicum,29.07041009,3,Warm
0068734AR,430230.597,4584771.563,41.4114662,2.1652053,Styphnolobium japonicum,28.96089744,3,Warm
0068743AR,430074.128,4584743.428,41.4111992,2.1633365,Styphnolobium japonicum,29.2835827,3,Warm
0068749AR,430618.296,4584553.545,41.4095362,2.1698686,Styphnolobium japonicum,28.51928856,2,Cool
0068766AR,430100.289,4584704.053,41.4108468,2.1636541,Styphnolobium japonicum,29.06037478,3,Warm
0068768AR,429965.852,4585045.001,41.4139059,2.1620062,Styphnolobium japonicum,29.07565285,3,Warm
0068770AR,430920.548,4584737.133,41.4112157,2.1734637,Styphnolobium japonicum,28.77670486,2,Cool
0068779AR,430232.165,4585134.788,41.4147378,2.1651821,Styphnolobium japonicum,29.49721658,3,Warm
0068785AR,430522.292,4584682.302,41.4106875,2.1687053,Styphnolobium japonicum,29.12302145,3,Warm
0068789AR,430456.056,4584716.645,41.4109911,2.1679089,Styphnolobium japonicum,29.1066276,3,Warm
0068792AR,429941.577,4584955.993,41.4131022,2.1617261,Styphnolobium japonicum,29.25867134,3,Warm
0068793AR,430135.463,4584673.589,41.4105755,2.1640784,Styphnolobium japonicum,28.95013423,3,Warm
0068795AR,430551.837,4584803.868,41.411785,2.1690448,Styphnolobium japonicum,28.92225902,3,Warm
0068798AR,430240.139,4585136.024,41.4147496,2.1652774,Styphnolobium japonicum,29.51777941,3,Warm
0068801AR,430813.26,4584724.911,41.4110964,2.1721815,Styphnolobium japonicum,29.13590615,3,Warm
0068808AR,430147.822,4584681.62,41.4106489,2.1642253,Styphnolobium japonicum,28.9907896,3,Warm
0068815AR,430630.141,4584930.393,41.4129313,2.1699671,Styphnolobium japonicum,29.22398669,3,Warm
0068841AR,430635.367,4584488.506,41.4089518,2.1700803,Styphnolobium japonicum,28.3610677,2,Cool
0068845AR,430040.183,4584798.139,41.411689,2.1629241,Styphnolobium japonicum,29.56908663,3,Warm
0068847AR,430838.566,4584689.842,41.4107827,2.1724883,Styphnolobium japonicum,29.03191278,3,Warm
0068848AR,430809.527,4584746.513,41.4112906,2.1721344,Styphnolobium japonicum,29.20194636,3,Warm
0068852AR,430575.905,4585167.135,41.4150589,2.1692911,Styphnolobium japonicum,29.15571946,3,Warm
0068861AR,430084.744,4584726.789,41.4110503,2.1634655,Styphnolobium japonicum,29.18282381,3,Warm
0068864AR,430790.48,4584621.305,41.4101613,2.1719208,Styphnolobium japonicum,29.09314917,3,Warm
0068868AR,430450.279,4584946.747,41.4130631,2.1678134,Styphnolobium japonicum,28.86710774,2,Cool
0068870AR,430624.102,4584547.918,41.409486,2.1699387,Styphnolobium japonicum,28.49776284,2,Cool
0068876AR,430680.8840000001,4584485.955,41.4089328,2.1706251,Styphnolobium japonicum,28.64207191,2,Cool
0068880AR,429914.957,4584998.143,41.4134795,2.1614028,Styphnolobium japonicum,29.07314625,3,Warm
0068881AR,430095.75,4584710.284,41.4109026,2.1635991,Styphnolobium japonicum,29.09439341,3,Warm
0068883AR,430474.717,4584722.356,41.4110442,2.1681315,Styphnolobium japonicum,29.07498464,3,Warm
0068886AR,430594.957,4584395.298,41.4081089,2.1696076,Styphnolobium japonicum,28.38299236,2,Cool
0068900AR,430799.81,4584738.978,41.4112219,2.172019,Styphnolobium japonicum,29.18809079,3,Warm
0068915AR,430375.16,4584803.072,41.4117625,2.1669312,Styphnolobium japonicum,28.79491524,2,Cool
0068927AR,430779.3540000001,4584571.726,41.4097138,2.1717934,Styphnolobium japonicum,29.12607392,3,Warm
0068938AR,430715.005,4584843.323,41.4121544,2.1709924,Styphnolobium japonicum,29.37010425,3,Warm
0068944AR,430774.433,4584576.973,41.4097606,2.1717339,Styphnolobium japonicum,29.09736928,3,Warm
0068950AR,430572.94,4585196.234,41.4153207,2.1692523,Styphnolobium japonicum,29.16718596,3,Warm
0068955AR,430342.025,4584673.756,41.410595,2.1665496,Styphnolobium japonicum,29.39135034,3,Warm
0068960AR,430456.948,4584932.467,41.412935,2.1678948,Styphnolobium japonicum,28.7559844,2,Cool
0068965AR,430702.0459999999,4584544.017,41.4094576,2.1708717,Styphnolobium japonicum,28.84606154,2,Cool
0068969AR,430644.342,4584496.007,41.4090202,2.1701868,Styphnolobium japonicum,28.41117763,2,Cool
0068971AR,430010.883,4584891.699,41.4125291,2.1625627,Styphnolobium japonicum,29.605402,3,Warm
0068975AR,430676.366,4584490.79,41.408976,2.1705705,Styphnolobium japonicum,28.60937189,2,Cool
0068976AR,430451.742,4584721.433,41.4110339,2.1678568,Styphnolobium japonicum,29.09804653,3,Warm
0068983AR,430658.858,4584884.547,41.4125209,2.170316,Styphnolobium japonicum,29.28543838,3,Warm
0068987AR,430080.581,4584732.86,41.4111046,2.163415,Styphnolobium japonicum,29.22448064,3,Warm
0068991AR,430666.665,4584892.956,41.4125973,2.1704084,Styphnolobium japonicum,29.31718082,3,Warm
0068992AR,430418.145,4584954.459,41.4131297,2.167428,Styphnolobium japonicum,29.00775796,3,Warm
0068999AR,430771.515,4584952.123,41.4131392,2.1716561,Styphnolobium japonicum,29.82677022,3,Warm
0069033AR,430383.045,4584631.326,41.4102164,2.1670453,Styphnolobium japonicum,29.3176302,3,Warm
0069037AR,430754.928,4584808.952,41.4118483,2.171474,Styphnolobium japonicum,29.35834168,3,Warm
0069042AR,430695.436,4584537.964,41.4094025,2.1707933,Styphnolobium japonicum,28.81013904,2,Cool
0069052AR,430239.413,4584778.943,41.4115334,2.1653099,Styphnolobium japonicum,28.92883813,3,Warm
0069059AR,430811.249,4584640.018,41.4103316,2.1721671,Styphnolobium japonicum,29.07499281,3,Warm
0069067AR,430051.908,4584778.766,41.4115156,2.1630666,Styphnolobium japonicum,29.47730228,3,Warm
0069069AR,430751.33700000006,4584973.045,41.4133259,2.1714123,Styphnolobium japonicum,29.85863718,3,Warm
0069070AR,430912.263,4584729.839,41.4111493,2.1733654,Styphnolobium japonicum,28.8138534,2,Cool
0069072AR,430223.87,4585133.106,41.4147219,2.1650831,Styphnolobium japonicum,29.46238473,3,Warm
0069084AR,430615.409,4584929.291,41.4129201,2.169791,Styphnolobium japonicum,29.12838382,3,Warm
0069087AR,430464.871,4584778.815,41.4115518,2.1680072,Styphnolobium japonicum,28.86028222,2,Cool
0069097AR,430077.951,4584737.341,41.4111447,2.163383,Styphnolobium japonicum,29.24570688,3,Warm
0069101AR,430852.799,4584706.077,41.4109302,2.1726567,Styphnolobium japonicum,29.02034499,3,Warm
0069103AR,430372.536,4584642.105,41.4103125,2.1669183,Styphnolobium japonicum,29.34097915,3,Warm
0069113AR,430625.71,4584934.934,41.4129718,2.1699136,Styphnolobium japonicum,29.21572057,3,Warm
0069118AR,430616.263,4585111.027,41.414557,2.1697804,Styphnolobium japonicum,29.11644334,3,Warm
0069121AR,430138.826,4585114.904,41.4145506,2.1640677,Styphnolobium japonicum,29.21939169,3,Warm
0069124AR,429929.562,4584974.782,41.4132703,2.1615802,Styphnolobium japonicum,29.17868134,3,Warm
0069126AR,430719.4440000001,4584838.754,41.4121137,2.1710461,Styphnolobium japonicum,29.36715277,3,Warm
0069129AR,430096.422,4585102.481,41.414435,2.1635618,Styphnolobium japonicum,29.13951461,3,Warm
0069133AR,430376.098,4585111.126,41.4145371,2.1669069,Styphnolobium japonicum,30.03468262,3,Warm
0069134AR,430943.421,4584757.378,41.4114,2.173735,Styphnolobium japonicum,28.63711616,2,Cool
0069140AR,430874.922,4584684.205,41.4107351,2.1729239,Styphnolobium japonicum,28.93959833,3,Warm
0069150AR,430618.211,4584739.966,41.4112152,2.1698462,Styphnolobium japonicum,29.19640704,3,Warm
0069164AR,430603.817,4585123.727,41.4146703,2.16963,Styphnolobium japonicum,29.11464936,3,Warm
0069165AR,429937.827,4584961.861,41.4131547,2.1616806,Styphnolobium japonicum,29.2651018,3,Warm
0069174AR,430726.697,4584626.261,41.4102004,2.1711572,Styphnolobium japonicum,29.0128041,3,Warm
0069182AR,430807.839,4584914.535,41.4128038,2.172095,Styphnolobium japonicum,29.65533082,3,Warm
0069190AR,430897.283,4584663.534,41.4105508,2.1731937,Styphnolobium japonicum,28.88391315,2,Cool
0069192AR,430905.234,4584723.427,41.4110909,2.173282,Styphnolobium japonicum,28.84001283,2,Cool
0069194AR,430537.39,4584824.232,41.4119671,2.1688696,Styphnolobium japonicum,28.79009571,2,Cool
0069197AR,430058.758,4584767.576,41.4114154,2.1631499,Styphnolobium japonicum,29.41368246,3,Warm
0069201AR,430827.427,4584727.76,41.4111233,2.1723507,Styphnolobium japonicum,29.11798343,3,Warm
0069206AR,430732.175,4584825.253,41.4119932,2.1711999,Styphnolobium japonicum,29.36433568,3,Warm
0072405AR,429917.749,4584971.644,41.413241,2.1614392,Styphnolobium japonicum,29.18135614,3,Warm
0072436AR,429860.0,4584969.0,41.4132122,2.1607486,Styphnolobium japonicum,28.89469861,3,Warm
0072466AR,429800.81,4584920.033,41.412766,2.1600461,Styphnolobium japonicum,28.53433916,2,Cool
0072529AR,429253.925,4584731.716,41.4110219,2.1535252,Styphnolobium japonicum,29.01006469,3,Warm
0072535AR,429937.605,4584940.247,41.41296,2.1616804,Styphnolobium japonicum,29.37149111,3,Warm
0072556AR,429610.705,4584716.076,41.4109124,2.1577954,Styphnolobium japonicum,28.47399811,2,Cool
0072575AR,429235.005,4584722.486,41.4109371,2.1532999,Styphnolobium japonicum,28.97383851,3,Warm
0072581AR,429247.615,4584728.636,41.4109936,2.1534501,Styphnolobium japonicum,28.99869543,3,Warm
0072599AR,429204.414,4584709.554,41.410818,2.1529355,Styphnolobium japonicum,28.91675429,3,Warm
0072632AR,429925.537,4584959.346,41.413131,2.1615338,Styphnolobium japonicum,29.21811279,3,Warm
0072671AR,429815.689,4584932.042,41.4128755,2.1602228,Styphnolobium japonicum,28.62946908,2,Cool
0072674AR,429929.043,4584953.191,41.4130758,2.1615765,Styphnolobium japonicum,29.26476115,3,Warm
0072686AR,429620.684,4584701.766,41.4107844,2.1579165,Styphnolobium japonicum,28.56543725,2,Cool
0072705AR,429921.256,4584966.017,41.4131907,2.1614818,Styphnolobium japonicum,29.17693435,3,Warm
0072713AR,429241.30499999993,4584725.556,41.4109653,2.1533749,Styphnolobium japonicum,28.98396807,3,Warm
0072715AR,429908.94,4584985.761,41.4133674,2.1613322,Styphnolobium japonicum,29.09045654,3,Warm
0072718AR,429228.69500000007,4584719.406,41.4109088,2.1532248,Styphnolobium japonicum,28.96283116,3,Warm
0072750AR,429576.526,4584778.423,41.4114709,2.1573793,Styphnolobium japonicum,28.44576706,2,Cool
0072805AR,429617.631,4584706.373,41.4108256,2.1578794,Styphnolobium japonicum,28.54415531,2,Cool
0072812AR,429828.0,4584942.0,41.4129662,2.1603689,Styphnolobium japonicum,28.71427865,2,Cool
0072847AR,429941.127,4584934.183,41.4129057,2.1617233,Styphnolobium japonicum,29.3562185,3,Warm
0072870AR,429216.085,4584713.256,41.4108523,2.1530747,Styphnolobium japonicum,28.9337223,3,Warm
0072871AR,429260.2349999999,4584734.296,41.4110457,2.1536004,Styphnolobium japonicum,29.02494623,3,Warm
0072894AR,429932.0,4584947.0,41.4130203,2.1616126,Styphnolobium japonicum,29.31364392,3,Warm
0072907AR,429874.0,4584980.0,41.4133125,2.1609148,Styphnolobium japonicum,28.93555,3,Warm
0073029AR,429892.0,4584995.0,41.4134492,2.1611285,Styphnolobium japonicum,28.99560462,3,Warm
0073045AR,429222.385,4584716.326,41.4108806,2.1531497,Styphnolobium japonicum,28.94582981,3,Warm
0073926AR,429093.512,4585685.488,41.4195981,2.1514943,Styphnolobium japonicum,26.91939395,1,Coolest
0073930AR,428473.628,4585557.147,41.4183872,2.1440924,Styphnolobium japonicum,27.04204175,1,Coolest
0073958AR,429084.282,4585677.278,41.4195233,2.1513848,Styphnolobium japonicum,26.96205059,1,Coolest
0073992AR,428490.267,4585640.117,41.4191359,2.1442817,Styphnolobium japonicum,26.78041164,1,Coolest
0073998AR,429085.342,4585682.988,41.4195748,2.1513968,Styphnolobium japonicum,26.97515416,1,Coolest
0074009AR,428487.005,4585633.339,41.4190746,2.1442434,Styphnolobium japonicum,26.78555367,1,Coolest
0074010AR,428472.994,4585549.568,41.4183189,2.1440857,Styphnolobium japonicum,27.07698873,1,Coolest
0074011AR,428739.399,4585402.591,41.4170188,2.1472905,Styphnolobium japonicum,25.44655363,1,Coolest
0074066AR,429086.292,4585687.798,41.4196182,2.1514076,Styphnolobium japonicum,26.97716268,1,Coolest
0074134AR,429090.722,4585674.828,41.4195018,2.1514621,Styphnolobium japonicum,26.90774099,1,Coolest
0074140AR,428484.276,4585619.597,41.4189506,2.1442124,Styphnolobium japonicum,26.81754936,1,Coolest
0074163AR,428479.608,4585597.234,41.4187488,2.1441592,Styphnolobium japonicum,26.8781702,1,Coolest
0074214AR,428478.237,4585588.556,41.4186705,2.1441438,Styphnolobium japonicum,26.9012568,1,Coolest
0074226AR,428508.666,4585678.222,41.4194808,2.1444973,Styphnolobium japonicum,26.72050056,1,Coolest
0074261AR,428469.51000000007,4585492.453,41.4178042,2.1440507,Styphnolobium japonicum,27.35703937,1,Coolest
0074358AR,425055.95,4584946.278,41.4125739,2.1032757,Styphnolobium japonicum,26.23087187,1,Coolest
0074372AR,424943.052,4584568.488,41.4091608,2.1019719,Styphnolobium japonicum,26.61530351,1,Coolest
0074397AR,424941.973,4584562.825,41.4091097,2.1019597,Styphnolobium japonicum,26.64081724,1,Coolest
0074402AR,425036.2,4584992.528,41.4129886,2.1030337,Styphnolobium japonicum,25.95803191,1,Coolest
0074411AR,425040.15,4584983.278,41.4129057,2.1030821,Styphnolobium japonicum,26.02219802,1,Coolest
0074434AR,424560.865,4585657.543,41.4189336,2.0972639,Styphnolobium japonicum,25.97996225,1,Coolest
0074445AR,424932.607,4584554.889,41.4090374,2.1018486,Styphnolobium japonicum,26.56501166,1,Coolest
0074451AR,424926.777,4584555.198,41.4090396,2.1017788,Styphnolobium japonicum,26.46385901,1,Coolest
0074461AR,424570.178,4585644.723,41.418819,2.0973769,Styphnolobium japonicum,25.95038567,1,Coolest
0074465AR,424558.395,4585661.373,41.4189679,2.0972339,Styphnolobium japonicum,25.97883976,1,Coolest
0074475AR,425048.05,4584964.778,41.4127398,2.1031789,Styphnolobium japonicum,26.15614039,1,Coolest
0074476AR,424921.687,4584557.578,41.4090606,2.1017176,Styphnolobium japonicum,26.36669396,1,Coolest
0074528AR,425052.0,4584955.528,41.4126569,2.1032273,Styphnolobium japonicum,26.20168474,1,Coolest
0074540AR,425063.85,4584927.778,41.412408,2.1033725,Styphnolobium japonicum,26.29617015,1,Coolest
0074541AR,424918.3009999999,4584560.646,41.4090879,2.1016768,Styphnolobium japonicum,26.27916112,1,Coolest
0075699AR,427323.621,4584629.98,41.4099334,2.1304439,Styphnolobium japonicum,29.07293364,3,Warm
0075705AR,427390.16,4584498.139,41.408752,2.1312558,Styphnolobium japonicum,29.28913991,3,Warm
0075720AR,427997.879,4584120.004,41.405401,2.1385711,Styphnolobium japonicum,28.79794411,2,Cool
0075728AR,427428.82,4584424.369,41.4080911,2.1317271,Styphnolobium japonicum,29.22670131,3,Warm
0075729AR,427598.383,4583502.816,41.3998063,2.1338658,Styphnolobium japonicum,28.53858359,2,Cool
0075733AR,427894.3339999999,4584854.596,41.4120079,2.1372448,Styphnolobium japonicum,27.80659309,1,Coolest
0075757AR,427340.191,4584547.41,41.4091913,2.1306521,Styphnolobium japonicum,29.21611253,3,Warm
0075775AR,427403.412,4584701.45,41.4105843,2.1313899,Styphnolobium japonicum,29.06506456,3,Warm
0075776AR,427456.863,4584780.749,41.4113034,2.1320199,Styphnolobium japonicum,28.94468025,3,Warm
0075781AR,427398.263,4584837.94,41.4118132,2.1313119,Styphnolobium japonicum,29.26674294,3,Warm
0075786AR,427346.701,4584640.92,41.410034,2.1307187,Styphnolobium japonicum,29.11742648,3,Warm
0075793AR,427464.019,4584353.529,41.4074562,2.1321567,Styphnolobium japonicum,28.97603426,3,Warm
0075795AR,427818.36,4585086.415,41.4140889,2.1363083,Styphnolobium japonicum,29.10907478,3,Warm
0075818AR,427398.933,4584815.64,41.4116124,2.1313226,Styphnolobium japonicum,29.21383463,3,Warm
0075821AR,427485.995,4583701.178,41.4015828,2.1324977,Styphnolobium japonicum,28.35228346,2,Cool
0075840AR,427369.61,4584518.45,41.4089331,2.1310075,Styphnolobium japonicum,29.27762437,3,Warm
0075841AR,427224.2,4584528.961,41.4090146,2.1292666,Styphnolobium japonicum,28.88556077,2,Cool
0075843AR,427453.38,4584409.819,41.4079623,2.1320227,Styphnolobium japonicum,29.03526603,3,Warm
0075845AR,427966.549,4584074.481,41.4049882,2.1382017,Styphnolobium japonicum,28.75249305,2,Cool
0075867AR,428038.208,4584115.874,41.4053674,2.139054,Styphnolobium japonicum,28.8108894,2,Cool
0075873AR,427377.972,4584755.42,41.4110681,2.1310791,Styphnolobium japonicum,29.11287483,3,Warm
0075874AR,427891.731,4584841.0,41.4118852,2.1372153,Styphnolobium japonicum,27.75670785,1,Coolest
0075875AR,427450.365,4583763.558,41.4021414,2.1320641,Styphnolobium japonicum,28.06976381,2,Cool
0075895AR,427851.281,4584997.309,41.4132893,2.1367127,Styphnolobium japonicum,28.35696097,2,Cool
0075902AR,427824.725,4585063.867,41.4138864,2.1363871,Styphnolobium japonicum,28.84600392,2,Cool
0075903AR,427860.113,4584968.895,41.4130342,2.1368218,Styphnolobium japonicum,28.24079622,2,Cool
0075909AR,427307.281,4584613.16,41.4097805,2.1302504,Styphnolobium japonicum,29.04656353,3,Warm
0075914AR,427806.731,4585145.932,41.4146239,2.136162,Styphnolobium japonicum,29.75530062,3,Warm
0075935AR,427463.763,4584788.789,41.4113764,2.1321014,Styphnolobium japonicum,28.92437664,3,Warm
0075936AR,426733.988,4584259.814,41.406546,2.1234347,Styphnolobium japonicum,29.55437624,3,Warm
0075941AR,427408.154,4584431.05,41.4081494,2.1314791,Styphnolobium japonicum,29.34534719,3,Warm
0075968AR,427862.604,4584961.181,41.412965,2.1368525,Styphnolobium japonicum,28.21470172,2,Cool
0076006AR,428042.77799999993,4584111.984,41.4053328,2.1391091,Styphnolobium japonicum,28.80953635,2,Cool
0076016AR,427359.402,4584669.32,41.410291,2.1308672,Styphnolobium japonicum,29.10177191,3,Warm
0076020AR,426982.887,4584089.642,41.405036,2.1264327,Styphnolobium japonicum,28.3030318,2,Cool
0076021AR,426778.5470000001,4584197.944,41.4059928,2.1239752,Styphnolobium japonicum,28.69082489,2,Cool
0076031AR,427466.429,4584361.009,41.4075238,2.1321846,Styphnolobium japonicum,28.94354643,3,Warm
0076038AR,427446.205,4583770.848,41.4022067,2.1320134,Styphnolobium japonicum,28.05114443,2,Cool
0076049AR,427545.379,4584342.388,41.4073632,2.1331313,Styphnolobium japonicum,28.20261658,2,Cool
0076055AR,427168.57,4584437.041,41.4081817,2.1286122,Styphnolobium japonicum,28.78441024,2,Cool
0076073AR,427456.403,4584815.849,41.4116195,2.1320102,Styphnolobium japonicum,29.00132187,3,Warm
0076080AR,427868.118,4584919.332,41.4125886,2.1369235,Styphnolobium japonicum,28.08548036,2,Cool
0076083AR,427406.963,4584808.95,41.4115529,2.1314195,Styphnolobium japonicum,29.17923593,3,Warm
0076087AR,427330.601,4584623.63,41.4098769,2.1305282,Styphnolobium japonicum,29.10295452,3,Warm
0076107AR,427604.873,4583491.806,41.3997078,2.1339448,Styphnolobium japonicum,28.47498915,2,Cool
0076112AR,427374.652,4584671.34,41.4103106,2.1310494,Styphnolobium japonicum,29.10629083,3,Warm
0076113AR,427310.531,4584602.06,41.4096808,2.1302907,Styphnolobium japonicum,29.07585003,3,Warm
0076114AR,427478.0129999999,4584790.169,41.4113901,2.1322718,Styphnolobium japonicum,28.86451356,2,Cool
0076128AR,426950.45699999994,4584087.022,41.4050094,2.1260451,Styphnolobium japonicum,28.15741753,2,Cool
0076138AR,427993.455,4584113.65,41.4053434,2.1385189,Styphnolobium japonicum,28.7800457,2,Cool
0076143AR,427283.521,4584586.05,41.4095341,2.1299695,Styphnolobium japonicum,28.99963063,3,Warm
0076147AR,427396.702,4584777.28,41.4112667,2.1313005,Styphnolobium japonicum,29.13349819,3,Warm
0076158AR,427556.649,4584320.298,41.4071653,2.1332688,Styphnolobium japonicum,28.21250884,2,Cool
0076185AR,427895.326,4584829.027,41.4117777,2.1372598,Styphnolobium japonicum,27.69464714,1,Coolest
0076194AR,427896.108,4584848.628,41.4119543,2.1372668,Styphnolobium japonicum,27.78965133,1,Coolest
0076198AR,427439.175,4583784.468,41.4023287,2.1319277,Styphnolobium japonicum,28.01579024,2,Cool
0076205AR,427907.501,4584811.538,41.4116212,2.1374075,Styphnolobium japonicum,27.63642306,1,Coolest
0076209AR,427350.741,4584644.89,41.4100702,2.1307666,Styphnolobium japonicum,29.11743755,3,Warm
0076218AR,426863.925,4583895.372,41.4032755,2.1250331,Styphnolobium japonicum,27.95929641,2,Cool
0076247AR,427925.047,4584753.104,41.4110965,2.1376244,Styphnolobium japonicum,27.61326912,1,Coolest
0076251AR,427399.232,4584696.73,41.4105414,2.1313405,Styphnolobium japonicum,29.08035754,3,Warm
0076260AR,427899.558,4584837.097,41.4118507,2.1373094,Styphnolobium japonicum,27.73365297,1,Coolest
0076281AR,427322.741,4584615.06,41.409799,2.1304352,Styphnolobium japonicum,29.09262093,3,Warm
0076285AR,427808.014,4585140.529,41.4145754,2.136178,Styphnolobium japonicum,29.73923893,3,Warm
0076291AR,427399.163,4584829.24,41.4117349,2.1313237,Styphnolobium japonicum,29.24779412,3,Warm
0076294AR,427334.721,4584627.91,41.4099158,2.130577,Styphnolobium japonicum,29.11177566,3,Warm
0076307AR,427553.749,4584325.938,41.4072158,2.1332334,Styphnolobium japonicum,28.21216842,2,Cool
0076309AR,426970.237,4584093.082,41.4050658,2.126281,Styphnolobium japonicum,28.25724746,2,Cool
0076315AR,426992.006,4583968.672,41.4039473,2.1265564,Styphnolobium japonicum,28.17950474,2,Cool
0076318AR,426903.806,4584023.802,41.4044358,2.1254947,Styphnolobium japonicum,28.13448597,2,Cool
0076331AR,427443.74,4584415.089,41.4080089,2.1319067,Styphnolobium japonicum,29.11429984,3,Warm
0076334AR,427386.812,4584684.17,41.4104272,2.1311934,Styphnolobium japonicum,29.10236509,3,Warm
0076338AR,427872.535,4584905.07,41.4124605,2.136978,Styphnolobium japonicum,28.03497122,2,Cool
0076343AR,427299.501,4584604.28,41.4096998,2.1301584,Styphnolobium japonicum,29.03166468,3,Warm
0076368AR,427874.557,4584897.514,41.4123926,2.1370031,Styphnolobium japonicum,28.00716747,2,Cool
0076390AR,427571.005,4583551.455,41.4002419,2.1335325,Styphnolobium japonicum,28.77105357,2,Cool
0076397AR,427838.665,4585018.127,41.4134757,2.1365593,Styphnolobium japonicum,28.46744937,2,Cool
0076403AR,427458.959,4584341.489,41.4073473,2.1320976,Styphnolobium japonicum,29.02977892,3,Warm
0076414AR,427825.669,4585081.876,41.4140487,2.1363962,Styphnolobium japonicum,29.08048937,3,Warm
0076440AR,427963.822,4584070.805,41.4049548,2.1381695,Styphnolobium japonicum,28.75443995,2,Cool
0076443AR,427228.05,4584521.711,41.4089496,2.1293136,Styphnolobium japonicum,28.89946274,3,Warm
0076444AR,427406.743,4584822.33,41.4116733,2.1314153,Styphnolobium japonicum,29.20305764,3,Warm
0076446AR,427889.422,4584847.973,41.4119478,2.1371869,Styphnolobium japonicum,27.79387101,1,Coolest
0076452AR,427880.113,4584880.384,41.4122388,2.1370716,Styphnolobium japonicum,27.94008163,2,Cool
0076456AR,427233.301,4584512.16,41.4088641,2.1293775,Styphnolobium japonicum,28.90479924,3,Warm
0076466AR,427866.948,4584945.588,41.4128249,2.1369063,Styphnolobium japonicum,28.1592227,2,Cool
0076478AR,427342.651,4584636.88,41.4099973,2.1306707,Styphnolobium japonicum,29.11687673,3,Warm
0076485AR,427242.47,4584538.551,41.4091026,2.1294841,Styphnolobium japonicum,28.92258295,3,Warm
0076486AR,427431.785,4583795.418,41.4024267,2.131838,Styphnolobium japonicum,27.98932119,2,Cool
0076491AR,427838.764,4585038.244,41.4136569,2.1365581,Styphnolobium japonicum,28.63320963,2,Cool
0076508AR,427471.01,4584372.569,41.4076284,2.132238,Styphnolobium japonicum,28.8952881,3,Warm
0076531AR,427449.513,4584771.559,41.4112199,2.131933,Styphnolobium japonicum,28.96085909,3,Warm
0076543AR,427407.413,4584797.35,41.4114484,2.1314263,Styphnolobium japonicum,29.14552003,3,Warm
0076551AR,427797.7249999999,4585152.545,41.4146827,2.1360535,Styphnolobium japonicum,29.75257676,3,Warm
0076557AR,427528.17,4584364.558,41.4075614,2.1329228,Styphnolobium japonicum,28.30570847,2,Cool
0076562AR,427380.32,4584507.86,41.4088387,2.1311369,Styphnolobium japonicum,29.28287797,3,Warm
0076564AR,427371.412,4584682.55,41.4104112,2.1310093,Styphnolobium japonicum,29.10602879,3,Warm
0076566AR,427384.01,4584504.169,41.4088058,2.1311815,Styphnolobium japonicum,29.28888624,3,Warm
0076575AR,427824.145,4585087.825,41.4141021,2.1363773,Styphnolobium japonicum,29.16662189,3,Warm
0076580AR,427407.755,4583837.138,41.4028003,2.1315455,Styphnolobium japonicum,27.93713834,2,Cool
0076586AR,426857.008,4584009.312,41.404301,2.1249366,Styphnolobium japonicum,28.22022391,2,Cool
0076596AR,427403.73,4584457.789,41.4083898,2.1314229,Styphnolobium japonicum,29.28968175,3,Warm
0076601AR,427791.596,4585172.817,41.4148647,2.1359777,Styphnolobium japonicum,29.78278759,3,Warm
0076618AR,426866.608,4584059.799,41.4047566,2.1250454,Styphnolobium japonicum,28.06457113,2,Cool
0076633AR,426676.978,4584325.865,41.4071357,2.1227447,Styphnolobium japonicum,30.06826092,3,Warm
0076644AR,427882.041,4584896.165,41.4123811,2.1370928,Styphnolobium japonicum,27.98432081,2,Cool
0076647AR,427217.04,4584508.761,41.408832,2.1291834,Styphnolobium japonicum,28.87191458,2,Cool
0076652AR,427938.717,4584708.523,41.4106962,2.1377932,Styphnolobium japonicum,27.83948,2,Cool
0076656AR,427492.5229999999,4583689.679,41.4014798,2.1325772,Styphnolobium japonicum,28.41446245,2,Cool
0076676AR,427889.885,4584869.354,41.4121404,2.1371899,Styphnolobium japonicum,27.87584763,2,Cool
0076683AR,427852.384,4584972.328,41.4130644,2.1367289,Styphnolobium japonicum,28.25736198,2,Cool
0076723AR,427310.421,4584576.43,41.4094499,2.1302924,Styphnolobium japonicum,29.10647047,3,Warm
0076752AR,427492.48,4584386.358,41.4077545,2.1324932,Styphnolobium japonicum,28.66551284,2,Cool
0076756AR,427367.502,4584678.23,41.410372,2.1309631,Styphnolobium japonicum,29.1041076,3,Warm
0076759AR,427374.04,4584514.39,41.4088969,2.131061,Styphnolobium japonicum,29.28195216,3,Warm
0076769AR,427533.59,4583617.765,41.4008358,2.1330771,Styphnolobium japonicum,28.77204711,2,Cool
0076777AR,427093.53,4584480.122,41.4085629,2.1277093,Styphnolobium japonicum,28.56080772,2,Cool
0076781AR,427877.203,4584912.847,41.412531,2.137033,Styphnolobium japonicum,28.04876363,2,Cool
0076794AR,426960.867,4584094.562,41.4050783,2.1261687,Styphnolobium japonicum,28.21360712,2,Cool
0076802AR,426994.98,4584531.652,41.4090181,2.1265241,Styphnolobium japonicum,28.3461991,2,Cool
0076809AR,426990.48999999993,4584535.993,41.4090567,2.1264699,Styphnolobium japonicum,28.37351095,2,Cool
0076814AR,427453.755,4583757.968,41.4020913,2.1321053,Styphnolobium japonicum,28.09699707,2,Cool
0076818AR,427901.704,4584830.899,41.4117951,2.1373358,Styphnolobium japonicum,27.70873022,1,Coolest
0076827AR,427090.82,4584482.132,41.4085807,2.1276766,Styphnolobium japonicum,28.54813779,2,Cool
0076834AR,427169.11,4584452.531,41.4083212,2.1286168,Styphnolobium japonicum,28.78309942,2,Cool
0076845AR,427394.652,4584692.44,41.4105024,2.1312862,Styphnolobium japonicum,29.09228247,3,Warm
0076875AR,427399.603,4584790.21,41.4113834,2.1313337,Styphnolobium japonicum,29.15213083,3,Warm
0076877AR,426972.32,4584564.643,41.4093131,2.126249,Styphnolobium japonicum,28.57484405,2,Cool
0076882AR,427359.641,4584528.05,41.4090186,2.1308871,Styphnolobium japonicum,29.26300418,3,Warm
0076898AR,427155.611,4584590.101,41.4095591,2.1284387,Styphnolobium japonicum,28.80604016,2,Cool
0076912AR,427467.443,4584777.989,41.4112795,2.1321468,Styphnolobium japonicum,28.89150674,3,Warm
0076920AR,427437.102,4584757.539,41.4110926,2.1317862,Styphnolobium japonicum,28.99270955,3,Warm
0076941AR,427559.999,4584313.748,41.4071066,2.1333097,Styphnolobium japonicum,28.22880653,2,Cool
0076969AR,428033.808,4584119.494,41.4053996,2.1390009,Styphnolobium japonicum,28.81703738,2,Cool
0076970AR,427516.42,4584372.468,41.4076315,2.1327813,Styphnolobium japonicum,28.40974129,2,Cool
0076984AR,427574.265,4583545.593,41.4001894,2.1335722,Styphnolobium japonicum,28.75495866,2,Cool
0077017AR,426969.5,4584554.293,41.4092197,2.1262165,Styphnolobium japonicum,28.51117467,2,Cool
0077025AR,427410.565,4583832.518,41.4027589,2.1315797,Styphnolobium japonicum,27.9385317,2,Cool
0077039AR,427799.297,4585147.454,41.414637,2.1360729,Styphnolobium japonicum,29.70833128,3,Warm
0077043AR,427355.422,4584665.19,41.4102534,2.1308201,Styphnolobium japonicum,29.10221611,3,Warm
0077047AR,426897.846,4584032.122,41.4045102,2.1254224,Styphnolobium japonicum,28.11640514,2,Cool
0077075AR,427722.855,4585019.788,41.4134803,2.1351736,Styphnolobium japonicum,28.47318567,2,Cool
0077099AR,427223.22,4584515.141,41.40889,2.1292566,Styphnolobium japonicum,28.89120649,3,Warm
0077100AR,427970.971,4584080.72,41.4050447,2.1382538,Styphnolobium japonicum,28.75015979,2,Cool
0077107AR,427815.06599999993,4585095.277,41.4141684,2.1362678,Styphnolobium japonicum,29.23508646,3,Warm
0077124AR,427331.711,4584639.1,41.4100163,2.1305396,Styphnolobium japonicum,29.08609571,3,Warm
0077128AR,427910.116,4585070.486,41.4139537,2.1374079,Styphnolobium japonicum,29.10416383,3,Warm
0077136AR,427002.61,4584516.382,41.4088812,2.1266172,Styphnolobium japonicum,28.29768881,2,Cool
0077137AR,427834.638,4585030.866,41.4135901,2.1365096,Styphnolobium japonicum,28.55809167,2,Cool
0077143AR,428004.898,4584129.776,41.4054896,2.1386538,Styphnolobium japonicum,28.81604885,2,Cool
0077148AR,426816.347,4584129.073,41.405376,2.1244357,Styphnolobium japonicum,28.06435886,2,Cool
0077150AR,427398.713,4584833.26,41.4117711,2.1313179,Styphnolobium japonicum,29.25544806,3,Warm
0077161AR,427177.88099999994,4584581.091,41.4094799,2.1287062,Styphnolobium japonicum,28.80978422,2,Cool
0077167AR,428056.718,4584100.664,41.4052321,2.1392772,Styphnolobium japonicum,28.81615443,2,Cool
0077169AR,427403.96,4584443.659,41.4082626,2.1314274,Styphnolobium japonicum,29.32486286,3,Warm
0077171AR,427020.5960000001,4584036.662,41.4045622,2.1268902,Styphnolobium japonicum,28.29942529,2,Cool
0077174AR,426958.127,4584123.952,41.4053427,2.1261324,Styphnolobium japonicum,28.27728546,2,Cool
0077199AR,427405.59299999994,4584838.31,41.4118172,2.1313996,Styphnolobium japonicum,29.24340315,3,Warm
0077207AR,427438.64,4584418.729,41.4080412,2.1318453,Styphnolobium japonicum,29.1584279,3,Warm
0077214AR,426866.375,4584076.709,41.4049089,2.1250405,Styphnolobium japonicum,28.01446435,2,Cool
0077244AR,426764.687,4584216.524,41.4061589,2.1238072,Styphnolobium japonicum,28.94877568,3,Warm
0077248AR,427400.0530000001,4584797.35,41.4114478,2.1313382,Styphnolobium japonicum,29.16736355,3,Warm
0077249AR,427923.522,4584758.012,41.4111406,2.1376056,Styphnolobium japonicum,27.59107192,1,Coolest
0077257AR,427314.651,4584606.18,41.4097183,2.1303395,Styphnolobium japonicum,29.08011473,3,Warm
0077265AR,427347.412,4584656.47,41.4101742,2.1307253,Styphnolobium japonicum,29.09897409,3,Warm
0077276AR,427201.001,4584560.681,41.4092982,2.1289853,Styphnolobium japonicum,28.83657955,2,Cool
0077282AR,427919.458,4584749.91,41.4110672,2.1375579,Styphnolobium japonicum,27.58100976,1,Coolest
0077289AR,427916.058,4584761.133,41.411168,2.1375159,Styphnolobium japonicum,27.56851744,1,Coolest
0077305AR,427469.743,4584806.739,41.4115386,2.1321708,Styphnolobium japonicum,28.91498374,3,Warm
0077322AR,427391.942,4584703.61,41.4106028,2.1312524,Styphnolobium japonicum,29.08586803,3,Warm
0077325AR,427538.036,4584355.675,41.4074822,2.1330419,Styphnolobium japonicum,28.23637003,2,Cool
0077327AR,427195.79,4584483.451,41.4086021,2.1289322,Styphnolobium japonicum,28.83346363,2,Cool
0077332AR,427462.099,4584349.199,41.4074171,2.1321342,Styphnolobium japonicum,29.01012705,3,Warm
0077357AR,427324.151,4584563.48,41.4093345,2.1304582,Styphnolobium japonicum,29.15595203,3,Warm
0077358AR,427830.405,4585065.684,41.4139033,2.1364548,Styphnolobium japonicum,28.92370881,3,Warm
0077376AR,427395.722,4584708.07,41.4106433,2.1312971,Styphnolobium japonicum,29.07890808,3,Warm
0077377AR,427441.012,4584762.359,41.4111363,2.1318324,Styphnolobium japonicum,28.9850401,3,Warm
0077383AR,427393.9799999999,4584494.819,41.4087225,2.1313019,Styphnolobium japonicum,29.29141339,3,Warm
0077395AR,427407.193,4584791.11,41.4113922,2.1314244,Styphnolobium japonicum,29.12879761,3,Warm
0077404AR,427805.467,4585126.807,41.4144516,2.1361492,Styphnolobium japonicum,29.5519541,3,Warm
0077411AR,427164.16,4584446.341,41.408265,2.1285583,Styphnolobium japonicum,28.77656361,2,Cool
0077415AR,427268.941,4584569.19,41.409381,2.1297971,Styphnolobium japonicum,28.96780953,3,Warm
0077426AR,427452.733,4584775.919,41.4112595,2.131971,Styphnolobium japonicum,28.95644326,3,Warm
0077427AR,427846.635,4585014.677,41.4134453,2.1366551,Styphnolobium japonicum,28.44727357,2,Cool
0077429AR,427392.472,4584771.93,41.4112181,2.1312506,Styphnolobium japonicum,29.1237624,3,Warm
0077431AR,427828.816,4585071.235,41.4139531,2.1364352,Styphnolobium japonicum,28.98331669,3,Warm
0077438AR,427882.397,4584872.8,41.4121707,2.1370999,Styphnolobium japonicum,27.90043301,2,Cool
0077439AR,427564.827,4583562.322,41.4003393,2.1334573,Styphnolobium japonicum,28.80300894,2,Cool
0077443AR,427991.073,4584110.139,41.4053115,2.1384908,Styphnolobium japonicum,28.7747355,2,Cool
0077444AR,427472.11,4584398.539,41.4078624,2.1322481,Styphnolobium japonicum,28.8461259,2,Cool
0077448AR,427472.46,4584376.909,41.4076676,2.1322549,Styphnolobium japonicum,28.88445281,2,Cool
0077455AR,427822.8,4585091.649,41.4141365,2.1363607,Styphnolobium japonicum,29.21930393,3,Warm
0077458AR,427358.512,4584654.01,41.410153,2.1308584,Styphnolobium japonicum,29.11904266,3,Warm
0077462AR,427311.32100000005,4584617.44,41.4098194,2.1302983,Styphnolobium japonicum,29.05448955,3,Warm
0077474AR,427306.4810000001,4584597.22,41.4096368,2.1302428,Styphnolobium japonicum,29.06560976,3,Warm
0077477AR,427290.071,4584579.4,41.4094748,2.1300486,Styphnolobium japonicum,29.02568968,3,Warm
0077479AR,427899.742,4584814.873,41.4116506,2.1373143,Styphnolobium japonicum,27.640647,1,Coolest
0077483AR,426893.517,4584215.393,41.4061604,2.1253485,Styphnolobium japonicum,28.39957831,2,Cool
0077508AR,427279.871,4584566.48,41.4093576,2.1299281,Styphnolobium japonicum,29.00858711,3,Warm
0077536AR,427212.87,4584539.321,41.4091069,2.1291299,Styphnolobium japonicum,28.86216656,2,Cool
0077556AR,427819.885,4585079.985,41.4140311,2.1363273,Styphnolobium japonicum,29.03253165,3,Warm
0077582AR,427404.998,4584473.966,41.4085356,2.1314362,Styphnolobium japonicum,29.28260881,3,Warm
0077586AR,426942.27,4584732.199,41.4108195,2.1258693,Styphnolobium japonicum,29.92671335,3,Warm
0077595AR,427821.495,4585075.107,41.4139874,2.1363471,Styphnolobium japonicum,28.98932086,3,Warm
0077596AR,426975.594,4583924.342,41.4035465,2.1263655,Styphnolobium japonicum,28.08520824,2,Cool
0077613AR,427510.54,4584375.568,41.4076589,2.1327106,Styphnolobium japonicum,28.47519622,2,Cool
0077618AR,428061.138,4584096.704,41.4051968,2.1393306,Styphnolobium japonicum,28.80864506,2,Cool
0077621AR,427876.968,4584890.802,41.4123324,2.1370328,Styphnolobium japonicum,27.98005713,2,Cool
0077625AR,427220.79,4584498.421,41.4087392,2.1292295,Styphnolobium japonicum,28.87966198,2,Cool
0077648AR,427166.881,4584580.151,41.4094705,2.1285748,Styphnolobium japonicum,28.80387305,2,Cool
0077656AR,427843.695,4585000.207,41.4133148,2.1366216,Styphnolobium japonicum,28.37280484,2,Cool
0077671AR,427184.86,4584456.801,41.4083611,2.1288047,Styphnolobium japonicum,28.80861291,2,Cool
0077694AR,427339.241,4584647.42,41.4100919,2.1306287,Styphnolobium japonicum,29.09595527,3,Warm
0077697AR,427462.883,4584811.289,41.411579,2.1320882,Styphnolobium japonicum,28.95775527,3,Warm
0077715AR,427387.182,4584699.35,41.410564,2.131196,Styphnolobium japonicum,29.08530228,3,Warm
0077717AR,427840.065,4585013.008,41.4134297,2.1365767,Styphnolobium japonicum,28.43319311,2,Cool
0077718AR,427810.056,4585112.003,41.4143186,2.1362058,Styphnolobium japonicum,29.40456476,3,Warm
0077723AR,427039.176,4583998.321,41.4042186,2.1271171,Styphnolobium japonicum,28.22680736,2,Cool
0077726AR,427144.801,4584611.331,41.4097493,2.1283068,Styphnolobium japonicum,28.81752427,2,Cool
0077731AR,427808.483,4585116.859,41.4143622,2.1361864,Styphnolobium japonicum,29.44144272,3,Warm
0077732AR,427932.742,4584705.486,41.4106683,2.1377221,Styphnolobium japonicum,27.81709779,1,Coolest
0077744AR,426922.62,4583981.603,41.4040574,2.1257248,Styphnolobium japonicum,28.1626613,2,Cool
0077746AR,427407.773,4584780.03,41.4112925,2.1314327,Styphnolobium japonicum,29.10655069,3,Warm
0077748AR,427858.711,4584950.635,41.4128696,2.1368072,Styphnolobium japonicum,28.18059247,2,Cool
0077751AR,427913.443,4584791.35,41.4114399,2.137481,Styphnolobium japonicum,27.59350143,1,Coolest
0077756AR,427920.255,4584769.061,41.4112398,2.1375652,Styphnolobium japonicum,27.58305827,1,Coolest
0077765AR,427166.591,4584591.101,41.4095691,2.12857,Styphnolobium japonicum,28.79989704,2,Cool
0077792AR,427399.163,4584780.4,41.411295,2.1313296,Styphnolobium japonicum,29.13071169,3,Warm
0077812AR,427403.06,4584448.819,41.408309,2.131416,Styphnolobium japonicum,29.31446491,3,Warm
0077818AR,427826.505,4585058.547,41.4138387,2.136409,Styphnolobium japonicum,28.79553106,2,Cool
0077823AR,427212.54,4584550.321,41.4092059,2.1291246,Styphnolobium japonicum,28.85116606,2,Cool
0077844AR,426925.462,4583994.184,41.404171,2.1257573,Styphnolobium japonicum,28.16182583,2,Cool
0077850AR,428000.29,4584123.501,41.4054327,2.1385995,Styphnolobium japonicum,28.80526243,2,Cool
0077855AR,427304.3410000001,4584582.51,41.4095041,2.130219,Styphnolobium japonicum,29.07959475,3,Warm
0077860AR,427315.841,4584621.81,41.4098591,2.1303518,Styphnolobium japonicum,29.06019379,3,Warm
0077868AR,427303.471,4584608.72,41.4097401,2.1302054,Styphnolobium japonicum,29.04672867,3,Warm
0077882AR,427389.342,4584768.13,41.4111836,2.1312136,Styphnolobium japonicum,29.12545141,3,Warm
0077885AR,427319.651,4584626.17,41.4098988,2.1303969,Styphnolobium japonicum,29.0661539,3,Warm
0077901AR,427979.658,4584093.754,41.4051629,2.1383562,Styphnolobium japonicum,28.75841802,2,Cool
0077914AR,427541.7249999999,4584349.499,41.407427,2.1330868,Styphnolobium japonicum,28.20528587,2,Cool
0077915AR,427124.3,4584452.441,41.4083164,2.1280807,Styphnolobium japonicum,28.68879019,2,Cool
0077929AR,427908.952,4584806.53,41.4115763,2.1374255,Styphnolobium japonicum,27.62161749,1,Coolest
0077935AR,427468.11900000006,4584365.099,41.4075608,2.1322044,Styphnolobium japonicum,28.93133718,3,Warm
0077936AR,427433.91,4584421.099,41.4080621,2.1317884,Styphnolobium japonicum,29.20216828,3,Warm
0077937AR,427501.884,4583671.867,41.4013202,2.1326913,Styphnolobium japonicum,28.51873995,2,Cool
0077939AR,427977.1979999999,4584090.454,41.405133,2.1383272,Styphnolobium japonicum,28.74927905,2,Cool
0077959AR,427917.726,4584755.306,41.4111157,2.1375365,Styphnolobium japonicum,27.56586239,1,Coolest
0077997AR,427884.454,4584888.039,41.4123082,2.1371227,Styphnolobium japonicum,27.94778178,2,Cool
0078008AR,427809.556,4585135.481,41.41453,2.1361971,Styphnolobium japonicum,29.69837787,3,Warm
0078020AR,427206.41,4584496.011,41.4087162,2.1290578,Styphnolobium japonicum,28.85541789,2,Cool
0078049AR,427405.3,4584463.849,41.4084445,2.131441,Styphnolobium japonicum,29.29934229,3,Warm
0078050AR,427547.891,4583592.831,41.4006125,2.1332511,Styphnolobium japonicum,28.81887642,2,Cool
0078051AR,427798.814,4585171.588,41.4148543,2.1360642,Styphnolobium japonicum,29.89817332,3,Warm
0078054AR,426787.557,4584185.214,41.405879,2.1240846,Styphnolobium japonicum,28.50164267,2,Cool
0078070AR,427522.94,4584368.728,41.4075984,2.1328597,Styphnolobium japonicum,28.34693676,2,Cool
0078090AR,426984.08600000007,4583963.552,41.4039004,2.1264623,Styphnolobium japonicum,28.16537304,2,Cool
0078091AR,427406.5229999999,4584828.8,41.4117316,2.1314118,Styphnolobium japonicum,29.22221266,3,Warm
0078105AR,427907.3540000001,4584790.154,41.4114286,2.1374083,Styphnolobium japonicum,27.57482857,1,Coolest
0078109AR,427354.711,4584649.41,41.4101112,2.1308135,Styphnolobium japonicum,29.11886242,3,Warm
0078120AR,427223.87,4584540.941,41.4091225,2.1292613,Styphnolobium japonicum,28.88147767,2,Cool
0078136AR,427905.93000000005,4584816.739,41.4116679,2.1373881,Styphnolobium japonicum,27.65530611,1,Coolest
0078141AR,427849.811,4585002.409,41.4133351,2.1366946,Styphnolobium japonicum,28.37486797,2,Cool
0078143AR,426875.238,4584241.633,41.4063951,2.1251266,Styphnolobium japonicum,28.61775306,2,Cool
0078145AR,426905.257,4584199.213,41.4060158,2.1254909,Styphnolobium japonicum,28.31690364,2,Cool
0078150AR,427020.806,4583987.051,41.4041154,2.1268987,Styphnolobium japonicum,28.20957723,2,Cool
0078158AR,427592.753,4583512.676,41.3998946,2.1337973,Styphnolobium japonicum,28.60617413,2,Cool
0078165AR,427549.179,4584335.228,41.4072991,2.1331777,Styphnolobium japonicum,28.19683486,2,Cool
0078178AR,427320.721,4584566.45,41.409361,2.1304168,Styphnolobium japonicum,29.14527372,3,Warm
0078197AR,427934.279,4584722.841,41.4108248,2.1377384,Styphnolobium japonicum,27.7515524,1,Coolest
0078198AR,427499.42,4584382.408,41.4077195,2.1325767,Styphnolobium japonicum,28.5989641,2,Cool
0078202AR,427831.665,4585060.715,41.4138586,2.1364705,Styphnolobium japonicum,28.85625545,2,Cool
0078208AR,427830.89,4585043.044,41.4136994,2.1364633,Styphnolobium japonicum,28.65287792,2,Cool
0078233AR,427400.0530000001,4584803.82,41.411506,2.1313374,Styphnolobium japonicum,29.18101436,3,Warm
0078249AR,427844.74499999994,4585020.587,41.4134984,2.1366318,Styphnolobium japonicum,28.48870774,2,Cool
0078257AR,427520.034,4583640.957,41.4010435,2.1329121,Styphnolobium japonicum,28.68769087,2,Cool
0078285AR,427921.783,4584764.032,41.4111946,2.137584,Styphnolobium japonicum,27.592426,1,Coolest
0078295AR,427801.514,4585164.179,41.4147878,2.1360974,Styphnolobium japonicum,29.87840181,3,Warm
0078308AR,427973.488,4584084.158,41.4050759,2.1382835,Styphnolobium japonicum,28.75003489,2,Cool
0078311AR,427864.738,4584952.39,41.412886,2.1368791,Styphnolobium japonicum,28.17599439,2,Cool
0078339AR,427005.445,4583882.311,41.4031707,2.1267276,Styphnolobium japonicum,28.10084179,2,Cool
0078340AR,428051.858,4584104.474,41.4052659,2.1392186,Styphnolobium japonicum,28.81708576,2,Cool
0078341AR,427405.493,4584833.4,41.4117729,2.131399,Styphnolobium japonicum,29.23338721,3,Warm
0078348AR,427189.3709999999,4584559.621,41.4092876,2.1288463,Styphnolobium japonicum,28.83027131,2,Cool
0078374AR,427326.711,4584619.51,41.4098394,2.1304821,Styphnolobium japonicum,29.09785774,3,Warm
0078376AR,427383.162,4584679.98,41.4103891,2.1311502,Styphnolobium japonicum,29.10823137,3,Warm
0078381AR,426757.357,4584226.864,41.4062513,2.1237182,Styphnolobium japonicum,29.09109892,3,Warm
0078386AR,427406.743,4584815.86,41.4116151,2.131416,Styphnolobium japonicum,29.18743684,3,Warm
0078394AR,427606.087,4583671.558,41.4013268,2.1339378,Styphnolobium japonicum,28.60818522,2,Cool
0078403AR,427842.035,4585006.518,41.4133714,2.136601,Styphnolobium japonicum,28.39462257,2,Cool
0078434AR,427544.567,4583598.738,41.4006654,2.1332106,Styphnolobium japonicum,28.81129052,2,Cool
0078436AR,427407.653,4584785.44,41.4113412,2.1314306,Styphnolobium japonicum,29.11954253,3,Warm
0078444AR,427364.071,4584523.62,41.4089791,2.1309406,Styphnolobium japonicum,29.27189965,3,Warm
0078454AR,427009.248,4584053.323,41.4047113,2.1267525,Styphnolobium japonicum,28.30932167,2,Cool
0078457AR,427448.763,4584820.809,41.4116635,2.1319182,Styphnolobium japonicum,29.04750083,3,Warm
0078461AR,427504.98,4584379.308,41.4076921,2.1326436,Styphnolobium japonicum,28.55042932,2,Cool
0078467AR,427143.961,4584600.311,41.40965,2.1282981,Styphnolobium japonicum,28.79461042,2,Cool
0078468AR,427155.101,4584601.181,41.4096588,2.1284313,Styphnolobium japonicum,28.80394739,2,Cool
0078489AR,427533.62,4584359.748,41.4075185,2.1329886,Styphnolobium japonicum,28.25090147,2,Cool
0078498AR,427601.233,4583497.766,41.3997611,2.1339005,Styphnolobium japonicum,28.5069225,2,Cool
0078513AR,427855.269,4584964.005,41.4129897,2.1367644,Styphnolobium japonicum,28.22675603,2,Cool
0078536AR,427443.683,4584824.34,41.4116948,2.131857,Styphnolobium japonicum,29.06064768,3,Warm
0078545AR,426916.617,4584182.263,41.4058641,2.1256288,Styphnolobium japonicum,28.28568503,2,Cool
0078561AR,427338.611,4584632.12,41.4099541,2.130623,Styphnolobium japonicum,29.11601523,3,Warm
0078571AR,426970.76,4584570.453,41.4093653,2.1262297,Styphnolobium japonicum,28.61551946,2,Cool
0078572AR,427253.031,4584549.521,41.4092024,2.1296091,Styphnolobium japonicum,28.9409058,3,Warm
0078575AR,427363.452,4584673.64,41.4103303,2.1309152,Styphnolobium japonicum,29.09856911,3,Warm
0078593AR,426864.327,4584063.019,41.4047854,2.1250177,Styphnolobium japonicum,28.05956895,2,Cool
0078595AR,427314.171,4584573.0,41.4094194,2.1303377,Styphnolobium japonicum,29.12037743,3,Warm
0078609AR,427405.183,4584845.52,41.4118821,2.1313938,Styphnolobium japonicum,29.24859477,3,Warm
0078611AR,427893.446,4584835.335,41.4118343,2.1372365,Styphnolobium japonicum,27.72926132,1,Coolest
0078629AR,428047.438,4584108.234,41.4052994,2.1391653,Styphnolobium japonicum,28.81412451,2,Cool
0078660AR,427330.071,4584556.78,41.4092747,2.1305299,Styphnolobium japonicum,29.18341571,3,Warm
0078673AR,427793.31,4585166.293,41.4148061,2.135999,Styphnolobium japonicum,29.79515771,3,Warm
0078674AR,427381.322,4584759.66,41.4111066,2.1311187,Styphnolobium japonicum,29.11824332,3,Warm
0078682AR,426940.424,4583956.704,41.4038348,2.1259408,Styphnolobium japonicum,28.13608752,2,Cool
0078698AR,427367.08200000005,4584662.89,41.4102338,2.1309599,Styphnolobium japonicum,29.12780223,3,Warm
0078703AR,427318.3009999999,4584610.62,41.4097586,2.1303826,Styphnolobium japonicum,29.08095298,3,Warm
0078708AR,427897.97,4584842.346,41.4118978,2.1372898,Styphnolobium japonicum,27.7506952,1,Coolest
0078710AR,427399.603,4584822.55,41.4116747,2.1313298,Styphnolobium japonicum,29.22612651,3,Warm
0078725AR,426841.237,4584110.683,41.4052126,2.1247357,Styphnolobium japonicum,27.99678566,2,Cool
0078727AR,426855.252,4584017.808,41.4043774,2.1249146,Styphnolobium japonicum,28.20406971,2,Cool
0078728AR,427795.126,4585160.697,41.4147559,2.1360214,Styphnolobium japonicum,29.77408259,3,Warm
0078733AR,427201.2,4584490.601,41.408667,2.1289961,Styphnolobium japonicum,28.84440673,2,Cool
0078756AR,427193.93000000005,4584466.831,41.4084523,2.128912,Styphnolobium japonicum,28.81882242,2,Cool
0078761AR,427804.902,4585150.803,41.4146676,2.1361396,Styphnolobium japonicum,29.79666995,3,Warm
0078763AR,427133.311,4584611.222,41.4097472,2.1281694,Styphnolobium japonicum,28.81616714,2,Cool
0078766AR,427821.148,4585096.014,41.4141756,2.1363405,Styphnolobium japonicum,29.28745091,3,Warm
0078771AR,427885.622,4584883.118,41.412264,2.1371372,Styphnolobium japonicum,27.93563573,2,Cool
0078781AR,427200.89,4584550.001,41.409202,2.1289853,Styphnolobium japonicum,28.84593065,2,Cool
0078793AR,427405.623,4584850.21,41.4119244,2.1313985,Styphnolobium japonicum,29.25883273,3,Warm
0078825AR,427379.242,4584675.26,41.4103463,2.1311039,Styphnolobium japonicum,29.11152339,3,Warm
0078827AR,427284.461,4584572.61,41.4094132,2.1299823,Styphnolobium japonicum,29.01936509,3,Warm
0078831AR,426854.076,4584092.523,41.4050502,2.1248915,Styphnolobium japonicum,28.0065315,2,Cool
0078840AR,427459.943,4584813.539,41.411599,2.1320528,Styphnolobium japonicum,28.97276028,3,Warm
0081744AR,428198.69500000007,4578394.284,41.3538495,2.1416517,Styphnolobium japonicum,32.1090482,4,Hottest
0081746AR,428098.347,4578580.905,41.3555214,2.1404301,Styphnolobium japonicum,31.19348856,4,Hottest
0081756AR,428190.045,4578337.344,41.3533359,2.141555,Styphnolobium japonicum,31.65911276,4,Hottest
0081766AR,428196.004,4578207.554,41.3521674,2.1416416,Styphnolobium japonicum,30.40541905,4,Hottest
0081768AR,428113.596,4578552.725,41.3552689,2.1406157,Styphnolobium japonicum,31.32539421,4,Hottest
0081771AR,428098.776,4578551.825,41.3552595,2.1404387,Styphnolobium japonicum,31.391168,4,Hottest
0081772AR,428184.155,4578345.594,41.3534097,2.1414837,Styphnolobium japonicum,31.79224158,4,Hottest
0081773AR,428119.367,4578609.785,41.3557834,2.1406779,Styphnolobium japonicum,30.92872632,4,Hottest
0081775AR,428271.624,4578216.753,41.352257,2.1425444,Styphnolobium japonicum,29.74067665,3,Warm
0081791AR,428187.365,4578415.554,41.3540401,2.1415138,Styphnolobium japonicum,32.28202402,4,Hottest
0081794AR,427698.533,4578164.027,41.3517309,2.1357006,Styphnolobium japonicum,31.84542447,4,Hottest
0081807AR,428039.578,4578127.696,41.3514342,2.1397814,Styphnolobium japonicum,31.09587911,4,Hottest
0081809AR,428038.155,4578392.035,41.3538149,2.139733,Styphnolobium japonicum,31.33360975,4,Hottest
0081811AR,428474.665,4578207.881,41.3521952,2.1449724,Styphnolobium japonicum,30.84985103,4,Hottest
0081812AR,428457.455,4578241.272,41.3524944,2.1447627,Styphnolobium japonicum,30.20934328,3,Warm
0081814AR,428439.526,4578210.905,41.3522193,2.144552,Styphnolobium japonicum,30.09261873,3,Warm
0081815AR,428207.455,4578378.094,41.3537045,2.1417583,Styphnolobium japonicum,31.92799002,4,Hottest
0081816AR,428201.555,4578389.014,41.3538023,2.1416865,Styphnolobium japonicum,32.05673833,4,Hottest
0081824AR,428204.155,4578320.494,41.3531854,2.1417257,Styphnolobium japonicum,31.38519749,4,Hottest
0081835AR,427881.362,4578213.407,41.352192,2.1378801,Styphnolobium japonicum,30.92359576,4,Hottest
0081836AR,427703.463,4578166.677,41.3517552,2.1357592,Styphnolobium japonicum,31.79104942,4,Hottest
0081839AR,428178.766,4578431.384,41.3541819,2.1414091,Styphnolobium japonicum,32.3045524,4,Hottest
0081850AR,428195.885,4578399.624,41.3538973,2.1416175,Styphnolobium japonicum,32.1430162,4,Hottest
0081862AR,428175.245,4578409.134,41.3539812,2.1413696,Styphnolobium japonicum,32.33101826,4,Hottest
0081865AR,428144.387,4578622.755,41.3559024,2.1409755,Styphnolobium japonicum,30.73976631,4,Hottest
0081871AR,428447.955,4578195.81,41.3520841,2.1446546,Styphnolobium japonicum,30.32145966,4,Hottest
0081872AR,428141.295,4578301.924,41.3530125,2.1409765,Styphnolobium japonicum,31.53561515,4,Hottest
0081877AR,427797.803,4578203.287,41.3520934,2.1368825,Styphnolobium japonicum,30.66190988,4,Hottest
0081880AR,427918.699,4578246.429,41.3524928,2.1383224,Styphnolobium japonicum,30.87458362,4,Hottest
0081890AR,428193.005,4578404.864,41.3539443,2.1415824,Styphnolobium japonicum,32.1888648,4,Hottest
0081893AR,428498.264,4578164.571,41.3518072,2.1452596,Styphnolobium japonicum,31.5310522,4,Hottest
0081894AR,428158.376,4578169.174,41.3518184,2.1411964,Styphnolobium japonicum,30.23022733,3,Warm
0081904AR,428379.887,4578388.854,41.3538167,2.1438182,Styphnolobium japonicum,30.07426432,3,Warm
0081923AR,428150.50600000005,4578484.144,41.3546545,2.141065,Styphnolobium japonicum,31.91467592,4,Hottest
0081926AR,427729.905,4578403.827,41.3538935,2.136047,Styphnolobium japonicum,32.1713437,4,Hottest
0081927AR,428080.447,4578577.075,41.3554853,2.1402166,Styphnolobium japonicum,31.27280882,4,Hottest
0081928AR,428028.866,4578561.755,41.3553427,2.1396018,Styphnolobium japonicum,31.61519048,4,Hottest
0081932AR,428159.085,4578195.013,41.3520512,2.1412018,Styphnolobium japonicum,30.5918402,4,Hottest
0081938AR,428264.915,4578276.853,41.3527977,2.1424571,Styphnolobium japonicum,30.27784585,4,Hottest
0081941AR,428048.283,4578374.958,41.353662,2.1398561,Styphnolobium japonicum,31.39094791,4,Hottest
0081942AR,428127.186,4578498.855,41.3547849,2.1407846,Styphnolobium japonicum,31.81853883,4,Hottest
0081947AR,428428.351,4578233.03,41.3524176,2.1444158,Styphnolobium japonicum,29.84913641,3,Warm
0081955AR,428121.456,4578509.445,41.3548798,2.1407148,Styphnolobium japonicum,31.70567302,4,Hottest
0081957AR,427637.094,4578355.808,41.3534527,2.1349434,Styphnolobium japonicum,33.40204242,4,Hottest
0081958AR,428138.424,4578175.105,41.35187,2.1409572,Styphnolobium japonicum,30.55549594,4,Hottest
0081964AR,428191.714,4578203.264,41.3521284,2.1415909,Styphnolobium japonicum,30.40628616,4,Hottest
0081967AR,428191.825,4578317.484,41.3531572,2.1415787,Styphnolobium japonicum,31.45538661,4,Hottest
0081972AR,428147.106,4578461.724,41.3544523,2.1410271,Styphnolobium japonicum,32.11894275,4,Hottest
0081973AR,428169.795,4578419.464,41.3540737,2.1413033,Styphnolobium japonicum,32.35645332,4,Hottest
0081976AR,428173.545,4578302.934,41.3530245,2.1413619,Styphnolobium japonicum,31.4484872,4,Hottest
0081978AR,428421.635,4578244.332,41.3525188,2.1443342,Styphnolobium japonicum,29.7169963,3,Warm
0081981AR,428122.08600000007,4578536.905,41.3551272,2.1407191,Styphnolobium japonicum,31.43297206,4,Hottest
0081985AR,428375.021,4578398.074,41.3538993,2.1437589,Styphnolobium japonicum,30.15551461,3,Warm
0081987AR,428139.196,4578505.374,41.3548447,2.1409273,Styphnolobium japonicum,31.72816618,4,Hottest
0081991AR,428625.885,4578273.73,41.3528017,2.1467722,Styphnolobium japonicum,32.49279654,4,Hottest
0081993AR,427693.143,4578160.557,41.3516992,2.1356366,Styphnolobium japonicum,31.930852,4,Hottest
0081996AR,428017.605,4578430.695,41.3541613,2.1394828,Styphnolobium japonicum,31.39350482,4,Hottest
0082008AR,428256.164,4578257.783,41.3526252,2.1423548,Styphnolobium japonicum,30.19318578,3,Warm
0082014AR,428111.614,4578290.104,41.3529034,2.1406231,Styphnolobium japonicum,31.42714694,4,Hottest
0082022AR,428104.476,4578541.185,41.3551642,2.1405081,Styphnolobium japonicum,31.42991196,4,Hottest
0082023AR,428366.535,4578413.913,41.3540412,2.1436556,Styphnolobium japonicum,30.23948922,4,Hottest
0082033AR,428041.616,4578568.905,41.3554082,2.1397534,Styphnolobium japonicum,31.58620109,4,Hottest
0082036AR,428127.836,4578526.265,41.3550319,2.1407891,Styphnolobium japonicum,31.54334447,4,Hottest
0082048AR,428205.315,4578329.754,41.3532689,2.1417385,Styphnolobium japonicum,31.4885437,4,Hottest
0082050AR,427740.223,4578175.237,41.3518356,2.1361976,Styphnolobium japonicum,31.34902473,4,Hottest
0082055AR,428425.721,4578302.372,41.3530419,2.1443762,Styphnolobium japonicum,29.76656009,3,Warm
0082059AR,428512.096,4578464.712,41.3545117,2.1453896,Styphnolobium japonicum,30.88460523,4,Hottest
0082067AR,428035.025,4578397.585,41.3538646,2.1396949,Styphnolobium japonicum,31.32677355,4,Hottest
0082074AR,428506.666,4578475.002,41.3546039,2.1453234,Styphnolobium japonicum,30.77082517,4,Hottest
0082079AR,428110.816,4578558.115,41.3553172,2.1405819,Styphnolobium japonicum,31.29306928,4,Hottest
0082083AR,428101.57600000006,4578546.495,41.3552117,2.1404728,Styphnolobium japonicum,31.41711834,4,Hottest
0082088AR,428178.075,4578403.834,41.3539337,2.1414041,Styphnolobium japonicum,32.27235993,4,Hottest
0082089AR,427583.4039999999,4578329.408,41.3532101,2.1343047,Styphnolobium japonicum,33.46390427,4,Hottest
0082090AR,428141.846,4578500.184,41.3547982,2.1409596,Styphnolobium japonicum,31.77634139,4,Hottest
0082095AR,427908.021,4578244.437,41.3524739,2.138195,Styphnolobium japonicum,30.83039141,4,Hottest
0082112AR,428101.134,4578274.324,41.3527604,2.1404997,Styphnolobium japonicum,31.28605029,4,Hottest
0082113AR,428250.8840000001,4578262.813,41.35267,2.1422911,Styphnolobium japonicum,30.30494059,4,Hottest
0082115AR,428164.006,4578430.144,41.3541694,2.1412328,Styphnolobium japonicum,32.37231954,4,Hottest
0082116AR,428214.114,4578273.624,41.3527641,2.1418503,Styphnolobium japonicum,30.78272096,4,Hottest
0082125AR,427690.593,4578142.287,41.3515344,2.1356083,Styphnolobium japonicum,32.02071968,4,Hottest
0082134AR,428112.976,4578525.305,41.3550219,2.1406116,Styphnolobium japonicum,31.57382209,4,Hottest
0082136AR,428107.836,4578563.855,41.3553687,2.1405456,Styphnolobium japonicum,31.22945965,4,Hottest
0082137AR,428192.285,4578377.264,41.3536956,2.1415771,Styphnolobium japonicum,32.02334711,4,Hottest
0082145AR,428155.546,4578446.084,41.3543122,2.1411298,Styphnolobium japonicum,32.18357451,4,Hottest
0082147AR,428181.646,4578426.124,41.3541347,2.1414441,Styphnolobium japonicum,32.29484519,4,Hottest
0082148AR,428167.426,4578452.544,41.3543714,2.141271,Styphnolobium japonicum,32.10953013,4,Hottest
0082149AR,428046.886,4578136.083,41.3515104,2.1398677,Styphnolobium japonicum,31.1041082,4,Hottest
0082150AR,428170.386,4578447.314,41.3543246,2.141307,Styphnolobium japonicum,32.1172051,4,Hottest
0082151AR,428031.81,4578273.507,41.3527468,2.1396712,Styphnolobium japonicum,31.12063671,4,Hottest
0082158AR,428110.186,4578530.555,41.3550689,2.1405776,Styphnolobium japonicum,31.55124721,4,Hottest
0082163AR,428172.252,4578308.464,41.3530742,2.1413458,Styphnolobium japonicum,31.49284892,4,Hottest
0082164AR,428192.744,4578193.484,41.3520404,2.1416043,Styphnolobium japonicum,30.13420427,3,Warm
0082169AR,428466.659,4578223.732,41.3523372,2.1448748,Styphnolobium japonicum,30.5583341,4,Hottest
0082171AR,428136.824,4578297.454,41.3529719,2.1409236,Styphnolobium japonicum,31.4828234,4,Hottest
0082172AR,427889.693,4578240.161,41.3524338,2.1379765,Styphnolobium japonicum,30.75295764,4,Hottest
0082184AR,428210.805,4578371.754,41.3536477,2.1417991,Styphnolobium japonicum,31.83519028,4,Hottest
0082188AR,427969.03,4578498.517,41.3547678,2.1388941,Styphnolobium japonicum,31.3416757,4,Hottest
0082189AR,428107.244,4578276.154,41.3527774,2.1405726,Styphnolobium japonicum,31.28302705,4,Hottest
0082190AR,428092.666,4578563.065,41.3553602,2.1403643,Styphnolobium japonicum,31.28931079,4,Hottest
0082199AR,428276.204,4578212.163,41.3522161,2.1425997,Styphnolobium japonicum,29.62776132,3,Warm
0082202AR,428085.903,4578073.32,41.3509486,2.1403415,Styphnolobium japonicum,29.95349934,3,Warm
0082213AR,428133.346,4578515.985,41.3549398,2.1408562,Styphnolobium japonicum,31.61518364,4,Hottest
0082219AR,427702.133,4578150.137,41.3516061,2.1357453,Styphnolobium japonicum,31.85591468,4,Hottest
0082221AR,428115.796,4578519.975,41.3549742,2.1406459,Styphnolobium japonicum,31.62856502,4,Hottest
0082222AR,427688.483,4578157.547,41.3516716,2.1355812,Styphnolobium japonicum,31.97884212,4,Hottest
0082228AR,428164.463,4578181.035,41.3519258,2.1412678,Styphnolobium japonicum,30.30313891,4,Hottest
0082232AR,427577.304,4578326.568,41.353184,2.1342322,Styphnolobium japonicum,33.46808177,4,Hottest
0082239AR,428184.525,4578420.884,41.3540878,2.1414792,Styphnolobium japonicum,32.27168317,4,Hottest
0082243AR,428032.497,4578119.138,41.3513565,2.1396977,Styphnolobium japonicum,31.07500808,4,Hottest
0082245AR,427978.316,4578534.406,41.3550918,2.1390008,Styphnolobium japonicum,31.56778606,4,Hottest
0082249AR,428176.725,4578323.964,41.3532142,2.1413974,Styphnolobium japonicum,31.60786587,4,Hottest
0082254AR,428166.576,4578188.002,41.3519887,2.1412922,Styphnolobium japonicum,30.37194231,4,Hottest
0082256AR,428004.99,4578085.892,41.3510546,2.1393729,Styphnolobium japonicum,30.98511196,4,Hottest
0082260AR,427662.734,4578363.078,41.3535205,2.135249,Styphnolobium japonicum,33.07508854,4,Hottest
0082264AR,428260.204,4578272.403,41.3527572,2.1424013,Styphnolobium japonicum,30.32131814,4,Hottest
0082270AR,427724.175,4578400.457,41.3538627,2.1359789,Styphnolobium japonicum,32.23124119,4,Hottest
0082274AR,428655.045,4578231.49,41.3524238,2.1471257,Styphnolobium japonicum,32.91229758,4,Hottest
0082275AR,428022.175,4578106.661,41.3512432,2.1395758,Styphnolobium japonicum,31.06441502,4,Hottest
0082290AR,428116.336,4578547.615,41.3552231,2.1406491,Styphnolobium japonicum,31.35745521,4,Hottest
0082292AR,427736.085,4578407.087,41.3539234,2.1361205,Styphnolobium japonicum,32.07743188,4,Hottest
0082294AR,428496.094,4578168.421,41.3518417,2.1452332,Styphnolobium japonicum,31.44107453,4,Hottest
0082295AR,428396.954,4578357.817,41.3535387,2.1440258,Styphnolobium japonicum,29.98044343,3,Warm
0082303AR,427730.153,4578168.687,41.3517757,2.136078,Styphnolobium japonicum,31.49208812,4,Hottest
0082306AR,428161.216,4578435.424,41.3542167,2.1411988,Styphnolobium japonicum,32.39521236,4,Hottest
0082307AR,428037.336,4578274.751,41.3527585,2.1397371,Styphnolobium japonicum,31.12664017,4,Hottest
0082308AR,428157.047,4578629.185,41.3559615,2.1411261,Styphnolobium japonicum,30.682415,4,Hottest
0082310AR,428089.496,4578568.715,41.3554108,2.1403258,Styphnolobium japonicum,31.26171673,4,Hottest
0082313AR,428188.634,4578189.544,41.3520046,2.1415557,Styphnolobium japonicum,30.14228978,3,Warm
0082315AR,427725.353,4578165.397,41.3517456,2.136021,Styphnolobium japonicum,31.54858112,4,Hottest
0082318AR,428124.376,4578504.075,41.3548317,2.1407503,Styphnolobium japonicum,31.78708919,4,Hottest
0082323AR,428183.7650000001,4578393.304,41.3538393,2.1414734,Styphnolobium japonicum,32.19229628,4,Hottest
0082328AR,428136.306,4578510.714,41.3548926,2.1408922,Styphnolobium japonicum,31.67647746,4,Hottest
0082333AR,428196.974,4578197.874,41.3520803,2.1416544,Styphnolobium japonicum,30.18786021,3,Warm
0082334AR,428260.904,4578262.643,41.3526694,2.1424109,Styphnolobium japonicum,30.20751059,3,Warm
0082337AR,428449.365,4578255.162,41.3526188,2.1446644,Styphnolobium japonicum,30.0102821,3,Warm
0082352AR,428172.805,4578320.414,41.3531819,2.141351,Styphnolobium japonicum,31.61057742,4,Hottest
0082360AR,428281.014,4578207.433,41.3521739,2.1426578,Styphnolobium japonicum,29.55998519,3,Warm
0082374AR,428061.126,4578152.049,41.3516555,2.140036,Styphnolobium japonicum,31.116369,4,Hottest
0082375AR,428435.247,4578285.245,41.3528885,2.1444921,Styphnolobium japonicum,29.80939584,3,Warm
0082382AR,427674.024,4578359.338,41.3534878,2.1353844,Styphnolobium japonicum,32.85248954,4,Hottest
0082387AR,428214.225,4578365.384,41.3535906,2.1418408,Styphnolobium japonicum,31.77827548,4,Hottest
0082392AR,427990.256,4578541.366,41.3551556,2.1391427,Styphnolobium japonicum,31.60486125,4,Hottest
0082393AR,428124.936,4578531.605,41.3550797,2.1407538,Styphnolobium japonicum,31.50848313,4,Hottest
0082394AR,427759.03299999994,4578185.497,41.3519297,2.1364212,Styphnolobium japonicum,31.12936382,4,Hottest
0082395AR,428101.717,4578575.105,41.3554694,2.1404711,Styphnolobium japonicum,31.19867466,4,Hottest
0082399AR,428086.447,4578574.645,41.3554639,2.1402886,Styphnolobium japonicum,31.24977936,4,Hottest
0082400AR,428153.376,4578478.874,41.3546073,2.1411,Styphnolobium japonicum,31.96643646,4,Hottest
0082403AR,428371.938,4578405.135,41.3539627,2.1437212,Styphnolobium japonicum,30.15491516,3,Warm
0082406AR,428095.676,4578557.425,41.3553097,2.140401,Styphnolobium japonicum,31.34871918,4,Hottest
0082411AR,428148.684,4578285.454,41.3528648,2.1410668,Styphnolobium japonicum,31.34322832,4,Hottest
0082413AR,428187.905,4578349.344,41.3534438,2.141528,Styphnolobium japonicum,31.7891511,4,Hottest
0082418AR,428200.285,4578348.294,41.3534354,2.1416761,Styphnolobium japonicum,31.70958454,4,Hottest
0082425AR,428144.696,4578494.764,41.3547497,2.1409943,Styphnolobium japonicum,31.84134185,4,Hottest
0082426AR,427749.793,4578181.507,41.3518929,2.1363112,Styphnolobium japonicum,31.20417336,4,Hottest
0082430AR,428155.424,4578165.419,41.3517843,2.1411616,Styphnolobium japonicum,30.17160834,3,Warm
0082436AR,428200.526,4578325.484,41.35323,2.1416817,Styphnolobium japonicum,31.4788238,4,Hottest
0082447AR,428471.829,4578213.826,41.3522485,2.1449378,Styphnolobium japonicum,30.72959959,4,Hottest
0082450AR,428135.706,4578483.074,41.3546436,2.1408883,Styphnolobium japonicum,31.95959686,4,Hottest
0082456AR,428119.266,4578542.105,41.3551738,2.1406848,Styphnolobium japonicum,31.39181831,4,Hottest
0082459AR,427939.922,4578021.615,41.3504699,2.1386028,Styphnolobium japonicum,31.05678354,4,Hottest
0082466AR,428189.485,4578382.684,41.3537442,2.141543,Styphnolobium japonicum,32.10709952,4,Hottest
0082477AR,428267.074,4578221.333,41.3522979,2.1424895,Styphnolobium japonicum,29.81626795,3,Warm
0082480AR,428198.495,4578289.094,41.3529021,2.1416617,Styphnolobium japonicum,31.08797663,4,Hottest
0082492AR,428228.654,4578235.463,41.3524217,2.1420286,Styphnolobium japonicum,30.29260285,4,Hottest
0082495AR,428404.703,4578342.091,41.3533977,2.1441203,Styphnolobium japonicum,29.84425047,3,Warm
0082496AR,427806.77,4578444.367,41.3542655,2.136961,Styphnolobium japonicum,31.17987496,4,Hottest
0082497AR,428180.935,4578398.504,41.3538859,2.1414389,Styphnolobium japonicum,32.23595221,4,Hottest
0082499AR,428172.525,4578414.254,41.354027,2.1413365,Styphnolobium japonicum,32.3470716,4,Hottest
0082500AR,428509.256,4578470.032,41.3545594,2.145355,Styphnolobium japonicum,30.79799464,4,Hottest
0082509AR,428187.464,4578198.874,41.3520885,2.1415406,Styphnolobium japonicum,30.2706792,4,Hottest
0082510AR,428043.008,4578275.555,41.3527662,2.1398048,Styphnolobium japonicum,31.15895615,4,Hottest
0082523AR,427912.206,4577987.966,41.3501643,2.1382755,Styphnolobium japonicum,31.18437444,4,Hottest
0082527AR,427932.572,4578030.695,41.350551,2.1385139,Styphnolobium japonicum,31.19730323,4,Hottest
0082530AR,428414.9170000001,4578323.119,41.3532278,2.1442446,Styphnolobium japonicum,29.77566698,3,Warm
0082534AR,428138.536,4578477.814,41.3545965,2.1409227,Styphnolobium japonicum,32.01440899,4,Hottest
0082537AR,428217.635,4578358.934,41.3535328,2.1418823,Styphnolobium japonicum,31.65375386,4,Hottest
0082545AR,428028.466,4578386.678,41.3537658,2.1396178,Styphnolobium japonicum,31.17226525,4,Hottest
0082552AR,427566.494,4578304.608,41.3529852,2.1341056,Styphnolobium japonicum,33.23707898,4,Hottest
0082555AR,428208.655,4578335.724,41.3533229,2.1417777,Styphnolobium japonicum,31.51201329,4,Hottest
0082556AR,427913.566,4578245.539,41.3524843,2.1382612,Styphnolobium japonicum,30.85259726,4,Hottest
0082571AR,428265.524,4578266.913,41.3527083,2.1424656,Styphnolobium japonicum,30.11479211,3,Warm
0082575AR,428156.176,4578473.554,41.3545597,2.1411341,Styphnolobium japonicum,32.0080749,4,Hottest
0082578AR,427902.184,4578229.096,41.3523352,2.1381271,Styphnolobium japonicum,30.8982348,4,Hottest
0082583AR,427690.8840000001,4578367.078,41.353559,2.135585,Styphnolobium japonicum,32.62682885,4,Hottest
0082585AR,428469.149,4578218.807,41.3522931,2.1449052,Styphnolobium japonicum,30.64381506,4,Hottest
0082586AR,428173.176,4578441.994,41.3542769,2.141341,Styphnolobium japonicum,32.34323724,4,Hottest
0082589AR,428164.846,4578457.744,41.354418,2.1412396,Styphnolobium japonicum,32.0922401,4,Hottest
0082594AR,428089.588,4578077.698,41.3509884,2.140385,Styphnolobium japonicum,29.90123632,3,Warm
0082599AR,428042.902,4578131.571,41.3514694,2.1398206,Styphnolobium japonicum,31.11524159,4,Hottest
0082615AR,428147.736,4578489.624,41.3547036,2.1410313,Styphnolobium japonicum,31.88161885,4,Hottest
0082617AR,428204.395,4578383.814,41.3537557,2.1417211,Styphnolobium japonicum,32.00676023,4,Hottest
0082621AR,428479.985,4578199.873,41.3521235,2.1450369,Styphnolobium japonicum,30.96951197,4,Hottest
0082626AR,428383.773,4578382.387,41.3537588,2.1438654,Styphnolobium japonicum,30.08691426,3,Warm
0082627AR,428104.716,4578569.515,41.3554194,2.1405076,Styphnolobium japonicum,31.20096103,4,Hottest
0082630AR,428201.314,4578202.204,41.3521197,2.1417057,Styphnolobium japonicum,30.3020822,4,Hottest
0082642AR,428166.885,4578424.784,41.3541214,2.1412679,Styphnolobium japonicum,32.36514799,4,Hottest
0082651AR,428392.166,4578366.846,41.3536196,2.1439675,Styphnolobium japonicum,29.99854805,3,Warm
0082657AR,428410.001,4578333.225,41.3533184,2.1441847,Styphnolobium japonicum,29.81960451,3,Warm
0082658AR,427813.281,4578447.955,41.3542984,2.1370384,Styphnolobium japonicum,31.17604376,4,Hottest
0082660AR,428183.324,4578194.774,41.3520512,2.1414916,Styphnolobium japonicum,30.2723479,4,Hottest
0082664AR,428107.256,4578535.905,41.3551169,2.1405419,Styphnolobium japonicum,31.47176735,4,Hottest
0082667AR,428430.594,4578294.855,41.3529746,2.1444354,Styphnolobium japonicum,29.76421246,3,Warm
0082669AR,428159.026,4578468.314,41.3545127,2.1411688,Styphnolobium japonicum,32.05303551,4,Hottest
0082670AR,428190.195,4578410.224,41.3539923,2.1415482,Styphnolobium japonicum,32.23561329,4,Hottest
0082671AR,428453.545,4578248.332,41.3525576,2.1447152,Styphnolobium japonicum,30.08474315,3,Warm
0082676AR,428400.993,4578350.316,41.3534715,2.144075,Styphnolobium japonicum,29.92526199,3,Warm
0082677AR,428626.005,4578258.08,41.3526607,2.1467754,Styphnolobium japonicum,32.55570827,4,Hottest
0082679AR,428216.915,4578315.424,41.3531408,2.1418788,Styphnolobium japonicum,31.20201629,4,Hottest
0082683AR,428149.836,4578456.644,41.3544068,2.1410603,Styphnolobium japonicum,32.14193112,4,Hottest
0082688AR,428129.936,4578493.595,41.3547378,2.140818,Styphnolobium japonicum,31.88279745,4,Hottest
0082707AR,428202.635,4578358.324,41.353526,2.1417031,Styphnolobium japonicum,31.79557498,4,Hottest
0082710AR,428175.996,4578436.704,41.3542295,2.1413753,Styphnolobium japonicum,32.32825804,4,Hottest
0082716AR,428152.736,4578451.384,41.3543597,2.1410956,Styphnolobium japonicum,32.16965822,4,Hottest
0082720AR,427902.222,4578243.276,41.3524629,2.1381258,Styphnolobium japonicum,30.79759343,4,Hottest
0082724AR,428312.768,4578252.61,41.3525836,2.143032,Styphnolobium japonicum,29.61954035,3,Warm
0082735AR,428292.095,4578272.913,41.3527647,2.1427825,Styphnolobium japonicum,29.94724692,3,Warm
0082739AR,428130.576,4578521.025,41.3549849,2.1408225,Styphnolobium japonicum,31.59450867,4,Hottest
0083607AR,428373.009,4580126.645,41.3694678,2.1435307,Styphnolobium japonicum,27.74103648,1,Coolest
0083616AR,428287.419,4580129.433,41.3694853,2.1425071,Styphnolobium japonicum,27.93296799,2,Cool
0083622AR,428625.671,4580341.464,41.3714251,2.1465263,Styphnolobium japonicum,28.40695798,2,Cool
0083624AR,428271.098,4580043.646,41.3687112,2.1423221,Styphnolobium japonicum,27.76952284,1,Coolest
0083636AR,428587.851,4580318.184,41.371212,2.1460769,Styphnolobium japonicum,28.11226995,2,Cool
0083645AR,428302.9170000001,4580058.269,41.3688457,2.1427008,Styphnolobium japonicum,27.6847944,1,Coolest
0083651AR,428377.449,4580147.875,41.3696594,2.1435813,Styphnolobium japonicum,27.80920763,1,Coolest
0083652AR,428688.861,4580379.373,41.3717721,2.1472774,Styphnolobium japonicum,28.90247162,3,Warm
0083653AR,428563.701,4580332.474,41.3713386,2.1457864,Styphnolobium japonicum,27.86434532,2,Cool
0083655AR,428353.909,4580108.305,41.3693009,2.1433046,Styphnolobium japonicum,27.74855756,1,Coolest
0083658AR,428293.488,4580064.876,41.3689044,2.1425873,Styphnolobium japonicum,27.74895564,1,Coolest
0083668AR,428574.051,4580321.964,41.3712448,2.1459114,Styphnolobium japonicum,27.94236592,2,Cool
0083670AR,428608.284,4580122.283,41.3694494,2.1463442,Styphnolobium japonicum,27.96272406,2,Cool
0083676AR,428552.941,4580352.264,41.3715159,2.1456554,Styphnolobium japonicum,27.7926984,1,Coolest
0083682AR,428714.207,4580401.153,41.3719705,2.1475779,Styphnolobium japonicum,29.27746629,3,Warm
0083687AR,428517.051,4580378.464,41.3717487,2.1452232,Styphnolobium japonicum,27.69104244,1,Coolest
0083693AR,428384.979,4580155.205,41.3697261,2.1436705,Styphnolobium japonicum,27.79096589,1,Coolest
0083694AR,428617.259,4580125.34,41.3694778,2.1464512,Styphnolobium japonicum,27.99611069,2,Cool
0083701AR,428607.911,4580326.794,41.3712913,2.1463157,Styphnolobium japonicum,28.28780034,2,Cool
0083703AR,428335.759,4580107.345,41.3692907,2.1430877,Styphnolobium japonicum,27.82529705,1,Coolest
0083714AR,428357.959,4580112.165,41.3693361,2.1433525,Styphnolobium japonicum,27.75118239,1,Coolest
0083721AR,428572.241,4580332.804,41.3713423,2.1458885,Styphnolobium japonicum,27.90330513,2,Cool
0083722AR,428340.399,4580111.785,41.3693311,2.1431426,Styphnolobium japonicum,27.81469226,1,Coolest
0083726AR,428764.322,4580446.893,41.3723869,2.1481717,Styphnolobium japonicum,30.47517288,4,Hottest
0083736AR,428558.451,4580337.894,41.3713869,2.145723,Styphnolobium japonicum,27.77732881,1,Coolest
0083738AR,428671.811,4580380.353,41.3717794,2.1470734,Styphnolobium japonicum,28.7633902,2,Cool
0083746AR,428358.729,4580130.115,41.3694978,2.1433596,Styphnolobium japonicum,27.80576159,1,Coolest
0083766AR,428274.578,4580031.106,41.3685986,2.1423652,Styphnolobium japonicum,27.71250627,1,Coolest
0083767AR,428728.422,4580428.603,41.372219,2.1477446,Styphnolobium japonicum,29.67013112,3,Warm
0083769AR,428434.51,4580259.705,41.3706717,2.1442504,Styphnolobium japonicum,27.61880919,1,Coolest
0083770AR,428459.15,4580251.825,41.3706029,2.1445459,Styphnolobium japonicum,27.60985274,1,Coolest
0083786AR,428609.451,4580312.704,41.3711646,2.1463358,Styphnolobium japonicum,28.27821834,2,Cool
0083792AR,428614.471,4580316.374,41.3711981,2.1463953,Styphnolobium japonicum,28.30822409,2,Cool
0083795AR,428278.628,4580035.156,41.3686354,2.1424131,Styphnolobium japonicum,27.69718713,1,Coolest
0083804AR,428291.7579999999,4580048.286,41.3687548,2.1425686,Styphnolobium japonicum,27.70020928,1,Coolest
0083814AR,428772.652,4580456.453,41.3724737,2.1482702,Styphnolobium japonicum,30.60947358,4,Hottest
0083832AR,428593.731,4580115.779,41.3693896,2.146171,Styphnolobium japonicum,27.87060066,2,Cool
0083849AR,428427.06,4580283.945,41.3708894,2.1441584,Styphnolobium japonicum,27.52595347,1,Coolest
0083851AR,428348.689,4580103.485,41.3692571,2.1432427,Styphnolobium japonicum,27.7449801,1,Coolest
0083852AR,428683.241,4580390.313,41.3718701,2.1472089,Styphnolobium japonicum,28.9089012,3,Warm
0083865AR,428598.261,4580319.654,41.3712262,2.1462011,Styphnolobium japonicum,28.15858646,2,Cool
0083871AR,428533.151,4580363.024,41.371611,2.1454176,Styphnolobium japonicum,27.69096546,1,Coolest
0083876AR,428367.999,4580138.805,41.3695769,2.1434694,Styphnolobium japonicum,27.80261582,1,Coolest
0083883AR,428296.198,4580051.756,41.3687865,2.1426213,Styphnolobium japonicum,27.69900811,1,Coolest
0083900AR,428712.4810000001,4580415.353,41.3720982,2.1475556,Styphnolobium japonicum,29.35391905,3,Warm
0083901AR,428582.431,4580322.784,41.371253,2.1460115,Styphnolobium japonicum,28.08530657,2,Cool
0083913AR,428266.278,4580039.206,41.3686708,2.142265,Styphnolobium japonicum,27.76981703,1,Coolest
0083922AR,428542.191,4580363.174,41.3716132,2.1455256,Styphnolobium japonicum,27.72081343,1,Coolest
0083925AR,428750.892,4580450.373,41.3724171,2.1480107,Styphnolobium japonicum,30.10536427,3,Warm
0083929AR,428679.791,4580371.973,41.3717046,2.1471698,Styphnolobium japonicum,28.80334128,2,Cool
0083933AR,428621.611,4580337.604,41.3713899,2.1464782,Styphnolobium japonicum,28.37494043,2,Cool
0083934AR,428303.717,4580112.167,41.3693312,2.142704,Styphnolobium japonicum,27.85033124,2,Cool
0083936AR,428602.511,4580322.354,41.3712509,2.1462516,Styphnolobium japonicum,28.25913986,2,Cool
0083940AR,428670.331,4580364.293,41.3716346,2.1470576,Styphnolobium japonicum,28.76240295,2,Cool
0083953AR,428307.048,4580062.698,41.368886,2.1427497,Styphnolobium japonicum,27.72404693,1,Coolest
0083954AR,428265.698,4580022.036,41.3685161,2.1422601,Styphnolobium japonicum,27.72041637,1,Coolest
0083957AR,428594.98,4580302.284,41.3710694,2.146164,Styphnolobium japonicum,28.18207468,2,Cool
0083958AR,428735.1319999999,4580434.813,41.3722755,2.1478241,Styphnolobium japonicum,29.85228461,3,Warm
0083967AR,428309.508,4580080.706,41.3690484,2.142777,Styphnolobium japonicum,27.80704381,1,Coolest
0083969AR,428373.209,4580143.825,41.3696226,2.1435311,Styphnolobium japonicum,27.80443869,1,Coolest
0083970AR,428288.858,4580061.016,41.3688692,2.1425324,Styphnolobium japonicum,27.75192709,1,Coolest
0083974AR,428257.588,4580030.526,41.3685918,2.1421621,Styphnolobium japonicum,27.78997643,1,Coolest
0083975AR,428334.988,4580090.355,41.3691376,2.1430805,Styphnolobium japonicum,27.78582416,1,Coolest
0083983AR,428774.712,4580474.553,41.3726369,2.1482927,Styphnolobium japonicum,30.82473126,4,Hottest
0083990AR,428532.541,4580372.534,41.3716966,2.1454091,Styphnolobium japonicum,27.69774181,1,Coolest
0084002AR,428760.982,4580460.823,41.3725121,2.1481301,Styphnolobium japonicum,30.43538022,4,Hottest
0084011AR,428623.931,4580323.904,41.3712667,2.1465076,Styphnolobium japonicum,28.37197233,2,Cool
0084012AR,428429.74,4580264.635,41.3707157,2.1441927,Styphnolobium japonicum,27.63330449,1,Coolest
0084013AR,428537.461,4580367.814,41.3716546,2.1454685,Styphnolobium japonicum,27.71387919,1,Coolest
0084022AR,428603.4699999999,4580308.074,41.3711223,2.1462648,Styphnolobium japonicum,28.22999735,2,Cool
0084025AR,428742.822,4580426.393,41.3722004,2.147917,Styphnolobium japonicum,29.88768682,3,Warm
0084026AR,428611.771,4580329.694,41.3713178,2.1463615,Styphnolobium japonicum,28.3116932,2,Cool
0084035AR,428706.451,4580409.813,41.3720478,2.1474841,Styphnolobium japonicum,29.24484178,3,Warm
0084055AR,428646.321,4580343.393,41.3714443,2.146773,Styphnolobium japonicum,28.54271518,2,Cool
0084059AR,428350.049,4580121.435,41.3694188,2.1432569,Styphnolobium japonicum,27.81703723,1,Coolest
0084063AR,428776.66200000007,4580461.063,41.3725156,2.1483176,Styphnolobium japonicum,30.70283867,4,Hottest
0084075AR,428538.571,4580357.934,41.3715657,2.145483,Styphnolobium japonicum,27.6944907,1,Coolest
0084081AR,428527.711,4580377.464,41.3717406,2.1453508,Styphnolobium japonicum,27.71824295,1,Coolest
0084087AR,428522.021,4580383.634,41.3717957,2.1452821,Styphnolobium japonicum,27.72465222,1,Coolest
0084088AR,428252.378,4580025.696,41.3685479,2.1421004,Styphnolobium japonicum,27.75189351,1,Coolest
0084089AR,428668.361,4580377.203,41.3717507,2.1470325,Styphnolobium japonicum,28.71661012,2,Cool
0084093AR,428280.748,4580053.106,41.3687973,2.1424364,Styphnolobium japonicum,27.75846235,1,Coolest
0084094AR,428684.031,4580375.823,41.3717397,2.14722,Styphnolobium japonicum,28.85229959,2,Cool
0084096AR,428751.742,4580434.983,41.3722785,2.1480227,Styphnolobium japonicum,30.11221133,3,Warm
0084098AR,428261.838,4580034.196,41.3686253,2.1422125,Styphnolobium japonicum,27.77564575,1,Coolest
0084110AR,428785.652,4580469.453,41.372592,2.1484241,Styphnolobium japonicum,30.98742149,4,Hottest
0084119AR,428528.381,4580368.284,41.371658,2.1453599,Styphnolobium japonicum,27.67764123,1,Coolest
0084130AR,428676.441,4580384.293,41.3718153,2.1471283,Styphnolobium japonicum,28.81395016,2,Cool
0084137AR,428722.824,4580407.663,41.3720299,2.1476801,Styphnolobium japonicum,29.44520017,3,Warm
0084138AR,428363.359,4580117.575,41.3693853,2.1434164,Styphnolobium japonicum,27.74961835,1,Coolest
0084149AR,428454.71,4580256.585,41.3706454,2.1444922,Styphnolobium japonicum,27.61305928,1,Coolest
0084155AR,428243.308,4580016.436,41.3684636,2.1419931,Styphnolobium japonicum,27.7566954,1,Coolest
0084160AR,428768.392,4580452.193,41.372435,2.1482197,Styphnolobium japonicum,30.46791187,4,Hottest
0084170AR,428256.438,4580014.116,41.3684439,2.1421503,Styphnolobium japonicum,27.71766657,1,Coolest
0084173AR,428344.828,4580099.425,41.3692201,2.143197,Styphnolobium japonicum,27.75688266,1,Coolest
0084175AR,428769.362,4580469.213,41.3725884,2.1482293,Styphnolobium japonicum,30.66682733,4,Hottest
0084187AR,428393.469,4580146.905,41.3696521,2.143773,Styphnolobium japonicum,27.74331247,1,Coolest
0084188AR,428454.097,4580243.497,41.3705275,2.1444865,Styphnolobium japonicum,27.6891981,1,Coolest
0084190AR,428310.288,4580066.236,41.3689181,2.142788,Styphnolobium japonicum,27.72212062,1,Coolest
0084199AR,428382.469,4580136.105,41.3695539,2.1436427,Styphnolobium japonicum,27.73820337,1,Coolest
0084201AR,428547.771,4580347.914,41.3714762,2.1455941,Styphnolobium japonicum,27.69079517,1,Coolest
0084205AR,428303.528,4580074.336,41.3689905,2.1427062,Styphnolobium japonicum,27.75174384,1,Coolest
0084216AR,428639.951,4580337.604,41.3713915,2.1466975,Styphnolobium japonicum,28.47932478,2,Cool
0084222AR,428743.862,4580442.363,41.3723443,2.1479276,Styphnolobium japonicum,29.89380818,3,Warm
0084236AR,428327.458,4580099.626,41.3692204,2.1429893,Styphnolobium japonicum,27.76859396,1,Coolest
0084264AR,428746.712,4580430.113,41.3722342,2.1479631,Styphnolobium japonicum,30.00005996,3,Warm
0084267AR,428781.152,4580464.713,41.3725489,2.1483708,Styphnolobium japonicum,30.8497391,4,Hottest
0084278AR,428363.169,4580133.975,41.369533,2.1434122,Styphnolobium japonicum,27.818621,1,Coolest
0084280AR,428354.679,4580125.675,41.3694574,2.1433117,Styphnolobium japonicum,27.81111194,1,Coolest
0084285AR,428286.928,4580043.266,41.3687092,2.1425114,Styphnolobium japonicum,27.69413386,1,Coolest
0084287AR,428269.748,4580026.856,41.3685598,2.142308,Styphnolobium japonicum,27.71946537,1,Coolest
0084290AR,428283.258,4580039.206,41.3686723,2.142468,Styphnolobium japonicum,27.68364429,1,Coolest
0084291AR,428577.341,4580327.384,41.371294,2.1459501,Styphnolobium japonicum,28.03355141,2,Cool
0084298AR,428756.852,4580456.573,41.3724734,2.1480812,Styphnolobium japonicum,30.28017273,4,Hottest
0084304AR,428747.382,4580446.053,41.3723778,2.1479692,Styphnolobium japonicum,30.03354758,3,Warm
0084309AR,428618.721,4580320.614,41.3712366,2.1464457,Styphnolobium japonicum,28.33413099,2,Cool
0084311AR,428523.131,4580372.884,41.3716989,2.1452966,Styphnolobium japonicum,27.69126445,1,Coolest
0084319AR,428693.391,4580383.903,41.3718133,2.147331,Styphnolobium japonicum,28.95385535,3,Warm
0084328AR,428663.431,4580373.753,41.3717192,2.146974,Styphnolobium japonicum,28.6758552,2,Cool
0084333AR,428755.432,4580438.163,41.3723075,2.1480664,Styphnolobium japonicum,30.23497739,4,Hottest
0085293AR,429350.801,4580231.178,41.3704957,2.1552091,Styphnolobium japonicum,29.00439605,3,Warm
0085294AR,429291.401,4580661.833,41.3743693,2.1544487,Styphnolobium japonicum,30.88436271,4,Hottest
0085312AR,429396.532,4580288.818,41.3710189,2.1557492,Styphnolobium japonicum,29.84292399,3,Warm
0085322AR,429376.441,4580255.538,41.3707174,2.1555129,Styphnolobium japonicum,29.39345902,3,Warm
0085356AR,430434.092,4580660.451,41.3744564,2.1681121,Styphnolobium japonicum,28.05457587,2,Cool
0085378AR,430942.48,4580473.493,41.3728163,2.1742122,Styphnolobium japonicum,28.94072137,3,Warm
0085392AR,429398.939,4580270.355,41.3708528,2.1557801,Styphnolobium japonicum,29.56968909,3,Warm
0085408AR,429396.181,4580265.258,41.3708066,2.1557478,Styphnolobium japonicum,29.5207373,3,Warm
0085411AR,429388.708,4580679.021,41.3745326,2.1556102,Styphnolobium japonicum,28.66962787,2,Cool
0085415AR,429358.865,4580668.7,41.374437,2.1552546,Styphnolobium japonicum,29.17036975,3,Warm
0085426AR,429410.352,4580293.288,41.3710603,2.1559139,Styphnolobium japonicum,29.82945238,3,Warm
0085478AR,430684.875,4580532.128,41.3733223,2.1711254,Styphnolobium japonicum,28.45320663,2,Cool
0085502AR,429429.615,4580226.848,41.3704636,2.156152,Styphnolobium japonicum,28.63246407,2,Cool
0085506AR,429358.561,4580237.518,41.3705535,2.1553012,Styphnolobium japonicum,29.09231955,3,Warm
0085511AR,430644.671,4580431.626,41.3724136,2.1706562,Styphnolobium japonicum,27.51687177,1,Coolest
0085524AR,430764.995,4580527.529,41.3732878,2.1720839,Styphnolobium japonicum,28.41013961,2,Cool
0085541AR,429317.341,4580252.498,41.3706848,2.1548066,Styphnolobium japonicum,29.80069395,3,Warm
0085549AR,429229.783,4580428.914,41.372266,2.1537391,Styphnolobium japonicum,31.28014491,4,Hottest
0085609AR,429598.902,4580256.286,41.3707436,2.1581726,Styphnolobium japonicum,27.84922072,2,Cool
0085612AR,429376.892,4580450.226,41.3724709,2.1554956,Styphnolobium japonicum,29.55543056,3,Warm
0085617AR,430673.439,4580529.678,41.3732992,2.1709889,Styphnolobium japonicum,28.43527847,2,Cool
0085620AR,429407.402,4580288.967,41.3710212,2.1558792,Styphnolobium japonicum,29.79580866,3,Warm
0085629AR,429774.732,4580326.155,41.3713882,2.1602668,Styphnolobium japonicum,27.36475397,1,Coolest
0085631AR,429382.401,4580263.528,41.3707899,2.1555832,Styphnolobium japonicum,29.56250688,3,Warm
0085647AR,430663.888,4580479.474,41.3728462,2.1708805,Styphnolobium japonicum,28.10274768,2,Cool
0085652AR,429452.715,4580234.303,41.3705328,2.1564273,Styphnolobium japonicum,28.71080676,2,Cool
0085660AR,429869.281,4580330.982,41.37144,2.1613967,Styphnolobium japonicum,27.79405671,1,Coolest
0085666AR,429384.677,4580248.793,41.3706573,2.1556121,Styphnolobium japonicum,29.2238667,3,Warm
0085722AR,430061.712,4580300.802,41.3711849,2.163701,Styphnolobium japonicum,27.82901787,1,Coolest
0085785AR,429378.271,4580238.828,41.370567,2.1555367,Styphnolobium japonicum,29.00821713,3,Warm
0085790AR,429364.1,4580673.94,41.3744847,2.1553166,Styphnolobium japonicum,28.98044399,3,Warm
0085793AR,429892.915,4580341.959,41.3715409,2.161678,Styphnolobium japonicum,27.905086,2,Cool
0085796AR,429405.631,4580284.284,41.3709788,2.1558585,Styphnolobium japonicum,29.72937228,3,Warm
0085797AR,430148.369,4580257.858,41.3708056,2.1647421,Styphnolobium japonicum,26.76769269,1,Coolest
0085798AR,429435.211,4580225.39,41.370451,2.1562191,Styphnolobium japonicum,28.58718661,2,Cool
0085811AR,430117.713,4580276.57,41.3709715,2.1643734,Styphnolobium japonicum,27.20374445,1,Coolest
0085829AR,429362.271,4580240.688,41.3705824,2.1553452,Styphnolobium japonicum,29.13314532,3,Warm
0085837AR,429419.743,4580229.104,41.3704831,2.1560337,Styphnolobium japonicum,28.68881575,2,Cool
0085845AR,429324.241,4580238.168,41.3705563,2.1548908,Styphnolobium japonicum,29.3810135,3,Warm
0085857AR,429399.192,4580298.258,41.3711041,2.1557799,Styphnolobium japonicum,29.93690272,3,Warm
0085865AR,429359.862,4580650.794,41.3742759,2.1552686,Styphnolobium japonicum,29.26976712,3,Warm
0085872AR,430675.665,4580509.208,41.3731151,2.1710179,Styphnolobium japonicum,28.41266157,2,Cool
0085873AR,429382.581,4580230.318,41.3704908,2.1555892,Styphnolobium japonicum,28.82118619,2,Cool
0085885AR,430938.665,4580464.556,41.3727355,2.1741676,Styphnolobium japonicum,28.89990294,3,Warm
0085905AR,429420.394,4580294.376,41.371071,2.1560339,Styphnolobium japonicum,29.73516414,3,Warm
0085926AR,430630.168,4580421.113,41.3723177,2.170484,Styphnolobium japonicum,27.39228462,1,Coolest
0085931AR,429324.797,4580635.11,41.3741315,2.1548511,Styphnolobium japonicum,30.28060395,4,Hottest
0085946AR,429383.632,4580692.824,41.3746565,2.1555479,Styphnolobium japonicum,28.65345721,2,Cool
0085963AR,429255.16,4580378.494,41.3718141,2.1540484,Styphnolobium japonicum,31.10240476,4,Hottest
0085976AR,429349.262,4580640.066,41.3741783,2.1551431,Styphnolobium japonicum,29.58492876,3,Warm
0085989AR,430337.787,4580689.617,41.3747108,2.1669572,Styphnolobium japonicum,28.08692961,2,Cool
0085998AR,429340.261,4580226.528,41.3704529,2.1550837,Styphnolobium japonicum,28.96055721,3,Warm
0086017AR,430124.271,4580286.833,41.3710645,2.1644506,Styphnolobium japonicum,27.19276044,1,Coolest
0086018AR,429250.8109999999,4580387.096,41.3718912,2.1539954,Styphnolobium japonicum,31.05694435,4,Hottest
0086036AR,429348.871,4580658.868,41.3743476,2.1551362,Styphnolobium japonicum,29.47077314,3,Warm
0086045AR,429354.651,4580234.348,41.3705246,2.1552548,Styphnolobium japonicum,29.05642131,3,Warm
0086048AR,429784.5229999999,4580699.714,41.3747536,2.1603406,Styphnolobium japonicum,28.29174622,2,Cool
0086053AR,429371.591,4580463.304,41.3725882,2.1554307,Styphnolobium japonicum,29.52508213,3,Warm
0086078AR,429379.431,4580234.128,41.3705248,2.1555511,Styphnolobium japonicum,28.9354442,3,Warm
0086079AR,430645.663,4580460.1,41.3726702,2.1706648,Styphnolobium japonicum,27.90018895,2,Cool
0086093AR,430640.241,4580446.485,41.3725471,2.1706015,Styphnolobium japonicum,27.72555668,1,Coolest
0086111AR,429226.793,4580434.712,41.372318,2.1537027,Styphnolobium japonicum,31.31486332,4,Hottest
0086135AR,430656.935,4580489.556,41.3729364,2.1707962,Styphnolobium japonicum,28.21209386,2,Cool
0086185AR,429713.562,4580316.515,41.3712961,2.1595365,Styphnolobium japonicum,27.31007709,1,Coolest
0086192AR,429378.522,4580687.568,41.3746087,2.1554874,Styphnolobium japonicum,28.73582015,2,Cool
0086259AR,429353.318,4580663.001,41.3743852,2.1551889,Styphnolobium japonicum,29.32442639,3,Warm
0086260AR,429424.842,4580291.555,41.371046,2.1560874,Styphnolobium japonicum,29.70673112,3,Warm
0086276AR,429379.051,4580259.458,41.3707529,2.1555436,Styphnolobium japonicum,29.48163561,3,Warm
0086289AR,429326.741,4580234.228,41.3705211,2.1549211,Styphnolobium japonicum,29.24034825,3,Warm
0086290AR,429392.701,4580229.318,41.3704826,2.1557103,Styphnolobium japonicum,28.77562965,2,Cool
0086308AR,429343.801,4580654.108,41.3743043,2.1550762,Styphnolobium japonicum,29.66228439,3,Warm
0086322AR,429297.673,4580310.283,41.3712035,2.1545647,Styphnolobium japonicum,30.85553463,4,Hottest
0086329AR,429604.325,4580258.188,41.3707612,2.1582372,Styphnolobium japonicum,27.79357559,1,Coolest
0086349AR,430343.084,4580687.413,41.3746914,2.1670208,Styphnolobium japonicum,28.07415959,2,Cool
0086350AR,430681.7249999999,4580524.338,41.3732519,2.1710886,Styphnolobium japonicum,28.53034024,2,Cool
0086357AR,429750.505,4580678.936,41.3745635,2.1599362,Styphnolobium japonicum,28.33053526,2,Cool
0086373AR,429346.491,4580228.348,41.3704699,2.1551579,Styphnolobium japonicum,28.95098286,3,Warm
0086432AR,429329.531,4580230.718,41.3704897,2.1549549,Styphnolobium japonicum,29.13244904,3,Warm
0086437AR,429385.041,4580266.918,41.3708206,2.1556144,Styphnolobium japonicum,29.57676937,3,Warm
0086452AR,429900.027,4580329.662,41.3714308,2.1617645,Styphnolobium japonicum,27.96342187,2,Cool
0086492AR,429394.542,4580284.298,41.370978,2.1557259,Styphnolobium japonicum,29.78662105,3,Warm
0086500AR,430978.316,4580593.486,41.3739001,2.174627,Styphnolobium japonicum,28.63930626,2,Cool
0086561AR,429333.751,4580227.818,41.370464,2.1550057,Styphnolobium japonicum,29.00395406,3,Warm
0086588AR,429320.024,4580630.179,41.3740867,2.1547947,Styphnolobium japonicum,30.529287,4,Hottest
0086593AR,429601.108,4580250.892,41.3706952,2.1581996,Styphnolobium japonicum,27.79715164,1,Coolest
0086601AR,430635.301,4580434.428,41.3724381,2.1705438,Styphnolobium japonicum,27.55902954,1,Coolest
0086602AR,429892.343,4580329.814,41.3714315,2.1616726,Styphnolobium japonicum,27.91761355,2,Cool
0086603AR,429845.027,4580344.03,41.3715554,2.1611052,Styphnolobium japonicum,27.67982447,1,Coolest
0086605AR,429390.021,4580275.488,41.3708982,2.1556729,Styphnolobium japonicum,29.69522591,3,Warm
0086606AR,430953.872,4580502.499,41.3730785,2.1743451,Styphnolobium japonicum,29.04602008,3,Warm
0086631AR,429329.904,4580621.379,41.3740083,2.1549138,Styphnolobium japonicum,30.25902892,4,Hottest
0086647AR,430659.9799999999,4580497.478,41.3730081,2.1708317,Styphnolobium japonicum,28.3017045,2,Cool
0086661AR,430350.206,4580684.286,41.3746638,2.1671063,Styphnolobium japonicum,28.01712353,2,Cool
0086666AR,430961.316,4580549.306,41.3735008,2.1744288,Styphnolobium japonicum,29.0135103,3,Warm
0086682AR,429378.112,4580668.513,41.3744371,2.1554847,Styphnolobium japonicum,28.88191781,2,Cool
0086728AR,429790.612,4580329.745,41.371422,2.1604563,Styphnolobium japonicum,27.42075005,1,Coolest
0086737AR,429388.127,4580253.092,41.3706964,2.1556529,Styphnolobium japonicum,29.29113318,3,Warm
0086757AR,429369.171,4580248.268,41.3706513,2.1554268,Styphnolobium japonicum,29.25271572,3,Warm
0086773AR,429339.178,4580630.195,41.3740885,2.1550237,Styphnolobium japonicum,29.9040051,3,Warm
0086787AR,429868.879,4580343.022,41.3715484,2.1613905,Styphnolobium japonicum,27.7883194,1,Coolest
0086812AR,430936.115,4580485.166,41.3729209,2.1741348,Styphnolobium japonicum,28.9367213,3,Warm
0086850AR,429393.811,4580261.445,41.3707721,2.1557199,Styphnolobium japonicum,29.43759554,3,Warm
0086888AR,429365.541,4580244.778,41.3706195,2.1553838,Styphnolobium japonicum,29.17870158,3,Warm
0086919AR,430727.7320000001,4580542.519,41.3734196,2.1716366,Styphnolobium japonicum,28.3939516,2,Cool
0086924AR,429297.052,4580294.097,41.3710577,2.1545592,Styphnolobium japonicum,30.76986766,4,Hottest
0086927AR,429339.203,4580649.508,41.3742625,2.1550217,Styphnolobium japonicum,29.75198991,3,Warm
0086929AR,429318.264,4580595.629,41.3737754,2.1547776,Styphnolobium japonicum,30.78335411,4,Hottest
0086934AR,429860.082,4580331.091,41.3714401,2.1612867,Styphnolobium japonicum,27.74682584,1,Coolest
0087010AR,429400.522,4580302.308,41.3711407,2.1557953,Styphnolobium japonicum,29.97985141,3,Warm
0087019AR,429424.872,4580228.065,41.3704742,2.1560951,Styphnolobium japonicum,28.65443501,2,Cool
0087066AR,429381.763,4580437.98,41.372361,2.1555553,Styphnolobium japonicum,29.63047306,3,Warm
0087070AR,429344.604,4580635.279,41.3741348,2.155088,Styphnolobium japonicum,29.71123913,3,Warm
0087071AR,429340.633,4580540.429,41.3732801,2.1550515,Styphnolobium japonicum,29.99655375,3,Warm
0087092AR,429320.955,4580612.677,41.3739291,2.1548078,Styphnolobium japonicum,30.6568314,4,Hottest
0087102AR,429836.624,4580332.121,41.3714474,2.1610061,Styphnolobium japonicum,27.62298858,1,Coolest
0087123AR,429414.575,4580229.702,41.370488,2.1559718,Styphnolobium japonicum,28.69294199,2,Cool
0087126AR,429851.164,4580331.737,41.3714452,2.16118,Styphnolobium japonicum,27.69679096,1,Coolest
0087127AR,429297.214,4580648.012,41.3742453,2.1545198,Styphnolobium japonicum,30.99536645,4,Hottest
0087148AR,429266.343,4580356.499,41.371617,2.1541847,Styphnolobium japonicum,31.18855062,4,Hottest
0087154AR,430666.72800000006,4580486.339,41.3729083,2.1709136,Styphnolobium japonicum,28.18796226,2,Cool
0087181AR,429392.621,4580279.858,41.3709378,2.1557035,Styphnolobium japonicum,29.76562606,3,Warm
0087232AR,429597.753,4580243.794,41.370631,2.1581603,Styphnolobium japonicum,27.75083277,1,Coolest
0087242AR,429607.945,4580266.073,41.3708325,2.1582796,Styphnolobium japonicum,27.83608985,2,Cool
0087244AR,430554.318,4580612.431,41.3740343,2.1695551,Styphnolobium japonicum,28.32615894,2,Cool
0087256AR,430654.387,4580455.503,41.3726295,2.1707696,Styphnolobium japonicum,27.81539426,1,Coolest
0087267AR,429439.883,4580224.383,41.3704423,2.156275,Styphnolobium japonicum,28.56514477,2,Cool
0087284AR,429390.749,4580256.987,41.3707317,2.1556838,Styphnolobium japonicum,29.33841678,3,Warm
0087293AR,429770.09,4580684.9,41.3746189,2.1601697,Styphnolobium japonicum,28.31102514,2,Cool
0087296AR,429317.17,4580609.021,41.3738959,2.154763,Styphnolobium japonicum,30.76288825,4,Hottest
0087298AR,430470.783,4580644.9,41.3743195,2.1685526,Styphnolobium japonicum,27.89770358,2,Cool
0087311AR,429479.999,4580407.356,41.3720938,2.1567334,Styphnolobium japonicum,29.24028447,3,Warm
0087359AR,429386.881,4580270.748,41.3708553,2.1556359,Styphnolobium japonicum,29.62850913,3,Warm
0087385AR,430755.192,4580531.673,41.3733242,2.1719662,Styphnolobium japonicum,28.43701251,2,Cool
0088196AR,428789.0,4582029.0,41.3866386,2.1482809,Styphnolobium japonicum,30.37326752,4,Hottest
0088384AR,428348.0,4581969.0,41.386059,2.1430139,Styphnolobium japonicum,28.76456311,2,Cool
0090048AR,428396.213,4582016.908,41.3864948,2.1435849,Styphnolobium japonicum,28.87083117,2,Cool
0090210AR,428793.0,4582029.0,41.3866389,2.1483287,Styphnolobium japonicum,30.37531988,4,Hottest
0090396AR,428345.0,4581971.0,41.3860768,2.1429778,Styphnolobium japonicum,28.76028268,2,Cool
0091120AR,428392.095,4582013.933,41.3864676,2.143536,Styphnolobium japonicum,28.86631564,2,Cool
0091255AR,428344.0,4581965.0,41.3860226,2.1429666,Styphnolobium japonicum,28.75526823,2,Cool
0091499AR,428393.703,4582019.318,41.3865163,2.1435546,Styphnolobium japonicum,28.86255826,2,Cool
0091552AR,428391.563,4582021.508,41.3865358,2.1435287,Styphnolobium japonicum,28.86069527,2,Cool
0091680AR,428348.0,4581971.0,41.386077,2.1430137,Styphnolobium japonicum,28.77019473,2,Cool
0091981AR,429555.786,4580829.254,41.3759004,2.1575905,Styphnolobium japonicum,28.44263748,2,Cool
0091995AR,429650.828,4581340.821,41.3805162,2.1586676,Styphnolobium japonicum,28.54672248,2,Cool
0092030AR,429554.038,4581247.333,41.3796657,2.157521,Styphnolobium japonicum,28.66204292,2,Cool
0092042AR,429941.1230000001,4580826.313,41.3759075,2.1621985,Styphnolobium japonicum,28.50366552,2,Cool
0092083AR,429660.137,4581111.771,41.378454,2.1588055,Styphnolobium japonicum,28.30583727,2,Cool
0092103AR,429740.065,4581017.359,41.3776107,2.1597722,Styphnolobium japonicum,28.47342688,2,Cool
0092132AR,429441.696,4581145.796,41.3787414,2.1561895,Styphnolobium japonicum,28.78202967,2,Cool
0092153AR,429746.266,4580827.688,41.3759029,2.1598683,Styphnolobium japonicum,28.60816817,2,Cool
0092163AR,429566.179,4581018.332,41.3776042,2.1576928,Styphnolobium japonicum,28.18329231,2,Cool
0092188AR,430038.375,4580959.421,41.3771148,2.163346,Styphnolobium japonicum,28.87245019,2,Cool
0092200AR,429548.395,4581247.57,41.3796674,2.1574535,Styphnolobium japonicum,28.66253378,2,Cool
0092213AR,429664.096,4581301.241,41.3801609,2.1588308,Styphnolobium japonicum,28.55936408,2,Cool
0092268AR,429951.614,4581039.112,41.377825,2.1622993,Styphnolobium japonicum,29.18100565,3,Warm
0092275AR,430013.188,4580769.831,41.3754051,2.1630667,Styphnolobium japonicum,28.42300913,2,Cool
0092338AR,429344.657,4580844.179,41.3760163,2.1550642,Styphnolobium japonicum,28.28327598,2,Cool
0092345AR,429283.493,4580925.508,41.3767434,2.1543234,Styphnolobium japonicum,28.24878911,2,Cool
0092373AR,429477.582,4580763.186,41.3752985,2.1566631,Styphnolobium japonicum,28.4637492,2,Cool
0092399AR,430000.158,4580921.978,41.3767743,2.1628933,Styphnolobium japonicum,28.86144781,2,Cool
0092412AR,429832.483,4580921.587,41.3767562,2.1608884,Styphnolobium japonicum,28.83494824,2,Cool
0092418AR,429577.502,4581235.101,41.3795576,2.157803,Styphnolobium japonicum,28.62366092,2,Cool
0092419AR,429932.814,4581393.459,41.3810149,2.1620335,Styphnolobium japonicum,28.9025286,3,Warm
0092423AR,429723.976,4581032.816,41.3777485,2.159578,Styphnolobium japonicum,28.41047383,2,Cool
0092468AR,429672.429,4581315.852,41.3802932,2.1589288,Styphnolobium japonicum,28.70888971,2,Cool
0092505AR,429560.734,4581207.362,41.3793063,2.1576057,Styphnolobium japonicum,28.71318093,2,Cool
0092519AR,429195.968,4580841.3,41.3759773,2.1532867,Styphnolobium japonicum,28.8878179,2,Cool
0092549AR,429263.756,4580778.465,41.3754173,2.1541046,Styphnolobium japonicum,28.97486166,3,Warm
0092552AR,429834.518,4581111.023,41.3784625,2.1608908,Styphnolobium japonicum,29.23402663,3,Warm
0092573AR,429360.358,4580872.313,41.3762711,2.1552487,Styphnolobium japonicum,28.35218699,2,Cool
0092587AR,429360.431,4580831.158,41.3759004,2.1552544,Styphnolobium japonicum,28.32123289,2,Cool
0092605AR,429925.683,4580826.59,41.3759087,2.1620138,Styphnolobium japonicum,28.51785225,2,Cool
0092651AR,430286.62,4580831.307,41.3759825,2.1663291,Styphnolobium japonicum,28.19859482,2,Cool
0092660AR,429384.149,4580848.682,41.3760603,2.1555359,Styphnolobium japonicum,28.41605591,2,Cool
0092682AR,430038.859,4581706.512,41.3838437,2.1632655,Styphnolobium japonicum,28.5560503,2,Cool
0092704AR,429386.292,4581041.874,41.3778005,2.1555391,Styphnolobium japonicum,28.70981805,2,Cool
0092706AR,429726.386,4581408.838,41.3811354,2.1595632,Styphnolobium japonicum,28.70830395,2,Cool
0092750AR,429747.00000000006,4581056.0,41.3779593,2.1598506,Styphnolobium japonicum,28.50900797,2,Cool
0092754AR,429752.387,4581017.431,41.3776124,2.1599195,Styphnolobium japonicum,28.5412809,2,Cool
0092771AR,430232.851,4580741.465,41.3751687,2.1656965,Styphnolobium japonicum,28.23805404,2,Cool
0092779AR,429274.451,4580778.258,41.3754164,2.1542325,Styphnolobium japonicum,28.91539038,3,Warm
0092787AR,429761.688,4580835.669,41.3759761,2.1600518,Styphnolobium japonicum,28.66723756,2,Cool
0092803AR,429577.04999999993,4581218.926,41.3794119,2.1577995,Styphnolobium japonicum,28.64738016,2,Cool
0092815AR,429553.043,4581207.315,41.3793052,2.1575138,Styphnolobium japonicum,28.72785498,2,Cool
0092840AR,429631.235,4581128.561,41.3786027,2.1584579,Styphnolobium japonicum,28.41926517,2,Cool
0092859AR,429957.401,4581409.122,41.3811581,2.1623257,Styphnolobium japonicum,28.84035608,2,Cool
0092868AR,429959.682,4581605.9,41.3829306,2.1623303,Styphnolobium japonicum,28.88205036,2,Cool
0092875AR,429556.939,4580869.182,41.3762601,2.1575997,Styphnolobium japonicum,28.34836092,2,Cool
0092885AR,429910.028,4580842.536,41.3760509,2.1618248,Styphnolobium japonicum,28.60045772,2,Cool
0092886AR,429290.689,4580770.619,41.375349,2.1544275,Styphnolobium japonicum,28.92465233,3,Warm
0092917AR,429232.435,4580787.36,41.3754947,2.153729,Styphnolobium japonicum,29.33156672,3,Warm
0092918AR,430029.038,4581681.176,41.3836146,2.163151,Styphnolobium japonicum,28.58322319,2,Cool
0092930AR,429251.432,4580944.392,41.3769107,2.1539378,Styphnolobium japonicum,28.29342523,2,Cool
0092931AR,429746.265,4581017.382,41.3776114,2.1598463,Styphnolobium japonicum,28.51513189,2,Cool
0092934AR,429566.713,4581247.309,41.3796666,2.1576726,Styphnolobium japonicum,28.65195799,2,Cool
0092936AR,430019.488,4581287.854,41.3800713,2.1630822,Styphnolobium japonicum,28.76779084,2,Cool
0092966AR,429295.57600000006,4580791.908,41.3755412,2.1544835,Styphnolobium japonicum,28.64067319,2,Cool
0092983AR,429384.293,4580857.838,41.3761428,2.1555366,Styphnolobium japonicum,28.39792165,2,Cool
0093002AR,429346.73,4581044.96,41.3778248,2.1550656,Styphnolobium japonicum,28.54455539,2,Cool
0093030AR,429339.89,4580835.294,41.3759358,2.1550083,Styphnolobium japonicum,28.32446761,2,Cool
0093043AR,429766.0,4581228.0,41.3795101,2.1600579,Styphnolobium japonicum,28.72482541,2,Cool
0093058AR,429857.85,4580953.618,41.3770469,2.161188,Styphnolobium japonicum,28.9208612,3,Warm
0093090AR,429749.0,4581205.0,41.3793015,2.1598573,Styphnolobium japonicum,28.6283822,2,Cool
0093107AR,430045.875,4581501.484,41.3819977,2.1633731,Styphnolobium japonicum,28.76052874,2,Cool
0093108AR,429537.521,4581237.079,41.3795719,2.1573247,Styphnolobium japonicum,28.64716803,2,Cool
0093134AR,429248.262,4580754.231,41.3751977,2.1539221,Styphnolobium japonicum,29.66806783,3,Warm
0093161AR,429633.283,4581324.671,41.3803692,2.1584596,Styphnolobium japonicum,28.57399803,2,Cool
0093203AR,429644.454,4580923.133,41.3767537,2.1586398,Styphnolobium japonicum,28.21968777,2,Cool
0093226AR,429195.54300000006,4580849.07,41.3760472,2.1532807,Styphnolobium japonicum,28.78807944,2,Cool
0093250AR,429724.0200000001,4581046.105,41.3778682,2.159577,Styphnolobium japonicum,28.36966055,2,Cool
0093251AR,429533.345,4580845.686,41.3760464,2.1573203,Styphnolobium japonicum,28.43822124,2,Cool
0093304AR,429537.734,4581223.697,41.3794514,2.1573288,Styphnolobium japonicum,28.67851673,2,Cool
0093315AR,429917.574,4581417.298,41.3812283,2.1618485,Styphnolobium japonicum,28.95805458,3,Warm
0093338AR,429856.777,4580945.661,41.3769751,2.1611761,Styphnolobium japonicum,28.90957396,3,Warm
0093344AR,429942.532,4581432.589,41.3813682,2.1621452,Styphnolobium japonicum,28.925228,3,Warm
0093345AR,430141.664,4580836.607,41.3760177,2.1645952,Styphnolobium japonicum,28.55899097,2,Cool
0093361AR,429290.353,4580758.76,41.3752422,2.1544249,Styphnolobium japonicum,29.12107469,3,Warm
0093374AR,429670.715,4581128.887,41.3786091,2.15893,Styphnolobium japonicum,28.36644549,2,Cool
0093381AR,430005.191,4580926.99,41.3768199,2.1629529,Styphnolobium japonicum,28.86233215,2,Cool
0093385AR,429960.125,4581597.042,41.3828509,2.1623366,Styphnolobium japonicum,28.91355463,3,Warm
0093386AR,429386.181,4581049.34,41.3778677,2.1555369,Styphnolobium japonicum,28.70803002,2,Cool
0093406AR,429653.971,4581112.176,41.3784571,2.1587317,Styphnolobium japonicum,28.29726313,2,Cool
0093444AR,429661.488,4580921.163,41.3767374,2.1588438,Styphnolobium japonicum,28.27513269,2,Cool
0093447AR,429561.734,4581247.33,41.3796664,2.1576131,Styphnolobium japonicum,28.65653956,2,Cool
0093451AR,429564.999,4580869.14,41.3762604,2.157696,Styphnolobium japonicum,28.3405857,2,Cool
0093455AR,429631.369,4581141.033,41.3787151,2.1584581,Styphnolobium japonicum,28.46177229,2,Cool
0093469AR,429354.638,4580831.317,41.3759013,2.1551851,Styphnolobium japonicum,28.32622277,2,Cool
0093529AR,430193.876,4580750.952,41.3752507,2.1652294,Styphnolobium japonicum,28.34493233,2,Cool
0093542AR,429628.566,4580939.348,41.3768983,2.158448,Styphnolobium japonicum,28.15920549,2,Cool
0093544AR,430141.417,4580844.963,41.3760929,2.1645913,Styphnolobium japonicum,28.55109839,2,Cool
0093569AR,429733.67,4581017.24,41.377609,2.1596957,Styphnolobium japonicum,28.44276846,2,Cool
0093609AR,430041.818,4581680.902,41.3836133,2.1633038,Styphnolobium japonicum,28.59593311,2,Cool
0093617AR,429823.583,4581504.096,41.3820018,2.1607145,Styphnolobium japonicum,29.00131544,3,Warm
0093659AR,429647.4039999999,4581111.916,41.3784542,2.1586532,Styphnolobium japonicum,28.35145636,2,Cool
0093672AR,429761.424,4580859.239,41.3761884,2.1600459,Styphnolobium japonicum,28.68409177,2,Cool
0093682AR,429758.878,4581245.511,41.3796672,2.1599707,Styphnolobium japonicum,28.6699793,2,Cool
0093722AR,429237.775,4580799.17,41.3756015,2.1537915,Styphnolobium japonicum,29.08574932,3,Warm
0093743AR,430032.724,4580768.867,41.3753981,2.1633004,Styphnolobium japonicum,28.49756087,2,Cool
0093812AR,429750.609,4581392.04,41.3809862,2.1598548,Styphnolobium japonicum,28.70827589,2,Cool
0093838AR,429537.571,4581218.073,41.3794007,2.1573275,Styphnolobium japonicum,28.67430541,2,Cool
0093849AR,429247.876,4580759.624,41.3752462,2.1539169,Styphnolobium japonicum,29.55214459,3,Warm
0093852AR,429357.0,4581020.0,41.3776009,2.1551913,Styphnolobium japonicum,28.56258315,2,Cool
0093866AR,429951.086,4581582.068,41.3827152,2.1622302,Styphnolobium japonicum,28.98426171,3,Warm
0093876AR,429912.603,4581039.114,41.3778217,2.1618328,Styphnolobium japonicum,29.21377027,3,Warm
0093898AR,429950.082,4580849.884,41.3761206,2.1623028,Styphnolobium japonicum,28.62306429,2,Cool
0093939AR,429670.854,4581134.86,41.3786629,2.158931,Styphnolobium japonicum,28.38179596,2,Cool
0093961AR,430047.15,4580951.65,41.3770456,2.1634518,Styphnolobium japonicum,28.84000461,2,Cool
0093968AR,429300.0459999999,4580796.31,41.3755812,2.1545364,Styphnolobium japonicum,28.55285589,2,Cool
0093971AR,429345.187,4580860.154,41.3761602,2.1550687,Styphnolobium japonicum,28.31693075,2,Cool
0093986AR,429671.034,4581142.361,41.3787305,2.1589322,Styphnolobium japonicum,28.40075887,2,Cool
0093999AR,429631.035,4581122.87,41.3785515,2.1584562,Styphnolobium japonicum,28.39864943,2,Cool
0094013AR,429442.321,4581138.385,41.3786747,2.1561978,Styphnolobium japonicum,28.8049381,2,Cool
0094181AR,429290.349,4580752.768,41.3751882,2.1544255,Styphnolobium japonicum,29.23694575,3,Warm
0094184AR,429330.404,4580825.904,41.3758504,2.1548959,Styphnolobium japonicum,28.31736144,2,Cool
0094202AR,429816.0,4580746.0,41.3751733,2.1607116,Styphnolobium japonicum,28.31445284,2,Cool
0094205AR,429670.853,4581122.302,41.3785498,2.1589324,Styphnolobium japonicum,28.34518031,2,Cool
0094215AR,429344.8020000001,4580854.06,41.3761053,2.1550648,Styphnolobium japonicum,28.28818917,2,Cool
0094229AR,429642.004,4581152.033,41.3788151,2.158584,Styphnolobium japonicum,28.48540076,2,Cool
0094231AR,429347.283,4581034.379,41.3777296,2.1550735,Styphnolobium japonicum,28.54481683,2,Cool
0094244AR,429653.622,4581151.915,41.378815,2.1587229,Styphnolobium japonicum,28.41477446,2,Cool
0094274AR,429841.0,4581110.0,41.3784539,2.1609684,Styphnolobium japonicum,29.22779212,3,Warm
0094295AR,430099.244,4580845.517,41.3760942,2.1640869,Styphnolobium japonicum,28.64294276,2,Cool
0094347AR,429537.756,4581231.293,41.3795198,2.1573282,Styphnolobium japonicum,28.64259283,2,Cool
0094353AR,429577.377,4581224.391,41.3794611,2.1578028,Styphnolobium japonicum,28.61286616,2,Cool
0094426AR,429631.1979999999,4581135.078,41.3786614,2.1584567,Styphnolobium japonicum,28.44674984,2,Cool
0094431AR,429832.942,4580961.544,41.3771161,2.1608892,Styphnolobium japonicum,28.87069287,2,Cool
0094460AR,430026.562,4580765.868,41.3753705,2.163227,Styphnolobium japonicum,28.47291731,2,Cool
0094461AR,429577.387,4581229.673,41.3795087,2.1578023,Styphnolobium japonicum,28.61522568,2,Cool
0094469AR,429633.1230000001,4581316.971,41.3802998,2.1584586,Styphnolobium japonicum,28.5885903,2,Cool
0094471AR,429315.248,4580811.538,41.3757197,2.1547164,Styphnolobium japonicum,28.30587794,2,Cool
0094474AR,429667.622,4580935.573,41.3768677,2.1589154,Styphnolobium japonicum,28.27698607,2,Cool
0094490AR,429354.77799999993,4580872.128,41.3762689,2.155182,Styphnolobium japonicum,28.34736798,2,Cool
0094495AR,429304.957,4580801.335,41.3756269,2.1545945,Styphnolobium japonicum,28.4727022,2,Cool
0094501AR,429247.7,4580765.973,41.3753034,2.153914,Styphnolobium japonicum,29.51257032,3,Warm
0094507AR,430019.023,4580766.644,41.3753769,2.1631368,Styphnolobium japonicum,28.43866378,2,Cool
0094533AR,429179.211,4580833.674,41.3759071,2.1530872,Styphnolobium japonicum,29.05060634,3,Warm
0094562AR,429548.051,4581207.177,41.3793035,2.1574541,Styphnolobium japonicum,28.7332081,2,Cool
0094585AR,429723.781,4581039.622,41.3778098,2.1595749,Styphnolobium japonicum,28.35475294,2,Cool
0096590AR,430523.129,4583323.18,41.3984465,2.1688713,Styphnolobium japonicum,28.61828212,2,Cool
0099970AR,431222.045,4582592.709,41.3919274,2.1773144,Styphnolobium japonicum,28.43969507,2,Cool
0101210AR,431227.08200000005,4582587.357,41.3918797,2.1773752,Styphnolobium japonicum,28.41459827,2,Cool
0105484AR,430976.128,4580870.937,41.3763989,2.1745693,Styphnolobium japonicum,27.39321384,1,Coolest
0105494AR,430766.148,4580920.888,41.3768307,2.1720527,Styphnolobium japonicum,28.09361746,2,Cool
0105509AR,430870.568,4580892.157,41.3765809,2.1733046,Styphnolobium japonicum,27.6032336,1,Coolest
0105526AR,430843.028,4580907.508,41.3767168,2.1729736,Styphnolobium japonicum,27.69186472,1,Coolest
0105592AR,430819.628,4580913.538,41.3767691,2.1726931,Styphnolobium japonicum,27.76707051,1,Coolest
0105595AR,430063.219,4581315.935,41.380328,2.1636019,Styphnolobium japonicum,28.63362416,2,Cool
0105609AR,430962.409,4580890.087,41.3765702,2.174403,Styphnolobium japonicum,27.30131578,1,Coolest
0105615AR,430080.904,4581450.076,41.3815377,2.1637979,Styphnolobium japonicum,28.77053538,2,Cool
0105625AR,430818.028,4580906.358,41.3767043,2.1726748,Styphnolobium japonicum,27.76589375,1,Coolest
0105626AR,430285.656,4581329.702,41.3804713,2.1662602,Styphnolobium japonicum,29.07650507,3,Warm
0105633AR,430812.288,4580908.008,41.3767187,2.1726059,Styphnolobium japonicum,27.78970939,1,Coolest
0105647AR,430981.698,4580868.887,41.3763809,2.1746361,Styphnolobium japonicum,27.39268323,1,Coolest
0105648AR,430800.0,4580933.0,41.3769427,2.1724561,Styphnolobium japonicum,27.93731937,2,Cool
0105654AR,430804.909,4580924.718,41.3768686,2.1725158,Styphnolobium japonicum,27.8475909,2,Cool
0105672AR,430991.299,4580882.377,41.3765032,2.1747494,Styphnolobium japonicum,27.32156497,1,Coolest
0105699AR,430876.338,4580890.227,41.3765641,2.1733738,Styphnolobium japonicum,27.57845343,1,Coolest
0105704AR,430973.0,4580886.0,41.3765343,2.1745301,Styphnolobium japonicum,27.29206442,1,Coolest
0105712AR,431020.509,4580875.026,41.3764395,2.1750995,Styphnolobium japonicum,27.51172106,1,Coolest
0105719AR,430799.069,4580926.738,41.3768862,2.1724457,Styphnolobium japonicum,27.89023282,2,Cool
0105737AR,431043.988,4580867.626,41.3763749,2.1753811,Styphnolobium japonicum,27.74143464,1,Coolest
0105739AR,430972.478,4580879.917,41.3764794,2.1745246,Styphnolobium japonicum,27.35015812,1,Coolest
0105767AR,430130.66200000007,4581325.196,41.3804173,2.1644073,Styphnolobium japonicum,28.76999009,2,Cool
0105776AR,431030.679,4580931.916,41.3769528,2.1752146,Styphnolobium japonicum,27.55718971,1,Coolest
0105777AR,430082.158,4581440.359,41.3814503,2.163814,Styphnolobium japonicum,28.741452,2,Cool
0105791AR,430852.928,4580896.478,41.3766183,2.1730932,Styphnolobium japonicum,27.65097729,1,Coolest
0105793AR,430069.771,4581443.942,41.3814815,2.1636655,Styphnolobium japonicum,28.70355787,2,Cool
0105819AR,430846.908,4580898.308,41.3766343,2.173021,Styphnolobium japonicum,27.67772139,1,Coolest
0105831AR,431007.548,4580870.286,41.3763957,2.174945,Styphnolobium japonicum,27.49222303,1,Coolest
0105855AR,430825.518,4580912.488,41.3767602,2.1727636,Styphnolobium japonicum,27.74808318,1,Coolest
0105861AR,430964.298,4580874.127,41.3764266,2.1744275,Styphnolobium japonicum,27.34691795,1,Coolest
0105867AR,430790.949,4580921.998,41.3768429,2.1723492,Styphnolobium japonicum,27.91370534,2,Cool
0105898AR,430183.888,4581322.128,41.3803943,2.1650442,Styphnolobium japonicum,28.95179028,3,Warm
0105900AR,430968.0,4580888.0,41.3765519,2.1744701,Styphnolobium japonicum,27.24382516,1,Coolest
0105904AR,430214.027,4581324.126,41.3804149,2.1654043,Styphnolobium japonicum,29.01345685,3,Warm
0105911AR,430068.725,4581433.603,41.3813883,2.1636542,Styphnolobium japonicum,28.67670652,2,Cool
0105937AR,430070.90100000007,4581453.939,41.3815716,2.1636778,Styphnolobium japonicum,28.72968921,2,Cool
0105939AR,430145.892,4581326.052,41.3804263,2.1645893,Styphnolobium japonicum,28.82166684,2,Cool
0105945AR,430968.388,4580865.047,41.3763452,2.1744774,Styphnolobium japonicum,27.36117925,1,Coolest
0105960AR,430779.029,4580925.168,41.3768704,2.1722063,Styphnolobium japonicum,28.01624303,2,Cool
0105966AR,430835.428,4580901.738,41.3766642,2.1728833,Styphnolobium japonicum,27.69787521,1,Coolest
0105976AR,430948.688,4580886.157,41.3765336,2.1742394,Styphnolobium japonicum,27.32629999,1,Coolest
0105985AR,430813.898,4580915.048,41.3767822,2.1726244,Styphnolobium japonicum,27.79312593,1,Coolest
0106014AR,430848.3080000001,4580906.448,41.3767077,2.1730368,Styphnolobium japonicum,27.67327598,1,Coolest
0106031AR,430784.919,4580923.348,41.3768545,2.1722769,Styphnolobium japonicum,27.98100869,2,Cool
0106032AR,430894.898,4580893.197,41.3765924,2.1735954,Styphnolobium japonicum,27.55017342,1,Coolest
0106034AR,430985.568,4580860.457,41.3763053,2.1746833,Styphnolobium japonicum,27.47495948,1,Coolest
0106040AR,430816.5889999999,4580921.348,41.3768392,2.1726558,Styphnolobium japonicum,27.8085219,1,Coolest
0106064AR,430794.888,4580912.128,41.3767543,2.1723974,Styphnolobium japonicum,27.85776293,2,Cool
0106092AR,430962.3080000001,4580866.947,41.3763617,2.1744045,Styphnolobium japonicum,27.35765859,1,Coolest
0106099AR,430954.928,4580884.797,41.3765219,2.1743142,Styphnolobium japonicum,27.29709261,1,Coolest
0106100AR,430789.148,4580913.568,41.3767668,2.1723286,Styphnolobium japonicum,27.90043441,2,Cool
0106101AR,430777.258,4580917.358,41.3767999,2.172186,Styphnolobium japonicum,28.02094415,2,Cool
0106142AR,431009.168,4580853.976,41.3762489,2.1749663,Styphnolobium japonicum,27.65136817,1,Coolest
0106179AR,430991.218,4580858.776,41.3762906,2.1747511,Styphnolobium japonicum,27.47971207,1,Coolest
0106180AR,430960.508,4580883.307,41.3765089,2.1743811,Styphnolobium japonicum,27.28708539,1,Coolest
0106191AR,430200.605,4581329.49,41.380462,2.1652432,Styphnolobium japonicum,28.99530987,3,Warm
0106194AR,430806.0,4580932.0,41.3769342,2.172528,Styphnolobium japonicum,27.92205983,2,Cool
0106258AR,431026.168,4580849.116,41.3762066,2.1751701,Styphnolobium japonicum,27.90386633,2,Cool
0106273AR,430069.319,4581438.777,41.3814349,2.1636607,Styphnolobium japonicum,28.68994368,2,Cool
0106285AR,430783.268,4580915.528,41.3767839,2.1722581,Styphnolobium japonicum,27.9364019,2,Cool
0106304AR,430989.528,4580875.047,41.376437,2.174729,Styphnolobium japonicum,27.40751471,1,Coolest
0106305AR,430088.16,4581323.319,41.3803967,2.1638993,Styphnolobium japonicum,28.65105044,2,Cool
0106307AR,431012.288,4580868.786,41.3763826,2.1750019,Styphnolobium japonicum,27.5213094,1,Coolest
0106319AR,430950.938,4580870.237,41.3763904,2.1742681,Styphnolobium japonicum,27.43933645,1,Coolest
0106347AR,430864.782,4580893.622,41.3765936,2.1732353,Styphnolobium japonicum,27.60671661,1,Coolest
0106349AR,430801.968,4580918.368,41.3768111,2.1724814,Styphnolobium japonicum,27.8491018,2,Cool
0106358AR,430952.928,4580877.517,41.3764561,2.1742911,Styphnolobium japonicum,27.33862844,1,Coolest
0106400AR,430985.509,4580883.717,41.3765148,2.17468,Styphnolobium japonicum,27.31687438,1,Coolest
0106425AR,430974.078,4580863.557,41.3763322,2.1745456,Styphnolobium japonicum,27.4240692,1,Coolest
0106450AR,430956.818,4580868.837,41.3763783,2.1743386,Styphnolobium japonicum,27.34573063,1,Coolest
0106463AR,430966.168,4580881.657,41.3764946,2.174449,Styphnolobium japonicum,27.30270207,1,Coolest
0106497AR,430071.52,4581459.025,41.3816175,2.1636846,Styphnolobium japonicum,28.75245668,2,Cool
0106499AR,430859.018,4580895.038,41.3766059,2.1731662,Styphnolobium japonicum,27.6325661,1,Coolest
0106507AR,430081.64,4581445.151,41.3814934,2.1638073,Styphnolobium japonicum,28.75402678,2,Cool
0106525AR,430191.146,4581328.861,41.3804555,2.1651302,Styphnolobium japonicum,28.97553402,3,Warm
0106534AR,430862.869,4580908.988,41.3767319,2.1732106,Styphnolobium japonicum,27.64801641,1,Coolest
0106537AR,431028.258,4580856.406,41.3762725,2.1751943,Styphnolobium japonicum,27.75842142,1,Coolest
0106538AR,431014.609,4580876.186,41.3764495,2.1750288,Styphnolobium japonicum,27.45173561,1,Coolest
0106549AR,430070.272,4581448.926,41.3815264,2.1636709,Styphnolobium japonicum,28.72671929,2,Cool
0106585AR,430788.0,4580937.0,41.3769777,2.1723122,Styphnolobium japonicum,28.01055893,2,Cool
0106586AR,430831.098,4580910.828,41.3767457,2.1728305,Styphnolobium japonicum,27.73072091,1,Coolest
0106618AR,430783.00000000006,4580939.0,41.3769953,2.1722522,Styphnolobium japonicum,28.03999139,2,Cool
0106674AR,430299.612,4581337.321,41.3805411,2.1664262,Styphnolobium japonicum,29.08550488,3,Warm
0106675AR,430796.389,4580920.028,41.3768256,2.1724144,Styphnolobium japonicum,27.8749243,2,Cool
0106680AR,431003.00000000006,4580879.0,41.3764738,2.1748897,Styphnolobium japonicum,27.39150207,1,Coolest
0106682AR,430810.969,4580923.138,41.3768548,2.1725884,Styphnolobium japonicum,27.81969656,1,Coolest
0106691AR,430264.546,4581327.25,41.3804474,2.1660081,Styphnolobium japonicum,29.06100006,3,Warm
0106692AR,430978.068,4580878.437,41.3764666,2.1745916,Styphnolobium japonicum,27.37451384,1,Coolest
0106707AR,430993.578,4580866.106,41.3763569,2.1747785,Styphnolobium japonicum,27.45435465,1,Coolest
0106711AR,430068.2,4581428.531,41.3813426,2.1636485,Styphnolobium japonicum,28.66051517,2,Cool
0106723AR,430082.753,4581435.351,41.3814052,2.1638217,Styphnolobium japonicum,28.73798531,2,Cool
0106747AR,430777.719,4580940.438,41.3770078,2.1721889,Styphnolobium japonicum,28.0746962,2,Cool
0106757AR,430956.0,4580891.0,41.3765778,2.1743263,Styphnolobium japonicum,27.29349166,1,Coolest
0106769AR,430083.383,4581430.628,41.3813628,2.1638298,Styphnolobium japonicum,28.72425858,2,Cool
0106774AR,431026.0,4580873.0,41.3764217,2.1751654,Styphnolobium japonicum,27.60575282,1,Coolest
0106783AR,430207.192,4581329.792,41.3804653,2.1653219,Styphnolobium japonicum,29.00832279,3,Warm
0106821AR,430609.0,4580734.0,41.3751339,2.170195,Styphnolobium japonicum,28.12062696,2,Cool
0106855AR,430997.029,4580881.116,41.3764923,2.174818,Styphnolobium japonicum,27.34906127,1,Coolest
0106883AR,430795.00000000006,4580935.0,41.3769603,2.1723961,Styphnolobium japonicum,27.96613668,2,Cool
0106932AR,430195.915,4581329.116,41.3804582,2.1651872,Styphnolobium japonicum,28.98190846,3,Warm
0106935AR,430211.553,4581330.157,41.380469,2.165374,Styphnolobium japonicum,29.01863275,3,Warm
0106947AR,431004.888,4580863.116,41.3763309,2.1749141,Styphnolobium japonicum,27.59202966,1,Coolest
0106962AR,431009.0,4580878.0,41.3764653,2.1749615,Styphnolobium japonicum,27.40734396,1,Coolest
0106976AR,431001.0,4580872.0,41.3764106,2.1748666,Styphnolobium japonicum,27.4592184,1,Coolest
0106986AR,430080.1,4581459.875,41.3816259,2.1637871,Styphnolobium japonicum,28.79087923,2,Cool
0106987AR,431032.539,4580871.326,41.3764072,2.1752437,Styphnolobium japonicum,27.66910509,1,Coolest
0107041AR,430808.158,4580916.858,41.376798,2.1725555,Styphnolobium japonicum,27.82649446,1,Coolest
0107043AR,430960.204,4580875.769,41.376441,2.1743783,Styphnolobium japonicum,27.32872321,1,Coolest
0107056AR,431040.859,4580920.716,41.3768528,2.1753376,Styphnolobium japonicum,27.55939906,1,Coolest
0107072AR,430841.28800000006,4580899.788,41.3766471,2.1729536,Styphnolobium japonicum,27.68145023,1,Coolest
0107078AR,431002.798,4580855.596,41.376263,2.1748899,Styphnolobium japonicum,27.61115148,1,Coolest
0107092AR,430983.568,4580876.797,41.3764523,2.1746576,Styphnolobium japonicum,27.36897456,1,Coolest
0107097AR,430999.448,4580864.736,41.376345,2.1748488,Styphnolobium japonicum,27.53978982,1,Coolest
0107104AR,430945.0,4580871.0,41.3763968,2.174197,Styphnolobium japonicum,27.43991636,1,Coolest
0107114AR,430845.0,4580913.0,41.3767665,2.1729965,Styphnolobium japonicum,27.69434122,1,Coolest
0107121AR,430313.297,4581331.287,41.380488,2.1665906,Styphnolobium japonicum,29.08502232,3,Warm
0107144AR,430771.508,4580919.058,41.3768147,2.172117,Styphnolobium japonicum,28.05899861,2,Cool
0107157AR,430997.0,4580857.0,41.3762751,2.1748204,Styphnolobium japonicum,27.56876194,1,Coolest
0107175AR,430995.098,4580873.606,41.3764245,2.1747958,Styphnolobium japonicum,27.45458535,1,Coolest
0107180AR,430970.388,4580871.937,41.3764074,2.1745005,Styphnolobium japonicum,27.3809047,1,Coolest
0107190AR,430824.068,4580904.758,41.3766904,2.1727472,Styphnolobium japonicum,27.74852249,1,Coolest
0107202AR,430255.741,4581325.703,41.3804327,2.165903,Styphnolobium japonicum,29.05382362,3,Warm
0107240AR,430080.297,4581455.035,41.3815823,2.1637901,Styphnolobium japonicum,28.77689228,2,Cool
0107260AR,430836.988,4580909.168,41.3767313,2.1729012,Styphnolobium japonicum,27.70822444,1,Coolest
0107264AR,430987.7579999999,4580867.967,41.3763731,2.1747087,Styphnolobium japonicum,27.42025332,1,Coolest
0107273AR,430979.00000000006,4580885.0,41.3765258,2.174602,Styphnolobium japonicum,27.32252319,1,Coolest
0109106AR,432429.625,4581391.966,41.381215,2.1918913,Styphnolobium japonicum,28.18780114,2,Cool
0109126AR,432220.634,4581344.358,41.3807686,2.1893975,Styphnolobium japonicum,28.59632997,2,Cool
0109147AR,432182.915,4581454.918,41.3817612,2.188934,Styphnolobium japonicum,27.78110588,1,Coolest
0109182AR,432224.092,4581130.598,41.3788436,2.1894627,Styphnolobium japonicum,27.3443679,1,Coolest
0109206AR,432277.812,4581140.697,41.3789391,2.190104,Styphnolobium japonicum,27.50158453,1,Coolest
0109229AR,432434.894,4581374.056,41.3810541,2.1919563,Styphnolobium japonicum,28.20004732,2,Cool
0109242AR,432146.805,4581444.439,41.3816638,2.1885034,Styphnolobium japonicum,27.72071005,1,Coolest
0109253AR,432108.754,4581427.219,41.3815055,2.1880503,Styphnolobium japonicum,27.51761081,1,Coolest
0109288AR,432439.974,4581355.976,41.3808917,2.1920191,Styphnolobium japonicum,28.18717878,2,Cool
0109292AR,432227.257,4581461.824,41.3818272,2.1894635,Styphnolobium japonicum,27.86091997,2,Cool
0109297AR,432378.696,4581569.317,41.3828081,2.1912625,Styphnolobium japonicum,29.18130377,3,Warm
0109308AR,432381.276,4581560.117,41.3827254,2.1912944,Styphnolobium japonicum,29.09523269,3,Warm
0109318AR,432221.482,4581139.908,41.3789273,2.1894305,Styphnolobium japonicum,27.38641943,1,Coolest
0109322AR,432334.117,4581667.718,41.3836906,2.1907184,Styphnolobium japonicum,28.420175,2,Cool
0109331AR,432194.677,4581459.524,41.3818037,2.1890742,Styphnolobium japonicum,27.79428834,1,Coolest
0109350AR,432411.055,4581455.897,41.3817893,2.1916621,Styphnolobium japonicum,28.25717395,2,Cool
0109353AR,432357.406,4581585.477,41.3829518,2.1910061,Styphnolobium japonicum,29.1303162,3,Warm
0109359AR,432343.686,4581632.781,41.3833767,2.1908367,Styphnolobium japonicum,28.63542769,2,Cool
0109380AR,432413.805,4581446.697,41.3817066,2.191696,Styphnolobium japonicum,28.22415168,2,Cool
0109409AR,432270.803,4581474.476,41.3819448,2.1899829,Styphnolobium japonicum,27.92302468,2,Cool
0109411AR,432368.0459999999,4581605.847,41.3831362,2.1911311,Styphnolobium japonicum,29.22805688,3,Warm
0109443AR,432371.00000000006,4581535.0,41.3824984,2.1911743,Styphnolobium japonicum,28.84984352,2,Cool
0109483AR,432437.454,4581364.956,41.3809724,2.191988,Styphnolobium japonicum,28.19694705,2,Cool
0109491AR,432360.226,4581633.227,41.3833822,2.1910345,Styphnolobium japonicum,28.79738994,2,Cool
0109508AR,432228.002,4581116.637,41.3787182,2.189511,Styphnolobium japonicum,27.31385115,1,Coolest
0109554AR,432156.552,4581448.096,41.3816976,2.1886195,Styphnolobium japonicum,27.72668252,1,Coolest
0109557AR,432363.026,4581624.207,41.3833012,2.191069,Styphnolobium japonicum,28.91151914,3,Warm
0109605AR,432248.055,4581474.958,41.3819472,2.1897108,Styphnolobium japonicum,27.87400556,2,Cool
0109611AR,432078.382,4581425.225,41.381485,2.1876873,Styphnolobium japonicum,27.30194684,1,Coolest
0109623AR,432171.105,4581451.518,41.3817296,2.1887932,Styphnolobium japonicum,27.77157321,1,Coolest
0109692AR,432366.0,4581553.0,41.3826601,2.1911125,Styphnolobium japonicum,29.00758535,3,Warm
0109746AR,432365.375,4581500.987,41.3821915,2.1911108,Styphnolobium japonicum,28.46843641,2,Cool
0109765AR,432144.365,4581437.219,41.3815986,2.188475,Styphnolobium japonicum,27.7358595,1,Coolest
0109768AR,432322.0,4581488.0,41.3820709,2.1905936,Styphnolobium japonicum,28.14999669,2,Cool
0109814AR,432351.105,4581496.867,41.3821532,2.1909407,Styphnolobium japonicum,28.35772862,2,Cool
0109857AR,432373.694,4581588.416,41.3829797,2.1912006,Styphnolobium japonicum,29.29238387,3,Warm
0109868AR,432285.742,4581112.617,41.3786869,2.1902019,Styphnolobium japonicum,27.5126891,1,Coolest
0109878AR,432221.719,4581466.923,41.3818726,2.1893967,Styphnolobium japonicum,27.83970362,2,Cool
0109880AR,432238.40700000006,4581465.114,41.3818578,2.1895965,Styphnolobium japonicum,27.87645051,2,Cool
0109881AR,432279.1319999999,4581136.017,41.3788971,2.1901203,Styphnolobium japonicum,27.49466899,1,Coolest
0109889AR,432247.745,4581467.538,41.3818804,2.1897079,Styphnolobium japonicum,27.89117118,2,Cool
0109919AR,432232.377,4581463.386,41.3818417,2.1895246,Styphnolobium japonicum,27.86713495,2,Cool
0109924AR,432365.646,4581615.017,41.3832186,2.1911014,Styphnolobium japonicum,29.17663962,3,Warm
0109926AR,432376.116,4581578.517,41.3828907,2.1912306,Styphnolobium japonicum,29.23173617,3,Warm
0109946AR,432301.1649999999,4581482.427,41.382019,2.1903451,Styphnolobium japonicum,28.02861496,2,Cool
0109982AR,432273.853,4581154.737,41.3790653,2.1900551,Styphnolobium japonicum,27.50897455,1,Coolest
0109989AR,432416.575,4581437.997,41.3816285,2.1917301,Styphnolobium japonicum,28.20747364,2,Cool
0110000AR,432230.612,4581107.327,41.3786346,2.1895433,Styphnolobium japonicum,27.30062084,1,Coolest
0110027AR,432226.769,4581468.4,41.3818864,2.189457,Styphnolobium japonicum,27.85978706,2,Cool
0110029AR,432275.173,4581150.057,41.3790232,2.1900714,Styphnolobium japonicum,27.51022625,1,Coolest
0110032AR,432271.00000000006,4581164.0,41.3791484,2.1900199,Styphnolobium japonicum,27.55218883,1,Coolest
0110054AR,432158.645,4581441.449,41.3816379,2.1886453,Styphnolobium japonicum,27.77225633,1,Coolest
0110083AR,432339.386,4581649.377,41.3835259,2.1907835,Styphnolobium japonicum,28.52790063,2,Cool
0110124AR,432377.235,4581517.107,41.3823377,2.1912509,Styphnolobium japonicum,28.67126034,2,Cool
0110129AR,432231.912,4581102.677,41.3785928,2.1895594,Styphnolobium japonicum,27.29644621,1,Coolest
0110164AR,432418.925,4581429.057,41.3815482,2.1917592,Styphnolobium japonicum,28.19493372,2,Cool
0110175AR,432178.583,4581286.828,41.3802469,2.188901,Styphnolobium japonicum,28.16409111,2,Cool
0110204AR,432358.245,4581498.927,41.3821724,2.1910258,Styphnolobium japonicum,28.42789251,2,Cool
0110217AR,432243.946,4581466.69,41.3818724,2.1896626,Styphnolobium japonicum,27.87962236,2,Cool
0110218AR,432370.906,4581596.777,41.3830548,2.1911663,Styphnolobium japonicum,29.20783245,3,Warm
0110232AR,432336.806,4581658.628,41.383609,2.1907516,Styphnolobium japonicum,28.49165719,2,Cool
0110233AR,432445.084,4581337.666,41.3807272,2.1920822,Styphnolobium japonicum,28.14983088,2,Cool
0110243AR,432401.995,4581486.857,41.3820673,2.1915503,Styphnolobium japonicum,28.44971872,2,Cool
0110253AR,432083.934,4581425.749,41.3814902,2.1877536,Styphnolobium japonicum,27.36007023,1,Coolest
0110259AR,432232.004,4581305.318,41.380418,2.1895378,Styphnolobium japonicum,28.62009984,2,Cool
0110314AR,432069.55999999994,4581422.569,41.3814603,2.1875821,Styphnolobium japonicum,27.17268846,1,Coolest
0110348AR,432226.702,4581121.288,41.37876,2.189495,Styphnolobium japonicum,27.32277615,1,Coolest
0110360AR,432139.184,4581435.729,41.3815847,2.1884132,Styphnolobium japonicum,27.72699338,1,Coolest
0110361AR,432205.329,4581462.322,41.3818298,2.1892012,Styphnolobium japonicum,27.81321667,1,Coolest
0110399AR,432085.814,4581420.369,41.3814419,2.1877767,Styphnolobium japonicum,27.17145883,1,Coolest
0110403AR,432225.392,4581125.948,41.3788019,2.1894788,Styphnolobium japonicum,27.34315452,1,Coolest
0110454AR,432136.959,4581442.36,41.3816443,2.1883859,Styphnolobium japonicum,27.70729326,1,Coolest
0110469AR,432442.524,4581346.726,41.3808086,2.1920506,Styphnolobium japonicum,28.17384782,2,Cool
0110474AR,432354.896,4581594.527,41.3830331,2.1909751,Styphnolobium japonicum,29.11131407,3,Warm
0110487AR,432220.182,4581144.558,41.378969,2.1894144,Styphnolobium japonicum,27.31592514,1,Coolest
0110489AR,432229.302,4581111.987,41.3786765,2.1895271,Styphnolobium japonicum,27.30199201,1,Coolest
0110498AR,432405.851,4581474.754,41.3819587,2.1915978,Styphnolobium japonicum,28.35276991,2,Cool
0110515AR,432180.043,4581281.178,41.3801962,2.1889191,Styphnolobium japonicum,28.15631083,2,Cool
0110532AR,432280.452,4581131.337,41.3788551,2.1901366,Styphnolobium japonicum,27.49258871,1,Coolest
0110559AR,432238.177,4581471.918,41.381919,2.189593,Styphnolobium japonicum,27.86066961,2,Cool
0110563AR,432346.986,4581621.987,41.3832798,2.1908774,Styphnolobium japonicum,28.72127909,2,Cool
0110588AR,432243.06,4581473.167,41.3819307,2.1896512,Styphnolobium japonicum,27.86572291,2,Cool
0110639AR,432113.894,4581428.749,41.3815197,2.1881116,Styphnolobium japonicum,27.53725609,1,Coolest
0110641AR,432165.838,4581450.78,41.3817225,2.1887303,Styphnolobium japonicum,27.75320035,1,Coolest
0110692AR,432215.427,4581458.554,41.3817967,2.1893224,Styphnolobium japonicum,27.84558404,2,Cool
0110696AR,432427.155,4581400.686,41.3812933,2.1918608,Styphnolobium japonicum,28.20069668,2,Cool
0110705AR,432281.772,4581126.657,41.378813,2.1901529,Styphnolobium japonicum,27.50173809,1,Coolest
0110733AR,432261.559,4581472.152,41.3819231,2.1898726,Styphnolobium japonicum,27.90473545,2,Cool
0110758AR,432369.0,4581544.0,41.3825792,2.1911494,Styphnolobium japonicum,28.92425522,3,Warm
0110777AR,432222.792,4581135.248,41.3788854,2.1894467,Styphnolobium japonicum,27.36144306,1,Coolest
0110787AR,432424.445,4581409.896,41.3813761,2.1918274,Styphnolobium japonicum,28.19433387,2,Cool
0110823AR,432352.286,4581603.637,41.383115,2.1909429,Styphnolobium japonicum,29.02558627,3,Warm
0110846AR,432093.91399999993,4581428.709,41.3815177,2.1878727,Styphnolobium japonicum,27.43068385,1,Coolest
0110879AR,432364.236,4581619.487,41.3832587,2.191084,Styphnolobium japonicum,28.96916226,3,Warm
0110886AR,432142.025,4581442.989,41.3816504,2.1884464,Styphnolobium japonicum,27.71814803,1,Coolest
0110903AR,432218.882,4581149.218,41.3790109,2.1893983,Styphnolobium japonicum,27.35036638,1,Coolest
0110906AR,432283.092,4581121.977,41.378771,2.1901692,Styphnolobium japonicum,27.50972074,1,Coolest
0111228AR,431432.573,4581587.084,41.382888,2.1799462,Styphnolobium japonicum,28.59971549,2,Cool
0111236AR,431418.725,4581567.635,41.3827117,2.1797828,Styphnolobium japonicum,28.92050969,3,Warm
0111272AR,430921.61,4581845.239,41.3851694,2.1738063,Styphnolobium japonicum,29.17900334,3,Warm
0111365AR,430936.56,4581841.038,41.3851329,2.1739856,Styphnolobium japonicum,29.08916219,3,Warm
0111589AR,431425.578,4581483.924,41.3819583,2.1798742,Styphnolobium japonicum,29.20128568,3,Warm
0111608AR,431428.98,4581581.965,41.3828416,2.1799038,Styphnolobium japonicum,28.62283411,2,Cool
0111621AR,430930.05,4581833.098,41.3850608,2.1739086,Styphnolobium japonicum,29.12070227,3,Warm
0111634AR,431420.448,4581478.054,41.381905,2.1798135,Styphnolobium japonicum,29.22350311,3,Warm
0111638AR,431424.0,4581481.0,41.3819318,2.1798556,Styphnolobium japonicum,29.21324404,3,Warm
0111640AR,430935.72,4581835.728,41.385085,2.1739761,Styphnolobium japonicum,29.08561515,3,Warm
0111687AR,431425.988,4581488.184,41.3819967,2.1798786,Styphnolobium japonicum,29.17731622,3,Warm
0111727AR,431425.452,4581577.103,41.3827975,2.1798621,Styphnolobium japonicum,28.65286854,2,Cool
0111753AR,431422.051,4581572.113,41.3827523,2.179822,Styphnolobium japonicum,28.89168792,3,Warm
0113731AR,431611.224,4581500.753,41.3821257,2.1820923,Styphnolobium japonicum,28.69271413,2,Cool
0114150AR,431615.104,4581507.003,41.3821823,2.182138,Styphnolobium japonicum,28.66867867,2,Cool
0114923AR,431619.324,4581513.863,41.3822444,2.1821877,Styphnolobium japonicum,28.63020503,2,Cool
0122389AR,427797.382,4581949.712,41.3858361,2.1364313,Styphnolobium japonicum,28.94591224,3,Warm
0122515AR,427557.15,4581825.634,41.3846969,2.1335732,Styphnolobium japonicum,28.76155934,2,Cool
0122550AR,427600.9099999999,4581718.014,41.3837316,2.1341094,Styphnolobium japonicum,28.94556431,3,Warm
0122836AR,427663.259,4581611.873,41.3827812,2.1348677,Styphnolobium japonicum,28.8762804,2,Cool
0122880AR,427561.55,4581815.934,41.38461,2.133627,Styphnolobium japonicum,28.77075241,2,Cool
0122957AR,427558.9099999999,4581821.724,41.3846619,2.1335948,Styphnolobium japonicum,28.76345571,2,Cool
0123048AR,427552.0200000001,4581836.124,41.384791,2.1335106,Styphnolobium japonicum,28.75040303,2,Cool
0123074AR,427919.078,4581791.634,41.3844232,2.1379055,Styphnolobium japonicum,29.11664873,3,Warm
0123124AR,427693.114,4581532.155,41.3820659,2.1352342,Styphnolobium japonicum,28.92264692,3,Warm
0123238AR,427599.00000000006,4581741.0,41.3839384,2.1340838,Styphnolobium japonicum,28.92419311,3,Warm
0123283AR,427747.572,4582015.273,41.3864221,2.1358278,Styphnolobium japonicum,28.6386261,2,Cool
0123301AR,427983.805,4582358.532,41.3895348,2.1386122,Styphnolobium japonicum,28.53896484,2,Cool
0123327AR,427551.6,4581815.424,41.3846045,2.1335081,Styphnolobium japonicum,28.73588814,2,Cool
0123441AR,428008.225,4582326.481,41.3892484,2.1389081,Styphnolobium japonicum,28.49777432,2,Cool
0123647AR,427628.459,4581683.853,41.3834264,2.134443,Styphnolobium japonicum,28.97974664,3,Warm
0123771AR,427807.322,4581936.532,41.3857182,2.1365518,Styphnolobium japonicum,28.95091233,3,Warm
0123816AR,427675.559,4581569.173,41.3823977,2.1350199,Styphnolobium japonicum,28.86154392,2,Cool
0123983AR,427630.273,4582144.504,41.3875755,2.1344096,Styphnolobium japonicum,28.48476598,2,Cool
0124011AR,427513.188,4581894.998,41.3853177,2.1330392,Styphnolobium japonicum,28.76347977,2,Cool
0124152AR,427657.339,4581623.683,41.3828871,2.1347955,Styphnolobium japonicum,28.89049227,3,Warm
0124195AR,427884.5140000001,4581836.803,41.3848269,2.1374868,Styphnolobium japonicum,29.06104992,3,Warm
0124236AR,427698.808,4581542.203,41.3821569,2.1353011,Styphnolobium japonicum,28.91331687,3,Warm
0124348AR,427543.79,4581832.134,41.3847543,2.1334127,Styphnolobium japonicum,28.72999126,2,Cool
0124359AR,427703.358,4581512.682,41.3818915,2.1353591,Styphnolobium japonicum,28.96054518,3,Warm
0124371AR,427996.195,4582342.321,41.38939,2.1387623,Styphnolobium japonicum,28.50553769,2,Cool
0124425AR,427549.46,4581841.374,41.384838,2.1334794,Styphnolobium japonicum,28.7461132,2,Cool
0124474AR,427540.271,4581861.524,41.3850187,2.1333671,Styphnolobium japonicum,28.7613704,2,Cool
0124490AR,427992.195,4582347.602,41.3894372,2.1387138,Styphnolobium japonicum,28.5169141,2,Cool
0124512AR,427678.399,4581581.953,41.3825131,2.1350523,Styphnolobium japonicum,28.85838878,2,Cool
0124536AR,427944.69,4581730.551,41.3838754,2.1382191,Styphnolobium japonicum,29.16129275,3,Warm
0124670AR,427909.091,4581804.571,41.3845388,2.1377845,Styphnolobium japonicum,29.10425669,3,Warm
0124729AR,427606.47,4581728.754,41.3838288,2.1341746,Styphnolobium japonicum,28.9554116,3,Warm
0124746AR,427967.051,4582105.07,41.3872505,2.138442,Styphnolobium japonicum,29.04825291,3,Warm
0124824AR,427693.328,4581551.973,41.3822444,2.1352344,Styphnolobium japonicum,28.89087597,3,Warm
0124923AR,428004.215,4582331.761,41.3892956,2.1388595,Styphnolobium japonicum,28.49532962,2,Cool
0124938AR,427720.762,4582050.503,41.386737,2.135503,Styphnolobium japonicum,28.39135784,2,Cool
0124958AR,427591.96,4581737.304,41.3839045,2.1340001,Styphnolobium japonicum,28.91107764,3,Warm
0125049AR,427672.439,4581594.643,41.3826269,2.1349795,Styphnolobium japonicum,28.8626723,2,Cool
0125059AR,427554.58,4581830.874,41.3847439,2.1335419,Styphnolobium japonicum,28.75094607,2,Cool
0125177AR,427987.555,4582354.192,41.3894961,2.1386576,Styphnolobium japonicum,28.52524117,2,Cool
0125211AR,427818.073,4581924.18,41.385608,2.1366818,Styphnolobium japonicum,28.94955913,3,Warm
0125222AR,427609.66,4581722.183,41.3837699,2.1342136,Styphnolobium japonicum,28.9715319,3,Warm
0125342AR,427651.029,4581637.093,41.3830073,2.1347184,Styphnolobium japonicum,28.91281642,3,Warm
0125573AR,427688.339,4581562.433,41.3823382,2.1351735,Styphnolobium japonicum,28.87934196,2,Cool
0125596AR,427787.372,4581963.582,41.3859601,2.13631,Styphnolobium japonicum,28.915611,3,Warm
0125645AR,427691.169,4581556.573,41.3822857,2.1352081,Styphnolobium japonicum,28.89101025,3,Warm
0125691AR,428000.205,4582337.041,41.3893428,2.1388109,Styphnolobium japonicum,28.49151916,2,Cool
0125749AR,427774.502,4581980.413,41.3861105,2.1361541,Styphnolobium japonicum,28.87521355,2,Cool
0125778AR,427589.57,4581742.274,41.3839491,2.1339709,Styphnolobium japonicum,28.89795849,3,Warm
0127402AR,428540.11900000006,4587264.916,41.4337742,2.1446861,Styphnolobium japonicum,28.84883933,2,Cool
0127425AR,428483.925,4587147.808,41.4327145,2.1440274,Styphnolobium japonicum,28.41999201,2,Cool
0127426AR,428127.236,4586353.047,41.4255246,2.1398532,Styphnolobium japonicum,27.7510542,1,Coolest
0127440AR,428101.1890000001,4586832.578,41.4298412,2.1394845,Styphnolobium japonicum,28.60431962,2,Cool
0127453AR,428039.825,4586846.61,41.4299621,2.1387485,Styphnolobium japonicum,28.87505855,2,Cool
0127479AR,428174.82,4586922.287,41.4306558,2.140355,Styphnolobium japonicum,28.44744361,2,Cool
0127506AR,428262.767,4587190.124,41.4330759,2.1413757,Styphnolobium japonicum,27.49747851,1,Coolest
0127507AR,428544.726,4587315.696,41.434232,2.1447352,Styphnolobium japonicum,28.96215429,3,Warm
0127544AR,428244.329,4586763.736,41.429234,2.1412056,Styphnolobium japonicum,28.20994469,2,Cool
0127555AR,428473.412,4587179.545,41.4329994,2.1438979,Styphnolobium japonicum,28.37414821,2,Cool
0127558AR,427994.056,4586766.44,41.4292359,2.1382103,Styphnolobium japonicum,28.95786321,3,Warm
0127568AR,428500.227,4587332.189,41.4343766,2.1442007,Styphnolobium japonicum,28.61805063,2,Cool
0127572AR,428119.4699999999,4586370.961,41.4256853,2.1397581,Styphnolobium japonicum,27.73727943,1,Coolest
0127608AR,428426.5300000001,4587346.968,41.4345031,2.143317,Styphnolobium japonicum,27.98530272,2,Cool
0127609AR,428494.141,4587334.619,41.4343979,2.1441276,Styphnolobium japonicum,28.55957705,2,Cool
0127618AR,428475.142,4587183.865,41.4330385,2.1439181,Styphnolobium japonicum,28.38644932,2,Cool
0127633AR,428505.998,4587330.032,41.4343577,2.14427,Styphnolobium japonicum,28.66298145,2,Cool
0127646AR,428116.526,4586376.887,41.4257384,2.1397222,Styphnolobium japonicum,27.76096403,1,Coolest
0127659AR,428478.314,4587193.472,41.4331253,2.1439549,Styphnolobium japonicum,28.40895415,2,Cool
0127667AR,428468.758,4587166.861,41.4328848,2.1438437,Styphnolobium japonicum,28.35778098,2,Cool
0127679AR,428072.866,4586834.728,41.429858,2.1391453,Styphnolobium japonicum,28.73506115,2,Cool
0127697AR,428470.532,4587171.325,41.4329251,2.1438644,Styphnolobium japonicum,28.37066991,2,Cool
0127698AR,428090.959,4586835.318,41.429865,2.1393617,Styphnolobium japonicum,28.65300833,2,Cool
0127750AR,428465.482,4587158.065,41.4328052,2.1438055,Styphnolobium japonicum,28.34855693,2,Cool
0127773AR,428176.45699999994,4586926.728,41.4306959,2.140374,Styphnolobium japonicum,28.44420984,2,Cool
0127839AR,428535.015,4587277.813,41.4338899,2.1446235,Styphnolobium japonicum,28.84778613,2,Cool
0127845AR,428130.861,4586814.053,41.429677,2.1398418,Styphnolobium japonicum,28.45785607,2,Cool
0127847AR,428487.002,4587141.815,41.4326608,2.144065,Styphnolobium japonicum,28.43945426,2,Cool
0127881AR,428124.885,4586358.598,41.4255744,2.1398244,Styphnolobium japonicum,27.72902497,1,Coolest
0127932AR,428469.667,4587152.974,41.4327598,2.1438562,Styphnolobium japonicum,28.35439515,2,Cool
0127939AR,428128.33,4586805.592,41.4296006,2.1398125,Styphnolobium japonicum,28.46373495,2,Cool
0127998AR,428538.938,4587319.377,41.4342646,2.1446655,Styphnolobium japonicum,28.92329656,3,Warm
0128000AR,428101.252,4586825.585,41.4297782,2.1394861,Styphnolobium japonicum,28.59702457,2,Cool
0128006AR,428138.494,4586811.004,41.4296502,2.1399335,Styphnolobium japonicum,28.41813098,2,Cool
0128015AR,428290.454,4586780.72,41.4293911,2.1417556,Styphnolobium japonicum,28.27841533,2,Cool
0128023AR,428122.261,4586364.486,41.4256272,2.1397923,Styphnolobium japonicum,27.7295496,1,Coolest
0128024AR,427989.517,4586753.218,41.4291164,2.1381575,Styphnolobium japonicum,28.97670614,3,Warm
0128044AR,428476.595,4587188.253,41.4330781,2.1439349,Styphnolobium japonicum,28.40087752,2,Cool
0128061AR,428462.892,4587150.135,41.4327336,2.1437754,Styphnolobium japonicum,28.33706559,2,Cool
0128239AR,431401.182,4586706.673,41.4289958,2.1789905,Styphnolobium japonicum,28.449236,2,Cool
0128259AR,430964.003,4586468.051,41.4268092,2.173786,Styphnolobium japonicum,28.51104113,2,Cool
0128268AR,430549.769,4586566.16,41.4276571,2.1688177,Styphnolobium japonicum,28.0923037,2,Cool
0128275AR,430177.299,4586664.965,41.4285147,2.164349,Styphnolobium japonicum,28.6338253,2,Cool
0128277AR,431048.3410000001,4586497.698,41.4270835,2.1747918,Styphnolobium japonicum,28.83638793,2,Cool
0128278AR,431327.149,4586818.041,41.4299926,2.1780919,Styphnolobium japonicum,28.44574335,2,Cool
0128279AR,430436.899,4586587.863,41.4278428,2.1674645,Styphnolobium japonicum,28.21062896,2,Cool
0128288AR,431475.633,4586724.226,41.4291603,2.1798795,Styphnolobium japonicum,28.47927636,2,Cool
0128298AR,431365.102,4586757.397,41.4294496,2.178553,Styphnolobium japonicum,28.40253246,2,Cool
0128313AR,431400.252,4586805.67,41.4298874,2.1789681,Styphnolobium japonicum,28.42577587,2,Cool
0128324AR,431403.89700000006,4586796.059,41.4298011,2.1790128,Styphnolobium japonicum,28.41651639,2,Cool
0128332AR,431050.054,4586502.329,41.4271253,2.1748118,Styphnolobium japonicum,28.86455048,2,Cool
0128336AR,431306.679,4586759.728,41.4294656,2.1778535,Styphnolobium japonicum,28.46752251,2,Cool
0128364AR,431393.908,4586745.47,41.4293446,2.1788991,Styphnolobium japonicum,28.40192687,2,Cool
0128368AR,431350.694,4586762.162,41.4294913,2.17838,Styphnolobium japonicum,28.40166744,2,Cool
0128372AR,431411.496,4586755.851,41.4294396,2.1791083,Styphnolobium japonicum,28.4077212,2,Cool
0128378AR,430394.681,4586839.008,41.4301011,2.1669304,Styphnolobium japonicum,29.01768103,3,Warm
0128380AR,431404.12,4586800.941,41.4298451,2.179015,Styphnolobium japonicum,28.42449822,2,Cool
0128382AR,431397.529,4586711.788,41.4290416,2.1789462,Styphnolobium japonicum,28.43760601,2,Cool
0128389AR,430685.541,4586605.731,41.4280253,2.1704379,Styphnolobium japonicum,28.40214596,2,Cool
0128391AR,431326.343,4586779.528,41.4296456,2.1780866,Styphnolobium japonicum,28.42782898,2,Cool
0128404AR,430961.813,4586531.384,41.4273794,2.1737525,Styphnolobium japonicum,28.65221378,2,Cool
0128406AR,430621.28800000006,4586590.725,41.4278845,2.1696708,Styphnolobium japonicum,28.26901498,2,Cool
0128421AR,430192.175,4586677.404,41.4286281,2.1645256,Styphnolobium japonicum,28.65381865,2,Cool
0128422AR,431421.14,4586755.606,41.4294383,2.1792238,Styphnolobium japonicum,28.41218194,2,Cool
0128423AR,431355.187,4586761.996,41.4294902,2.1784338,Styphnolobium japonicum,28.39866878,2,Cool
0128424AR,431327.63,4586684.809,41.4287926,2.1781128,Styphnolobium japonicum,28.50078521,2,Cool
0128425AR,430578.803,4586605.561,41.4280145,2.1691606,Styphnolobium japonicum,28.31240185,2,Cool
0128438AR,430606.257,4586595.972,41.4279305,2.1694903,Styphnolobium japonicum,28.28308554,2,Cool
0128441AR,430831.419,4586775.776,41.4295694,2.1721642,Styphnolobium japonicum,29.0899606,3,Warm
0128448AR,431474.947,4586694.964,41.4288967,2.1798746,Styphnolobium japonicum,28.57412115,2,Cool
0128449AR,430923.00000000006,4586787.0,41.4296783,2.1732589,Styphnolobium japonicum,29.27666467,3,Warm
0128451AR,431383.981,4586761.229,41.4294857,2.1787785,Styphnolobium japonicum,28.40128074,2,Cool
0128454AR,431069.3540000001,4586489.905,41.4270151,2.1750442,Styphnolobium japonicum,28.83676166,2,Cool
0128456AR,431328.437,4586713.628,41.4290523,2.1781192,Styphnolobium japonicum,28.43628708,2,Cool
0128462AR,430890.921,4586794.669,41.4297446,2.1728741,Styphnolobium japonicum,29.24975608,3,Warm
0128470AR,430975.561,4586530.923,41.4273765,2.1739171,Styphnolobium japonicum,28.7233842,2,Cool
0128483AR,430596.01,4586592.134,41.4278951,2.1693681,Styphnolobium japonicum,28.25486967,2,Cool
0128492AR,430872.757,4586781.874,41.4296278,2.1726582,Styphnolobium japonicum,29.16749356,3,Warm
0128500AR,430526.327,4586598.327,41.4279448,2.1685335,Styphnolobium japonicum,28.29328265,2,Cool
0128524AR,431529.86400000006,4586752.617,41.4294206,2.1805252,Styphnolobium japonicum,28.49700121,2,Cool
0128525AR,431407.236,4586760.307,41.4294794,2.1790569,Styphnolobium japonicum,28.40383646,2,Cool
0128543AR,431393.703,4586756.795,41.4294466,2.1788953,Styphnolobium japonicum,28.40328037,2,Cool
0128546AR,431400.591,4586815.576,41.4299766,2.1789711,Styphnolobium japonicum,28.43643934,2,Cool
0128547AR,431470.681,4586685.474,41.4288108,2.1798246,Styphnolobium japonicum,28.59854214,2,Cool
0128553AR,431396.805,4586692.445,41.4288673,2.1789397,Styphnolobium japonicum,28.48981672,2,Cool
0128557AR,431506.326,4586753.366,41.4294254,2.1802435,Styphnolobium japonicum,28.45599831,2,Cool
0128558AR,431472.028,4586733.618,41.4292446,2.1798353,Styphnolobium japonicum,28.46181248,2,Cool
0128562AR,431511.242,4586753.226,41.4294245,2.1803023,Styphnolobium japonicum,28.46788188,2,Cool
0128570AR,431401.137,4586701.746,41.4289515,2.1789905,Styphnolobium japonicum,28.46349455,2,Cool
0128583AR,431330.532,4586789.03,41.4297316,2.1781357,Styphnolobium japonicum,28.42487926,2,Cool
0128584AR,431331.322,4586817.808,41.4299908,2.1781418,Styphnolobium japonicum,28.44199454,2,Cool
0128585AR,431421.271,4586759.901,41.429477,2.1792249,Styphnolobium japonicum,28.4104036,2,Cool
0128603AR,430968.501,4586480.451,41.4269213,2.1738384,Styphnolobium japonicum,28.52794295,2,Cool
0128606AR,431591.192,4586754.656,41.4294442,2.1812589,Styphnolobium japonicum,28.70489755,2,Cool
0128612AR,430918.539,4586771.728,41.4295404,2.1732072,Styphnolobium japonicum,29.22596096,3,Warm
0128613AR,431383.94,4586757.168,41.4294492,2.1787784,Styphnolobium japonicum,28.40000374,2,Cool
0128615AR,430963.403,4586535.421,41.4274159,2.1737711,Styphnolobium japonicum,28.67807716,2,Cool
0128617AR,430955.663,4586446.316,41.4266127,2.1736887,Styphnolobium japonicum,28.48289376,2,Cool
0128632AR,430511.877,4586612.438,41.4280707,2.168359,Styphnolobium japonicum,28.38966656,2,Cool
0128642AR,431327.032,4586813.03,41.4299474,2.1780911,Styphnolobium japonicum,28.44068024,2,Cool
0128650AR,431355.1230000001,4586758.111,41.4294552,2.1784335,Styphnolobium japonicum,28.4002875,2,Cool
0128674AR,431399.84799999994,4586786.792,41.4297173,2.1789654,Styphnolobium japonicum,28.41064618,2,Cool
0128677AR,430876.272,4586786.035,41.4296656,2.1726998,Styphnolobium japonicum,29.18913184,3,Warm
0128686AR,431329.0,4586738.0,41.4292718,2.1781231,Styphnolobium japonicum,28.41848397,2,Cool
0128689AR,430944.108,4586416.836,41.4263462,2.1735538,Styphnolobium japonicum,28.50701378,2,Cool
0128692AR,431330.395,4586779.328,41.4296442,2.1781351,Styphnolobium japonicum,28.42304886,2,Cool
0128693AR,431060.599,4586497.818,41.4270856,2.1749385,Styphnolobium japonicum,28.8663976,2,Cool
0128696AR,431400.657,4586820.53,41.4300213,2.1789713,Styphnolobium japonicum,28.44078739,2,Cool
0128698AR,431474.008,4586799.659,41.4298395,2.1798515,Styphnolobium japonicum,28.4383759,2,Cool
0128699AR,431397.252,4586701.826,41.4289518,2.178944,Styphnolobium japonicum,28.4587726,2,Cool
0128705AR,431360.166,4586762.095,41.4294915,2.1784934,Styphnolobium japonicum,28.39847167,2,Cool
0128711AR,430871.579,4586793.498,41.4297324,2.1726428,Styphnolobium japonicum,29.20677933,3,Warm
0128713AR,431496.874,4586757.938,41.4294657,2.1801298,Styphnolobium japonicum,28.44920497,2,Cool
0128714AR,430865.018,4586790.749,41.4297071,2.1725646,Styphnolobium japonicum,29.18933611,3,Warm
0128715AR,430196.829,4586681.016,41.428661,2.1645809,Styphnolobium japonicum,28.65193076,2,Cool
0128716AR,430879.041,4586796.936,41.429764,2.1727317,Styphnolobium japonicum,29.23320298,3,Warm
0128722AR,430973.978,4586526.782,41.427339,2.1738986,Styphnolobium japonicum,28.69480726,2,Cool
0128735AR,431328.694,4586718.232,41.4290938,2.1781217,Styphnolobium japonicum,28.43066189,2,Cool
0128742AR,431525.547,4586756.978,41.4294595,2.1804731,Styphnolobium japonicum,28.49388826,2,Cool
0128746AR,431399.097,4586767.023,41.4295392,2.1789587,Styphnolobium japonicum,28.40331771,2,Cool
0128753AR,431079.128,4586485.989,41.4269806,2.1751616,Styphnolobium japonicum,28.83097313,2,Cool
0128754AR,430378.88,4586827.614,41.4299971,2.1667426,Styphnolobium japonicum,28.98691926,3,Warm
0128755AR,431323.774,4586694.311,41.4288779,2.1780656,Styphnolobium japonicum,28.47682071,2,Cool
0128764AR,430427.817,4586584.036,41.4278076,2.1673563,Styphnolobium japonicum,28.19171123,2,Cool
0128779AR,431396.562,4586682.852,41.4287809,2.1789379,Styphnolobium japonicum,28.53051293,2,Cool
0128784AR,431435.125,4586755.312,41.4294368,2.1793912,Styphnolobium japonicum,28.41603179,2,Cool
0128787AR,431540.304,4586756.648,41.4294578,2.1806497,Styphnolobium japonicum,28.52906114,2,Cool
0128790AR,431450.261,4586754.889,41.4294343,2.1795724,Styphnolobium japonicum,28.42682122,2,Cool
0128792AR,431282.578,4586760.329,41.429469,2.1775651,Styphnolobium japonicum,28.54832213,2,Cool
0128799AR,430973.751,4586493.272,41.4270372,2.1738998,Styphnolobium japonicum,28.58332104,2,Cool
0128810AR,431473.723,4586786.814,41.4297238,2.1798495,Styphnolobium japonicum,28.4262619,2,Cool
0128814AR,431379.092,4586761.401,41.4294869,2.1787199,Styphnolobium japonicum,28.39756218,2,Cool
0128815AR,430880.173,4586781.268,41.429623,2.172747,Styphnolobium japonicum,29.18327897,3,Warm
0128817AR,431327.886,4586694.238,41.4288776,2.1781148,Styphnolobium japonicum,28.47729203,2,Cool
0128818AR,431474.635,4586824.681,41.430065,2.1798561,Styphnolobium japonicum,28.46802179,2,Cool
0128839AR,430962.054,4586462.849,41.4267622,2.1737633,Styphnolobium japonicum,28.49310504,2,Cool
0128849AR,431477.16,4586768.174,41.4295562,2.1798928,Styphnolobium japonicum,28.43224854,2,Cool
0128863AR,431562.859,4586755.611,41.4294504,2.1809198,Styphnolobium japonicum,28.59067291,2,Cool
0128872AR,430858.616,4586787.851,41.4296805,2.1724883,Styphnolobium japonicum,29.1600484,3,Warm
0128873AR,431330.697,4586793.701,41.4297736,2.1781371,Styphnolobium japonicum,28.42957016,2,Cool
0128874AR,431403.131,4586766.851,41.429538,2.179007,Styphnolobium japonicum,28.40499011,2,Cool
0128876AR,431477.1560000001,4586772.981,41.4295995,2.1798922,Styphnolobium japonicum,28.43014,2,Cool
0128887AR,430441.376,4586581.195,41.4277832,2.1675189,Styphnolobium japonicum,28.17829052,2,Cool
0128888AR,430844.955,4586781.776,41.4296246,2.1723255,Styphnolobium japonicum,29.12377333,3,Warm
0128889AR,430997.279,4586789.819,41.4297101,2.1741475,Styphnolobium japonicum,29.35922231,3,Warm
0128901AR,431478.213,4586809.667,41.42993,2.1799007,Styphnolobium japonicum,28.44475894,2,Cool
0128914AR,430978.055,4586505.008,41.4271433,2.1739499,Styphnolobium japonicum,28.6251642,2,Cool
0128931AR,430887.204,4586781.215,41.4296231,2.1728312,Styphnolobium japonicum,29.19729111,3,Warm
0128939AR,431009.133,4586517.983,41.4272628,2.1743203,Styphnolobium japonicum,28.81215519,2,Cool
0128968AR,431325.199,4586742.973,41.4293163,2.1780771,Styphnolobium japonicum,28.42078806,2,Cool
0128971AR,430518.696,4586630.479,41.4282337,2.1684385,Styphnolobium japonicum,28.51083992,2,Cool
0128979AR,431007.594,4586513.854,41.4272255,2.1743024,Styphnolobium japonicum,28.78128388,2,Cool
0128984AR,431327.181,4586823.021,41.4300374,2.1780917,Styphnolobium japonicum,28.44826595,2,Cool
0128985AR,431401.008,4586830.023,41.4301068,2.1789744,Styphnolobium japonicum,28.45336356,2,Cool
0128987AR,431277.736,4586760.355,41.4294688,2.1775071,Styphnolobium japonicum,28.56416155,2,Cool
0128998AR,431331.773,4586832.431,41.4301226,2.1781456,Styphnolobium japonicum,28.45032195,2,Cool
0129003AR,430838.109,4586778.727,41.4295965,2.1722439,Styphnolobium japonicum,29.10690367,3,Warm
0129008AR,431400.252,4586800.963,41.429845,2.1789687,Styphnolobium japonicum,28.42001625,2,Cool
0129014AR,430402.869,4586844.72,41.4301533,2.1670277,Styphnolobium japonicum,29.02967688,3,Warm
0129036AR,430680.421,4586612.364,41.4280845,2.1703759,Styphnolobium japonicum,28.42359845,2,Cool
0129049AR,431029.538,4586510.147,41.427194,2.1745654,Styphnolobium japonicum,28.84836091,2,Cool
0129058AR,431331.694,4586827.503,41.4300782,2.1781452,Styphnolobium japonicum,28.44865223,2,Cool
0129075AR,430172.488,4586661.045,41.428479,2.1642919,Styphnolobium japonicum,28.62552756,2,Cool
0129094AR,431478.573,4586819.855,41.4300218,2.1799038,Styphnolobium japonicum,28.46235368,2,Cool
0129106AR,430443.6589999999,4586591.011,41.4278718,2.1675451,Styphnolobium japonicum,28.23115381,2,Cool
0129119AR,430923.074,4586771.444,41.4295382,2.1732615,Styphnolobium japonicum,29.23831881,3,Warm
0129120AR,431075.109,4586492.236,41.4270366,2.1751128,Styphnolobium japonicum,28.85883769,2,Cool
0129121AR,431625.53,4586753.858,41.4294399,2.18167,Styphnolobium japonicum,28.86675314,2,Cool
0129141AR,431430.15200000006,4586755.395,41.4294371,2.1793317,Styphnolobium japonicum,28.4158194,2,Cool
0129144AR,431515.891,4586753.134,41.4294241,2.180358,Styphnolobium japonicum,28.47798377,2,Cool
0129159AR,431491.89,4586753.518,41.4294255,2.1800707,Styphnolobium japonicum,28.44762222,2,Cool
0129162AR,431577.4039999999,4586755.056,41.4294466,2.1810939,Styphnolobium japonicum,28.64344984,2,Cool
0129171AR,431474.224,4586814.878,41.4299766,2.1798523,Styphnolobium japonicum,28.45168843,2,Cool
0129186AR,430890.793,4586785.546,41.4296625,2.1728736,Styphnolobium japonicum,29.21081096,3,Warm
0129189AR,431316.195,4586759.455,41.429464,2.1779674,Styphnolobium japonicum,28.44249242,2,Cool
0129190AR,431397.46,4586706.74,41.4289961,2.1789459,Styphnolobium japonicum,28.45165752,2,Cool
0129192AR,431401.815,4586716.491,41.4290843,2.178997,Styphnolobium japonicum,28.43102179,2,Cool
0129194AR,431471.525,4586709.491,41.4290272,2.179832,Styphnolobium japonicum,28.51585908,2,Cool
0129195AR,430167.828,4586657.224,41.4284442,2.1642366,Styphnolobium japonicum,28.62029183,2,Cool
0129196AR,431478.727,4586824.673,41.4300652,2.1799051,Styphnolobium japonicum,28.46978655,2,Cool
0129201AR,430685.292,4586614.628,41.4281054,2.1704339,Styphnolobium japonicum,28.4386905,2,Cool
0129206AR,430163.263,4586653.47,41.42841,2.1641824,Styphnolobium japonicum,28.6123081,2,Cool
0129217AR,430981.588,4586528.528,41.4273554,2.1739895,Styphnolobium japonicum,28.74296111,2,Cool
0129220AR,430923.257,4586780.049,41.4296157,2.1732627,Styphnolobium japonicum,29.25919184,3,Warm
0129228AR,430967.232,4586529.382,41.4273619,2.1738176,Styphnolobium japonicum,28.6626596,2,Cool
0129232AR,431324.006,4586704.032,41.4289655,2.1780672,Styphnolobium japonicum,28.45349566,2,Cool
0129238AR,431473.386,4586777.877,41.4296433,2.1798465,Styphnolobium japonicum,28.42852503,2,Cool
0129257AR,431478.3080000001,4586814.885,41.429977,2.1799012,Styphnolobium japonicum,28.45223415,2,Cool
0129259AR,431340.657,4586758.067,41.4294535,2.1782603,Styphnolobium japonicum,28.41161988,2,Cool
0129263AR,431471.129,4586699.87,41.4289405,2.1798283,Styphnolobium japonicum,28.54669293,2,Cool
0129280AR,431402.271,4586736.223,41.4292621,2.1790002,Styphnolobium japonicum,28.40817524,2,Cool
0129294AR,430968.816,4586533.306,41.4273973,2.1738361,Styphnolobium japonicum,28.69642672,2,Cool
0129319AR,431403.624,4586786.692,41.4297167,2.1790106,Styphnolobium japonicum,28.41087932,2,Cool
0129322AR,431416.16,4586760.054,41.4294779,2.1791637,Styphnolobium japonicum,28.41095466,2,Cool
0129327AR,430493.566,4586665.431,41.4285464,2.1681337,Styphnolobium japonicum,28.79747072,2,Cool
0129346AR,431365.163,4586762.016,41.4294912,2.1785532,Styphnolobium japonicum,28.40167766,2,Cool
0129347AR,431397.925,4586731.463,41.4292188,2.1789487,Styphnolobium japonicum,28.41308067,2,Cool
0129352AR,431476.342,4586738.992,41.4292933,2.1798863,Styphnolobium japonicum,28.45194598,2,Cool
0129357AR,430998.633,4586522.155,41.4272995,2.1741942,Styphnolobium japonicum,28.79519546,2,Cool
0129358AR,431282.56,4586764.266,41.4295044,2.1775644,Styphnolobium japonicum,28.54588825,2,Cool
0129362AR,430953.4529999999,4586440.141,41.4265569,2.1736629,Styphnolobium japonicum,28.48043989,2,Cool
0129367AR,431287.484,4586760.171,41.429468,2.1776238,Styphnolobium japonicum,28.52904846,2,Cool
0129373AR,431473.114,4586768.108,41.4295553,2.1798444,Styphnolobium japonicum,28.42933382,2,Cool
0129382AR,430496.145,4586660.377,41.4285011,2.1681652,Styphnolobium japonicum,28.76572581,2,Cool
0129393AR,431331.003,4586803.605,41.4298629,2.1781397,Styphnolobium japonicum,28.42983145,2,Cool
0129394AR,431474.47,4586829.233,41.4301059,2.1798537,Styphnolobium japonicum,28.47687948,2,Cool
0129421AR,431097.06599999993,4586722.652,41.4291137,2.1753493,Styphnolobium japonicum,29.51104941,3,Warm
0129424AR,430825.64,4586773.094,41.4295447,2.1720953,Styphnolobium japonicum,29.0701034,3,Warm
0129427AR,431131.273,4586686.994,41.4287955,2.1757627,Styphnolobium japonicum,29.49990111,3,Warm
0129434AR,430956.614,4586533.355,41.4273967,2.1736901,Styphnolobium japonicum,28.63977395,2,Cool
0129436AR,431297.301,4586759.949,41.4294668,2.1777413,Styphnolobium japonicum,28.48886972,2,Cool
0129439AR,431491.998,4586757.914,41.4294651,2.1800715,Styphnolobium japonicum,28.44342666,2,Cool
0129443AR,431520.722,4586753.003,41.4294233,2.1804158,Styphnolobium japonicum,28.48881631,2,Cool
0129451AR,431400.93,4586682.768,41.4287805,2.1789902,Styphnolobium japonicum,28.53241927,2,Cool
0129465AR,431397.876,4586726.509,41.4291742,2.1789487,Styphnolobium japonicum,28.41501211,2,Cool
0129467AR,431535.223,4586752.427,41.4294194,2.1805894,Styphnolobium japonicum,28.51197335,2,Cool
0129475AR,431327.399,4586827.617,41.4300788,2.1780938,Styphnolobium japonicum,28.4526774,2,Cool
0129483AR,430886.854,4586790.945,41.4297107,2.1728259,Styphnolobium japonicum,29.23251571,3,Warm
0129484AR,431399.5189999999,4586777.102,41.42963,2.1789626,Styphnolobium japonicum,28.40874372,2,Cool
0129502AR,431324.5229999999,4586718.305,41.429094,2.1780718,Styphnolobium japonicum,28.43334431,2,Cool
0129505AR,431331.408,4586822.839,41.4300361,2.1781423,Styphnolobium japonicum,28.44408424,2,Cool
0129511AR,430966.005,4586472.924,41.4268533,2.1738094,Styphnolobium japonicum,28.50918679,2,Cool
0129513AR,431475.228,4586709.381,41.4290265,2.1798763,Styphnolobium japonicum,28.52689658,2,Cool
0129516AR,430527.638,4586623.025,41.4281674,2.1685463,Styphnolobium japonicum,28.46617284,2,Cool
0129521AR,431477.839,4586790.917,41.4297611,2.1798983,Styphnolobium japonicum,28.4316031,2,Cool
0129530AR,431324.398,4586713.724,41.4290528,2.1780708,Styphnolobium japonicum,28.43980033,2,Cool
0129540AR,431394.0,4586750.0,41.4293854,2.1788996,Styphnolobium japonicum,28.40356015,2,Cool
0129543AR,431482.411,4586758.304,41.4294678,2.1799567,Styphnolobium japonicum,28.43522384,2,Cool
0129559AR,431401.0,4586697.0,41.4289087,2.1789894,Styphnolobium japonicum,28.48477036,2,Cool
0129562AR,431401.859,4586721.269,41.4291273,2.1789969,Styphnolobium japonicum,28.42657561,2,Cool
0129567AR,431216.092,4586625.605,41.4282499,2.1767847,Styphnolobium japonicum,29.05096311,3,Warm
0129568AR,431400.837,4586824.897,41.4300606,2.178973,Styphnolobium japonicum,28.44742739,2,Cool
0129573AR,430529.598,4586591.657,41.427885,2.1685734,Styphnolobium japonicum,28.23569604,2,Cool
0129575AR,431323.677,4586689.518,41.4288347,2.1780649,Styphnolobium japonicum,28.48242935,2,Cool
0129589AR,431330.871,4586798.569,41.4298175,2.1781386,Styphnolobium japonicum,28.4301223,2,Cool
0129605AR,431459.511,4586754.841,41.4294346,2.1796831,Styphnolobium japonicum,28.42888987,2,Cool
0129613AR,430980.0,4586511.0,41.4271974,2.1739725,Styphnolobium japonicum,28.65614195,2,Cool
0129626AR,431396.634,4586687.945,41.4288268,2.1789382,Styphnolobium japonicum,28.50346773,2,Cool
0129629AR,431327.54,4586832.513,41.4301229,2.1780949,Styphnolobium japonicum,28.45421789,2,Cool
0129632AR,431004.555,4586789.733,41.4297099,2.1742346,Styphnolobium japonicum,29.36488793,3,Warm
0129635AR,431459.523,4586758.593,41.4294684,2.1796828,Styphnolobium japonicum,28.42537885,2,Cool
0129641AR,431325.487,4586752.587,41.4294029,2.1780794,Styphnolobium japonicum,28.42289925,2,Cool
0129646AR,431032.848,4586503.901,41.427138,2.1746057,Styphnolobium japonicum,28.82559147,2,Cool
0129647AR,431407.211,4586755.901,41.4294397,2.1790571,Styphnolobium japonicum,28.40247527,2,Cool
0129653AR,430348.46,4586805.346,41.4297939,2.1663811,Styphnolobium japonicum,28.92908545,3,Warm
0129654AR,430975.932,4586499.593,41.4270943,2.1739251,Styphnolobium japonicum,28.60238863,2,Cool
0129668AR,431330.251,4586774.488,41.4296006,2.1781339,Styphnolobium japonicum,28.41862712,2,Cool
0129669AR,430563.782,4586610.664,41.4280592,2.1689803,Styphnolobium japonicum,28.35918653,2,Cool
0129671AR,431404.5470000001,4586815.335,41.4299748,2.1790184,Styphnolobium japonicum,28.43557781,2,Cool
0129674AR,430611.581,4586593.979,41.427913,2.1695542,Styphnolobium japonicum,28.27549291,2,Cool
0129679AR,431476.378,4586743.642,41.4293352,2.1798862,Styphnolobium japonicum,28.44744636,2,Cool
0129684AR,431325.048,4586733.246,41.4292287,2.1780764,Styphnolobium japonicum,28.42526125,2,Cool
0129688AR,431403.583,4586781.772,41.4296724,2.1790107,Styphnolobium japonicum,28.41225046,2,Cool
0129691AR,430407.927,4586848.349,41.4301864,2.1670878,Styphnolobium japonicum,29.04029505,3,Warm
0129692AR,431473.97,4586804.469,41.4298829,2.1798505,Styphnolobium japonicum,28.44181367,2,Cool
0129697AR,430958.272,4586537.368,41.427433,2.1737095,Styphnolobium japonicum,28.66489703,2,Cool
0129702AR,430531.778,4586604.23,41.4279985,2.168598,Styphnolobium japonicum,28.31945415,2,Cool
0129706AR,431474.16,4586809.706,41.42993,2.1798521,Styphnolobium japonicum,28.4451365,2,Cool
0129707AR,431094.293,4586479.96,41.4269276,2.1753438,Styphnolobium japonicum,28.83825648,2,Cool
0129711AR,431482.295,4586753.607,41.4294255,2.1799559,Styphnolobium japonicum,28.43791192,2,Cool
0129712AR,431325.038,4586738.126,41.4292726,2.1780757,Styphnolobium japonicum,28.42436746,2,Cool
0129717AR,431325.46,4586747.532,41.4293574,2.1780797,Styphnolobium japonicum,28.42400125,2,Cool
0129719AR,430369.151,4586820.624,41.4299333,2.166627,Styphnolobium japonicum,28.97245938,3,Warm
0129737AR,431323.948,4586699.371,41.4289235,2.1780671,Styphnolobium japonicum,28.46112333,2,Cool
0129754AR,431471.652,4586724.264,41.4291603,2.1798318,Styphnolobium japonicum,28.47966621,2,Cool
0129767AR,430997.4699999999,4586796.341,41.4297689,2.174149,Styphnolobium japonicum,29.36125777,3,Warm
0129773AR,431323.584,4586684.893,41.428793,2.1780643,Styphnolobium japonicum,28.50650268,2,Cool
0129774AR,430880.106,4586790.923,41.42971,2.1727451,Styphnolobium japonicum,29.21547188,3,Warm
0129780AR,431402.291,4586740.855,41.4293038,2.1789999,Styphnolobium japonicum,28.40897209,2,Cool
0129781AR,430851.594,4586784.867,41.429653,2.1724046,Styphnolobium japonicum,29.14415014,3,Warm
0129800AR,430960.009,4586457.627,41.426715,2.1737394,Styphnolobium japonicum,28.49070007,2,Cool
0129801AR,431464.056,4586758.676,41.4294696,2.179737,Styphnolobium japonicum,28.42665338,2,Cool
0129804AR,430516.021,4586636.131,41.4282844,2.1684058,Styphnolobium japonicum,28.55970766,2,Cool
0129807AR,431474.618,4586819.811,41.4300211,2.1798565,Styphnolobium japonicum,28.46165139,2,Cool
0129812AR,431084.112,4586483.887,41.4269621,2.1752215,Styphnolobium japonicum,28.82856502,2,Cool
0129817AR,431440.559,4586755.008,41.4294345,2.1794562,Styphnolobium japonicum,28.42256605,2,Cool
0129825AR,431474.729,4586690.111,41.4288529,2.1798725,Styphnolobium japonicum,28.58871552,2,Cool
0129832AR,431478.765,4586829.196,41.430106,2.179905,Styphnolobium japonicum,28.47846042,2,Cool
0129839AR,431292.098,4586764.097,41.4295037,2.1776786,Styphnolobium japonicum,28.50868013,2,Cool
0129841AR,430883.582,4586785.688,41.4296631,2.1727873,Styphnolobium japonicum,29.20079493,3,Warm
0129842AR,431477.235,4586777.613,41.4296413,2.1798926,Styphnolobium japonicum,28.42683937,2,Cool
0129854AR,431478.069,4586804.454,41.4298831,2.1798995,Styphnolobium japonicum,28.43957053,2,Cool
0129866AR,431329.0,4586733.0,41.4292268,2.1781237,Styphnolobium japonicum,28.42211343,2,Cool
0129867AR,431324.492,4586723.219,41.4291383,2.1780709,Styphnolobium japonicum,28.43350399,2,Cool
0129875AR,430982.33,4586796.8,41.4297717,2.1739678,Styphnolobium japonicum,29.36255389,3,Warm
0129877AR,431478.099,4586799.693,41.4298402,2.1799004,Styphnolobium japonicum,28.43665022,2,Cool
0129878AR,431463.9540000001,4586754.499,41.4294319,2.1797363,Styphnolobium japonicum,28.43018183,2,Cool
0129890AR,431301.9469999999,4586763.539,41.4294995,2.1777965,Styphnolobium japonicum,28.47720965,2,Cool
0129897AR,431473.1979999999,4586773.141,41.4296006,2.1798448,Styphnolobium japonicum,28.42870803,2,Cool
0129920AR,430182.591,4586669.388,41.428555,2.1644118,Styphnolobium japonicum,28.63710689,2,Cool
0129924AR,431369.567,4586757.44,41.4294504,2.1786064,Styphnolobium japonicum,28.40105885,2,Cool
0129928AR,431540.145,4586752.271,41.4294184,2.1806483,Styphnolobium japonicum,28.53618166,2,Cool
0129929AR,430951.534,4586435.085,41.4265112,2.1736405,Styphnolobium japonicum,28.4846741,2,Cool
0129935AR,431401.9540000001,4586726.357,41.4291732,2.1789975,Styphnolobium japonicum,28.4178153,2,Cool
0129952AR,430484.535,4586601.843,41.4279729,2.168033,Styphnolobium japonicum,28.31600389,2,Cool
0129978AR,430565.842,4586557.003,41.427576,2.1690111,Styphnolobium japonicum,28.05746601,2,Cool
0129982AR,430691.237,4586608.462,41.4280503,2.1705058,Styphnolobium japonicum,28.42620585,2,Cool
0130003AR,431400.56,4586810.678,41.4299325,2.1789713,Styphnolobium japonicum,28.42879105,2,Cool
0130031AR,431389.203,4586757.006,41.4294481,2.1788414,Styphnolobium japonicum,28.40396054,2,Cool
0130032AR,431360.191,4586757.339,41.4294487,2.1784942,Styphnolobium japonicum,28.40121754,2,Cool
0130042AR,430420.023,4586860.14,41.4302937,2.1672312,Styphnolobium japonicum,29.05969576,3,Warm
0130051AR,431326.698,4586793.895,41.429775,2.1780892,Styphnolobium japonicum,28.43182934,2,Cool
0130054AR,431475.426,4586719.372,41.4291165,2.1798775,Styphnolobium japonicum,28.49377633,2,Cool
0130063AR,431473.68,4586791.173,41.4297631,2.1798485,Styphnolobium japonicum,28.4293026,2,Cool
0130066AR,431400.8109999999,4586687.746,41.4288253,2.1789882,Styphnolobium japonicum,28.50635785,2,Cool
0130070AR,430207.143,4586689.687,41.42874,2.1647033,Styphnolobium japonicum,28.66010338,2,Cool
0130084AR,430415.917,4586854.434,41.4302419,2.1671827,Styphnolobium japonicum,29.05625603,3,Warm
0130095AR,431470.776,4586690.277,41.4288541,2.1798252,Styphnolobium japonicum,28.5758842,2,Cool
0130097AR,431471.969,4586728.733,41.4292006,2.1798351,Styphnolobium japonicum,28.46759672,2,Cool
0130103AR,430982.241,4586790.122,41.4297115,2.1739675,Styphnolobium japonicum,29.35791686,3,Warm
0130108AR,431619.056,4586753.941,41.4294401,2.1815925,Styphnolobium japonicum,28.83509628,2,Cool
0130112AR,431326.693,4586803.764,41.4298639,2.1780881,Styphnolobium japonicum,28.43557563,2,Cool
0130118AR,431326.705,4586798.769,41.4298189,2.1780888,Styphnolobium japonicum,28.43318667,2,Cool
0130131AR,431604.433,4586754.333,41.4294424,2.1814174,Styphnolobium japonicum,28.75703473,2,Cool
0130135AR,430595.686,4586599.666,41.4279629,2.1693634,Styphnolobium japonicum,28.29854947,2,Cool
0130141AR,430510.4,4586647.535,41.4283866,2.1683372,Styphnolobium japonicum,28.66377797,2,Cool
0130155AR,431325.991,4586770.055,41.4295603,2.1780835,Styphnolobium japonicum,28.42374168,2,Cool
0130156AR,431430.213,4586759.675,41.4294757,2.1793319,Styphnolobium japonicum,28.41129247,2,Cool
0130162AR,431369.592,4586761.716,41.4294889,2.1786062,Styphnolobium japonicum,28.39980145,2,Cool
0130166AR,430989.309,4586790.03,41.4297113,2.1740521,Styphnolobium japonicum,29.36473748,3,Warm
0130167AR,430547.384,4586555.537,41.4275612,2.1687904,Styphnolobium japonicum,28.02279564,2,Cool
0130169AR,430946.354,4586422.89,41.4264009,2.1735799,Styphnolobium japonicum,28.49844304,2,Cool
0130170AR,431329.0,4586723.0,41.4291367,2.1781248,Styphnolobium japonicum,28.42706385,2,Cool
0130172AR,431401.4110000001,4586711.716,41.4290413,2.1789927,Styphnolobium japonicum,28.44294223,2,Cool
0130179AR,431445.136,4586754.908,41.429434,2.179511,Styphnolobium japonicum,28.42430463,2,Cool
0130224AR,431053.6660000001,4586495.703,41.4270659,2.1748558,Styphnolobium japonicum,28.8358281,2,Cool
0130243AR,431472.467,4586748.712,41.4293806,2.1798388,Styphnolobium japonicum,28.44191855,2,Cool
0130245AR,431374.271,4586757.242,41.429449,2.1786627,Styphnolobium japonicum,28.39842162,2,Cool
0130247AR,431472.946,4586763.653,41.4295152,2.1798428,Styphnolobium japonicum,28.42799677,2,Cool
0130264AR,431397.607,4586716.482,41.4290839,2.1789466,Styphnolobium japonicum,28.4268772,2,Cool
0130265AR,430919.226,4586788.139,41.4296883,2.1732136,Styphnolobium japonicum,29.27477841,3,Warm
0130288AR,431306.746,4586763.499,41.4294996,2.1778539,Styphnolobium japonicum,28.46676349,2,Cool
0130295AR,431320.75,4586763.256,41.4294986,2.1780215,Styphnolobium japonicum,28.43253446,2,Cool
0130296AR,431002.379,4586515.837,41.4272429,2.1742398,Styphnolobium japonicum,28.77510201,2,Cool
0130307AR,431529.994,4586756.778,41.4294581,2.1805263,Styphnolobium japonicum,28.49529886,2,Cool
0130310AR,431473.91,4586795.304,41.4298003,2.1798508,Styphnolobium japonicum,28.43321727,2,Cool
0130311AR,431311.366,4586759.496,41.4294639,2.1779097,Styphnolobium japonicum,28.4564657,2,Cool
0130322AR,431402.245,4586731.309,41.4292178,2.1790004,Styphnolobium japonicum,28.41148931,2,Cool
0130325AR,431297.38,4586763.782,41.4295013,2.1777418,Styphnolobium japonicum,28.49017856,2,Cool
0130330AR,430568.0,4586549.0,41.4275041,2.1690379,Styphnolobium japonicum,28.03006783,2,Cool
0130331AR,431584.038,4586755.019,41.4294469,2.1811733,Styphnolobium japonicum,28.65959705,2,Cool
0130332AR,431399.621,4586781.795,41.4296723,2.1789633,Styphnolobium japonicum,28.4085098,2,Cool
0130337AR,431473.476,4586782.554,41.4296854,2.179847,Styphnolobium japonicum,28.4281358,2,Cool
0130346AR,431476.4810000001,4586748.563,41.4293796,2.1798869,Styphnolobium japonicum,28.44415142,2,Cool
0130355AR,431330.147,4586769.87,41.429559,2.1781332,Styphnolobium japonicum,28.42231667,2,Cool
0130357AR,431345.656,4586762.321,41.4294923,2.1783197,Styphnolobium japonicum,28.40551325,2,Cool
0130358AR,431487.078,4586753.54,41.4294253,2.1800131,Styphnolobium japonicum,28.44674803,2,Cool
0130359AR,431597.966,4586754.476,41.4294432,2.18134,Styphnolobium japonicum,28.72688215,2,Cool
0130368AR,431350.673,4586757.891,41.4294528,2.1783802,Styphnolobium japonicum,28.39943304,2,Cool
0130376AR,431474.692,4586685.45,41.428811,2.1798726,Styphnolobium japonicum,28.61292261,2,Cool
0130379AR,431472.6,4586743.843,41.4293367,2.1798409,Styphnolobium japonicum,28.44282672,2,Cool
0130383AR,430544.562,4586560.441,41.4276052,2.1687561,Styphnolobium japonicum,28.06163947,2,Cool
0130386AR,431163.813,4586655.597,41.4285155,2.1761557,Styphnolobium japonicum,29.34759862,3,Warm
0130401AR,431330.544,4586784.007,41.4296863,2.1781364,Styphnolobium japonicum,28.42382955,2,Cool
0130405AR,431487.167,4586758.271,41.4294679,2.1800136,Styphnolobium japonicum,28.43964238,2,Cool
0130406AR,431535.3709999999,4586756.465,41.4294557,2.1805907,Styphnolobium japonicum,28.50714881,2,Cool
0130410AR,431570.904,4586755.349,41.4294487,2.1810161,Styphnolobium japonicum,28.62152492,2,Cool
0130414AR,430504.672,4586658.7,41.4284867,2.1682674,Styphnolobium japonicum,28.7487156,2,Cool
0130420AR,431403.239,4586771.857,41.4295831,2.1790077,Styphnolobium japonicum,28.40566505,2,Cool
0130422AR,430957.883,4586451.844,41.4266627,2.1737146,Styphnolobium japonicum,28.48292402,2,Cool
0130424AR,430447.268,4586583.786,41.427807,2.1675891,Styphnolobium japonicum,28.2042519,2,Cool
0130428AR,431324.327,4586709.13,41.4290114,2.1780705,Styphnolobium japonicum,28.4507183,2,Cool
0130434AR,431445.177,4586759.161,41.4294723,2.179511,Styphnolobium japonicum,28.42449494,2,Cool
0130435AR,431331.31,4586812.787,41.4299456,2.1781423,Styphnolobium japonicum,28.43482308,2,Cool
0130440AR,431404.663,4586820.475,41.4300211,2.1790192,Styphnolobium japonicum,28.44310878,2,Cool
0130445AR,431316.291,4586763.267,41.4294983,2.1779682,Styphnolobium japonicum,28.44510088,2,Cool
0130447AR,431345.53,4586758.051,41.4294538,2.1783187,Styphnolobium japonicum,28.4068237,2,Cool
0130449AR,431277.661,4586764.622,41.4295072,2.1775057,Styphnolobium japonicum,28.56130969,2,Cool
0130464AR,430632.087,4586588.873,41.4278688,2.1698002,Styphnolobium japonicum,28.2730931,2,Cool
0130474AR,430582.073,4586564.873,41.4276483,2.1692044,Styphnolobium japonicum,28.11263856,2,Cool
0130491AR,430918.902,4586780.016,41.4296151,2.1732106,Styphnolobium japonicum,29.2523965,3,Warm
0130493AR,431004.557,4586796.132,41.4297676,2.1742338,Styphnolobium japonicum,29.36308694,3,Warm
0130500AR,430484.926,4586678.073,41.4286595,2.1680289,Styphnolobium japonicum,28.88902995,3,Warm
0130501AR,431326.487,4586784.196,41.4296877,2.1780878,Styphnolobium japonicum,28.4278796,2,Cool
0130514AR,431405.0,4586830.0,41.4301069,2.1790222,Styphnolobium japonicum,28.4567268,2,Cool
0130517AR,431416.115,4586755.685,41.4294385,2.1791636,Styphnolobium japonicum,28.40982552,2,Cool
0130529AR,431327.726,4586689.525,41.4288351,2.1781134,Styphnolobium japonicum,28.48142371,2,Cool
0130543AR,431397.698,4586721.323,41.4291275,2.1789471,Styphnolobium japonicum,28.42444584,2,Cool
0131892AR,430889.085,4587381.053,41.4350258,2.1727851,Styphnolobium japonicum,29.23724762,3,Warm
0133209AR,430885.745,4587375.131,41.4349722,2.1727458,Styphnolobium japonicum,29.23537567,3,Warm
0133581AR,430894.674,4587390.147,41.4351082,2.1728509,Styphnolobium japonicum,29.24121206,3,Warm
0133908AR,430892.031,4587385.57,41.4350668,2.1728198,Styphnolobium japonicum,29.24407348,3,Warm
0134254AR,430905.32,4587406.8,41.4352591,2.1729764,Styphnolobium japonicum,29.25143897,3,Warm
0136238AR,430545.002,4587948.696,41.4401087,2.1686018,Styphnolobium japonicum,29.53396691,3,Warm
0136337AR,430647.076,4588133.252,41.4417797,2.1698023,Styphnolobium japonicum,30.35939236,4,Hottest
0136361AR,430556.0200000001,4588002.653,41.4405956,2.1687275,Styphnolobium japonicum,29.62563878,3,Warm
0136511AR,430555.59299999994,4587996.144,41.4405369,2.1687231,Styphnolobium japonicum,29.61930508,3,Warm
0136622AR,430580.623,4588164.021,41.4420511,2.1690034,Styphnolobium japonicum,29.79036333,3,Warm
0136721AR,430554.882,4587972.611,41.4403249,2.1687173,Styphnolobium japonicum,29.58674342,3,Warm
0136740AR,430553.846,4587954.236,41.4401593,2.168707,Styphnolobium japonicum,29.55146247,3,Warm
0136787AR,430547.232,4587996.491,41.4405393,2.168623,Styphnolobium japonicum,29.62627357,3,Warm
0136833AR,430546.6219999999,4587984.131,41.440428,2.1686171,Styphnolobium japonicum,29.62002025,3,Warm
0136835AR,430572.508,4587631.558,41.4372547,2.1689675,Styphnolobium japonicum,30.08202415,3,Warm
0136875AR,430550.515,4587874.878,41.4394443,2.1686763,Styphnolobium japonicum,29.30179735,3,Warm
0136881AR,430545.983,4587966.058,41.4402651,2.1686115,Styphnolobium japonicum,29.58546631,3,Warm
0136963AR,430496.031,4588131.593,41.4417517,2.1679946,Styphnolobium japonicum,29.47065427,3,Warm
0136967AR,430550.256,4587869.223,41.4393933,2.1686738,Styphnolobium japonicum,29.2862716,3,Warm
0136986AR,430578.413,4587630.671,41.4372472,2.1690382,Styphnolobium japonicum,30.09872614,3,Warm
0137026AR,430634.396,4588121.213,41.4416702,2.169652,Styphnolobium japonicum,30.13797644,3,Warm
0137038AR,430563.1649999999,4587768.521,41.4384875,2.1688399,Styphnolobium japonicum,29.47417131,3,Warm
0137092AR,430715.064,4588238.85,41.4427367,2.170604,Styphnolobium japonicum,31.34501364,4,Hottest
0137179AR,430549.754,4587863.539,41.4393421,2.1686685,Styphnolobium japonicum,29.27372723,3,Warm
0137391AR,430458.012,4588046.813,41.4409848,2.1675493,Styphnolobium japonicum,29.50043201,3,Warm
0137394AR,430555.508,4587634.086,41.437276,2.1687637,Styphnolobium japonicum,29.99909174,3,Warm
0137468AR,430546.378,4587977.999,41.4403727,2.1686149,Styphnolobium japonicum,29.60334731,3,Warm
0137509AR,430673.513,4588158.24,41.4420071,2.1701159,Styphnolobium japonicum,30.8116795,4,Hottest
0137560AR,430655.933,4588141.53,41.441855,2.1699074,Styphnolobium japonicum,30.50784734,4,Hottest
0137564AR,430900.385,4587579.353,41.4368128,2.1728976,Styphnolobium japonicum,28.6630267,2,Cool
0137700AR,430544.284,4587936.408,41.4399979,2.1685946,Styphnolobium japonicum,29.49787626,3,Warm
0137706AR,430544.784,4587942.557,41.4400534,2.1685999,Styphnolobium japonicum,29.5181891,3,Warm
0137882AR,430551.143,4587887.704,41.4395599,2.1686823,Styphnolobium japonicum,29.3437836,3,Warm
0138006AR,430542.791,4587895.246,41.4396271,2.1685815,Styphnolobium japonicum,29.35243151,3,Warm
0138026AR,430566.935,4587632.293,41.4372608,2.1689007,Styphnolobium japonicum,30.0600086,3,Warm
0138122AR,430573.111,4588062.296,41.4411343,2.1689252,Styphnolobium japonicum,29.63259319,3,Warm
0138220AR,430552.501,4587923.676,41.439884,2.1686944,Styphnolobium japonicum,29.45750759,3,Warm
0138244AR,430580.0,4588159.0,41.4420058,2.1689965,Styphnolobium japonicum,29.76698988,3,Warm
0138277AR,430555.258,4587983.981,41.4404274,2.1687205,Styphnolobium japonicum,29.61605356,3,Warm
0138288AR,430677.72,4588162.452,41.4420454,2.1701658,Styphnolobium japonicum,30.91377269,4,Hottest
0138328AR,430565.962,4588047.329,41.4409988,2.1688413,Styphnolobium japonicum,29.62792887,3,Warm
0138336AR,430604.0,4588093.0,41.4414135,2.1692914,Styphnolobium japonicum,29.77998815,3,Warm
0138383AR,430561.18,4587633.226,41.4372688,2.1688317,Styphnolobium japonicum,30.03462782,3,Warm
0138401AR,430622.0,4588109.0,41.4415591,2.169505,Styphnolobium japonicum,29.96772763,3,Warm
0138461AR,430555.359,4587990.066,41.4404822,2.168721,Styphnolobium japonicum,29.62045912,3,Warm
0139930AR,430094.012,4588144.985,41.4418374,2.1631811,Styphnolobium japonicum,28.98799938,3,Warm
0139944AR,430089.202,4588154.465,41.4419224,2.1631225,Styphnolobium japonicum,28.89899146,3,Warm
0139986AR,430080.682,4588149.655,41.4418783,2.163021,Styphnolobium japonicum,28.92792926,3,Warm
0140003AR,430123.832,4588089.194,41.4413375,2.1635445,Styphnolobium japonicum,29.78132421,3,Warm
0140079AR,430148.392,4588078.754,41.4412456,2.1638397,Styphnolobium japonicum,29.85765293,3,Warm
0140085AR,430157.0,4588101.0,41.4414468,2.1639402,Styphnolobium japonicum,29.62234108,3,Warm
0140094AR,430147.00000000006,4588095.0,41.4413918,2.1638212,Styphnolobium japonicum,29.70691037,3,Warm
0140143AR,430132.0,4588088.0,41.4413275,2.1636424,Styphnolobium japonicum,29.78682948,3,Warm
0140195AR,430142.0,4588093.0,41.4413734,2.1637615,Styphnolobium japonicum,29.71100671,3,Warm
0140231AR,430094.852,4588065.344,41.4411202,2.1632004,Styphnolobium japonicum,30.03840712,3,Warm
0140247AR,430152.0,4588098.0,41.4414193,2.1638807,Styphnolobium japonicum,29.63552651,3,Warm
0140268AR,430118.0,4588086.0,41.4413083,2.1634751,Styphnolobium japonicum,29.79717787,3,Warm
0140271AR,430085.279,4588140.332,41.4417948,2.1630771,Styphnolobium japonicum,28.99828607,3,Warm
0140297AR,430107.461,4588063.825,41.4411076,2.1633515,Styphnolobium japonicum,30.01880142,3,Warm
0140329AR,430115.672,4588076.064,41.4412186,2.1634484,Styphnolobium japonicum,29.90253977,3,Warm
0140340AR,430084.812,4588164.355,41.4420111,2.1630688,Styphnolobium japonicum,28.80340309,2,Cool
0140373AR,430137.0,4588090.0,41.4413459,2.163702,Styphnolobium japonicum,29.78970076,3,Warm
0140755AR,430966.45,4588125.939,41.4417414,2.1736259,Styphnolobium japonicum,29.95204532,3,Warm
0140924AR,430972.515,4588118.444,41.4416744,2.1736994,Styphnolobium japonicum,29.85057851,3,Warm
0140934AR,431008.539,4588143.628,41.4419043,2.1741277,Styphnolobium japonicum,29.94949964,3,Warm
0141254AR,431000.454,4588156.394,41.4420186,2.1740294,Styphnolobium japonicum,30.08134153,3,Warm
0141297AR,430978.607,4588110.991,41.4416078,2.1737731,Styphnolobium japonicum,29.79365917,3,Warm
0141342AR,430969.594,4588121.978,41.441706,2.173664,Styphnolobium japonicum,29.89153804,3,Warm
0141491AR,430975.4859999999,4588114.798,41.4416418,2.1737353,Styphnolobium japonicum,29.81720461,3,Warm
0141557AR,430997.779,4588160.922,41.4420591,2.1739969,Styphnolobium japonicum,30.12873591,3,Warm
0142841AR,431458.058,4588716.875,41.4471058,2.1794431,Styphnolobium japonicum,30.06968704,3,Warm
0143732AR,432146.855,4588155.05,41.4421042,2.1877514,Styphnolobium japonicum,28.63336038,2,Cool
0143739AR,432637.125,4587675.677,41.4378279,2.1936732,Styphnolobium japonicum,28.36329084,2,Cool
0143755AR,432101.427,4588163.408,41.4421756,2.1872067,Styphnolobium japonicum,28.72122355,2,Cool
0143784AR,432629.509,4587670.484,41.4377805,2.1935826,Styphnolobium japonicum,28.39549806,2,Cool
0143793AR,432443.992,4587669.766,41.4377585,2.1913623,Styphnolobium japonicum,28.54860577,2,Cool
0143795AR,432575.653,4587668.485,41.437758,2.1929382,Styphnolobium japonicum,28.42101155,2,Cool
0143796AR,432463.742,4587665.466,41.4377214,2.1915991,Styphnolobium japonicum,28.52422636,2,Cool
0143884AR,432591.6919999999,4587668.905,41.4377631,2.1931302,Styphnolobium japonicum,28.40115579,2,Cool
0143918AR,432556.052,4587672.125,41.4377891,2.1927032,Styphnolobium japonicum,28.37789645,2,Cool
0143939AR,432624.673,4587670.714,41.4377822,2.1935247,Styphnolobium japonicum,28.39260485,2,Cool
0144022AR,432543.776,4587667.819,41.4377493,2.1925568,Styphnolobium japonicum,28.43603644,2,Cool
0144037AR,432107.218,4588162.336,41.4421665,2.1872762,Styphnolobium japonicum,28.66728895,2,Cool
0144070AR,432166.322,4588151.587,41.4420747,2.1879848,Styphnolobium japonicum,28.60806058,2,Cool
0144105AR,432077.94,4588167.68,41.4422121,2.1869251,Styphnolobium japonicum,28.74802735,2,Cool
0144139AR,432151.971,4588154.176,41.4420967,2.1878128,Styphnolobium japonicum,28.62308618,2,Cool
0144146AR,432532.442,4587671.265,41.4377794,2.1924208,Styphnolobium japonicum,28.38324901,2,Cool
0144175AR,432068.08600000007,4588169.359,41.4422264,2.186807,Styphnolobium japonicum,28.77565256,2,Cool
0144176AR,432579.673,4587672.555,41.437795,2.1929859,Styphnolobium japonicum,28.38076514,2,Cool
0144197AR,432083.115,4588166.789,41.4422045,2.1869872,Styphnolobium japonicum,28.72866181,2,Cool
0144244AR,432523.682,4587670.987,41.4377762,2.1923159,Styphnolobium japonicum,28.38974914,2,Cool
0144283AR,432528.881,4587474.555,41.4360074,2.1924001,Styphnolobium japonicum,29.33135068,3,Warm
0144292AR,432488.862,4587666.326,41.4377313,2.1918997,Styphnolobium japonicum,28.47912249,2,Cool
0144297AR,432141.913,4588156.03,41.4421126,2.1876922,Styphnolobium japonicum,28.63537352,2,Cool
0144301AR,432552.078,4587667.98,41.4377515,2.1926561,Styphnolobium japonicum,28.42075221,2,Cool
0144312AR,432156.855,4588153.237,41.4420887,2.1878713,Styphnolobium japonicum,28.62948089,2,Cool
0144313AR,432090.793,4588165.387,41.4421926,2.1870792,Styphnolobium japonicum,28.70369576,2,Cool
0144359AR,432571.722,4587672.985,41.4377982,2.1928907,Styphnolobium japonicum,28.36364205,2,Cool
0144370AR,432072.945,4588168.383,41.442218,2.1868653,Styphnolobium japonicum,28.75819643,2,Cool
0144380AR,432595.773,4587673.625,41.437806,2.1931785,Styphnolobium japonicum,28.35846299,2,Cool
0144406AR,432496.0459999999,4587666.651,41.4377348,2.1919857,Styphnolobium japonicum,28.46804427,2,Cool
0144510AR,432131.309,4588157.992,41.4421294,2.187565,Styphnolobium japonicum,28.65914927,2,Cool
0144536AR,432587.613,4587673.195,41.4378014,2.1930809,Styphnolobium japonicum,28.37344634,2,Cool
0144554AR,432471.145,4587665.739,41.4377245,2.1916877,Styphnolobium japonicum,28.50898688,2,Cool
0144578AR,432456.232,4587665.256,41.4377189,2.1915093,Styphnolobium japonicum,28.54913884,2,Cool
0144620AR,432120.882,4588159.76,41.4421444,2.18744,Styphnolobium japonicum,28.66716214,2,Cool
0144629AR,432528.684,4587667.376,41.4377441,2.1923762,Styphnolobium japonicum,28.42471788,2,Cool
0144642AR,432536.103,4587667.433,41.4377452,2.192465,Styphnolobium japonicum,28.42792851,2,Cool
0144699AR,432126.269,4588158.945,41.4421375,2.1875046,Styphnolobium japonicum,28.66218636,2,Cool
0144734AR,432060.77,4588175.316,41.4422794,2.1867188,Styphnolobium japonicum,28.81121885,2,Cool
0144736AR,432563.352,4587672.555,41.4377936,2.1927906,Styphnolobium japonicum,28.37536915,2,Cool
0144777AR,432096.307,4588164.289,41.4421831,2.1871454,Styphnolobium japonicum,28.72079051,2,Cool
0144819AR,432064.495,4588172.26,41.4422522,2.1867637,Styphnolobium japonicum,28.79375331,2,Cool
0144829AR,432136.609,4588157.004,41.4421209,2.1876286,Styphnolobium japonicum,28.64619629,2,Cool
0144859AR,432447.862,4587664.826,41.4377143,2.1914092,Styphnolobium japonicum,28.56562218,2,Cool
0144867AR,432583.568,4587668.851,41.437762,2.1930329,Styphnolobium japonicum,28.4171959,2,Cool
0144891AR,432539.952,4587671.475,41.4377819,2.1925106,Styphnolobium japonicum,28.38249977,2,Cool
0144906AR,432459.565,4587669.845,41.4377605,2.1915487,Styphnolobium japonicum,28.50607035,2,Cool
0144908AR,432559.922,4587668.045,41.4377527,2.19275,Styphnolobium japonicum,28.4218735,2,Cool
0144931AR,432547.892,4587671.695,41.4377846,2.1926056,Styphnolobium japonicum,28.37786509,2,Cool
0144937AR,432568.292,4587668.255,41.4377553,2.1928502,Styphnolobium japonicum,28.43021681,2,Cool
0145028AR,432161.723,4588152.514,41.4420826,2.1879297,Styphnolobium japonicum,28.61822521,2,Cool
0145755AR,432547.097,4587762.218,41.4385998,2.192586,Styphnolobium japonicum,27.81982862,1,Coolest
0145866AR,432274.226,4587404.91,41.4353587,2.1893601,Styphnolobium japonicum,28.97264291,3,Warm
0145946AR,432534.565,4588025.236,41.4409677,2.1924066,Styphnolobium japonicum,27.98579946,2,Cool
0145973AR,432541.355,4588025.236,41.4409682,2.1924879,Styphnolobium japonicum,28.0226369,2,Cool
0145978AR,432515.325,4588014.246,41.4408671,2.1921776,Styphnolobium japonicum,27.87778309,2,Cool
0146030AR,432356.07,4587379.706,41.4351386,2.1903424,Styphnolobium japonicum,28.91822247,3,Warm
0146047AR,432580.79,4588027.236,41.4409896,2.1929597,Styphnolobium japonicum,28.40079358,2,Cool
0146129AR,432259.557,4587405.705,41.4353646,2.1891844,Styphnolobium japonicum,28.99887602,3,Warm
0146158AR,432580.213,4587754.185,41.4385302,2.1929833,Styphnolobium japonicum,27.90037666,2,Cool
0146288AR,432566.393,4587763.185,41.4386101,2.1928168,Styphnolobium japonicum,27.86055198,2,Cool
0146517AR,432555.055,4588015.996,41.4408862,2.1926529,Styphnolobium japonicum,28.13971524,2,Cool
0146612AR,432436.18,4588162.938,41.4421996,2.1912136,Styphnolobium japonicum,28.11803348,2,Cool
0146716AR,432527.463,4587751.886,41.4385051,2.1923522,Styphnolobium japonicum,27.8489792,2,Cool
0146838AR,432540.023,4587761.925,41.4385966,2.1925014,Styphnolobium japonicum,27.81724328,1,Coolest
0146888AR,432568.295,4588016.246,41.4408895,2.1928114,Styphnolobium japonicum,28.26928155,2,Cool
0146890AR,432575.045,4588016.746,41.4408946,2.1928921,Styphnolobium japonicum,28.33072069,2,Cool
0146940AR,432547.815,4588025.486,41.440971,2.1925652,Styphnolobium japonicum,28.06844509,2,Cool
0146981AR,432574.795,4588026.736,41.4409846,2.192888,Styphnolobium japonicum,28.3458605,2,Cool
0147151AR,432581.244,4588016.705,41.4408948,2.1929663,Styphnolobium japonicum,28.41150015,2,Cool
0147216AR,432357.74,4587366.306,41.435018,2.1903639,Styphnolobium japonicum,28.93409679,3,Warm
0147238AR,432567.884,4588026.552,41.4409823,2.1928053,Styphnolobium japonicum,28.27190516,2,Cool
0147305AR,432511.598,4587482.009,41.4360731,2.1921924,Styphnolobium japonicum,29.31617297,3,Warm
0147390AR,432533.533,4587752.305,41.4385094,2.1924248,Styphnolobium japonicum,27.83976186,2,Cool
0147478AR,432355.52,4587385.206,41.4351881,2.1903352,Styphnolobium japonicum,28.90932853,3,Warm
0147594AR,432548.815,4588015.496,41.4408811,2.1925783,Styphnolobium japonicum,28.07848866,2,Cool
0147603AR,432514.575,4588024.486,41.4409592,2.1921675,Styphnolobium japonicum,27.8822194,2,Cool
0147832AR,432561.055,4588025.986,41.4409767,2.1927236,Styphnolobium japonicum,28.20318351,2,Cool
0147877AR,432553.807,4588025.676,41.4409733,2.1926369,Styphnolobium japonicum,28.12005256,2,Cool
0148056AR,432526.549,4587761.183,41.4385888,2.1923402,Styphnolobium japonicum,27.8286376,1,Coolest
0148185AR,432566.603,4587753.345,41.4385215,2.1928205,Styphnolobium japonicum,27.87202732,2,Cool
0148188AR,432586.323,4587764.617,41.4386247,2.1930552,Styphnolobium japonicum,27.91996779,2,Cool
0148210AR,432573.303,4587753.555,41.438524,2.1929006,Styphnolobium japonicum,27.89012249,2,Cool
0148273AR,432506.24,4587484.072,41.4360912,2.192128,Styphnolobium japonicum,29.31429917,3,Warm
0148419AR,432528.325,4588014.746,41.4408727,2.1923331,Styphnolobium japonicum,27.94813012,2,Cool
0148438AR,432521.257,4588025.158,41.4409659,2.1922474,Styphnolobium japonicum,27.90293875,2,Cool
0148518AR,432561.571,4588016.176,41.4408883,2.1927309,Styphnolobium japonicum,28.20012053,2,Cool
0148580AR,432490.141,4587489.105,41.4361352,2.1919348,Styphnolobium japonicum,29.28600783,3,Warm
0148694AR,432522.075,4588014.746,41.4408721,2.1922583,Styphnolobium japonicum,27.90024255,2,Cool
0148779AR,432579.763,4587764.052,41.4386191,2.1929768,Styphnolobium japonicum,27.90117331,2,Cool
0148908AR,432496.11,4587487.218,41.4361187,2.1920065,Styphnolobium japonicum,29.29526828,3,Warm
0148968AR,432288.069,4587404.113,41.4353527,2.1895258,Styphnolobium japonicum,28.95864963,3,Warm
0149009AR,432592.464,4587764.791,41.4386268,2.1931287,Styphnolobium japonicum,27.93292885,2,Cool
0149034AR,432547.143,4587752.935,41.4385162,2.1925876,Styphnolobium japonicum,27.84203551,2,Cool
0149166AR,432356.9,4587373.006,41.4350783,2.1903531,Styphnolobium japonicum,28.92284034,3,Warm
0149191AR,432533.056,4587761.351,41.4385908,2.192418,Styphnolobium japonicum,27.82481908,1,Coolest
0149289AR,432559.493,4587763.185,41.4386096,2.1927343,Styphnolobium japonicum,27.84557011,2,Cool
0149430AR,432541.815,4588015.426,41.4408799,2.1924945,Styphnolobium japonicum,28.03102616,2,Cool
0149442AR,432358.32,4587359.966,41.434961,2.1903716,Styphnolobium japonicum,28.94046893,3,Warm
0149481AR,432553.423,4587762.555,41.4386034,2.1926617,Styphnolobium japonicum,27.83662957,2,Cool
0149674AR,432267.316,4587405.363,41.4353622,2.1892773,Styphnolobium japonicum,28.98714748,3,Warm
0149682AR,432559.493,4587753.345,41.4385209,2.1927354,Styphnolobium japonicum,27.85459437,2,Cool
0149791AR,432527.825,4588025.236,41.4409671,2.192326,Styphnolobium japonicum,27.93725447,2,Cool
0149855AR,432534.81,4588015.166,41.440877,2.1924107,Styphnolobium japonicum,27.97981157,2,Cool
0150318AR,431453.501,4586389.832,41.4261466,2.1796525,Styphnolobium japonicum,29.29385492,3,Warm
0150321AR,431486.911,4586405.649,41.4262919,2.1800505,Styphnolobium japonicum,29.22581052,3,Warm
0150347AR,431458.824,4586345.977,41.4257521,2.1797212,Styphnolobium japonicum,29.23688995,3,Warm
0150357AR,431530.8020000001,4586517.521,41.4273033,2.1805631,Styphnolobium japonicum,29.35544186,3,Warm
0150365AR,431685.762,4586407.34,41.4263241,2.1824299,Styphnolobium japonicum,29.46038985,3,Warm
0150378AR,431466.602,4586567.292,41.4277461,2.1797892,Styphnolobium japonicum,29.26687592,3,Warm
0150414AR,431466.421,4586402.571,41.4262625,2.1798057,Styphnolobium japonicum,29.26941367,3,Warm
0150424AR,431509.762,4586444.651,41.4266452,2.1803196,Styphnolobium japonicum,29.24797265,3,Warm
0150436AR,431517.621,4586435.081,41.4265596,2.1804147,Styphnolobium japonicum,29.22304766,3,Warm
0150442AR,431681.734,4586329.619,41.4256238,2.1823905,Styphnolobium japonicum,29.26684044,3,Warm
0150490AR,431572.06,4586257.03,41.4249606,2.1810863,Styphnolobium japonicum,29.35816374,3,Warm
0150517AR,431500.041,4586417.851,41.426403,2.1802063,Styphnolobium japonicum,29.21068874,3,Warm
0150528AR,431684.291,4586366.71,41.425958,2.1824169,Styphnolobium japonicum,29.3291954,3,Warm
0150534AR,431531.742,4586525.861,41.4273785,2.1805734,Styphnolobium japonicum,29.35885194,3,Warm
0150567AR,431484.097,4586402.748,41.4262656,2.1800172,Styphnolobium japonicum,29.23149104,3,Warm
0150581AR,431686.482,4586426.33,41.4264952,2.1824364,Styphnolobium japonicum,29.5620944,3,Warm
0150590AR,431521.812,4586438.901,41.4265944,2.1804644,Styphnolobium japonicum,29.22448717,3,Warm
0150610AR,431373.501,4586434.432,41.4265415,2.1786901,Styphnolobium japonicum,29.4668318,3,Warm
0150627AR,431491.761,4586427.251,41.4264869,2.1801061,Styphnolobium japonicum,29.2458598,3,Warm
0150662AR,431506.932,4586441.821,41.4266194,2.180286,Styphnolobium japonicum,29.24501475,3,Warm
0150665AR,431689.973,4586506.361,41.4272163,2.1824691,Styphnolobium japonicum,29.93451052,3,Warm
0150666AR,431478.361,4586414.191,41.4263681,2.1799473,Styphnolobium japonicum,29.2538172,3,Warm
0150709AR,431618.72,4586208.94,41.4245315,2.1816501,Styphnolobium japonicum,29.50318909,3,Warm
0150729AR,431683.471,4586354.72,41.42585,2.1824084,Styphnolobium japonicum,29.28953044,3,Warm
0150749AR,431480.441,4586416.161,41.4263861,2.1799719,Styphnolobium japonicum,29.25769102,3,Warm
0150773AR,431686.962,4586432.06,41.4265468,2.1824415,Styphnolobium japonicum,29.58938215,3,Warm
0150774AR,431687.292,4586444.98,41.4266632,2.182444,Styphnolobium japonicum,29.67068286,3,Warm
0150797AR,431490.601,4586408.581,41.4263187,2.1800944,Styphnolobium japonicum,29.21846931,3,Warm
0150824AR,431686.2420000001,4586420.61,41.4264437,2.1824342,Styphnolobium japonicum,29.53851277,3,Warm
0150915AR,431503.611,4586421.301,41.4264343,2.1802486,Styphnolobium japonicum,29.2095402,3,Warm
0150928AR,431684.951,4586384.39,41.4261173,2.1824228,Styphnolobium japonicum,29.37287613,3,Warm
0150957AR,431682.90100000007,4586343.52,41.425749,2.1824029,Styphnolobium japonicum,29.28134474,3,Warm
0150977AR,431576.12,4586224.06,41.424664,2.1811386,Styphnolobium japonicum,29.43337483,3,Warm
0150991AR,431611.9799999999,4586215.73,41.4245921,2.1815687,Styphnolobium japonicum,29.49141311,3,Warm
0151001AR,431606.445,4586222.139,41.4246493,2.1815017,Styphnolobium japonicum,29.47697723,3,Warm
0151006AR,431430.251,4586375.182,41.4260127,2.179376,Styphnolobium japonicum,29.31629285,3,Warm
0151009AR,431461.835,4586381.178,41.4260694,2.1797532,Styphnolobium japonicum,29.25264097,3,Warm
0151012AR,431507.32100000005,4586424.861,41.4264667,2.1802926,Styphnolobium japonicum,29.20848345,3,Warm
0151053AR,431457.211,4586393.892,41.4261835,2.1796965,Styphnolobium japonicum,29.29017729,3,Warm
0151064AR,431475.761,4586328.151,41.425593,2.1799259,Styphnolobium japonicum,29.19885178,3,Warm
0151099AR,431334.389,4586475.603,41.426909,2.1782174,Styphnolobium japonicum,29.45475433,3,Warm
0151100AR,431485.301,4586420.711,41.4264275,2.1800296,Styphnolobium japonicum,29.25166035,3,Warm
0151149AR,431549.446,4586253.535,41.4249272,2.1808161,Styphnolobium japonicum,29.32130562,3,Warm
0151167AR,431551.24,4586277.831,41.4251462,2.1808348,Styphnolobium japonicum,29.26547905,3,Warm
0151201AR,431580.46,4586221.63,41.4246425,2.1811908,Styphnolobium japonicum,29.44397332,3,Warm
0151217AR,431473.601,4586409.271,41.4263234,2.1798909,Styphnolobium japonicum,29.26066325,3,Warm
0151252AR,431683.131,4586348.83,41.4257969,2.182405,Styphnolobium japonicum,29.28429247,3,Warm
0151256AR,431686.162,4586414.16,41.4263856,2.1824339,Styphnolobium japonicum,29.50276711,3,Warm
0151258AR,431339.601,4586469.973,41.4268587,2.1782804,Styphnolobium japonicum,29.45669819,3,Warm
0151272AR,431687.382,4586451.27,41.4267199,2.1824443,Styphnolobium japonicum,29.70006452,3,Warm
0151274AR,431469.611,4586363.381,41.4259098,2.1798483,Styphnolobium japonicum,29.22023171,3,Warm
0151293AR,431472.511,4586391.261,41.4261611,2.1798798,Styphnolobium japonicum,29.2395219,3,Warm
0151296AR,431503.201,4586438.191,41.4265864,2.1802418,Styphnolobium japonicum,29.23424264,3,Warm
0151304AR,431685.271,4586397.07,41.4262316,2.1824252,Styphnolobium japonicum,29.42025419,3,Warm
0151308AR,431303.942,4586506.063,41.4271807,2.1778496,Styphnolobium japonicum,29.37597231,3,Warm
0151311AR,431496.751,4586414.741,41.4263747,2.1801673,Styphnolobium japonicum,29.21187576,3,Warm
0151350AR,431354.192,4586455.231,41.4267272,2.1784567,Styphnolobium japonicum,29.47162366,3,Warm
0151352AR,431498.361,4586433.541,41.4265441,2.1801844,Styphnolobium japonicum,29.24158052,3,Warm
0151371AR,431490.191,4586342.241,41.4257211,2.180097,Styphnolobium japonicum,29.17495423,3,Warm
0151387AR,431683.842,4586446.7,41.4266784,2.1824025,Styphnolobium japonicum,29.6708457,3,Warm
0151410AR,431685.061,4586390.15,41.4261692,2.1824235,Styphnolobium japonicum,29.40410204,3,Warm
0151426AR,431493.651,4586411.571,41.4263458,2.1801305,Styphnolobium japonicum,29.21403341,3,Warm
0151481AR,431520.009,4586454.543,41.4267351,2.1804411,Styphnolobium japonicum,29.26291027,3,Warm
0151491AR,431515.102,4586450.121,41.4266949,2.1803828,Styphnolobium japonicum,29.2567391,3,Warm
0151531AR,431422.371,4586413.272,41.4263551,2.1792774,Styphnolobium japonicum,29.40256157,3,Warm
0151548AR,431557.4699999999,4586273.161,41.4251047,2.1809099,Styphnolobium japonicum,29.28813614,3,Warm
0151573AR,431687.562,4586456.32,41.4267654,2.1824459,Styphnolobium japonicum,29.72180283,3,Warm
0151574AR,431687.052,4586437.68,41.4265975,2.1824419,Styphnolobium japonicum,29.62503087,3,Warm
0151600AR,431684.721,4586378.42,41.4260635,2.1824207,Styphnolobium japonicum,29.35491006,3,Warm
0151633AR,431554.9,4586275.941,41.4251295,2.1808788,Styphnolobium japonicum,29.27638408,3,Warm
0151639AR,431575.138,4586254.876,41.4249415,2.1811234,Styphnolobium japonicum,29.37166532,3,Warm
0151653AR,431464.992,4586384.322,41.426098,2.1797907,Styphnolobium japonicum,29.24732244,3,Warm
0151693AR,431624.59,4586202.54,41.4244743,2.1817211,Styphnolobium japonicum,29.51738767,3,Warm
0152313AR,432399.795,4585399.463,41.4173069,2.1910872,Styphnolobium japonicum,29.33839382,3,Warm
0152340AR,432375.907,4585615.773,41.4192531,2.1907771,Styphnolobium japonicum,29.56851692,3,Warm
0152405AR,432363.30499999993,4585437.033,41.4176422,2.1906464,Styphnolobium japonicum,29.4578328,3,Warm
0152467AR,432369.605,4585443.553,41.4177014,2.190721,Styphnolobium japonicum,29.42260982,3,Warm
0152474AR,432534.602,4586321.603,41.4256236,2.1925972,Styphnolobium japonicum,28.48762627,2,Cool
0152478AR,432427.04900000006,4585935.583,41.4221378,2.1913533,Styphnolobium japonicum,28.35896331,2,Cool
0152487AR,432357.877,4585634.202,41.4194176,2.1905594,Styphnolobium japonicum,29.62773137,3,Warm
0152493AR,432371.405,4585428.703,41.4175678,2.1907442,Styphnolobium japonicum,29.44833178,3,Warm
0152523AR,432536.762,4586309.303,41.425513,2.1926245,Styphnolobium japonicum,28.43723429,2,Cool
0152535AR,432470.352,4586334.024,41.4257301,2.191827,Styphnolobium japonicum,28.51580153,2,Cool
0152558AR,432552.412,4586315.023,41.4255659,2.1928111,Styphnolobium japonicum,28.4917026,2,Cool
0152572AR,432504.162,4586333.013,41.4257238,2.1922317,Styphnolobium japonicum,28.54629373,2,Cool
0152607AR,432362.345,4585444.553,41.4177098,2.190634,Styphnolobium japonicum,29.43858593,3,Warm
0152620AR,432546.482,4586317.503,41.4255877,2.1927399,Styphnolobium japonicum,28.48611416,2,Cool
0152623AR,432452.079,4585941.043,41.4221891,2.1916522,Styphnolobium japonicum,28.46963665,2,Cool
0152633AR,432395.815,4585403.413,41.4173421,2.1910391,Styphnolobium japonicum,29.35102709,3,Warm
0152638AR,432334.755,4585465.733,41.4178983,2.1903015,Styphnolobium japonicum,29.4071845,3,Warm
0152654AR,432359.485,4585449.943,41.4177581,2.1905992,Styphnolobium japonicum,29.42696786,3,Warm
0152680AR,432376.026,4585598.413,41.4190968,2.1907805,Styphnolobium japonicum,29.49829097,3,Warm
0152711AR,432564.072,4586299.153,41.4254239,2.1929524,Styphnolobium japonicum,28.45378702,2,Cool
0152742AR,432371.416,4585603.273,41.4191401,2.1907248,Styphnolobium japonicum,29.48729672,3,Warm
0152754AR,432353.917,4585620.924,41.4192976,2.1905135,Styphnolobium japonicum,29.58539397,3,Warm
0152774AR,432327.157,4585641.384,41.4194797,2.190191,Styphnolobium japonicum,29.69207614,3,Warm
0152817AR,432441.959,4585938.893,41.4221689,2.1915314,Styphnolobium japonicum,28.39537607,2,Cool
0152820AR,432494.182,4586324.674,41.4256479,2.1921132,Styphnolobium japonicum,28.47753587,2,Cool
0152849AR,432476.302,4586331.744,41.4257101,2.1918985,Styphnolobium japonicum,28.49852758,2,Cool
0152858AR,432380.657,4585610.923,41.4192098,2.1908345,Styphnolobium japonicum,29.54368329,3,Warm
0152917AR,432437.029,4585937.673,41.4221575,2.1914725,Styphnolobium japonicum,28.38693724,2,Cool
0152979AR,432375.665,4585432.683,41.4176041,2.1907947,Styphnolobium japonicum,29.42753916,3,Warm
0152996AR,432343.115,4585457.853,41.417828,2.1904024,Styphnolobium japonicum,29.42822549,3,Warm
0153020AR,432431.769,4585936.733,41.4221486,2.1914097,Styphnolobium japonicum,28.36292956,2,Cool
0153025AR,432518.422,4586315.813,41.4255701,2.1924043,Styphnolobium japonicum,28.45153292,2,Cool
0153041AR,432522.222,4586325.963,41.4256619,2.1924486,Styphnolobium japonicum,28.52113878,2,Cool
0153062AR,432402.065,4585410.073,41.4174026,2.1911131,Styphnolobium japonicum,29.30903014,3,Warm
0153149AR,432347.095,4585453.543,41.4177895,2.1904506,Styphnolobium japonicum,29.43760907,3,Warm
0153185AR,432567.842,4586309.513,41.4255175,2.1929964,Styphnolobium japonicum,28.46247961,2,Cool
0153212AR,432456.799,4585942.063,41.4221987,2.1917086,Styphnolobium japonicum,28.49343125,2,Cool
0153279AR,432348.837,4585643.552,41.419501,2.1904501,Styphnolobium japonicum,29.66947959,3,Warm
0153322AR,432333.657,4585641.484,41.4194811,2.1902687,Styphnolobium japonicum,29.68766697,3,Warm
0153345AR,432540.542,4586319.333,41.4256037,2.1926686,Styphnolobium japonicum,28.48878059,2,Cool
0153382AR,432380.406,4585594.123,41.4190585,2.1908334,Styphnolobium japonicum,29.4676656,3,Warm
0153387AR,432393.796,4585580.093,41.4189333,2.1909952,Styphnolobium japonicum,29.37619487,3,Warm
0153398AR,432565.252,4586302.613,41.4254552,2.1929661,Styphnolobium japonicum,28.42411086,2,Cool
0153406AR,432558.312,4586312.733,41.4255457,2.192882,Styphnolobium japonicum,28.46084297,2,Cool
0153458AR,432399.976,4585593.423,41.4190538,2.1910676,Styphnolobium japonicum,29.41686905,3,Warm
0153512AR,432379.895,4585437.173,41.4176448,2.1908448,Styphnolobium japonicum,29.39699832,3,Warm
0153534AR,432548.632,4586304.983,41.4254751,2.192767,Styphnolobium japonicum,28.43778543,2,Cool
0153545AR,432381.455,4585422.313,41.4175111,2.1908652,Styphnolobium japonicum,29.41978806,3,Warm
0153565AR,432355.245,4585445.333,41.4177163,2.190549,Styphnolobium japonicum,29.45934164,3,Warm
0153595AR,432393.886,4585573.873,41.4188772,2.190997,Styphnolobium japonicum,29.34660182,3,Warm
0153597AR,432554.682,4586302.713,41.4254552,2.1928396,Styphnolobium japonicum,28.43617188,2,Cool
0153634AR,432344.767,4585630.404,41.4193823,2.1904029,Styphnolobium japonicum,29.63742175,3,Warm
0153679AR,432492.062,4586337.694,41.425765,2.1920864,Styphnolobium japonicum,28.58016472,2,Cool
0153707AR,432398.765,4585415.113,41.4174477,2.1910731,Styphnolobium japonicum,29.32411836,3,Warm
0153792AR,432500.212,4586322.833,41.4256318,2.1921856,Styphnolobium japonicum,28.46105942,2,Cool
0153878AR,432403.585,4585395.573,41.4172722,2.1911329,Styphnolobium japonicum,29.30974097,3,Warm
0153908AR,432473.682,4586344.354,41.4258234,2.1918657,Styphnolobium japonicum,28.60320023,2,Cool
0153940AR,432349.175,4585455.773,41.4178098,2.1904752,Styphnolobium japonicum,29.43028979,3,Warm
0153975AR,432403.285,4585419.273,41.4174856,2.1911267,Styphnolobium japonicum,29.30190769,3,Warm
0154038AR,432364.985,4585439.263,41.4176624,2.1906662,Styphnolobium japonicum,29.44867723,3,Warm
0154071AR,432388.525,4585421.473,41.4175042,2.1909498,Styphnolobium japonicum,29.38152681,3,Warm
0154077AR,432351.105,4585449.533,41.4177538,2.190499,Styphnolobium japonicum,29.45650965,3,Warm
0154097AR,432372.655,4585437.893,41.4176507,2.1907581,Styphnolobium japonicum,29.42439368,3,Warm
0154107AR,432366.524,4585625.334,41.4193384,2.1906638,Styphnolobium japonicum,29.59108382,3,Warm
0154114AR,432530.942,4586311.563,41.4255329,2.1925546,Styphnolobium japonicum,28.45438548,2,Cool
0154192AR,432378.605,4585427.493,41.4175576,2.1908305,Styphnolobium japonicum,29.42008252,3,Warm
0154214AR,432343.785,4585656.732,41.4196193,2.1903882,Styphnolobium japonicum,29.70077966,3,Warm
0154241AR,432340.157,4585635.024,41.4194235,2.1903472,Styphnolobium japonicum,29.66080044,3,Warm
0154243AR,432516.392,4586328.753,41.4256865,2.1923785,Styphnolobium japonicum,28.54597918,2,Cool
0154259AR,432506.632,4586320.633,41.4256125,2.1922627,Styphnolobium japonicum,28.45298184,2,Cool
0154290AR,432384.40700000006,4585607.073,41.4191755,2.1908798,Styphnolobium japonicum,29.51801093,3,Warm
0154304AR,432393.195,4585425.773,41.4175433,2.1910052,Styphnolobium japonicum,29.35894996,3,Warm
0154409AR,432391.695,4585407.693,41.4173803,2.1909893,Styphnolobium japonicum,29.38074627,3,Warm
0154418AR,432542.592,4586306.923,41.4254921,2.1926945,Styphnolobium japonicum,28.44277478,2,Cool
0154505AR,432390.255,4585430.683,41.4175873,2.1909695,Styphnolobium japonicum,29.36256527,3,Warm
0154519AR,432524.512,4586313.663,41.4255513,2.1924774,Styphnolobium japonicum,28.44558015,2,Cool
0154521AR,432388.747,4585602.633,41.4191358,2.1909322,Styphnolobium japonicum,29.48866087,3,Warm
0154522AR,432379.505,4585420.373,41.4174935,2.190842,Styphnolobium japonicum,29.4282005,3,Warm
0154566AR,432362.667,4585612.423,41.4192218,2.1906191,Styphnolobium japonicum,29.53794038,3,Warm
0154592AR,432498.052,4586335.254,41.4257435,2.1921583,Styphnolobium japonicum,28.56188226,2,Cool
0154601AR,432408.366,4585593.523,41.4190554,2.191168,Styphnolobium japonicum,29.39693494,3,Warm
0154654AR,432358.45699999994,4585616.393,41.4192572,2.1905683,Styphnolobium japonicum,29.56140574,3,Warm
0154677AR,432366.797,4585608.133,41.4191835,2.190669,Styphnolobium japonicum,29.51215342,3,Warm
0154692AR,432479.452,4586341.904,41.4258018,2.191935,Styphnolobium japonicum,28.61291216,2,Cool
0154755AR,432528.692,4586323.933,41.4256441,2.1925263,Styphnolobium japonicum,28.50963889,2,Cool
0154777AR,432339.045,4585461.773,41.417863,2.1903533,Styphnolobium japonicum,29.41931772,3,Warm
0154807AR,432394.425,4585410.943,41.4174098,2.1910216,Styphnolobium japonicum,29.35327569,3,Warm
0154853AR,432343.279,4585650.844,41.4195662,2.1903828,Styphnolobium japonicum,29.69665059,3,Warm
0154860AR,432488.212,4586327.194,41.4256701,2.1920415,Styphnolobium japonicum,28.48578641,2,Cool
0154861AR,432482.262,4586329.474,41.4256901,2.19197,Styphnolobium japonicum,28.48498184,2,Cool
0154864AR,432395.815,4585420.493,41.417496,2.1910372,Styphnolobium japonicum,29.34269819,3,Warm
0154891AR,432397.555,4585405.743,41.4173633,2.1910596,Styphnolobium japonicum,29.33865617,3,Warm
0154900AR,432385.915,4585426.413,41.4175484,2.1909181,Styphnolobium japonicum,29.37606899,3,Warm
0154964AR,432383.025,4585431.793,41.4175967,2.1908829,Styphnolobium japonicum,29.3945124,3,Warm
0154968AR,432361.909,4585630.081,41.4193808,2.1906081,Styphnolobium japonicum,29.61377762,3,Warm
0155001AR,432371.527,4585620.203,41.4192926,2.1907242,Styphnolobium japonicum,29.5596303,3,Warm
0155319AR,431146.502,4584875.699,41.4124831,2.1761512,Styphnolobium japonicum,28.44191175,2,Cool
0155639AR,431150.529,4584879.061,41.4125137,2.176199,Styphnolobium japonicum,28.45511735,2,Cool
0155724AR,431677.094,4585356.208,41.4168562,2.1824449,Styphnolobium japonicum,29.45821092,3,Warm
0155735AR,431161.129,4584889.62,41.4126097,2.1763246,Styphnolobium japonicum,28.48885277,2,Cool
0156078AR,431800.703,4585247.257,41.4158854,2.1839362,Styphnolobium japonicum,28.55055577,2,Cool
0156769AR,431792.193,4585241.247,41.4158305,2.1838351,Styphnolobium japonicum,28.58941507,2,Cool
0156807AR,431916.712,4585124.796,41.4147923,2.185338,Styphnolobium japonicum,28.67677802,2,Cool
0161024AR,432682.952,4582254.946,41.3890089,2.1948248,Styphnolobium japonicum,26.73725469,1,Coolest
0162463AR,428453.84799999994,4578848.691,41.3579649,2.144648,Styphnolobium japonicum,29.62011962,3,Warm
0162464AR,427641.677,4578922.486,41.358557,2.1349306,Styphnolobium japonicum,30.10385141,3,Warm
0162466AR,427867.347,4579289.364,41.3618816,2.1375846,Styphnolobium japonicum,29.72017629,3,Warm
0162470AR,427794.732,4579311.648,41.3620758,2.1367139,Styphnolobium japonicum,29.64103109,3,Warm
0162474AR,427684.891,4578881.129,41.3581884,2.1354521,Styphnolobium japonicum,29.38668349,3,Warm
0162477AR,427619.438,4578876.419,41.3581401,2.1346702,Styphnolobium japonicum,29.85560417,3,Warm
0162483AR,427688.77,4578874.218,41.3581265,2.1354993,Styphnolobium japonicum,29.33027128,3,Warm
0162487AR,427504.038,4578914.47,41.3584724,2.1332862,Styphnolobium japonicum,30.32214979,4,Hottest
0162488AR,427621.894,4578911.086,41.3584525,2.1346954,Styphnolobium japonicum,30.07613525,3,Warm
0162492AR,427874.391,4579274.908,41.361752,2.1376705,Styphnolobium japonicum,29.73558865,3,Warm
0162496AR,427808.396,4579318.696,41.3621405,2.1368764,Styphnolobium japonicum,29.68490383,3,Warm
0162513AR,427677.0829999999,4578895.241,41.3583148,2.1353571,Styphnolobium japonicum,29.56517291,3,Warm
0162522AR,427637.938,4578842.669,41.3578378,2.1348954,Styphnolobium japonicum,29.65765389,3,Warm
0162527AR,427866.006,4579291.98,41.361905,2.1375683,Styphnolobium japonicum,29.7239294,3,Warm
0162531AR,427680.962,4578888.251,41.3582522,2.1354043,Styphnolobium japonicum,29.50379586,3,Warm
0162552AR,428164.775,4579570.817,41.3644431,2.1411069,Styphnolobium japonicum,28.18139372,2,Cool
0162561AR,427868.656,4579286.601,41.3618568,2.1376006,Styphnolobium japonicum,29.72811712,3,Warm
0162564AR,427864.549,4579294.565,41.3619282,2.1375505,Styphnolobium japonicum,29.71894547,3,Warm
0162584AR,427605.498,4578903.199,41.35838,2.1345004,Styphnolobium japonicum,30.09642804,3,Warm
0162593AR,427872.142,4579279.968,41.3617974,2.137643,Styphnolobium japonicum,29.72982344,3,Warm
0162612AR,427853.232,4579315.788,41.3621183,2.1374127,Styphnolobium japonicum,29.70472657,3,Warm
0162623AR,427672.634,4578903.302,41.358387,2.1353029,Styphnolobium japonicum,29.68543714,3,Warm
0162625AR,427665.06599999993,4578917.143,41.3585109,2.1352108,Styphnolobium japonicum,29.88341252,3,Warm
0162626AR,427628.938,4578858.639,41.3579808,2.1347859,Styphnolobium japonicum,29.75450176,3,Warm
0162639AR,427633.088,4578850.659,41.3579093,2.1348365,Styphnolobium japonicum,29.71404395,3,Warm
0162640AR,427610.348,4578894.809,41.3583049,2.1345594,Styphnolobium japonicum,30.01821722,3,Warm
0162652AR,427815.413,4579322.614,41.3621764,2.1369598,Styphnolobium japonicum,29.68427592,3,Warm
0162668AR,427801.435,4579315.445,41.3621106,2.1367936,Styphnolobium japonicum,29.67929386,3,Warm
0162675AR,427649.177,4578926.217,41.3585912,2.1350198,Styphnolobium japonicum,30.12406653,3,Warm
0162679AR,427627.984,4578914.654,41.3584852,2.1347678,Styphnolobium japonicum,30.07982361,3,Warm
0162680AR,427614.998,4578885.719,41.3582234,2.134616,Styphnolobium japonicum,29.95879196,3,Warm
0162690AR,427843.54,4579057.728,41.3597932,2.1373276,Styphnolobium japonicum,29.14255283,3,Warm
0162695AR,428164.083,4579583.652,41.3645586,2.1410971,Styphnolobium japonicum,28.1120396,2,Cool
0162699AR,427624.388,4578868.139,41.3580659,2.1347304,Styphnolobium japonicum,29.79828123,3,Warm
0162708AR,427615.061,4578908.054,41.3584246,2.1346141,Styphnolobium japonicum,30.06716604,3,Warm
0162711AR,427882.611,4579251.998,41.3615464,2.1377715,Styphnolobium japonicum,29.73537205,3,Warm
0162713AR,427862.886,4579297.532,41.3619547,2.1375303,Styphnolobium japonicum,29.72938833,3,Warm
0162717AR,427633.569,4578918.009,41.3585159,2.1348342,Styphnolobium japonicum,30.07456596,3,Warm
0162718AR,428454.049,4578843.163,41.3579151,2.1446511,Styphnolobium japonicum,29.65453486,3,Warm
0162724AR,428457.059,4578840.223,41.3578889,2.1446874,Styphnolobium japonicum,29.69009054,3,Warm
0162731AR,427669.096,4578910.292,41.3584496,2.1352598,Styphnolobium japonicum,29.78738218,3,Warm
0162733AR,427877.581,4579269.088,41.3616999,2.1377094,Styphnolobium japonicum,29.74847395,3,Warm
0163608AR,431295.61,4583704.869,41.4019506,2.178068,Styphnolobium japonicum,29.26525445,3,Warm
0163820AR,431313.571,4583725.238,41.4021356,2.1782806,Styphnolobium japonicum,29.09895405,3,Warm
0163854AR,431309.261,4583720.918,41.4020963,2.1782295,Styphnolobium japonicum,29.12628378,3,Warm
0163894AR,431333.75,4583656.268,41.4015161,2.1785298,Styphnolobium japonicum,28.83003529,2,Cool
0163982AR,431326.911,4583738.158,41.4022531,2.1784387,Styphnolobium japonicum,28.99490851,3,Warm
0164208AR,431300.15,4583712.029,41.4020155,2.1781215,Styphnolobium japonicum,29.21752027,3,Warm
0164578AR,431331.541,4583742.848,41.4022957,2.1784935,Styphnolobium japonicum,28.9633993,3,Warm
0165002AR,431362.85,4583666.168,41.4016078,2.1788768,Styphnolobium japonicum,28.59807259,2,Cool
0165079AR,431322.651,4583734.098,41.4022162,2.1783882,Styphnolobium japonicum,29.01562398,3,Warm
0165232AR,431403.24,4583679.778,41.4017338,2.1793584,Styphnolobium japonicum,28.38138527,2,Cool
0165304AR,431766.221,4583797.831,41.4028279,2.1836871,Styphnolobium japonicum,28.26379019,2,Cool
0165341AR,431351.21,4583662.208,41.4015711,2.178738,Styphnolobium japonicum,28.68895701,2,Cool
0165395AR,431295.49,4583694.769,41.4018596,2.1780677,Styphnolobium japonicum,29.27974138,3,Warm
0165662AR,431817.22,4583812.617,41.4029654,2.1842955,Styphnolobium japonicum,28.51906721,2,Cool
0165683AR,431835.721,4583819.821,41.4030319,2.184516,Styphnolobium japonicum,28.55772301,2,Cool
0165890AR,431828.154,4583815.947,41.4029964,2.1844259,Styphnolobium japonicum,28.55746261,2,Cool
0166112AR,431318.191,4583729.768,41.4021768,2.1783353,Styphnolobium japonicum,29.06137313,3,Warm
0166115AR,431386.14,4583674.098,41.4016812,2.1791545,Styphnolobium japonicum,28.47996852,2,Cool
0166129AR,431357.03,4583664.188,41.4015894,2.1788074,Styphnolobium japonicum,28.65146952,2,Cool
0166144AR,431374.48999999993,4583670.128,41.4016444,2.1790155,Styphnolobium japonicum,28.53012874,2,Cool
0166251AR,431761.062,4583795.916,41.4028103,2.1836256,Styphnolobium japonicum,28.24380417,2,Cool
0166450AR,431783.532,4583802.378,41.4028704,2.1838936,Styphnolobium japonicum,28.36933851,2,Cool
0166462AR,431844.236,4583821.499,41.4030477,2.1846176,Styphnolobium japonicum,28.56969311,2,Cool
0166471AR,431397.55999999994,4583678.188,41.401719,2.1792906,Styphnolobium japonicum,28.42177126,2,Cool
0166489AR,431304.621,4583716.449,41.4020557,2.1781745,Styphnolobium japonicum,29.18126775,3,Warm
0166503AR,431295.16,4583699.279,41.4019002,2.1780633,Styphnolobium japonicum,29.28024576,3,Warm
0169655AR,429751.512,4581802.796,41.3846858,2.159818,Styphnolobium japonicum,28.81192686,2,Cool
0170846AR,426946.414,4581014.848,41.3773393,2.1263673,Styphnolobium japonicum,28.75438038,2,Cool
0170851AR,427073.368,4580348.205,41.3713466,2.1279656,Styphnolobium japonicum,29.44255239,3,Warm
0170854AR,426874.393,4580817.628,41.3755565,2.1255299,Styphnolobium japonicum,29.25595045,3,Warm
0170860AR,427116.009,4580441.615,41.3721918,2.1284642,Styphnolobium japonicum,29.52270625,3,Warm
0170864AR,426956.099,4580446.486,41.3722212,2.1265516,Styphnolobium japonicum,29.28565309,3,Warm
0170866AR,426862.149,4580533.007,41.3729919,2.1254178,Styphnolobium japonicum,29.32896536,3,Warm
0170877AR,427207.23,4580496.425,41.3726937,2.1295483,Styphnolobium japonicum,29.92331141,3,Warm
0170880AR,427249.899,4580803.106,41.3754597,2.1300216,Styphnolobium japonicum,29.50322625,3,Warm
0170890AR,426747.87,4580648.278,41.3740197,2.1240375,Styphnolobium japonicum,29.4941633,3,Warm
0170892AR,427005.672,4580865.607,41.3760005,2.1270939,Styphnolobium japonicum,29.57663673,3,Warm
0170896AR,427117.7249999999,4580808.31,41.3754946,2.1284406,Styphnolobium japonicum,30.225746,3,Warm
0170902AR,426855.295,4580865.872,41.3759892,2.1252957,Styphnolobium japonicum,29.0045623,3,Warm
0170914AR,426962.829,4580439.776,41.3721613,2.1266329,Styphnolobium japonicum,29.29129143,3,Warm
0170934AR,426690.482,4580793.307,41.3753207,2.1233338,Styphnolobium japonicum,29.58001282,3,Warm
0170939AR,426925.466,4580815.576,41.3755426,2.1261408,Styphnolobium japonicum,29.2583554,3,Warm
0170942AR,426872.681,4580831.043,41.3756771,2.1255078,Styphnolobium japonicum,29.19384442,3,Warm
0170947AR,426771.313,4580834.825,41.375702,2.1242953,Styphnolobium japonicum,29.23750123,3,Warm
0170948AR,426830.246,4580934.533,41.3766054,2.1249879,Styphnolobium japonicum,28.64806221,2,Cool
0170952AR,427078.368,4580344.075,41.3713099,2.1280258,Styphnolobium japonicum,29.44678169,3,Warm
0170953AR,427203.068,4580269.234,41.3706471,2.1295258,Styphnolobium japonicum,29.44482325,3,Warm
0170960AR,427211.287,4580818.453,41.3755944,2.1295581,Styphnolobium japonicum,29.71931063,3,Warm
0170962AR,427149.538,4580307.615,41.3709879,2.1288811,Styphnolobium japonicum,29.46105579,3,Warm
0170970AR,426691.004,4580815.68,41.3755222,2.1233373,Styphnolobium japonicum,29.49087792,3,Warm
0170973AR,427056.961,4581112.948,41.3782329,2.1276774,Styphnolobium japonicum,28.69368602,2,Cool
0170977AR,427203.584,4580818.663,41.3755956,2.129466,Styphnolobium japonicum,29.77908151,3,Warm
0170979AR,427209.298,4580261.004,41.3705735,2.1296012,Styphnolobium japonicum,29.45761917,3,Warm
0170995AR,426940.142,4581033.677,41.3775083,2.12629,Styphnolobium japonicum,28.68547414,2,Cool
0171001AR,426579.407,4580828.243,41.3756252,2.1220014,Styphnolobium japonicum,30.05625178,3,Warm
0171021AR,427044.096,4581124.752,41.378338,2.1275221,Styphnolobium japonicum,28.69642261,2,Cool
0171023AR,426779.913,4580834.638,41.3757011,2.1243981,Styphnolobium japonicum,29.23066429,3,Warm
0171028AR,426648.504,4580825.846,41.3756099,2.1228279,Styphnolobium japonicum,29.60466005,3,Warm
0171039AR,427091.299,4580482.815,41.3725606,2.1281638,Styphnolobium japonicum,29.51575133,3,Warm
0171040AR,427107.192,4580822.129,41.3756181,2.128313,Styphnolobium japonicum,30.23013709,3,Warm
0171052AR,426948.719,4580453.167,41.3722807,2.1264626,Styphnolobium japonicum,29.28636149,3,Warm
0171054AR,426739.112,4580835.838,41.3757082,2.1239101,Styphnolobium japonicum,29.25752285,3,Warm
0171055AR,426716.342,4580822.964,41.3755901,2.1236394,Styphnolobium japonicum,29.35139091,3,Warm
0171065AR,427364.435,4580442.755,41.3722245,2.1314343,Styphnolobium japonicum,29.26331161,3,Warm
0171070AR,426702.971,4580725.809,41.3747139,2.1234913,Styphnolobium japonicum,29.68325592,3,Warm
0171072AR,426817.446,4580934.19,41.3766011,2.1248349,Styphnolobium japonicum,28.64610241,2,Cool
0171079AR,427066.456,4580823.764,41.3756292,2.1278257,Styphnolobium japonicum,30.12299206,3,Warm
0171080AR,426843.162,4580858.548,41.3759222,2.1251515,Styphnolobium japonicum,29.04217689,3,Warm
0171082AR,427046.342,4580824.533,41.3756343,2.1275851,Styphnolobium japonicum,30.00291854,3,Warm
0171091AR,427247.703,4580816.929,41.375584,2.1299937,Styphnolobium japonicum,29.50329949,3,Warm
0171096AR,427055.095,4581120.686,41.3783024,2.1276541,Styphnolobium japonicum,28.69675458,2,Cool
0171101AR,426718.521,4580704.699,41.3745252,2.1236798,Styphnolobium japonicum,29.62103855,3,Warm
0171109AR,426995.206,4580812.793,41.3755239,2.1269751,Styphnolobium japonicum,29.65952064,3,Warm
0171111AR,427060.813,4581098.205,41.3781004,2.1277252,Styphnolobium japonicum,28.68147089,2,Cool
0171113AR,427195.072,4580818.295,41.3755916,2.1293642,Styphnolobium japonicum,29.83059568,3,Warm
0171118AR,426677.471,4580762.729,41.3750441,2.1231819,Styphnolobium japonicum,29.73138486,3,Warm
0171119AR,426728.266,4580822.727,41.3755891,2.123782,Styphnolobium japonicum,29.34345663,3,Warm
0171122AR,427048.683,4580811.008,41.3755127,2.1276147,Styphnolobium japonicum,30.0472529,3,Warm
0171123AR,427201.43,4580505.785,41.3727775,2.1294778,Styphnolobium japonicum,29.93330444,3,Warm
0171131AR,426725.7,4580695.409,41.3744422,2.1237667,Styphnolobium japonicum,29.60714458,3,Warm
0171132AR,427168.358,4580806.508,41.375483,2.1290462,Styphnolobium japonicum,30.0194396,3,Warm
0171136AR,427158.817,4580820.214,41.3756056,2.1289305,Styphnolobium japonicum,30.04371273,3,Warm
0171138AR,426917.529,4580481.477,41.3725328,2.1260862,Styphnolobium japonicum,29.29136572,3,Warm
0171146AR,427032.273,4580811.498,41.3755156,2.1274184,Styphnolobium japonicum,29.93288103,3,Warm
0171157AR,427114.508,4580324.315,41.3711352,2.1284603,Styphnolobium japonicum,29.46443393,3,Warm
0171158AR,426813.713,4580942.101,41.376672,2.1247893,Styphnolobium japonicum,28.63457117,2,Cool
0171162AR,427187.42,4580529.415,41.372989,2.1293074,Styphnolobium japonicum,29.94903704,3,Warm
0171163AR,426820.658,4580819.275,41.3755664,2.1248872,Styphnolobium japonicum,29.30607718,3,Warm
0171173AR,427089.978,4580336.155,41.3712396,2.1281656,Styphnolobium japonicum,29.45812658,3,Warm
0171174AR,426744.77,4580655.618,41.3740855,2.1239996,Styphnolobium japonicum,29.50944802,3,Warm
0171179AR,427135.308,4580807.439,41.3754884,2.1286509,Styphnolobium japonicum,30.18012141,3,Warm
0171186AR,426818.116,4580833.133,41.375691,2.1248551,Styphnolobium japonicum,29.23643336,3,Warm
0171189AR,426982.129,4580813.053,41.375525,2.1268187,Styphnolobium japonicum,29.55175691,3,Warm
0171193AR,426991.789,4580412.906,41.371922,2.1269824,Styphnolobium japonicum,29.33135677,3,Warm
0171196AR,426678.371,4580784.479,41.3752401,2.1231901,Styphnolobium japonicum,29.68177267,3,Warm
0171202AR,427139.038,4580312.505,41.371031,2.128755,Styphnolobium japonicum,29.46498592,3,Warm
0171210AR,426703.28,4580823.361,41.3755925,2.1234832,Styphnolobium japonicum,29.42258872,3,Warm
0171211AR,427094.539,4580477.255,41.3725108,2.1282032,Styphnolobium japonicum,29.52064745,3,Warm
0171215AR,426690.231,4580786.373,41.3752582,2.1233316,Styphnolobium japonicum,29.60982186,3,Warm
0171219AR,426888.297,4580816.906,41.3755512,2.1256962,Styphnolobium japonicum,29.24048107,3,Warm
0171226AR,426908.546,4580829.635,41.3756677,2.1259368,Styphnolobium japonicum,29.1841016,3,Warm
0171232AR,427100.669,4580467.205,41.3724209,2.1282777,Styphnolobium japonicum,29.51924186,3,Warm
0171235AR,427204.5229999999,4580804.796,41.3754708,2.1294789,Styphnolobium japonicum,29.78773667,3,Warm
0171238AR,426796.3,4580581.428,41.373422,2.1246247,Styphnolobium japonicum,29.36920386,3,Warm
0171242AR,427176.808,4580288.005,41.3708138,2.1292095,Styphnolobium japonicum,29.45190692,3,Warm
0171246AR,426888.577,4580830.704,41.3756755,2.1256979,Styphnolobium japonicum,29.18464437,3,Warm
0171248AR,427154.958,4580301.145,41.3709301,2.1289467,Styphnolobium japonicum,29.4613241,3,Warm
0171249AR,426826.105,4580832.66,41.3756875,2.1249507,Styphnolobium japonicum,29.22356242,3,Warm
0171256AR,427243.296,4580803.004,41.3754582,2.1299427,Styphnolobium japonicum,29.53887328,3,Warm
0171264AR,427160.908,4580297.005,41.3708934,2.1290184,Styphnolobium japonicum,29.45917511,3,Warm
0171266AR,426808.11,4580574.028,41.3733564,2.1247668,Styphnolobium japonicum,29.35490419,3,Warm
0171267AR,426731.366,4580836.469,41.3757131,2.1238174,Styphnolobium japonicum,29.27070983,3,Warm
0171270AR,427204.28,4580501.245,41.3727368,2.1295124,Styphnolobium japonicum,29.92694691,3,Warm
0171272AR,426942.502,4581026.97,41.3774481,2.1263191,Styphnolobium japonicum,28.70997776,2,Cool
0171274AR,426800.588,4580833.737,41.3756948,2.1246455,Styphnolobium japonicum,29.23338792,3,Warm
0171281AR,427052.688,4580363.346,41.3714811,2.1277165,Styphnolobium japonicum,29.42365773,3,Warm
0171282AR,426690.822,4580808.875,41.3754609,2.123336,Styphnolobium japonicum,29.52465215,3,Warm
0171288AR,426885.079,4580512.117,41.3728058,2.1256945,Styphnolobium japonicum,29.31753101,3,Warm
0171296AR,426854.56,4580842.296,41.3757768,2.1252898,Styphnolobium japonicum,29.15239801,3,Warm
0171305AR,426855.904,4580877.657,41.3760954,2.1253016,Styphnolobium japonicum,28.9445814,3,Warm
0171307AR,427097.649,4580472.205,41.3724656,2.128241,Styphnolobium japonicum,29.52176942,3,Warm
0171317AR,426695.471,4580736.369,41.3748083,2.1234003,Styphnolobium japonicum,29.6894553,3,Warm
0171328AR,427109.599,4580452.265,41.3722871,2.1283862,Styphnolobium japonicum,29.52174591,3,Warm
0171337AR,426996.999,4580407.836,41.3718768,2.1270453,Styphnolobium japonicum,29.33581501,3,Warm
0171340AR,427184.57,4580534.135,41.3730313,2.1292728,Styphnolobium japonicum,29.94826921,3,Warm
0171342AR,427221.3,4580817.992,41.3755912,2.1296779,Styphnolobium japonicum,29.65951407,3,Warm
0171345AR,426865.428,4580817.731,41.3755566,2.1254227,Styphnolobium japonicum,29.26290157,3,Warm
0171352AR,427058.123,4580823.883,41.3756295,2.127726,Styphnolobium japonicum,30.07964244,3,Warm
0171354AR,426689.694,4580770.198,41.3751125,2.1233272,Styphnolobium japonicum,29.65615903,3,Warm
0171355AR,427095.328,4580333.255,41.371214,2.1282299,Styphnolobium japonicum,29.46244801,3,Warm
0171356AR,426756.74,4580629.128,41.373848,2.1241459,Styphnolobium japonicum,29.44552196,3,Warm
0171363AR,427062.297,4581091.659,41.3780416,2.1277437,Styphnolobium japonicum,28.67127388,2,Cool
0171374AR,426690.433,4580801.86,41.3753977,2.1233322,Styphnolobium japonicum,29.54372888,3,Warm
0171375AR,427058.298,4580810.656,41.3755104,2.1277297,Styphnolobium japonicum,30.10097408,3,Warm
0171378AR,426849.536,4580818.098,41.3755584,2.1252326,Styphnolobium japonicum,29.27782944,3,Warm
0171381AR,426762.42,4580616.448,41.3737343,2.1242153,Styphnolobium japonicum,29.41637382,3,Warm
0171383AR,426641.801,4580775.961,41.37516,2.1227538,Styphnolobium japonicum,29.8797881,3,Warm
0171389AR,426789.965,4580834.21,41.3756981,2.1245184,Styphnolobium japonicum,29.23614446,3,Warm
0171390AR,427085.428,4580338.795,41.371263,2.1281109,Styphnolobium japonicum,29.45457994,3,Warm
0171394AR,426838.126,4580891.093,41.3762148,2.1250874,Styphnolobium japonicum,28.80876804,2,Cool
0171395AR,426677.741,4580769.979,41.3751094,2.1231843,Styphnolobium japonicum,29.71834284,3,Warm
0171403AR,426736.829,4580822.351,41.3755865,2.1238845,Styphnolobium japonicum,29.33039647,3,Warm
0171408AR,427106.549,4580457.475,41.3723338,2.1283491,Styphnolobium japonicum,29.52829929,3,Warm
0171417AR,426878.499,4580517.997,41.3728582,2.1256151,Styphnolobium japonicum,29.3251584,3,Warm
0171429AR,426891.039,4580506.357,41.3727545,2.1257665,Styphnolobium japonicum,29.31124942,3,Warm
0171431AR,426751.108,4580835.578,41.3757069,2.1240536,Styphnolobium japonicum,29.24036103,3,Warm
0171432AR,426722.451,4580836.469,41.3757123,2.1237108,Styphnolobium japonicum,29.28858231,3,Warm
0171439AR,427074.445,4580823.393,41.3756265,2.1279213,Styphnolobium japonicum,30.16989669,3,Warm
0171445AR,426934.969,4580465.857,41.3723937,2.1262966,Styphnolobium japonicum,29.28454575,3,Warm
0171450AR,426976.459,4580813.418,41.3755278,2.1267508,Styphnolobium japonicum,29.51617629,3,Warm
0171464AR,426855.55999999994,4580871.812,41.3760428,2.1252982,Styphnolobium japonicum,28.97942644,3,Warm
0171465AR,427063.028,4580355.775,41.3714139,2.127841,Styphnolobium japonicum,29.43279814,3,Warm
0171466AR,426895.335,4580816.661,41.3755497,2.1257804,Styphnolobium japonicum,29.23938079,3,Warm
0171471AR,427042.359,4580370.916,41.3715483,2.1275921,Styphnolobium japonicum,29.41532942,3,Warm
0171472AR,426827.301,4580940.84,41.3766619,2.1249519,Styphnolobium japonicum,28.62979162,2,Cool
0171477AR,427095.689,4580822.649,41.3756218,2.1281754,Styphnolobium japonicum,30.21506344,3,Warm
0171481AR,426706.58,4580837.091,41.3757165,2.123521,Styphnolobium japonicum,29.27372154,3,Warm
0171491AR,426882.076,4580830.735,41.3756752,2.1256202,Styphnolobium japonicum,29.18213923,3,Warm
0171493AR,426907.769,4580490.627,41.3726143,2.1259684,Styphnolobium japonicum,29.30186228,3,Warm
0171495AR,426771.265,4580820.889,41.3755765,2.1242964,Styphnolobium japonicum,29.30519974,3,Warm
0171496AR,426842.793,4580850.409,41.3758488,2.1251481,Styphnolobium japonicum,29.11570661,3,Warm
0171499AR,426970.256,4580976.74,41.3769982,2.126657,Styphnolobium japonicum,28.95041853,3,Warm
0171502AR,426918.762,4580815.751,41.3755436,2.1260607,Styphnolobium japonicum,29.25107926,3,Warm
0171506AR,426761.32,4580835.299,41.3757053,2.1241757,Styphnolobium japonicum,29.24061766,3,Warm
0171511AR,426968.465,4580982.58,41.3770507,2.1266349,Styphnolobium japonicum,28.9241868,3,Warm
0171513AR,426636.305,4580826.204,41.375612,2.122682,Styphnolobium japonicum,29.75163864,3,Warm
0171514AR,427019.579,4580387.196,41.3716929,2.1273177,Styphnolobium japonicum,29.38131022,3,Warm
0171516AR,427011.129,4580395.646,41.3717683,2.1272157,Styphnolobium japonicum,29.36247913,3,Warm
0171518AR,427002.319,4580403.666,41.3718397,2.1271094,Styphnolobium japonicum,29.34705998,3,Warm
0171519AR,426937.436,4581041.998,41.377583,2.1262567,Styphnolobium japonicum,28.66348705,2,Cool
0171522AR,426868.459,4580527.727,41.3729449,2.1254939,Styphnolobium japonicum,29.32511195,3,Warm
0171524AR,426689.943,4580778.011,41.3751829,2.1233292,Styphnolobium japonicum,29.63388844,3,Warm
0171530AR,427058.985,4581105.354,41.3781647,2.1277025,Styphnolobium japonicum,28.69224212,2,Cool
0171531AR,427071.373,4581054.358,41.3777065,2.1278567,Styphnolobium japonicum,28.69424046,2,Cool
0171533AR,427103.669,4580462.175,41.3723758,2.1283141,Styphnolobium japonicum,29.52249015,3,Warm
0171536AR,426722.041,4580700.149,41.3744845,2.1237224,Styphnolobium japonicum,29.61411265,3,Warm
0171538AR,426678.841,4580809.647,41.3754668,2.1231926,Styphnolobium japonicum,29.58451204,3,Warm
0171542AR,426678.313,4580795.232,41.3753369,2.1231881,Styphnolobium japonicum,29.64156118,3,Warm
0171546AR,427196.533,4580805.056,41.3754724,2.1293833,Styphnolobium japonicum,29.84526926,3,Warm
0171552AR,426845.702,4580903.498,41.3763273,2.1251765,Styphnolobium japonicum,28.7309432,2,Cool
0171554AR,426662.716,4580762.077,41.3750369,2.1230056,Styphnolobium japonicum,29.78418401,3,Warm
0171559AR,427115.276,4580821.819,41.3756161,2.1284097,Styphnolobium japonicum,30.21269349,3,Warm
0171561AR,427190.1,4580524.905,41.3729486,2.12934,Styphnolobium japonicum,29.94992903,3,Warm
0171563AR,427131.808,4580316.155,41.3710632,2.1286681,Styphnolobium japonicum,29.46209926,3,Warm
0171565AR,427198.65,4580510.625,41.3728208,2.129444,Styphnolobium japonicum,29.93817229,3,Warm
0171566AR,426823.578,4580949.203,41.3767369,2.1249064,Styphnolobium japonicum,28.62985806,2,Cool
0171569AR,426900.019,4580497.807,41.3726783,2.1258749,Styphnolobium japonicum,29.30278664,3,Warm
0171571AR,427170.77799999993,4580292.635,41.3708549,2.1291369,Styphnolobium japonicum,29.45517454,3,Warm
0171573AR,426911.79800000007,4580816.082,41.3755459,2.1259774,Styphnolobium japonicum,29.24761709,3,Warm
0171576AR,426698.361,4580732.759,41.3747761,2.1234353,Styphnolobium japonicum,29.68072633,3,Warm
0171577AR,426678.659,4580801.583,41.3753941,2.1231914,Styphnolobium japonicum,29.62781942,3,Warm
0171579AR,427227.736,4580817.591,41.3755882,2.1297549,Styphnolobium japonicum,29.61990521,3,Warm
0171584AR,426815.75,4580568.778,41.3733098,2.1248587,Styphnolobium japonicum,29.35074474,3,Warm
0171585AR,427088.755,4580822.82,41.3756227,2.1280924,Styphnolobium japonicum,30.20880167,3,Warm
0171589AR,426937.824,4580828.754,41.3756624,2.126287,Styphnolobium japonicum,29.25145117,3,Warm
0171591AR,426655.529,4580766.685,41.3750777,2.1229191,Styphnolobium japonicum,29.82744679,3,Warm
0171595AR,426901.49,4580816.521,41.375549,2.125854,Styphnolobium japonicum,29.24149495,3,Warm
0171597AR,426689.375,4580761.991,41.3750385,2.1233244,Styphnolobium japonicum,29.68165945,3,Warm
0171603AR,426854.795,4580849.392,41.3758408,2.1252917,Styphnolobium japonicum,29.10902362,3,Warm
0171607AR,426781.59,4580592.668,41.3735219,2.1244474,Styphnolobium japonicum,29.37938534,3,Warm
0171613AR,427195.72,4580515.235,41.3728621,2.1294084,Styphnolobium japonicum,29.93475576,3,Warm
0171614AR,427193.0,4580519.845,41.3729033,2.1293753,Styphnolobium japonicum,29.94192783,3,Warm
0171619AR,426983.412,4580903.227,41.3763373,2.1268232,Styphnolobium japonicum,29.31381979,3,Warm
0171621AR,427057.128,4581070.913,41.3778543,2.1276844,Styphnolobium japonicum,28.69728113,2,Cool
0171622AR,426679.03299999994,4580816.845,41.3755316,2.1231941,Styphnolobium japonicum,29.54724717,3,Warm
0171629AR,426855.29,4580857.308,41.3759121,2.1252967,Styphnolobium japonicum,29.07488165,3,Warm
0171630AR,426940.429,4580460.427,41.3723453,2.1263626,Styphnolobium japonicum,29.28186101,3,Warm
0171635AR,426714.102,4580836.979,41.3757162,2.1236109,Styphnolobium japonicum,29.22989008,3,Warm
0171639AR,426648.386,4580771.491,41.3751204,2.1228331,Styphnolobium japonicum,29.85884903,3,Warm
0171642AR,427037.873,4580825.032,41.375638,2.1274838,Styphnolobium japonicum,29.94287626,3,Warm
0171645AR,426797.6,4580819.901,41.37557,2.1246114,Styphnolobium japonicum,29.30754375,3,Warm
0171651AR,426966.692,4580813.769,41.3755301,2.126634,Styphnolobium japonicum,29.45619967,3,Warm
0172156AR,427584.864,4579728.261,41.3658092,2.1341552,Styphnolobium japonicum,28.88399436,2,Cool
0172163AR,427352.182,4580040.729,41.3686025,2.131336,Styphnolobium japonicum,29.41821753,3,Warm
0172167AR,428084.86,4580333.878,41.3713086,2.140061,Styphnolobium japonicum,29.55679687,3,Warm
0172172AR,427760.296,4579812.937,41.3665876,2.1362425,Styphnolobium japonicum,28.26423912,2,Cool
0172173AR,427769.135,4579789.119,41.3663739,2.136351,Styphnolobium japonicum,27.94415346,2,Cool
0172182AR,427326.751,4580093.524,41.3690757,2.1310256,Styphnolobium japonicum,29.6084372,3,Warm
0172193AR,428011.279,4580270.288,41.3707293,2.1391888,Styphnolobium japonicum,29.36242886,3,Warm
0172208AR,427754.215,4579789.729,41.366378,2.1361726,Styphnolobium japonicum,28.14682293,2,Cool
0172211AR,427721.465,4579777.68,41.3662666,2.1357825,Styphnolobium japonicum,28.63154909,2,Cool
0172214AR,427949.269,4580225.799,41.370323,2.1384527,Styphnolobium japonicum,29.17137891,3,Warm
0172215AR,427765.795,4579814.657,41.3666036,2.136308,Styphnolobium japonicum,28.22055377,2,Cool
0172219AR,427611.195,4579737.72,41.3658968,2.1344689,Styphnolobium japonicum,29.1676247,3,Warm
0172221AR,427511.344,4579701.601,41.3655625,2.1332795,Styphnolobium japonicum,25.88741754,1,Coolest
0172224AR,427935.629,4580217.239,41.3702447,2.1382906,Styphnolobium japonicum,29.18126539,3,Warm
0172231AR,428168.796,4580403.176,41.3719402,2.1410564,Styphnolobium japonicum,29.13086303,3,Warm
0172233AR,428207.741,4580436.487,41.3722437,2.1415181,Styphnolobium japonicum,29.04057402,3,Warm
0172237AR,427354.922,4580034.616,41.3685477,2.1313695,Styphnolobium japonicum,29.49124646,3,Warm
0172242AR,427361.91399999993,4580020.373,41.36842,2.1314548,Styphnolobium japonicum,29.48059529,3,Warm
0172243AR,427547.604,4579734.981,41.3658664,2.133709,Styphnolobium japonicum,28.32939427,2,Cool
0172257AR,427338.385,4580070.043,41.3688653,2.1311675,Styphnolobium japonicum,29.55538358,3,Warm
0172258AR,427761.025,4579792.199,41.3664009,2.1362537,Styphnolobium japonicum,28.00399621,2,Cool
0172261AR,427349.81,4580046.378,41.3686532,2.131307,Styphnolobium japonicum,29.42704917,3,Warm
0172262AR,427990.529,4580252.808,41.37057,2.1389428,Styphnolobium japonicum,29.25588874,3,Warm
0172276AR,427681.825,4579783.84,41.3663185,2.1353078,Styphnolobium japonicum,29.08929428,3,Warm
0172279AR,428124.451,4580366.363,41.3716047,2.1405306,Styphnolobium japonicum,29.38025787,3,Warm
0172284AR,427566.188,4580190.771,41.3699732,2.1338767,Styphnolobium japonicum,29.33156426,3,Warm
0172302AR,427494.848,4580171.652,41.3697945,2.133026,Styphnolobium japonicum,29.84159604,3,Warm
0172306AR,427776.165,4579791.559,41.3663965,2.1364348,Styphnolobium japonicum,27.94578227,2,Cool
0172335AR,428005.549,4580265.688,41.3706873,2.1391209,Styphnolobium japonicum,29.32512312,3,Warm
0172343AR,427808.365,4579803.189,41.3665041,2.1368183,Styphnolobium japonicum,27.55178399,1,Coolest
0172345AR,427749.915,4579781.819,41.3663064,2.1361221,Styphnolobium japonicum,28.13764638,2,Cool
0172349AR,428071.55,4580322.078,41.3712011,2.1399033,Styphnolobium japonicum,29.57811602,3,Warm
0172365AR,427578.539,4579746.291,41.365971,2.1340775,Styphnolobium japonicum,28.97011241,3,Warm
0172370AR,428000.379,4580261.208,41.3706465,2.1390596,Styphnolobium japonicum,29.30522598,3,Warm
0172386AR,427566.498,4579741.984,41.3659311,2.133934,Styphnolobium japonicum,28.77873921,2,Cool
0172398AR,427773.7249999999,4579797.239,41.3664474,2.1364049,Styphnolobium japonicum,27.87354019,2,Cool
0172399AR,427505.554,4579699.441,41.3655425,2.1332105,Styphnolobium japonicum,25.6834631,1,Coolest
0172404AR,427507.128,4580175.282,41.3698283,2.1331724,Styphnolobium japonicum,29.73287521,3,Warm
0172406AR,427364.98300000007,4580013.734,41.3683605,2.1314923,Styphnolobium japonicum,29.43859301,3,Warm
0172417AR,428059.75,4580312.398,41.3711129,2.1397634,Styphnolobium japonicum,29.55810071,3,Warm
0172419AR,427317.634,4580110.587,41.3692286,2.1309146,Styphnolobium japonicum,29.63715993,3,Warm
0172441AR,427772.129,4579816.804,41.3666235,2.1363835,Styphnolobium japonicum,28.03009165,2,Cool
0172454AR,427492.344,4579715.201,41.3656832,2.1330507,Styphnolobium japonicum,25.83333938,1,Coolest
0172457AR,427942.449,4580221.519,41.3702839,2.1383717,Styphnolobium japonicum,29.18543409,3,Warm
0172462AR,427741.355,4579805.339,41.3665175,2.136017,Styphnolobium japonicum,28.50466921,2,Cool
0172463AR,427730.085,4579774.36,41.3662374,2.1358859,Styphnolobium japonicum,28.38032679,2,Cool
0172465AR,427510.714,4579721.811,41.3657444,2.1332695,Styphnolobium japonicum,26.47113307,1,Coolest
0172466AR,427708.115,4579793.8,41.3664106,2.1356209,Styphnolobium japonicum,28.85606104,2,Cool
0172467AR,427675.445,4579781.67,41.3662984,2.1352318,Styphnolobium japonicum,29.12519448,3,Warm
0172470AR,427727.875,4579780.06,41.3662886,2.1358588,Styphnolobium japonicum,28.46333122,2,Cool
0172513AR,427747.215,4579787.769,41.3663597,2.1360891,Styphnolobium japonicum,28.33707735,2,Cool
0172538AR,427914.212,4580204.831,41.370131,2.1380361,Styphnolobium japonicum,29.28936708,3,Warm
0172541AR,427590.74499999994,4579730.371,41.3658287,2.1342253,Styphnolobium japonicum,28.95059041,3,Warm
0172548AR,427335.535,4580075.903,41.3689178,2.1311327,Styphnolobium japonicum,29.56632759,3,Warm
0172550AR,427780.765,4579799.399,41.3664675,2.1364888,Styphnolobium japonicum,27.86691026,2,Cool
0172557AR,427676.314,4579762.126,41.3661224,2.1352445,Styphnolobium japonicum,29.10173269,3,Warm
0172559AR,428103.93000000005,4580350.218,41.3714575,2.1402871,Styphnolobium japonicum,29.49168842,3,Warm
0172565AR,427710.475,4579767.29,41.366172,2.1356523,Styphnolobium japonicum,28.74136768,2,Cool
0172569AR,427695.265,4579788.67,41.3663632,2.1354679,Styphnolobium japonicum,28.98076328,3,Warm
0172583AR,427736.575,4579776.649,41.3662586,2.1359632,Styphnolobium japonicum,28.33797768,2,Cool
0172586AR,427717.025,4579769.53,41.3661928,2.1357303,Styphnolobium japonicum,28.6705143,2,Cool
0172597AR,427489.818,4580169.972,41.369779,2.1329661,Styphnolobium japonicum,29.90624473,3,Warm
0172599AR,428225.631,4580452.057,41.3723855,2.1417302,Styphnolobium japonicum,29.03990165,3,Warm
0172608AR,427304.224,4580133.092,41.3694301,2.1307515,Styphnolobium japonicum,29.87073435,3,Warm
0172613AR,427347.182,4580052.519,41.3687082,2.1312748,Styphnolobium japonicum,29.46027137,3,Warm
0172616AR,428038.439,4580294.078,41.370946,2.1395107,Styphnolobium japonicum,29.50114547,3,Warm
0172617AR,427554.404,4579717.491,41.3657094,2.1337924,Styphnolobium japonicum,28.16087201,2,Cool
0172621AR,427578.414,4579726.101,41.3657892,2.1340784,Styphnolobium japonicum,28.73081365,2,Cool
0172626AR,427793.215,4579804.269,41.3665125,2.1366371,Styphnolobium japonicum,27.55008766,1,Coolest
0172639AR,427547.944,4579715.011,41.3656865,2.1337154,Styphnolobium japonicum,27.79966845,1,Coolest
0172643AR,427341.772,4580063.796,41.3688093,2.1312088,Styphnolobium japonicum,29.49150754,3,Warm
0172656AR,428175.85,4580409.311,41.3719961,2.14114,Styphnolobium japonicum,29.10684811,3,Warm
0172682AR,427920.951,4580208.058,41.3701607,2.1381162,Styphnolobium japonicum,29.26483999,3,Warm
0172692AR,427357.797,4580029.049,41.3684978,2.1314045,Styphnolobium japonicum,29.47977457,3,Warm
0172700AR,427344.398,4580058.082,41.3687581,2.1312408,Styphnolobium japonicum,29.47046283,3,Warm
0172704AR,427542.458,4580184.212,41.369912,2.1335938,Styphnolobium japonicum,29.4423744,3,Warm
0172714AR,427332.676,4580082.03,41.3689727,2.1310978,Styphnolobium japonicum,29.56625549,3,Warm
0172718AR,427723.515,4579772.14,41.3662168,2.1358076,Styphnolobium japonicum,28.52265696,2,Cool
0172719AR,427754.655,4579810.383,41.3665641,2.1361754,Styphnolobium japonicum,28.29073056,2,Cool
0172722AR,427501.828,4580173.462,41.3698115,2.1331093,Styphnolobium japonicum,29.79434961,3,Warm
0172724AR,427662.195,4579776.83,41.3662536,2.135074,Styphnolobium japonicum,29.19197461,3,Warm
0172726AR,427686.654,4579765.408,41.3661529,2.1353677,Styphnolobium japonicum,29.04819127,3,Warm
0172730AR,427962.919,4580234.358,41.3704013,2.1386149,Styphnolobium japonicum,29.17341199,3,Warm
0172731AR,427668.925,4579779.36,41.366277,2.1351541,Styphnolobium japonicum,29.16251091,3,Warm
0172732AR,427714.895,4579795.7,41.3664283,2.1357018,Styphnolobium japonicum,28.79063308,2,Cool
0172734AR,427777.527,4579818.813,41.3666421,2.1364478,Styphnolobium japonicum,27.99106597,2,Cool
0172736AR,427681.749,4579764.599,41.3661452,2.1353092,Styphnolobium japonicum,29.08123868,3,Warm
0172740AR,427800.512,4579828.182,41.3667285,2.1367215,Styphnolobium japonicum,28.04062919,2,Cool
0172750AR,427553.625,4579737.241,41.3658873,2.1337807,Styphnolobium japonicum,28.4518252,2,Cool
0172752AR,427787.789,4579822.377,41.3666751,2.1365701,Styphnolobium japonicum,27.91686687,2,Cool
0172756AR,427693.806,4579767.253,41.3661702,2.135453,Styphnolobium japonicum,28.98583727,3,Warm
0172759AR,427512.858,4580176.392,41.3698389,2.1332408,Styphnolobium japonicum,29.68833253,3,Warm
0172773AR,427782.446,4579820.503,41.3666577,2.1365064,Styphnolobium japonicum,27.97432459,2,Cool
0172793AR,427554.318,4580187.842,41.3699457,2.1337351,Styphnolobium japonicum,29.36992186,3,Warm
0172796AR,427499.094,4579696.791,41.365518,2.1331336,Styphnolobium japonicum,25.5193029,1,Coolest
0172805AR,428005.151,4580449.588,41.3723436,2.1390943,Styphnolobium japonicum,29.43196042,3,Warm
0172821AR,427524.588,4580179.602,41.3698688,2.1333807,Styphnolobium japonicum,29.57486384,3,Warm
0172831AR,427517.804,4579703.751,41.3655824,2.1333564,Styphnolobium japonicum,26.18626823,1,Coolest
0172835AR,427559.628,4580189.101,41.3699575,2.1337985,Styphnolobium japonicum,29.35303437,3,Warm
0172841AR,427329.602,4580087.788,41.3690243,2.1310604,Styphnolobium japonicum,29.57293926,3,Warm
0172851AR,427596.225,4579752.821,41.3660314,2.1342881,Styphnolobium japonicum,29.1692801,3,Warm
0172856AR,428076.69,4580326.318,41.3712398,2.1399643,Styphnolobium japonicum,29.57440888,3,Warm
0172857AR,427815.345,4579806.099,41.3665309,2.1369015,Styphnolobium japonicum,27.53268809,1,Coolest
0172867AR,428089.7,4580338.418,41.3713499,2.1401184,Styphnolobium japonicum,29.54798756,3,Warm
0172872AR,427795.645,4579799.129,41.3664664,2.1366668,Styphnolobium japonicum,27.5420879,1,Coolest
0172880AR,427756.145,4579783.979,41.3663264,2.1361963,Styphnolobium japonicum,28.02397318,2,Cool
0172881AR,427802.405,4579801.299,41.3664866,2.1367473,Styphnolobium japonicum,27.43076788,1,Coolest
0172883AR,427424.2349999999,4580040.849,41.3686101,2.1321974,Styphnolobium japonicum,29.93710386,3,Warm
0172885AR,427969.749,4580238.648,41.3704406,2.138696,Styphnolobium japonicum,29.17978806,3,Warm
0172890AR,428183.063,4580415.169,41.3720495,2.1412256,Styphnolobium japonicum,29.08871887,3,Warm
0172896AR,427766.965,4579795.069,41.3664273,2.1363244,Styphnolobium japonicum,27.97596478,2,Cool
0172907AR,427518.858,4580178.072,41.3698545,2.1333123,Styphnolobium japonicum,29.60882585,3,Warm
0172920AR,427529.904,4579708.101,41.3656227,2.1335006,Styphnolobium japonicum,26.92301752,1,Coolest
0172955AR,428198.451,4580429.757,41.3721823,2.1414078,Styphnolobium japonicum,29.05692,3,Warm
0172958AR,427800.515,4579806.709,41.3665351,2.1367241,Styphnolobium japonicum,27.61041728,1,Coolest
0172970AR,427734.525,4579782.59,41.366312,2.135938,Styphnolobium japonicum,28.42606304,2,Cool
0172979AR,428132.231,4580372.876,41.3716641,2.1406228,Styphnolobium japonicum,29.34450827,3,Warm
0172989AR,427559.475,4579739.411,41.3659073,2.1338504,Styphnolobium japonicum,28.58991034,2,Cool
0173002AR,427603.045,4579734.89,41.3658705,2.1343718,Styphnolobium japonicum,29.06986292,3,Warm
0173005AR,427708.405,4579773.01,41.3662233,2.1356269,Styphnolobium japonicum,28.85772627,2,Cool
0173010AR,427523.674,4579705.801,41.3656014,2.1334264,Styphnolobium japonicum,26.5327561,1,Coolest
0173011AR,428219.131,4580446.247,41.3723326,2.1416531,Styphnolobium japonicum,29.04078306,3,Warm
0173014AR,428106.95000000007,4580353.548,41.3714877,2.1403228,Styphnolobium japonicum,29.48115491,3,Warm
0173033AR,427310.285,4580123.136,41.3693409,2.1308252,Styphnolobium japonicum,29.75841284,3,Warm
0173035AR,427782.385,4579793.989,41.3664189,2.1365088,Styphnolobium japonicum,27.70212714,1,Coolest
0173049AR,427596.815,4579732.85,41.3658516,2.1342975,Styphnolobium japonicum,29.04589747,3,Warm
0173052AR,428080.63,4580330.548,41.3712782,2.1400109,Styphnolobium japonicum,29.56912172,3,Warm
0173067AR,427670.448,4579760.172,41.3661043,2.1351746,Styphnolobium japonicum,29.1286164,3,Warm
0173074AR,427566.484,4579721.631,41.3657478,2.1339363,Styphnolobium japonicum,28.45120658,2,Cool
0173076AR,427985.199,4580248.218,41.3705282,2.1388796,Styphnolobium japonicum,29.23504576,3,Warm
0173079AR,427541.984,4579713.021,41.3656681,2.1336444,Styphnolobium japonicum,27.64143607,1,Coolest
0173082AR,428029.379,4580286.308,41.3708752,2.1394033,Styphnolobium japonicum,29.45476519,3,Warm
0173088AR,427549.578,4580186.442,41.3699327,2.1336786,Styphnolobium japonicum,29.38553811,3,Warm
0173108AR,427300.614,4580138.416,41.3694777,2.1307077,Styphnolobium japonicum,29.90234393,3,Warm
0173113AR,427763.175,4579786.689,41.3663515,2.13628,Styphnolobium japonicum,27.97608421,2,Cool
0173114AR,427956.099,4580230.079,41.3703622,2.1385339,Styphnolobium japonicum,29.17620938,3,Warm
0173120AR,427821.705,4579808.289,41.3665512,2.1369772,Styphnolobium japonicum,27.45377169,1,Coolest
0173131AR,427806.735,4579809.409,41.36656,2.1367981,Styphnolobium japonicum,27.62041585,1,Coolest
0173139AR,427530.168,4580181.142,41.3698832,2.1334472,Styphnolobium japonicum,29.52656271,3,Warm
0173146AR,427516.994,4579724.061,41.3657653,2.1333443,Styphnolobium japonicum,26.86571143,1,Coolest
0173151AR,428064.43,4580316.158,41.3711472,2.1398189,Styphnolobium japonicum,29.57707213,3,Warm
0173165AR,427536.3080000001,4580182.682,41.3698976,2.1335204,Styphnolobium japonicum,29.48904444,3,Warm
0173174AR,427535.854,4579710.371,41.3656437,2.1335714,Styphnolobium japonicum,27.2363578,1,Coolest
0173179AR,427655.955,4579774.52,41.3662322,2.1349996,Styphnolobium japonicum,29.22769812,3,Warm
0173182AR,428020.789,4580279.268,41.370811,2.1393015,Styphnolobium japonicum,29.41264461,3,Warm
0175340AR,429060.599,4579936.701,41.3678179,2.1517739,Styphnolobium japonicum,27.0814057,1,Coolest
0175354AR,429072.893,4579992.424,41.3683209,2.1519143,Styphnolobium japonicum,27.32011585,1,Coolest
0175358AR,429075.257,4580016.194,41.3685352,2.1519398,Styphnolobium japonicum,27.42213222,1,Coolest
0175359AR,428676.8,4579870.208,41.3671851,2.1471931,Styphnolobium japonicum,29.6920349,3,Warm
0175366AR,429091.367,4579918.998,41.3676612,2.1521438,Styphnolobium japonicum,27.19013211,1,Coolest
0175372AR,428780.723,4579943.448,41.367854,2.1484269,Styphnolobium japonicum,28.28477433,2,Cool
0175393AR,428442.927,4579484.225,41.363688,2.1444425,Styphnolobium japonicum,30.37908199,4,Hottest
0175418AR,429011.958,4579963.033,41.3680508,2.1511892,Styphnolobium japonicum,27.1325869,1,Coolest
0175421AR,428796.445,4579951.115,41.3679244,2.148614,Styphnolobium japonicum,28.17769099,2,Cool
0175423AR,429477.633,4580179.657,41.3700428,2.1567316,Styphnolobium japonicum,27.72269957,1,Coolest
0175483AR,429078.505,4579999.909,41.3683888,2.1519805,Styphnolobium japonicum,27.36390075,1,Coolest
0175493AR,428939.498,4580012.05,41.3684859,2.1503172,Styphnolobium japonicum,27.3796632,1,Coolest
0175508AR,429486.935,4580159.827,41.369865,2.1568451,Styphnolobium japonicum,27.3951119,1,Coolest
0175547AR,429511.621,4580139.867,41.3696874,2.1571426,Styphnolobium japonicum,26.98409562,1,Coolest
0175553AR,429245.114,4580368.158,41.3717202,2.1539295,Styphnolobium japonicum,31.21706075,4,Hottest
0175578AR,429100.378,4579923.079,41.3676988,2.152251,Styphnolobium japonicum,27.26456111,1,Coolest
0175595AR,428604.345,4579857.563,41.3670648,2.1463283,Styphnolobium japonicum,29.92893702,3,Warm
0175636AR,429034.121,4579973.671,41.3681486,2.151453,Styphnolobium japonicum,27.15885252,1,Coolest
0175639AR,428682.078,4579885.315,41.3673217,2.1472544,Styphnolobium japonicum,29.37712295,3,Warm
0175643AR,429124.748,4579919.019,41.3676643,2.1525429,Styphnolobium japonicum,27.43617977,1,Coolest
0175661AR,428518.931,4579848.189,41.3669728,2.1453082,Styphnolobium japonicum,28.85464659,2,Cool
0175662AR,428602.792,4579886.159,41.3673223,2.1463064,Styphnolobium japonicum,29.38027462,3,Warm
0175669AR,428974.095,4580053.995,41.3688667,2.1507259,Styphnolobium japonicum,27.66011391,1,Coolest
0175679AR,429230.552,4580397.359,41.3719819,2.153752,Styphnolobium japonicum,31.21620567,4,Hottest
0175711AR,428598.483,4580099.829,41.3692463,2.1462297,Styphnolobium japonicum,27.87531092,2,Cool
0175723AR,428686.774,4579887.536,41.3673421,2.1473103,Styphnolobium japonicum,29.32455676,3,Warm
0175726AR,429078.579,4579945.465,41.3678985,2.1519878,Styphnolobium japonicum,27.17943615,1,Coolest
0175747AR,428983.18,4580050.193,41.3688333,2.150835,Styphnolobium japonicum,27.64502411,1,Coolest
0175748AR,428531.554,4579847.979,41.3669721,2.1454592,Styphnolobium japonicum,29.0791036,3,Warm
0175755AR,429067.07,4579969.22,41.3681114,2.1518474,Styphnolobium japonicum,27.21475117,1,Coolest
0175763AR,428799.605,4579944.065,41.3678612,2.1486526,Styphnolobium japonicum,28.17870354,2,Cool
0175771AR,429262.4810000001,4580333.089,41.3714058,2.1541413,Styphnolobium japonicum,31.28208548,4,Hottest
0175803AR,428826.977,4579957.303,41.3679829,2.1489783,Styphnolobium japonicum,27.98708998,2,Cool
0175821AR,429073.989,4579954.92,41.3679832,2.1519318,Styphnolobium japonicum,27.19979328,1,Coolest
0175851AR,429094.115,4579982.423,41.3682327,2.1521692,Styphnolobium japonicum,27.42178219,1,Coolest
0175881AR,429044.178,4579983.305,41.3682362,2.1515721,Styphnolobium japonicum,27.20494603,1,Coolest
0175882AR,429000.486,4579957.554,41.3680005,2.1510527,Styphnolobium japonicum,27.11806822,1,Coolest
0175893AR,429064.471,4579988.691,41.3682865,2.1518141,Styphnolobium japonicum,27.2702152,1,Coolest
0175930AR,428629.199,4579858.912,41.3670792,2.1466253,Styphnolobium japonicum,30.02556134,3,Warm
0175971AR,428786.381,4579946.264,41.3678799,2.1484942,Styphnolobium japonicum,28.24513729,2,Cool
0176001AR,429045.839,4579979.441,41.3682016,2.1515924,Styphnolobium japonicum,27.1930635,1,Coolest
0176019AR,428946.068,4580028.166,41.3686316,2.1503938,Styphnolobium japonicum,27.44441576,1,Coolest
0176032AR,429075.978,4579928.306,41.3677437,2.1519587,Styphnolobium japonicum,27.12314476,1,Coolest
0176038AR,429065.141,4579950.619,41.3679437,2.1518265,Styphnolobium japonicum,27.13944139,1,Coolest
0176058AR,429082.829,4579959.236,41.3680229,2.152037,Styphnolobium japonicum,27.26021726,1,Coolest
0176078AR,428977.921,4580020.148,41.3685622,2.1507756,Styphnolobium japonicum,27.39763778,1,Coolest
0176106AR,429105.007,4579959.194,41.3680244,2.1523022,Styphnolobium japonicum,27.44557354,1,Coolest
0176115AR,428628.681,4579864.967,41.3671337,2.1466184,Styphnolobium japonicum,29.92083933,3,Warm
0176138AR,428815.888,4579951.696,41.3679314,2.1488464,Styphnolobium japonicum,28.06568088,2,Cool
0176140AR,428817.369,4579961.799,41.3680225,2.1488629,Styphnolobium japonicum,28.04431726,2,Cool
0176146AR,429278.866,4580299.823,41.3711077,2.1543411,Styphnolobium japonicum,30.98719699,4,Hottest
0176153AR,429222.93,4580413.126,41.3721232,2.153659,Styphnolobium japonicum,31.20970133,4,Hottest
0176156AR,429100.731,4579968.375,41.3681068,2.15225,Styphnolobium japonicum,27.43772489,1,Coolest
0176167AR,429069.30499999993,4579918.976,41.3676591,2.15188,Styphnolobium japonicum,27.07676627,1,Coolest
0176178AR,428773.669,4579930.838,41.3677398,2.1483441,Styphnolobium japonicum,28.3490435,2,Cool
0176184AR,429038.392,4579960.187,41.3680275,2.1515056,Styphnolobium japonicum,27.12607195,1,Coolest
0176188AR,429071.201,4580014.224,41.3685171,2.1518915,Styphnolobium japonicum,27.40595181,1,Coolest
0176198AR,429089.131,4579946.676,41.3679103,2.1521138,Styphnolobium japonicum,27.27100538,1,Coolest
0176207AR,428849.01,4579977.584,41.3681675,2.1492394,Styphnolobium japonicum,27.8171087,1,Coolest
0176210AR,429109.388,4579927.545,41.3677398,2.1523582,Styphnolobium japonicum,27.34169445,1,Coolest
0176213AR,429242.751,4580373.296,41.3717662,2.1539007,Styphnolobium japonicum,31.20239798,4,Hottest
0176227AR,429041.711,4579977.391,41.3681828,2.1515433,Styphnolobium japonicum,27.18850236,1,Coolest
0176228AR,428945.494,4580014.759,41.3685108,2.1503885,Styphnolobium japonicum,27.38820045,1,Coolest
0176237AR,428437.945,4579487.051,41.363713,2.1443826,Styphnolobium japonicum,30.32845687,4,Hottest
0176241AR,429267.241,4580323.277,41.3713179,2.1541993,Styphnolobium japonicum,31.25929197,4,Hottest
0176267AR,429040.51,4579955.706,41.3679873,2.1515315,Styphnolobium japonicum,27.11480542,1,Coolest
0176283AR,429063.239,4580010.385,41.3684818,2.1517968,Styphnolobium japonicum,27.33884519,1,Coolest
0176297AR,428991.599,4580027.199,41.3686269,2.1509383,Styphnolobium japonicum,27.44953478,1,Coolest
0176327AR,428580.493,4579852.986,41.3670215,2.1460437,Styphnolobium japonicum,29.76868318,3,Warm
0176334AR,429247.152,4580363.309,41.3716767,2.1539545,Styphnolobium japonicum,31.19002336,4,Hottest
0176336AR,429047.605,4579964.427,41.3680665,2.1516153,Styphnolobium japonicum,27.14149116,1,Coolest
0176340AR,429111.398,4579923.329,41.367702,2.1523828,Styphnolobium japonicum,27.32651461,1,Coolest
0176344AR,428690.031,4579881.028,41.3672838,2.14735,Styphnolobium japonicum,29.42964056,3,Warm
0176366AR,429019.707,4579966.661,41.3680842,2.1512815,Styphnolobium japonicum,27.14430822,1,Coolest
0176373AR,428966.107,4580041.774,41.368756,2.1506318,Styphnolobium japonicum,27.54018932,1,Coolest
0176393AR,428681.983,4579871.997,41.3672017,2.1472548,Styphnolobium japonicum,29.60601857,3,Warm
0176399AR,428982.685,4580018.011,41.3685434,2.1508328,Styphnolobium japonicum,27.38944446,1,Coolest
0176400AR,428951.546,4580017.609,41.368537,2.1504606,Styphnolobium japonicum,27.40586867,1,Coolest
0176402AR,429053.171,4579982.711,41.3682317,2.1516797,Styphnolobium japonicum,27.19794414,1,Coolest
0176406AR,428821.236,4579954.732,41.3679592,2.14891,Styphnolobium japonicum,28.02393328,2,Cool
0176410AR,428768.136,4579928.182,41.3677154,2.1482782,Styphnolobium japonicum,28.3917473,2,Cool
0176428AR,428562.151,4580073.249,41.3690037,2.1457984,Styphnolobium japonicum,27.63167252,1,Coolest
0176437AR,429048.4,4580003.309,41.3684168,2.1516202,Styphnolobium japonicum,27.30100325,1,Coolest
0176446AR,429087.097,4579927.97,41.3677416,2.1520917,Styphnolobium japonicum,27.18756139,1,Coolest
0176448AR,429041.151,4579999.643,41.3683831,2.151534,Styphnolobium japonicum,27.27356244,1,Coolest
0176458AR,429271.726,4580313.812,41.371233,2.1542541,Styphnolobium japonicum,31.17990499,4,Hottest
0176467AR,428998.898,4579961.64,41.3680371,2.1510333,Styphnolobium japonicum,27.13481708,1,Coolest
0176470AR,429265.011,4580328.315,41.3713631,2.1541721,Styphnolobium japonicum,31.29548462,4,Hottest
0176487AR,428542.112,4580047.781,41.3687725,2.1455619,Styphnolobium japonicum,27.47460731,1,Coolest
0176488AR,428764.869,4579935.597,41.3677819,2.1482383,Styphnolobium japonicum,28.39928435,2,Cool
0176497AR,428928.06,4580006.268,41.3684328,2.1501811,Styphnolobium japonicum,27.4004072,1,Coolest
0176535AR,428978.74499999994,4580052.826,41.3688566,2.1507816,Styphnolobium japonicum,27.66580916,1,Coolest
0176549AR,429285.141,4580287.231,41.3709948,2.1544176,Styphnolobium japonicum,30.87773257,4,Hottest
0176558AR,428922.226,4580016.268,41.3685224,2.1501102,Styphnolobium japonicum,27.43530245,1,Coolest
0176572AR,428671.571,4579869.56,41.3671788,2.1471306,Styphnolobium japonicum,29.73732698,3,Warm
0176580AR,429102.315,4579919.087,41.367663,2.1522747,Styphnolobium japonicum,27.25361967,1,Coolest
0176584AR,428595.047,4580098.267,41.3692319,2.1461888,Styphnolobium japonicum,27.86488993,2,Cool
0176587AR,428443.275,4579566.784,41.3644316,2.1444369,Styphnolobium japonicum,30.38860704,4,Hottest
0176588AR,429069.151,4579990.676,41.3683048,2.1518698,Styphnolobium japonicum,27.31430613,1,Coolest
0176592AR,429051.39,4579986.944,41.3682696,2.1516579,Styphnolobium japonicum,27.2066394,1,Coolest
0176611AR,429507.091,4580149.477,41.3697736,2.1570873,Styphnolobium japonicum,27.14407838,1,Coolest
0176653AR,429066.978,4579923.65,41.367701,2.1518517,Styphnolobium japonicum,27.07773027,1,Coolest
0176668AR,428838.918,4579972.675,41.3681224,2.1491193,Styphnolobium japonicum,27.88804509,2,Cool
0176671AR,428645.687,4579860.981,41.3670993,2.1468222,Styphnolobium japonicum,29.99724831,3,Warm
0176674AR,428597.887,4579856.256,41.3670525,2.1462512,Styphnolobium japonicum,29.89003692,3,Warm
0176681AR,428626.816,4579886.684,41.3673291,2.1465935,Styphnolobium japonicum,29.46728211,3,Warm
0176697AR,429088.768,4579901.039,41.3674992,2.1521148,Styphnolobium japonicum,27.09774966,1,Coolest
0176699AR,429495.781,4580171.407,41.3699701,2.1569495,Styphnolobium japonicum,27.55918417,1,Coolest
0176700AR,428990.5960000001,4580032.061,41.3686706,2.1509258,Styphnolobium japonicum,27.48024503,1,Coolest
0176711AR,429002.552,4579963.266,41.3680521,2.1510768,Styphnolobium japonicum,27.13517401,1,Coolest
0176720AR,429062.861,4579992.241,41.3683184,2.1517944,Styphnolobium japonicum,27.2833373,1,Coolest
0176728AR,428586.46,4579853.852,41.3670298,2.1461149,Styphnolobium japonicum,29.86667602,3,Warm
0176733AR,429047.318,4579941.57,41.3678606,2.1516145,Styphnolobium japonicum,27.080168,1,Coolest
0176734AR,428617.224,4579885.635,41.3673188,2.146479,Styphnolobium japonicum,29.48154486,3,Warm
0176742AR,429004.442,4579959.328,41.3680168,2.1510998,Styphnolobium japonicum,27.12330319,1,Coolest
0176750AR,429032.351,4579977.551,41.3681834,2.1514314,Styphnolobium japonicum,27.17829592,1,Coolest
0176787AR,428590.367,4579863.683,41.3671187,2.1461605,Styphnolobium japonicum,29.66863549,3,Warm
0176799AR,429006.005,4579964.987,41.3680679,2.1511178,Styphnolobium japonicum,27.14051945,1,Coolest
0176803AR,428543.367,4579857.233,41.3670565,2.1455993,Styphnolobium japonicum,29.15510348,3,Warm
0176810AR,428842.5140000001,4579965.053,41.368054,2.1491632,Styphnolobium japonicum,27.87633067,2,Cool
0176820AR,429084.825,4579932.813,41.3677851,2.152064,Styphnolobium japonicum,27.18100577,1,Coolest
0176833AR,428757.935,4579922.947,41.3676673,2.1481569,Styphnolobium japonicum,28.48319342,2,Cool
0176847AR,428810.396,4579949.124,41.3679077,2.148781,Styphnolobium japonicum,28.09400866,2,Cool
0176850AR,429031.559,4579951.678,41.3679503,2.1514249,Styphnolobium japonicum,27.09382293,1,Coolest
0176858AR,428640.636,4579860.047,41.3670904,2.1467619,Styphnolobium japonicum,29.99388062,3,Warm
0176868AR,429097.949,4579950.795,41.3679482,2.1522188,Styphnolobium japonicum,27.37072068,1,Coolest
0176882AR,428659.896,4579862.416,41.3671135,2.1469919,Styphnolobium japonicum,29.92680665,3,Warm
0176883AR,428561.273,4579859.165,41.3670754,2.1458132,Styphnolobium japonicum,29.34199302,3,Warm
0176886AR,428852.418,4579970.065,41.3681001,2.149281,Styphnolobium japonicum,27.82044319,1,Coolest
0176915AR,428823.635,4579964.684,41.3680491,2.1489375,Styphnolobium japonicum,28.00505993,2,Cool
0176936AR,428804.74,4579946.416,41.3678828,2.1487137,Styphnolobium japonicum,28.13752914,2,Cool
0176958AR,429009.942,4579966.952,41.3680859,2.1511647,Styphnolobium japonicum,27.14838163,1,Coolest
0176964AR,429237.544,4580383.293,41.3718558,2.1538373,Styphnolobium japonicum,31.21297771,4,Hottest
0176971AR,429469.429,4580195.465,41.3701845,2.1566317,Styphnolobium japonicum,28.00038828,2,Cool
0176982AR,429055.942,4580006.881,41.3684496,2.15171,Styphnolobium japonicum,27.32124156,1,Coolest
0176985AR,429487.151,4580189.797,41.370135,2.1568442,Styphnolobium japonicum,27.87276414,2,Cool
0176998AR,428615.649,4579861.19,41.3670985,2.146463,Styphnolobium japonicum,29.92673173,3,Warm
0177020AR,429091.799,4579963.88,41.3680655,2.1521437,Styphnolobium japonicum,27.36005511,1,Coolest
0177023AR,428602.955,4580101.433,41.3692612,2.146283,Styphnolobium japonicum,27.89913294,2,Cool
0177027AR,429040.101,4579981.261,41.3682175,2.1515236,Styphnolobium japonicum,27.19372899,1,Coolest
0177031AR,428667.389,4579890.943,41.3673711,2.1470781,Styphnolobium japonicum,29.39801718,3,Warm
0177037AR,428831.52,4579959.47,41.3680028,2.1490324,Styphnolobium japonicum,27.96445681,2,Cool
0177041AR,429059.749,4580008.683,41.3684662,2.1517553,Styphnolobium japonicum,27.32937637,1,Coolest
0177054AR,428621.178,4579863.486,41.3671197,2.1465289,Styphnolobium japonicum,29.91497473,3,Warm
0177060AR,429217.925,4580422.881,41.3722107,2.1535981,Styphnolobium japonicum,31.24389678,4,Hottest
0177103AR,428612.76,4579885.207,41.3673146,2.1464257,Styphnolobium japonicum,29.44674479,3,Warm
0177104AR,429061.241,4579986.591,41.3682673,2.1517757,Styphnolobium japonicum,27.23745243,1,Coolest
0177126AR,429036.412,4579979.585,41.368202,2.1514797,Styphnolobium japonicum,27.18671635,1,Coolest
0177135AR,429096.08600000007,4579954.781,41.3679839,2.152196,Styphnolobium japonicum,27.37519141,1,Coolest
0177143AR,428753.744,4579920.923,41.3676487,2.148107,Styphnolobium japonicum,28.51474252,2,Cool
0177158AR,429080.451,4579995.791,41.3683519,2.1520043,Styphnolobium japonicum,27.35678817,1,Coolest
0177183AR,429111.5189999999,4579945.969,41.3679059,2.1523816,Styphnolobium japonicum,27.43507604,1,Coolest
0177192AR,429115.818,4579914.389,41.3676218,2.1524367,Styphnolobium japonicum,27.3351341,1,Coolest
0177194AR,429038.305,4579975.57,41.3681661,2.1515028,Styphnolobium japonicum,27.17144156,1,Coolest
0177212AR,428673.33799999993,4579863.886,41.3671279,2.1471524,Styphnolobium japonicum,29.8354581,3,Warm
0177242AR,428519.387,4579982.445,41.3681821,2.1452979,Styphnolobium japonicum,27.4042273,1,Coolest
0177251AR,428592.644,4579855.024,41.3670409,2.1461887,Styphnolobium japonicum,29.92763173,3,Warm
0177271AR,429104.709,4579936.982,41.3678244,2.1523012,Styphnolobium japonicum,27.35616775,1,Coolest
0177280AR,428568.134,4579048.235,41.3597723,2.1459907,Styphnolobium japonicum,28.85437864,2,Cool
0177298AR,428940.348,4580025.608,41.3686081,2.1503257,Styphnolobium japonicum,27.44303341,1,Coolest
0177307AR,429065.299,4579973.07,41.3681459,2.1518258,Styphnolobium japonicum,27.20134761,1,Coolest
0177328AR,428558.875,4580069.886,41.3689731,2.1457597,Styphnolobium japonicum,27.61052606,1,Coolest
0177333AR,428666.669,4579863.218,41.3671213,2.1470728,Styphnolobium japonicum,29.88791792,3,Warm
0177335AR,429059.151,4579990.461,41.368302,2.1517503,Styphnolobium japonicum,27.25270046,1,Coolest
0177338AR,428651.239,4579861.577,41.3671051,2.1468885,Styphnolobium japonicum,29.94752857,3,Warm
0177343AR,429107.16,4579955.046,41.3679873,2.1523284,Styphnolobium japonicum,27.45462615,1,Coolest
0177352AR,428762.524,4579925.266,41.3676886,2.1482115,Styphnolobium japonicum,28.44232975,2,Cool
0177359AR,428547.92,4580056.765,41.368854,2.1456302,Styphnolobium japonicum,27.52002405,1,Coolest
0177375AR,428454.475,4579614.284,41.3648604,2.1445652,Styphnolobium japonicum,30.18352043,3,Warm
0177388AR,428574.069,4579852.096,41.3670129,2.145967,Styphnolobium japonicum,29.69536998,3,Warm
0177395AR,429475.6990000001,4580183.663,41.3700787,2.156708,Styphnolobium japonicum,27.78497472,1,Coolest
0177399AR,429274.084,4580309.272,41.3711924,2.1542828,Styphnolobium japonicum,31.13209845,4,Hottest
0177408AR,428610.019,4579859.132,41.3670795,2.146396,Styphnolobium japonicum,29.92372319,3,Warm
0177419AR,429047.931,4579985.164,41.3682533,2.1516167,Styphnolobium japonicum,27.20701126,1,Coolest
0177426AR,428775.101,4579940.571,41.3678276,2.1483601,Styphnolobium japonicum,28.32571813,2,Cool
0177431AR,428836.489,4579962.06,41.3680266,2.1490915,Styphnolobium japonicum,27.92316839,2,Cool
0177449AR,429076.923,4579994.375,41.3683388,2.1519623,Styphnolobium japonicum,27.3414965,1,Coolest
0177465AR,429058.228,4579919.29,41.3676609,2.1517476,Styphnolobium japonicum,27.0354634,1,Coolest
0177473AR,429075.905,4579973.784,41.3681533,2.1519525,Styphnolobium japonicum,27.25773275,1,Coolest
0177503AR,429071.124,4579996.133,41.3683542,2.1518927,Styphnolobium japonicum,27.32686463,1,Coolest
0177548AR,429269.595,4580318.411,41.3712743,2.154228,Styphnolobium japonicum,31.2243518,4,Hottest
0177554AR,428933.961,4580009.106,41.3684589,2.1502513,Styphnolobium japonicum,27.39824266,1,Coolest
0177577AR,429069.525,4579941.404,41.3678611,2.15188,Styphnolobium japonicum,27.15601417,1,Coolest
0177590AR,429051.841,4580004.924,41.3684316,2.1516612,Styphnolobium japonicum,27.31135598,1,Coolest
0177591AR,429074.077,4579977.631,41.3681878,2.1519302,Styphnolobium japonicum,27.2705675,1,Coolest
0177609AR,429225.872,4580407.064,41.3720689,2.1536949,Styphnolobium japonicum,31.21500518,4,Hottest
0177654AR,428584.517,4579862.473,41.3671073,2.1460907,Styphnolobium japonicum,29.61810782,3,Warm
0177657AR,429056.329,4579968.83,41.3681069,2.151719,Styphnolobium japonicum,27.15952545,1,Coolest
0177687AR,429049.4859999999,4579960.42,41.3680306,2.1516382,Styphnolobium japonicum,27.11817956,1,Coolest
0177690AR,429055.431,4579988.521,41.3682842,2.151706,Styphnolobium japonicum,27.23258788,1,Coolest
0177691AR,429067.313,4580012.479,41.368501,2.1518453,Styphnolobium japonicum,27.38081498,1,Coolest
0177695AR,429473.678,4580187.659,41.3701145,2.1566834,Styphnolobium japonicum,27.90505088,2,Cool
0177699AR,429471.556,4580191.472,41.3701487,2.1566576,Styphnolobium japonicum,27.929995,2,Cool
0177718AR,429052.039,4579932.184,41.3677765,2.151672,Styphnolobium japonicum,27.04679681,1,Coolest
0177719AR,428536.646,4579848.215,41.3669746,2.14552,Styphnolobium japonicum,29.15577057,3,Warm
0177730AR,429276.537,4580304.688,41.3711513,2.1543127,Styphnolobium japonicum,31.0426811,4,Hottest
0177735AR,428990.274,4580022.36,41.3685832,2.150923,Styphnolobium japonicum,27.39704506,1,Coolest
0177737AR,428965.131,4580046.519,41.3687986,2.1506196,Styphnolobium japonicum,27.56663183,1,Coolest
0177754AR,429074.834,4579998.585,41.3683766,2.1519368,Styphnolobium japonicum,27.35672134,1,Coolest
0177809AR,428915.968,4580013.184,41.368494,2.1500357,Styphnolobium japonicum,27.43858159,1,Coolest
0177813AR,429062.72800000006,4579932.97,41.3677845,2.1517998,Styphnolobium japonicum,27.07455716,1,Coolest
0177830AR,428747.7650000001,4579917.761,41.3676197,2.1480359,Styphnolobium japonicum,28.57769566,2,Cool
0177845AR,428638.914,4579867.642,41.3671587,2.1467404,Styphnolobium japonicum,29.88267993,3,Warm
0177852AR,429095.788,4579932.429,41.3677826,2.1521951,Styphnolobium japonicum,27.28988019,1,Coolest
0177858AR,428631.86400000006,4579887.275,41.3673349,2.1466538,Styphnolobium japonicum,29.47788583,3,Warm
0177881AR,429093.588,4579937.142,41.3678248,2.1521682,Styphnolobium japonicum,27.28459072,1,Coolest
0177891AR,429021.435,4579972.354,41.3681356,2.1513015,Styphnolobium japonicum,27.15916797,1,Coolest
0177907AR,429087.426,4579950.139,41.3679413,2.152093,Styphnolobium japonicum,27.24987779,1,Coolest
0177910AR,428966.532,4580050.378,41.3688335,2.1506359,Styphnolobium japonicum,27.62098543,1,Coolest
0177915AR,429467.495,4580199.264,41.3702185,2.1566081,Styphnolobium japonicum,28.09838953,2,Cool
0177920AR,428644.654,4579868.455,41.3671665,2.1468089,Styphnolobium japonicum,29.87556177,3,Warm
0177925AR,429258.084,4580341.799,41.3714839,2.1540877,Styphnolobium japonicum,31.24697033,4,Hottest
0177932AR,429281.718,4580650.517,41.3742665,2.1543343,Styphnolobium japonicum,31.33219931,4,Hottest
0177935AR,429080.3080000001,4579942.033,41.3678677,2.1520089,Styphnolobium japonicum,27.18405742,1,Coolest
0177977AR,428549.356,4579849.049,41.3669833,2.1456719,Styphnolobium japonicum,29.36961569,3,Warm
0177983AR,429078.16899999994,4579923.63,41.3677018,2.1519855,Styphnolobium japonicum,27.10844422,1,Coolest
0177984AR,428666.517,4579869.008,41.3671734,2.1470703,Styphnolobium japonicum,29.8115157,3,Warm
0177999AR,428867.813,4579977.838,41.3681714,2.1494641,Styphnolobium japonicum,27.70364486,1,Coolest
0178008AR,429287.536,4580282.349,41.370951,2.1544468,Styphnolobium japonicum,30.73220558,4,Hottest
0178030AR,429023.391,4579968.639,41.3681023,2.1513253,Styphnolobium japonicum,27.14514226,1,Coolest
0178040AR,428974.782,4580023.624,41.3685933,2.1507377,Styphnolobium japonicum,27.41407812,1,Coolest
0178043AR,429106.808,4579909.969,41.3675812,2.1523295,Styphnolobium japonicum,27.24780257,1,Coolest
0178057AR,429008.196,4579961.207,41.368034,2.1511445,Styphnolobium japonicum,27.12545477,1,Coolest
0178073AR,428934.587,4580022.622,41.3685807,2.1502572,Styphnolobium japonicum,27.42805963,1,Coolest
0178082AR,429017.475,4579970.506,41.3681186,2.1512543,Styphnolobium japonicum,27.15657073,1,Coolest
0178101AR,428567.246,4579859.764,41.3670814,2.1458845,Styphnolobium japonicum,29.45706749,3,Warm
0178108AR,429082.48,4579914.515,41.36762,2.1520381,Styphnolobium japonicum,27.10387264,1,Coolest
0178126AR,428535.749,4579857.085,41.3670544,2.1455083,Styphnolobium japonicum,29.0011045,3,Warm
0178136AR,429079.5,4580018.334,41.3685548,2.1519903,Styphnolobium japonicum,27.45395424,1,Coolest
0178142AR,429228.09,4580402.587,41.3720288,2.153722,Styphnolobium japonicum,31.20882205,4,Hottest
0178164AR,429492.201,4580149.687,41.3697742,2.1569092,Styphnolobium japonicum,27.21167881,1,Coolest
0178176AR,428659.547,4579869.936,41.3671812,2.1469868,Styphnolobium japonicum,29.7863763,3,Warm
0180359AR,426932.332,4582228.239,41.3882665,2.1260526,Styphnolobium japonicum,28.83522469,2,Cool
0180371AR,426923.892,4582234.169,41.3883192,2.125951,Styphnolobium japonicum,28.67176323,2,Cool
0180482AR,426926.712,4582225.629,41.3882425,2.1259857,Styphnolobium japonicum,28.7927778,2,Cool
0180613AR,426947.693,4582241.599,41.3883882,2.1262347,Styphnolobium japonicum,28.83884812,2,Cool
0180649AR,426936.118,4582238.13,41.388356,2.1260967,Styphnolobium japonicum,28.76510513,2,Cool
0180689AR,426941.803,4582239.939,41.3883728,2.1261645,Styphnolobium japonicum,28.788494,2,Cool
0180740AR,426944.541,4582232.795,41.3883087,2.1261981,Styphnolobium japonicum,28.83606378,2,Cool
0180839AR,426912.762,4582230.46,41.3882847,2.1258183,Styphnolobium japonicum,28.78915232,2,Cool
0180863AR,426915.522,4582222.34,41.3882119,2.1258523,Styphnolobium japonicum,28.7392393,2,Cool
0180875AR,426920.972,4582224.199,41.3882291,2.1259172,Styphnolobium japonicum,28.77216003,2,Cool
0181920AR,426579.4110000001,4582105.162,41.3871259,2.1218468,Styphnolobium japonicum,29.55886653,3,Warm
0181935AR,426524.566,4582088.398,41.3869699,2.1211929,Styphnolobium japonicum,30.00564299,3,Warm
0181969AR,426538.211,4582092.592,41.3870089,2.1213556,Styphnolobium japonicum,29.93443595,3,Warm
0181975AR,426447.64,4582055.483,41.3866664,2.1202769,Styphnolobium japonicum,29.97948308,3,Warm
0182009AR,426501.515,4582081.619,41.3869067,2.1209181,Styphnolobium japonicum,30.09435055,3,Warm
0182024AR,426444.81,4582063.023,41.3867341,2.1202422,Styphnolobium japonicum,29.98247135,3,Warm
0182047AR,425627.52,4582160.929,41.3875407,2.1104561,Styphnolobium japonicum,30.07875791,3,Warm
0182086AR,426526.754,4582079.93,41.3868938,2.1212201,Styphnolobium japonicum,29.95720979,3,Warm
0182142AR,426519.971,4582087.242,41.3869591,2.1211381,Styphnolobium japonicum,30.0397054,3,Warm
0182145AR,425349.599,4582062.061,41.3866245,2.1071445,Styphnolobium japonicum,29.34121022,3,Warm
0182184AR,425543.11,4582220.96,41.3880736,2.1094392,Styphnolobium japonicum,29.444887,3,Warm
0182208AR,425586.998,4581901.349,41.385199,2.1100033,Styphnolobium japonicum,29.88311289,3,Warm
0182272AR,426509.07,4582075.17,41.3868493,2.1210092,Styphnolobium japonicum,30.04299373,3,Warm
0182286AR,425313.356,4583040.643,41.3954348,2.1065904,Styphnolobium japonicum,27.77559227,1,Coolest
0182353AR,426503.623,4582073.289,41.3868319,2.1209443,Styphnolobium japonicum,30.03711707,3,Warm
0182362AR,426554.521,4582105.462,41.3871263,2.1215491,Styphnolobium japonicum,29.8144948,3,Warm
0182414AR,425540.46,4582223.92,41.3881,2.1094072,Styphnolobium japonicum,29.4350789,3,Warm
0182432AR,425472.191,4582336.871,41.389111,2.1085768,Styphnolobium japonicum,29.23400014,3,Warm
0182433AR,426488.972,4582083.734,41.3869246,2.1207678,Styphnolobium japonicum,30.12419559,3,Warm
0182469AR,425648.33,4582147.359,41.3874204,2.1107066,Styphnolobium japonicum,30.19350565,3,Warm
0182518AR,426967.595,4582527.85,41.3909682,2.1264382,Styphnolobium japonicum,27.9349869,2,Cool
0182557AR,425659.96,4582139.269,41.3873486,2.1108467,Styphnolobium japonicum,30.24282726,4,Hottest
0182558AR,425463.761,4582329.571,41.3890444,2.1084769,Styphnolobium japonicum,29.2941439,3,Warm
0182579AR,426505.212,4582089.54,41.3869784,2.1209613,Styphnolobium japonicum,30.13154162,3,Warm
0182587AR,425498.981,4582297.31,41.3887571,2.1089021,Styphnolobium japonicum,29.28019988,3,Warm
0182653AR,425535.53,4582212.18,41.3879938,2.1093496,Styphnolobium japonicum,29.48160064,3,Warm
0182658AR,425664.61,4582136.189,41.3873213,2.1109027,Styphnolobium japonicum,30.23150901,3,Warm
0182672AR,426569.751,4582094.192,41.3870262,2.1217326,Styphnolobium japonicum,29.61194478,3,Warm
0182695AR,426450.79,4582064.283,41.386746,2.1203135,Styphnolobium japonicum,30.01325966,3,Warm
0182705AR,425298.289,4582096.912,41.3869336,2.1065266,Styphnolobium japonicum,29.74249002,3,Warm
0182706AR,425509.83,4582248.45,41.3883181,2.1090378,Styphnolobium japonicum,29.31147409,3,Warm
0182721AR,426470.9099999999,4582061.773,41.3867252,2.1205545,Styphnolobium japonicum,30.02943017,3,Warm
0182760AR,425329.539,4582075.851,41.3867468,2.1069029,Styphnolobium japonicum,29.47004447,3,Warm
0182830AR,426458.33,4582057.683,41.3866872,2.1204045,Styphnolobium japonicum,30.04237957,3,Warm
0182836AR,425380.519,4582055.611,41.3865693,2.1075151,Styphnolobium japonicum,29.35704821,3,Warm
0182869AR,426468.081,4582069.313,41.3867928,2.1205197,Styphnolobium japonicum,30.06704621,3,Warm
0182890AR,425705.41,4582108.779,41.3870782,2.111394,Styphnolobium japonicum,30.15983623,3,Warm
0182916AR,426462.11,4582068.683,41.3867866,2.1204484,Styphnolobium japonicum,30.07995443,3,Warm
0183039AR,425524.71,4582244.58,41.3882846,2.1092163,Styphnolobium japonicum,29.33766541,3,Warm
0183059AR,426564.101,4582092.102,41.3870069,2.1216653,Styphnolobium japonicum,29.67273588,3,Warm
0183095AR,425736.16,4582088.288,41.3868965,2.1117642,Styphnolobium japonicum,30.08454601,3,Warm
0183131AR,426456.45,4582066.483,41.3867663,2.120381,Styphnolobium japonicum,30.06382681,3,Warm
0183157AR,425435.018,4582004.19,41.3861112,2.1081732,Styphnolobium japonicum,29.42542251,3,Warm
0183172AR,426581.241,4582098.062,41.3870621,2.1218695,Styphnolobium japonicum,29.39350154,3,Warm
0183195AR,425415.60900000005,4582030.831,41.3863494,2.1079378,Styphnolobium japonicum,29.45839639,3,Warm
0183223AR,426476.26,4582063.653,41.3867426,2.1206182,Styphnolobium japonicum,30.04343531,3,Warm
0183237AR,425474.861,4582315.551,41.3889192,2.1086113,Styphnolobium japonicum,29.29451073,3,Warm
0183288AR,426540.891,4582084.942,41.3869403,2.1213886,Styphnolobium japonicum,29.86559948,3,Warm
0183289AR,426704.478,4582429.909,41.3900621,2.1233032,Styphnolobium japonicum,27.69963365,1,Coolest
0183309AR,425471.041,4582320.441,41.3889629,2.1085651,Styphnolobium japonicum,29.29460382,3,Warm
0183323AR,426533.181,4582091.332,41.3869971,2.1212956,Styphnolobium japonicum,29.96624367,3,Warm
0183335AR,425490.021,4582312.47,41.3888928,2.108793,Styphnolobium japonicum,29.27183389,3,Warm
0183404AR,426546.371,4582086.422,41.3869541,2.1214539,Styphnolobium japonicum,29.82082758,3,Warm
0183416AR,426561.481,4582099.982,41.3870776,2.121633,Styphnolobium japonicum,29.72644571,3,Warm
0183479AR,425590.08,4582186.2,41.3877648,2.1100052,Styphnolobium japonicum,29.80272838,3,Warm
0183504AR,426492.644,4582085.063,41.3869369,2.1208115,Styphnolobium japonicum,30.12441121,3,Warm
0183514AR,426566.931,4582101.482,41.3870916,2.121698,Styphnolobium japonicum,29.67860159,3,Warm
0183518AR,425730.69,4582091.848,41.3869281,2.1116984,Styphnolobium japonicum,30.08879263,3,Warm
0183525AR,426532.401,4582098.022,41.3870573,2.1212854,Styphnolobium japonicum,29.99440484,3,Warm
0183573AR,425496.3009999999,4582302.34,41.3888022,2.1088694,Styphnolobium japonicum,29.28300074,3,Warm
0183612AR,426555.811,4582098.142,41.3870605,2.1215654,Styphnolobium japonicum,29.75715161,3,Warm
0183625AR,426508.817,4582090.969,41.3869916,2.1210042,Styphnolobium japonicum,30.12793825,3,Warm
0183639AR,426522.911,4582078.602,41.3868815,2.1211743,Styphnolobium japonicum,29.9654047,3,Warm
0183668AR,425458.928,4581988.24,41.3859698,2.1084611,Styphnolobium japonicum,29.49190611,3,Warm
0183670AR,426479.92,4582073.918,41.3868354,2.1206607,Styphnolobium japonicum,30.08255448,3,Warm
0183684AR,425392.869,4582046.161,41.3864853,2.1076639,Styphnolobium japonicum,29.38282625,3,Warm
0183727AR,425487.291,4582295.21,41.3887371,2.1087625,Styphnolobium japonicum,29.2962982,3,Warm
0183771AR,425504.491,4582286.37,41.3886591,2.1089693,Styphnolobium japonicum,29.29039721,3,Warm
0183821AR,426499.269,4582072.093,41.3868207,2.1208924,Styphnolobium japonicum,30.04146705,3,Warm
0183828AR,425374.369,4582058.831,41.3865977,2.1074411,Styphnolobium japonicum,29.33876763,3,Warm
0183866AR,427032.195,4582535.309,41.3910412,2.1272099,Styphnolobium japonicum,27.92823258,2,Cool
0183929AR,426514.335,4582076.5,41.3868618,2.121072,Styphnolobium japonicum,30.02921292,3,Warm
0183990AR,425520.22,4582252.95,41.3883596,2.1091615,Styphnolobium japonicum,29.30059216,3,Warm
0184037AR,425409.569,4582034.881,41.3863853,2.107865,Styphnolobium japonicum,29.44093702,3,Warm
0184051AR,426543.871,4582094.792,41.3870292,2.121423,Styphnolobium japonicum,29.88835971,3,Warm
0184073AR,426506.88,4582082.894,41.3869187,2.1209821,Styphnolobium japonicum,30.09605362,3,Warm
0184090AR,426486.011,4582075.923,41.386854,2.1207333,Styphnolobium japonicum,30.09575484,3,Warm
0184108AR,425293.586,4582099.375,41.3869554,2.10647,Styphnolobium japonicum,29.77628169,3,Warm
0184114AR,427034.165,4582578.519,41.3914306,2.1272283,Styphnolobium japonicum,27.80372945,1,Coolest
0184146AR,426522.031,4582094.672,41.3870262,2.1211618,Styphnolobium japonicum,30.05470201,3,Warm
0184168AR,425480.931,4582305.811,41.388832,2.1086851,Styphnolobium japonicum,29.29983375,3,Warm
0184218AR,425313.329,4582086.731,41.3868433,2.1067077,Styphnolobium japonicum,29.60253532,3,Warm
0184289AR,425304.779,4582092.512,41.3868946,2.1066048,Styphnolobium japonicum,29.67547646,3,Warm
0184317AR,426552.181,4582088.252,41.3869711,2.1215232,Styphnolobium japonicum,29.76610739,3,Warm
0184346AR,425536.88,4582227.49,41.3881318,2.1093639,Styphnolobium japonicum,29.40556857,3,Warm
0184373AR,426493.413,4582069.591,41.3867977,2.1208226,Styphnolobium japonicum,30.04803699,3,Warm
0184377AR,425516.31,4582236.33,41.3882095,2.1091168,Styphnolobium japonicum,29.35491751,3,Warm
0184405AR,425410.549,4582020.691,41.3862576,2.1078785,Styphnolobium japonicum,29.3758013,3,Warm
0184406AR,425385.749,4582037.671,41.3864082,2.1075798,Styphnolobium japonicum,29.32170935,3,Warm
0184411AR,425493.028,4581965.19,41.3857653,2.1088717,Styphnolobium japonicum,29.62431966,3,Warm
0184449AR,426549.531,4582096.992,41.3870496,2.1214904,Styphnolobium japonicum,29.82942593,3,Warm
0184470AR,425476.081,4582332.151,41.3890688,2.1086239,Styphnolobium japonicum,29.25440598,3,Warm
0184494AR,425501.731,4582292.01,41.3887097,2.1089356,Styphnolobium japonicum,29.28324797,3,Warm
0184504AR,425398.229,4582029.241,41.3863334,2.1077301,Styphnolobium japonicum,29.3355658,3,Warm
0184510AR,425562.968,4581917.609,41.3853433,2.109714,Styphnolobium japonicum,29.78382294,3,Warm
0184541AR,425476.428,4581976.3,41.3858639,2.1086718,Styphnolobium japonicum,29.57606516,3,Warm
0184550AR,425694.79,4582115.899,41.3871414,2.1112661,Styphnolobium japonicum,30.21322338,3,Warm
0184552AR,425468.051,4582341.151,41.3891491,2.1085268,Styphnolobium japonicum,29.2263211,3,Warm
0184573AR,426550.861,4582104.162,41.3871143,2.1215055,Styphnolobium japonicum,29.84066273,3,Warm
0184579AR,426575.671,4582095.902,41.3870421,2.1218032,Styphnolobium japonicum,29.4578398,3,Warm
0184588AR,426546.321,4582102.712,41.3871008,2.1214513,Styphnolobium japonicum,29.87968361,3,Warm
0184674AR,425484.221,4582300.27,41.3887824,2.1087252,Styphnolobium japonicum,29.30229101,3,Warm
0184677AR,425386.876,4582051.322,41.3865312,2.1075916,Styphnolobium japonicum,29.38083256,3,Warm
0184722AR,425508.908,4581954.39,41.3856695,2.1090629,Styphnolobium japonicum,29.66408564,3,Warm
0184749AR,425403.789,4582039.021,41.386422,2.1077954,Styphnolobium japonicum,29.40619204,3,Warm
0184761AR,425519.42,4582231.52,41.3881665,2.1091546,Styphnolobium japonicum,29.36620781,3,Warm
0184767AR,425517.8,4582257.52,41.3884005,2.109132,Styphnolobium japonicum,29.29664922,3,Warm
0184787AR,425568.298,4581914.129,41.3853124,2.1097781,Styphnolobium japonicum,29.81306867,3,Warm
0184806AR,425308.439,4582089.941,41.3868718,2.1066488,Styphnolobium japonicum,29.62939641,3,Warm
0184822AR,425328.666,4583044.963,41.3954751,2.106773,Styphnolobium japonicum,27.85062136,2,Cool
0184890AR,427001.915,4582539.109,41.3910727,2.1268473,Styphnolobium japonicum,27.85890979,2,Cool
0185024AR,426474.061,4582072.463,41.3868218,2.1205908,Styphnolobium japonicum,30.07149075,3,Warm
0185030AR,425522.46,4582248.29,41.3883178,2.1091889,Styphnolobium japonicum,29.3154009,3,Warm
0185100AR,426496.78,4582086.343,41.3869488,2.1208609,Styphnolobium japonicum,30.121414,3,Warm
0185103AR,425467.341,4582325.211,41.3890055,2.1085202,Styphnolobium japonicum,29.30260353,3,Warm
0185155AR,425525.45,4582224.03,41.3880996,2.1092276,Styphnolobium japonicum,29.40720116,3,Warm
0185228AR,425597.42,4582181.459,41.3877228,2.1100936,Styphnolobium japonicum,29.87289655,3,Warm
0185257AR,425620.03,4582166.209,41.3875876,2.1103658,Styphnolobium japonicum,30.05661104,3,Warm
0185283AR,427039.275,4582561.799,41.3912805,2.1272914,Styphnolobium japonicum,27.87750092,2,Cool
0185305AR,426527.141,4582096.532,41.3870434,2.1212227,Styphnolobium japonicum,30.01494208,3,Warm
0185349AR,426497.07,4582079.603,41.3868882,2.1208651,Styphnolobium japonicum,30.07578478,3,Warm
0185428AR,426584.76100000006,4582107.052,41.3871434,2.1219105,Styphnolobium japonicum,29.48816787,3,Warm
0185434AR,425446.388,4581996.68,41.3860446,2.1083101,Styphnolobium japonicum,29.4420376,3,Warm
0185443AR,426564.661,4582108.662,41.3871561,2.12167,Styphnolobium japonicum,29.71451405,3,Warm
0185460AR,426956.325,4582523.6,41.3909289,2.1263039,Styphnolobium japonicum,27.97513865,2,Cool
0185491AR,425513.89,4582240.77,41.3882493,2.1090873,Styphnolobium japonicum,29.32535765,3,Warm
0185498AR,426558.021,4582090.702,41.3869937,2.1215927,Styphnolobium japonicum,29.7160742,3,Warm
0185528AR,425499.33799999993,4581960.73,41.3857257,2.1089477,Styphnolobium japonicum,29.63572498,3,Warm
0185535AR,425615.17,4582169.759,41.3876191,2.1103073,Styphnolobium japonicum,30.00845728,3,Warm
0185539AR,426558.4810000001,4582106.682,41.3871377,2.1215963,Styphnolobium japonicum,29.77405305,3,Warm
0185582AR,425483.431,4582322.631,41.3889837,2.108713,Styphnolobium japonicum,29.26825151,3,Warm
0185620AR,425479.861,4582327.661,41.3890287,2.1086697,Styphnolobium japonicum,29.26312806,3,Warm
0185646AR,425521.92,4582227.94,41.3881345,2.1091849,Styphnolobium japonicum,29.37730488,3,Warm
0185652AR,425490.3410000001,4582290.18,41.3886921,2.1087996,Styphnolobium japonicum,29.29669662,3,Warm
0185698AR,425369.319,4582048.701,41.386506,2.107382,Styphnolobium japonicum,29.29081097,3,Warm
0185715AR,426491.178,4582077.749,41.3868709,2.1207949,Styphnolobium japonicum,30.10260643,3,Warm
0185737AR,425477.961,4582310.791,41.3888766,2.108649,Styphnolobium japonicum,29.29932652,3,Warm
0185741AR,425532.21,4582215.83,41.3880264,2.1093095,Styphnolobium japonicum,29.47087236,3,Warm
0185746AR,425669.39,4582133.039,41.3872934,2.1109602,Styphnolobium japonicum,30.23647803,4,Hottest
0185799AR,425530.24,4582236.48,41.3882122,2.1092834,Styphnolobium japonicum,29.36168485,3,Warm
0185855AR,425492.941,4582284.98,41.3886455,2.1088313,Styphnolobium japonicum,29.29167692,3,Warm
0185865AR,425533.51000000007,4582232.09,41.3881729,2.109323,Styphnolobium japonicum,29.38930724,3,Warm
0185876AR,426487.891,4582067.743,41.3867805,2.1207568,Styphnolobium japonicum,30.05876807,3,Warm
0185886AR,425487.001,4582317.5,41.3889379,2.1087563,Styphnolobium japonicum,29.26761388,3,Warm
0185888AR,425464.821,4582345.581,41.3891887,2.1084876,Styphnolobium japonicum,29.22260033,3,Warm
0185913AR,426573.021,4582103.782,41.3871129,2.1217705,Styphnolobium japonicum,29.60996542,3,Warm
0186486AR,427890.125,4583632.254,41.4009984,2.1373401,Styphnolobium japonicum,28.44575375,2,Cool
0186522AR,427888.853,4583459.394,41.3994414,2.1373455,Styphnolobium japonicum,28.51185574,2,Cool
0186559AR,427890.125,4583647.584,41.4011364,2.1373383,Styphnolobium japonicum,28.40508949,2,Cool
0186751AR,428060.095,4583603.003,41.4007501,2.1393768,Styphnolobium japonicum,28.74590138,2,Cool
0188196AR,427737.192,4583074.462,41.3959608,2.1355773,Styphnolobium japonicum,28.20974353,2,Cool
0188207AR,428108.388,4582776.348,41.3933091,2.1400526,Styphnolobium japonicum,28.55979103,2,Cool
0188208AR,428002.208,4582734.759,41.392925,2.1387876,Styphnolobium japonicum,28.1909827,2,Cool
0188211AR,427651.963,4583160.112,41.3967246,2.1345477,Styphnolobium japonicum,28.34815769,2,Cool
0188215AR,428210.382,4583243.961,41.3975298,2.141217,Styphnolobium japonicum,28.82558958,2,Cool
0188222AR,428079.058,4582766.589,41.3932186,2.1397029,Styphnolobium japonicum,28.70032285,2,Cool
0188235AR,428312.237,4583860.891,41.4030953,2.1423623,Styphnolobium japonicum,28.68393692,2,Cool
0188253AR,429023.921,4582929.225,41.3947673,2.1509848,Styphnolobium japonicum,29.25209202,3,Warm
0188258AR,428706.893,4583299.718,41.3980762,2.1471493,Styphnolobium japonicum,28.86780004,2,Cool
0188263AR,427855.442,4583028.381,41.3955564,2.1369972,Styphnolobium japonicum,28.28004541,2,Cool
0188264AR,428169.964,4583496.452,41.3998003,2.1407036,Styphnolobium japonicum,29.21243663,3,Warm
0188281AR,427963.865,4583683.014,41.4014621,2.1382162,Styphnolobium japonicum,28.37428754,2,Cool
0188282AR,428227.679,4582815.747,41.3936746,2.1414747,Styphnolobium japonicum,27.90967564,2,Cool
0188292AR,428034.178,4582766.909,41.3932174,2.1391661,Styphnolobium japonicum,28.66562563,2,Cool
0188294AR,428790.932,4583173.477,41.3969466,2.1481694,Styphnolobium japonicum,29.19344667,3,Warm
0188307AR,428576.55,4582885.508,41.394334,2.1456391,Styphnolobium japonicum,28.93026178,3,Warm
0188318AR,428962.841,4582990.875,41.3953172,2.1502471,Styphnolobium japonicum,30.05543426,3,Warm
0188331AR,428790.426,4583643.727,41.4011819,2.148108,Styphnolobium japonicum,29.10102218,3,Warm
0188342AR,428294.6219999999,4583182.551,41.3969842,2.1422319,Styphnolobium japonicum,29.22001989,3,Warm
0188343AR,428220.149,4582831.148,41.3938126,2.1413828,Styphnolobium japonicum,27.78902838,1,Coolest
0188347AR,428311.969,4582783.327,41.3933901,2.1424867,Styphnolobium japonicum,28.60043024,2,Cool
0188356AR,428381.143,4583261.91,41.3977067,2.1432574,Styphnolobium japonicum,29.17488072,3,Warm
0188364AR,428316.66200000007,4583172.68,41.3968973,2.1424967,Styphnolobium japonicum,29.25720134,3,Warm
0188373AR,427788.111,4582872.071,41.3941425,2.1362105,Styphnolobium japonicum,28.95687454,3,Warm
0188390AR,428681.734,4583329.828,41.3983451,2.1468449,Styphnolobium japonicum,28.75622121,2,Cool
0188394AR,427833.492,4583089.731,41.396107,2.1367274,Styphnolobium japonicum,28.1838376,2,Cool
0188395AR,428854.222,4583112.086,41.3963993,2.1489336,Styphnolobium japonicum,29.33559811,3,Warm
0188396AR,428605.976,4583687.859,41.401563,2.1458965,Styphnolobium japonicum,29.21397243,3,Warm
0188397AR,428780.693,4583187.467,41.3970717,2.1480453,Styphnolobium japonicum,29.14913042,3,Warm
0188402AR,428311.153,4583323.131,41.3982519,2.142413,Styphnolobium japonicum,28.9675388,3,Warm
0188417AR,427605.122,4583102.043,41.3961973,2.1339944,Styphnolobium japonicum,28.69463428,2,Cool
0188429AR,428601.12,4583419.696,41.3991474,2.14587,Styphnolobium japonicum,28.85305647,2,Cool
0188430AR,428647.706,4583645.439,41.4011847,2.1464006,Styphnolobium japonicum,29.30174378,3,Warm
0188453AR,428249.558,4582713.407,41.3927548,2.1417485,Styphnolobium japonicum,28.48306391,2,Cool
0188457AR,427638.542,4583409.176,41.3989666,2.1343574,Styphnolobium japonicum,27.97715266,2,Cool
0188473AR,428303.509,4582770.567,41.3932744,2.142387,Styphnolobium japonicum,28.53911306,2,Cool
0188477AR,428490.012,4583131.759,41.3965442,2.144575,Styphnolobium japonicum,28.9634585,3,Warm
0188491AR,428277.399,4582754.317,41.3931258,2.1420766,Styphnolobium japonicum,28.42466576,2,Cool
0188495AR,428167.029,4582811.898,41.3936345,2.1407497,Styphnolobium japonicum,27.92709734,2,Cool
0188497AR,428521.16,4582957.038,41.3949733,2.1449682,Styphnolobium japonicum,29.08347738,3,Warm
0188502AR,428252.022,4583227.481,41.3973851,2.1417171,Styphnolobium japonicum,28.97913196,3,Warm
0188515AR,427753.211,4583230.785,41.3973702,2.1357503,Styphnolobium japonicum,28.11378697,2,Cool
0188522AR,427781.913,4583157.041,41.3967086,2.1361024,Styphnolobium japonicum,28.16474127,2,Cool
0188525AR,427653.322,4583406.296,41.398942,2.1345345,Styphnolobium japonicum,27.92445149,2,Cool
0188546AR,427654.693,4583156.212,41.3966897,2.1345808,Styphnolobium japonicum,28.35225479,2,Cool
0188559AR,428281.633,4583355.871,41.3985441,2.142056,Styphnolobium japonicum,28.94527558,3,Warm
0188570AR,428603.97,4582856.708,41.394077,2.1459705,Styphnolobium japonicum,28.72841476,2,Cool
0188581AR,428773.055,4583517.137,41.4000402,2.1479152,Styphnolobium japonicum,28.76787684,2,Cool
0188583AR,428327.212,4583161.55,41.396798,2.1426242,Styphnolobium japonicum,29.27336391,3,Warm
0188590AR,428196.284,4583451.832,41.3994008,2.1410237,Styphnolobium japonicum,29.18772462,3,Warm
0188593AR,428706.753,4583277.848,41.3978792,2.1471502,Styphnolobium japonicum,28.8908968,3,Warm
0188603AR,427692.532,4583314.075,41.3981149,2.1350146,Styphnolobium japonicum,27.82983996,2,Cool
0188610AR,428467.092,4583169.889,41.3968856,2.1442963,Styphnolobium japonicum,29.07663292,3,Warm
0188611AR,427888.923,4583484.554,41.399668,2.1373433,Styphnolobium japonicum,28.54151016,2,Cool
0188616AR,427741.671,4583251.015,41.3975514,2.1356099,Styphnolobium japonicum,28.06148657,2,Cool
0188630AR,428970.996,4582983.297,41.3952497,2.1503455,Styphnolobium japonicum,29.99321848,3,Warm
0188643AR,427840.012,4583054.381,41.3957892,2.1368096,Styphnolobium japonicum,28.21593086,2,Cool
0188647AR,428000.204,4583553.703,41.4003007,2.1386662,Styphnolobium japonicum,28.70361338,2,Cool
0188660AR,428540.014,4583485.619,41.3997357,2.1451313,Styphnolobium japonicum,29.00020813,3,Warm
0188661AR,428390.515,4583510.541,41.3999469,2.1433401,Styphnolobium japonicum,29.12684802,3,Warm
0188662AR,427654.022,4583381.856,41.3987219,2.1345458,Styphnolobium japonicum,27.84237291,2,Cool
0188667AR,428332.492,4583155.99,41.3967484,2.142688,Styphnolobium japonicum,29.27730109,3,Warm
0188670AR,427804.733,4583140.441,41.3965611,2.1363773,Styphnolobium japonicum,28.17599008,2,Cool
0188682AR,428241.352,4583238.971,41.3974876,2.1415881,Styphnolobium japonicum,28.93507524,3,Warm
0188686AR,428365.091,4583108.45,41.3963231,2.1430836,Styphnolobium japonicum,29.26501608,3,Warm
0188691AR,427958.575,4583676.584,41.4014037,2.1381536,Styphnolobium japonicum,28.38676913,2,Cool
0188694AR,428006.078,4582722.709,41.3928168,2.1388353,Styphnolobium japonicum,28.16703093,2,Cool
0188710AR,428379.742,4583249.26,41.3975926,2.1432422,Styphnolobium japonicum,29.20012799,3,Warm
0188713AR,428405.041,4583079.5,41.3960659,2.1435648,Styphnolobium japonicum,29.18413589,3,Warm
0188716AR,427798.313,4583152.131,41.3966658,2.1362991,Styphnolobium japonicum,28.17587407,2,Cool
0188718AR,427658.343,4583165.842,41.3967768,2.1346233,Styphnolobium japonicum,28.30190272,2,Cool
0188731AR,427968.525,4583688.104,41.4015084,2.1382713,Styphnolobium japonicum,28.36760518,2,Cool
0188734AR,427669.002,4583355.836,41.3984889,2.1347281,Styphnolobium japonicum,27.7841597,1,Coolest
0188740AR,427675.122,4583344.935,41.3983913,2.1348026,Styphnolobium japonicum,27.78526695,1,Coolest
0188744AR,428233.072,4583434.718,41.3992499,2.1414658,Styphnolobium japonicum,29.17331657,3,Warm
0188754AR,428519.04,4582946.578,41.3948789,2.1449441,Styphnolobium japonicum,29.11357683,3,Warm
0188761AR,428467.331,4583000.729,41.395362,2.1443192,Styphnolobium japonicum,29.08986822,3,Warm
0188764AR,428195.872,4583232.601,41.3974262,2.1410448,Styphnolobium japonicum,28.83606168,2,Cool
0188775AR,428014.438,4582694.869,41.3925668,2.1389386,Styphnolobium japonicum,28.25489749,2,Cool
0188791AR,428162.194,4583489.982,41.3997413,2.1406115,Styphnolobium japonicum,29.19511522,3,Warm
0188797AR,427794.601,4582874.391,41.394164,2.1362879,Styphnolobium japonicum,28.97694846,3,Warm
0188809AR,428413.362,4583212.1,41.3972609,2.1436487,Styphnolobium japonicum,29.23061132,3,Warm
0188822AR,427857.841,4582881.15,41.3942306,2.1370434,Styphnolobium japonicum,29.00236673,3,Warm
0188833AR,428656.076,4583636.988,41.4011093,2.1465018,Styphnolobium japonicum,29.30196001,3,Warm
0188837AR,427856.692,4583049.011,41.3957423,2.1370097,Styphnolobium japonicum,28.23329717,2,Cool
0188840AR,427826.912,4583101.281,41.3962104,2.1366473,Styphnolobium japonicum,28.17645229,2,Cool
0188848AR,428213.739,4582828.968,41.3937924,2.1413064,Styphnolobium japonicum,27.78183318,1,Coolest
0188853AR,427771.583,4583173.251,41.3968537,2.1359769,Styphnolobium japonicum,28.16260758,2,Cool
0188859AR,428207.229,4582808.478,41.3936073,2.1412309,Styphnolobium japonicum,27.92430095,2,Cool
0188861AR,428102.729,4582789.398,41.3934261,2.1399833,Styphnolobium japonicum,28.49712965,2,Cool
0188867AR,428106.064,4583552.223,41.4002969,2.1399327,Styphnolobium japonicum,28.9989877,3,Warm
0188871AR,428066.455,4583595.693,41.4006849,2.1394537,Styphnolobium japonicum,28.76881642,2,Cool
0188874AR,428141.919,4582803.258,41.3935545,2.1404504,Styphnolobium japonicum,28.13789648,2,Cool
0188879AR,428326.672,4583148.74,41.3966826,2.1426193,Styphnolobium japonicum,29.2765955,3,Warm
0188899AR,427827.412,4583076.351,41.3959859,2.1366562,Styphnolobium japonicum,28.1816919,2,Cool
0188910AR,428918.472,4583036.586,41.395725,2.149711,Styphnolobium japonicum,29.90390098,3,Warm
0188913AR,428806.233,4583175.997,41.3969707,2.1483521,Styphnolobium japonicum,29.23999045,3,Warm
0188916AR,427908.724,4583588.674,41.4006075,2.1375678,Styphnolobium japonicum,28.55895519,2,Cool
0188931AR,428188.5140000001,4583460.512,41.3994782,2.1409298,Styphnolobium japonicum,29.20048473,3,Warm
0188932AR,427825.472,4583081.351,41.3960308,2.1366324,Styphnolobium japonicum,28.17913414,2,Cool
0188933AR,428618.546,4583675.109,41.4014493,2.1460483,Styphnolobium japonicum,29.24162434,3,Warm
0188942AR,428072.608,4582763.889,41.3931937,2.1396261,Styphnolobium japonicum,28.71574301,2,Cool
0188944AR,427612.433,4583214.303,41.3972091,2.1340684,Styphnolobium japonicum,28.2716419,2,Cool
0188945AR,428348.6290000001,4582858.147,41.3940673,2.1429163,Styphnolobium japonicum,28.95381767,3,Warm
0188950AR,428259.478,4582728.207,41.392889,2.1418654,Styphnolobium japonicum,28.44597113,2,Cool
0188953AR,428321.942,4583167.12,41.3968477,2.1425605,Styphnolobium japonicum,29.26570678,3,Warm
0188964AR,428582.04,4582879.748,41.3942826,2.1457055,Styphnolobium japonicum,28.88400185,2,Cool
0188974AR,427715.292,4583086.262,41.3960651,2.135314,Styphnolobium japonicum,28.26240045,2,Cool
0188986AR,428629.031,4582982.888,41.3952157,2.1462554,Styphnolobium japonicum,28.98208267,3,Warm
0188991AR,428550.98399999994,4583473.499,41.3996275,2.145264,Styphnolobium japonicum,28.9498706,3,Warm
0189009AR,428595.54300000006,4583404.732,41.3990121,2.1458051,Styphnolobium japonicum,28.81627348,2,Cool
0189011AR,427657.423,4583152.322,41.3966549,2.1346139,Styphnolobium japonicum,28.35932583,2,Cool
0189018AR,427656.982,4583376.586,41.3986747,2.1345819,Styphnolobium japonicum,27.82355988,1,Coolest
0189021AR,427850.812,4583036.251,41.3956269,2.1369409,Styphnolobium japonicum,28.25799617,2,Cool
0189036AR,428577.08,4583424.621,41.3991896,2.1455819,Styphnolobium japonicum,28.89195072,3,Warm
0189044AR,427565.533,4583202.653,41.3970999,2.1335088,Styphnolobium japonicum,28.5705654,2,Cool
0189061AR,428027.458,4582764.629,41.3931963,2.139086,Styphnolobium japonicum,28.64608737,2,Cool
0189078AR,428305.302,4583171.28,41.3968837,2.142361,Styphnolobium japonicum,29.2420971,3,Warm
0189082AR,428368.071,4583118.48,41.3964137,2.143118,Styphnolobium japonicum,29.27692911,3,Warm
0189088AR,428455.641,4583026.439,41.3955925,2.1441763,Styphnolobium japonicum,29.0634792,3,Warm
0189090AR,427857.192,4583024.621,41.3955227,2.1370186,Styphnolobium japonicum,28.28953139,2,Cool
0189094AR,428733.193,4583268.757,41.3977996,2.1474676,Styphnolobium japonicum,28.94571681,3,Warm
0189103AR,428702.943,4583304.628,41.39812,2.1471015,Styphnolobium japonicum,28.85155221,2,Cool
0189110AR,428051.328,4582771.999,41.3932648,2.1393706,Styphnolobium japonicum,28.70229914,2,Cool
0189116AR,428252.789,4582825.167,41.3937617,2.1417739,Styphnolobium japonicum,27.9864406,2,Cool
0189119AR,427689.172,4583320.395,41.3981715,2.1349736,Styphnolobium japonicum,27.81519517,1,Coolest
0189129AR,428327.643,4583306.26,41.3981014,2.1426122,Styphnolobium japonicum,28.99025039,3,Warm
0189139AR,427809.651,4582867.211,41.3941007,2.1364687,Styphnolobium japonicum,29.04764921,3,Warm
0189140AR,427800.953,4583147.231,41.396622,2.1363313,Styphnolobium japonicum,28.17448729,2,Cool
0189148AR,429028.941,4582924.095,41.3947216,2.1510455,Styphnolobium japonicum,29.18475019,3,Warm
0189160AR,427964.485,4583676.484,41.4014034,2.1382243,Styphnolobium japonicum,28.39760148,2,Cool
0189166AR,427665.862,4583360.766,41.398533,2.13469,Styphnolobium japonicum,27.7939164,1,Coolest
0189171AR,428310.642,4583165.64,41.3968334,2.1424255,Styphnolobium japonicum,29.2536167,3,Warm
0189173AR,428733.713,4583246.347,41.3975979,2.1474764,Styphnolobium japonicum,28.96758975,3,Warm
0189178AR,427800.583,4583124.421,41.3964165,2.1363296,Styphnolobium japonicum,28.1631891,2,Cool
0189181AR,428534.081,4583084.709,41.3961243,2.1451077,Styphnolobium japonicum,28.8306759,2,Cool
0189201AR,428369.861,4583103.39,41.396278,2.1431412,Styphnolobium japonicum,29.25728928,3,Warm
0189222AR,428272.408,4582725.157,41.3928627,2.1420204,Styphnolobium japonicum,28.48261245,2,Cool
0189228AR,428598.48999999993,4582862.468,41.3941284,2.1459043,Styphnolobium japonicum,28.77103526,2,Cool
0189247AR,428038.837,4582621.999,41.3919127,2.1392391,Styphnolobium japonicum,28.15706811,2,Cool
0189252AR,428556.89,4582919.608,41.3946394,2.1454,Styphnolobium japonicum,29.04661706,3,Warm
0189253AR,427763.971,4583211.585,41.3971982,2.1358813,Styphnolobium japonicum,28.14001368,2,Cool
0189259AR,428017.418,4582745.769,41.3930255,2.1389682,Styphnolobium japonicum,28.52252094,2,Cool
0189269AR,428958.271,4582995.555,41.3953589,2.1501919,Styphnolobium japonicum,30.03994311,3,Warm
0189271AR,427640.583,4583190.533,41.3969975,2.1344079,Styphnolobium japonicum,28.2763012,2,Cool
0189283AR,427839.1319999999,4583079.521,41.3960155,2.136796,Styphnolobium japonicum,28.19056931,2,Cool
0189285AR,428292.691,4583071.66,41.3959853,2.142222,Styphnolobium japonicum,29.15101753,3,Warm
0189289AR,428398.3410000001,4583073.42,41.3960106,2.1434854,Styphnolobium japonicum,29.17533481,3,Warm
0189295AR,428299.279,4582764.187,41.3932166,2.1423372,Styphnolobium japonicum,28.52184167,2,Cool
0189297AR,428213.394,4583447.832,41.3993663,2.1412289,Styphnolobium japonicum,29.18803939,3,Warm
0189299AR,428564.111,4583065.788,41.3959566,2.1454691,Styphnolobium japonicum,28.83756345,2,Cool
0189315AR,427616.353,4583209.383,41.3971651,2.1341159,Styphnolobium japonicum,28.29007642,2,Cool
0189336AR,427742.923,4583225.662,41.3973231,2.1356279,Styphnolobium japonicum,28.10034235,2,Cool
0189341AR,428675.9540000001,4583336.538,41.398405,2.1467749,Styphnolobium japonicum,28.74420228,2,Cool
0189349AR,428412.871,4583057.959,41.3958726,2.143661,Styphnolobium japonicum,29.15252369,3,Warm
0189351AR,428238.194,4583419.811,41.3991161,2.1415288,Styphnolobium japonicum,29.13454552,3,Warm
0189358AR,428494.621,4582972.259,41.395108,2.144649,Styphnolobium japonicum,29.10612104,3,Warm
0189366AR,428690.833,4583319.458,41.3982525,2.1469549,Styphnolobium japonicum,28.77526476,2,Cool
0189369AR,427788.633,4583172.901,41.396852,2.1361809,Styphnolobium japonicum,28.17382618,2,Cool
0189387AR,428165.524,4583486.312,41.3997086,2.1406517,Styphnolobium japonicum,29.2020395,3,Warm
0189396AR,428240.193,4583402.201,41.3989577,2.1415549,Styphnolobium japonicum,28.99674522,3,Warm
0189398AR,428937.08200000005,4583017.335,41.3955532,2.1499358,Styphnolobium japonicum,30.10391316,3,Warm
0189408AR,428616.532,4583382.003,41.3988093,2.1460588,Styphnolobium japonicum,28.76240567,2,Cool
0189411AR,428084.468,4582768.378,41.3932352,2.1397674,Styphnolobium japonicum,28.67817695,2,Cool
0189413AR,428372.205,4583557.651,41.4003695,2.1431155,Styphnolobium japonicum,29.26214083,3,Warm
0189429AR,428795.143,4583168.338,41.3969007,2.1482204,Styphnolobium japonicum,29.21238065,3,Warm
0189447AR,428215.992,4583279.191,41.3978476,2.14128,Styphnolobium japonicum,28.81004925,2,Cool
0189458AR,428262.908,4582711.207,41.3927362,2.1419084,Styphnolobium japonicum,28.49975636,2,Cool
0189461AR,428748.303,4583228.997,41.3974429,2.147653,Styphnolobium japonicum,29.01880187,3,Warm
0189474AR,428172.204,4583478.972,41.3996431,2.1407325,Styphnolobium japonicum,29.19844953,3,Warm
0189486AR,428470.461,4583010.709,41.3954522,2.1443554,Styphnolobium japonicum,29.05730309,3,Warm
0189496AR,428422.561,4583047.659,41.3957807,2.1437782,Styphnolobium japonicum,29.11535539,3,Warm
0189514AR,427656.302,4583401.066,41.3988951,2.1345708,Styphnolobium japonicum,27.89461773,2,Cool
0189517AR,427844.562,4583047.141,41.3957244,2.1368648,Styphnolobium japonicum,28.226092,2,Cool
0189532AR,427801.981,4582876.251,41.3941814,2.1363759,Styphnolobium japonicum,29.00327024,3,Warm
0189555AR,428828.945,4583122.693,41.3964926,2.1486301,Styphnolobium japonicum,29.32096065,3,Warm
0189562AR,428002.118,4582679.349,41.392426,2.1387931,Styphnolobium japonicum,27.8979101,2,Cool
0189566AR,428632.607,4583364.353,41.3986517,2.1462532,Styphnolobium japonicum,28.73751603,2,Cool
0189567AR,427753.538,4582848.141,41.3939239,2.1357999,Styphnolobium japonicum,28.80870411,2,Cool
0189578AR,428614.356,4583679.359,41.4014872,2.1459977,Styphnolobium japonicum,29.2252173,3,Warm
0189592AR,428651.271,4582959.247,41.3950047,2.1465241,Styphnolobium japonicum,28.90477483,3,Warm
0189593AR,427818.852,4583092.171,41.3961277,2.136552,Styphnolobium japonicum,28.17206437,2,Cool
0189612AR,428196.409,4582804.758,41.3935728,2.141102,Styphnolobium japonicum,27.93460772,2,Cool
0189617AR,428593.416,4583700.609,41.4016768,2.1457447,Styphnolobium japonicum,29.17784913,3,Warm
0189638AR,427893.391,4582893.35,41.3943436,2.1374672,Styphnolobium japonicum,28.93310891,3,Warm
0189647AR,428125.249,4582797.498,41.3935011,2.1402517,Styphnolobium japonicum,28.28358908,2,Cool
0189648AR,427888.683,4583479.954,41.3996265,2.137341,Styphnolobium japonicum,28.5379791,2,Cool
0189651AR,428801.826,4583649.227,41.4012325,2.1482438,Styphnolobium japonicum,29.09904671,3,Warm
0189653AR,428171.369,4582796.968,41.3935004,2.1408034,Styphnolobium japonicum,28.04655425,2,Cool
0189668AR,427664.3009999999,4583342.369,41.3983672,2.1346735,Styphnolobium japonicum,27.77759195,1,Coolest
0189671AR,428206.554,4583455.752,41.399437,2.1411461,Styphnolobium japonicum,29.2055721,3,Warm
0189681AR,428845.442,4583123.906,41.396505,2.1488272,Styphnolobium japonicum,29.41461397,3,Warm
0189695AR,427703.412,4583046.672,41.3957075,2.1351766,Styphnolobium japonicum,28.30036958,2,Cool
0189707AR,427971.015,4583683.434,41.4014666,2.1383016,Styphnolobium japonicum,28.38182935,2,Cool
0189714AR,428813.976,4583643.237,41.4011796,2.1483898,Styphnolobium japonicum,29.01836004,3,Warm
0189720AR,428440.332,4583198.509,41.3971409,2.1439729,Styphnolobium japonicum,29.17269336,3,Warm
0189725AR,428425.301,4583058.839,41.3958817,2.1438096,Styphnolobium japonicum,29.12329912,3,Warm
0189729AR,428070.605,4583591.123,41.4006441,2.1395039,Styphnolobium japonicum,28.80220933,2,Cool
0189742AR,428269.398,4582743.017,41.3930233,2.1419823,Styphnolobium japonicum,28.4330938,2,Cool
0189749AR,428726.217,4583278.389,41.3978858,2.147383,Styphnolobium japonicum,28.92411211,3,Warm
0189769AR,428743.443,4583234.777,41.3974945,2.1475942,Styphnolobium japonicum,28.99651758,3,Warm
0189791AR,428204.582,4583239.421,41.3974884,2.1411482,Styphnolobium japonicum,28.82996243,2,Cool
0189796AR,427669.633,4583149.812,41.3966334,2.1347603,Styphnolobium japonicum,28.33333431,2,Cool
0189805AR,428239.379,4582837.687,41.3938733,2.141612,Styphnolobium japonicum,27.84682682,2,Cool
0189813AR,427866.322,4583032.251,41.3955922,2.1371269,Styphnolobium japonicum,28.27825136,2,Cool
0189818AR,428269.242,4583209.271,41.3972226,2.1419252,Styphnolobium japonicum,29.09647256,3,Warm
0189821AR,428551.37000000005,4582925.508,41.394692,2.1453332,Styphnolobium japonicum,29.05065775,3,Warm
0189838AR,428220.234,4583439.911,41.3992955,2.1413116,Styphnolobium japonicum,29.1785959,3,Warm
0189850AR,428890.956,4583641.207,41.4011681,2.1493109,Styphnolobium japonicum,28.99211402,3,Warm
0189859AR,428282.296,4583468.007,41.3995541,2.1420507,Styphnolobium japonicum,29.2597944,3,Warm
0189870AR,428040.248,4582768.849,41.3932355,2.1392385,Styphnolobium japonicum,28.68275848,2,Cool
0189875AR,427795.521,4582861.881,41.3940514,2.1363004,Styphnolobium japonicum,29.00321219,3,Warm
0189879AR,428192.019,4582802.558,41.3935526,2.1410497,Styphnolobium japonicum,27.95904846,2,Cool
0189904AR,428094.158,4582787.408,41.3934074,2.1398811,Styphnolobium japonicum,28.5477451,2,Cool
0189910AR,428078.914,4583581.983,41.4005625,2.1396044,Styphnolobium japonicum,28.84960426,2,Cool
0189918AR,428902.656,4583638.857,41.401148,2.1494511,Styphnolobium japonicum,29.02419651,3,Warm
0189921AR,428114.518,4582778.368,41.3933278,2.1401257,Styphnolobium japonicum,28.50357456,2,Cool
0189935AR,428461.571,4583006.879,41.3954169,2.1442496,Styphnolobium japonicum,29.08288381,3,Warm
0189940AR,428473.091,4582994.579,41.3953071,2.1443888,Styphnolobium japonicum,29.08435555,3,Warm
0189944AR,428651.796,4583641.169,41.4011466,2.1464501,Styphnolobium japonicum,29.30015168,3,Warm
0189956AR,428601.796,4583692.109,41.401601,2.145846,Styphnolobium japonicum,29.19827231,3,Warm
0189958AR,428177.122,4583217.081,41.3972847,2.1408224,Styphnolobium japonicum,28.95014381,3,Warm
0189962AR,428247.993,4583408.881,41.3990185,2.1416474,Styphnolobium japonicum,29.11187076,3,Warm
0189969AR,428338.553,4583306.98,41.3981088,2.1427427,Styphnolobium japonicum,29.04017633,3,Warm
0189971AR,428286.661,4583066.54,41.3959387,2.1421504,Styphnolobium japonicum,29.11806828,3,Warm
0189977AR,428216.192,4583248.501,41.3975712,2.141286,Styphnolobium japonicum,28.83050179,2,Cool
0189984AR,428311.392,4583178.25,41.396947,2.142433,Styphnolobium japonicum,29.24348241,3,Warm
0189991AR,428696.763,4583289.858,41.3979865,2.1470293,Styphnolobium japonicum,28.85214167,2,Cool
0189994AR,427881.902,4582981.94,41.3951405,2.1373192,Styphnolobium japonicum,28.48725484,2,Cool
0190000AR,428776.956,4583648.018,41.4012194,2.1479464,Styphnolobium japonicum,29.13504798,3,Warm
0190003AR,427889.614,4583557.924,41.4003288,2.1373429,Styphnolobium japonicum,28.58686551,2,Cool
0190009AR,428337.762,4583150.42,41.3966987,2.1427517,Styphnolobium japonicum,29.28530257,3,Warm
0190013AR,427802.931,4582864.201,41.394073,2.1363887,Styphnolobium japonicum,29.03751689,3,Warm
0190014AR,428872.956,4583637.607,41.4011341,2.149096,Styphnolobium japonicum,28.95659706,3,Warm
0190019AR,428024.397,4582666.449,41.3923118,2.1390611,Styphnolobium japonicum,28.25804605,2,Cool
0190033AR,428587.52,4582873.988,41.3942312,2.1457717,Styphnolobium japonicum,28.85244839,2,Cool
0190051AR,427659.292,4583395.846,41.3988484,2.1346072,Styphnolobium japonicum,27.87913734,2,Cool
0190058AR,427863.6919999999,4583037.011,41.3956349,2.1370949,Styphnolobium japonicum,28.26760447,2,Cool
0190066AR,428142.69500000007,4583612.912,41.4008468,2.1403636,Styphnolobium japonicum,28.79993517,2,Cool
0190069AR,428801.763,4583182.417,41.3970281,2.1482979,Styphnolobium japonicum,29.22019639,3,Warm
0190077AR,427869.942,4583026.751,41.395543,2.1371708,Styphnolobium japonicum,28.28887102,2,Cool
0190089AR,428604.8769999999,4583394.44,41.3989202,2.1459179,Styphnolobium japonicum,28.79232755,2,Cool
0190130AR,428228.572,4583265.861,41.3977287,2.141432,Styphnolobium japonicum,28.85265069,2,Cool
0190134AR,427740.553,4583171.062,41.3968312,2.135606,Styphnolobium japonicum,28.15781487,2,Cool
0190142AR,428967.4110000001,4582986.195,41.3952754,2.1503023,Styphnolobium japonicum,30.02887887,3,Warm
0190150AR,427578.133,4583203.213,41.3971061,2.1336595,Styphnolobium japonicum,28.51637766,2,Cool
0190153AR,428343.042,4583144.86,41.3966491,2.1428155,Styphnolobium japonicum,29.29095005,3,Warm
0190159AR,428679.663,4583310.398,41.3981699,2.1468224,Styphnolobium japonicum,28.76938711,2,Cool
0190160AR,428597.606,4583696.359,41.4016389,2.1457953,Styphnolobium japonicum,29.18503298,3,Warm
0190166AR,427884.712,4582976.69,41.3950935,2.1373535,Styphnolobium japonicum,28.51251575,2,Cool
0190173AR,428488.521,4582978.679,41.3951653,2.1445752,Styphnolobium japonicum,29.09525906,3,Warm
0190180AR,428282.549,4582761.807,41.3931937,2.1421373,Styphnolobium japonicum,28.42624191,2,Cool
0190213AR,428410.101,4583074.329,41.3960198,2.143626,Styphnolobium japonicum,29.16863895,3,Warm
0190214AR,428212.303,4583405.922,41.3989887,2.1412208,Styphnolobium japonicum,29.06747578,3,Warm
0190215AR,428263.662,4583215.011,41.3972738,2.1418578,Styphnolobium japonicum,29.02610986,3,Warm
0190221AR,428364.143,4583279.81,41.3978664,2.143052,Styphnolobium japonicum,29.13410972,3,Warm
0190223AR,427853.502,4583054.541,41.3957918,2.1369709,Styphnolobium japonicum,28.22292365,2,Cool
0190230AR,427790.963,4583140.631,41.3965616,2.1362126,Styphnolobium japonicum,28.16434648,2,Cool
0190233AR,428748.72,4582827.737,41.3938289,2.1477052,Styphnolobium japonicum,28.38276888,2,Cool
0190236AR,428670.783,4583320.968,41.3982644,2.1467149,Styphnolobium japonicum,28.74629218,2,Cool
0190262AR,428267.658,4582718.177,41.3927994,2.1419644,Styphnolobium japonicum,28.4890715,2,Cool
0190278AR,427973.505,4583678.974,41.4014266,2.1383319,Styphnolobium japonicum,28.3901569,2,Cool
0190281AR,427666.912,4583382.256,41.3987267,2.1347,Styphnolobium japonicum,27.83413145,2,Cool
0190286AR,427645.112,4583398.236,41.3988686,2.1344373,Styphnolobium japonicum,27.91477622,2,Cool
0190293AR,427685.812,4583326.725,41.3982282,2.1349327,Styphnolobium japonicum,27.79863352,1,Coolest
0190314AR,428183.372,4583222.251,41.3973319,2.1408965,Styphnolobium japonicum,28.89699089,3,Warm
0190324AR,428206.244,4583440.702,41.3993014,2.1411442,Styphnolobium japonicum,29.16392791,3,Warm
0190348AR,427734.853,4583239.112,41.3974435,2.1355297,Styphnolobium japonicum,28.06459269,2,Cool
0190350AR,427588.773,4583211.973,41.397186,2.1337857,Styphnolobium japonicum,28.39273492,2,Cool
0190358AR,427723.882,4583073.662,41.3959524,2.1354182,Styphnolobium japonicum,28.23911482,2,Cool
0190361AR,427662.902,4583366.036,41.3985802,2.1346539,Styphnolobium japonicum,27.80005806,1,Coolest
0190363AR,427727.493,4583252.022,41.3975592,2.1354401,Styphnolobium japonicum,28.02909244,2,Cool
0190364AR,428018.388,4582683.609,41.3924658,2.1389872,Styphnolobium japonicum,28.21927339,2,Cool
0190370AR,428029.84799999994,4582750.049,41.3930652,2.1391163,Styphnolobium japonicum,28.62997841,2,Cool
0190374AR,428495.592,4583139.479,41.3966142,2.1446408,Styphnolobium japonicum,28.95110849,3,Warm
0190384AR,427860.2420000001,4583042.701,41.3956858,2.1370529,Styphnolobium japonicum,28.24722291,2,Cool
0190396AR,428933.072,4583021.385,41.3955894,2.1498874,Styphnolobium japonicum,30.09105151,3,Warm
0190405AR,428941.102,4583013.285,41.3955171,2.1499844,Styphnolobium japonicum,30.09174486,3,Warm
0190408AR,428312.404,4583494.911,41.3997991,2.1424076,Styphnolobium japonicum,29.26578728,3,Warm
0190430AR,427754.393,4583205.222,41.3971401,2.1357675,Styphnolobium japonicum,28.13521972,2,Cool
0190457AR,428475.651,4583005.259,41.3954036,2.1444182,Styphnolobium japonicum,29.05759652,3,Warm
0190467AR,428282.682,4583208.101,41.3972133,2.1420861,Styphnolobium japonicum,29.16120353,3,Warm
0190477AR,428766.0129999999,4583229.697,41.3974508,2.1478647,Styphnolobium japonicum,29.0613872,3,Warm
0190479AR,428053.878,4582758.219,41.3931409,2.1394028,Styphnolobium japonicum,28.70050762,2,Cool
0190483AR,428582.75,4582891.988,41.3943929,2.1457125,Styphnolobium japonicum,28.92855455,3,Warm
0190493AR,427688.972,4583343.725,41.3983816,2.1349684,Styphnolobium japonicum,27.80036757,1,Coolest
0190497AR,428373.521,4583112.68,41.396362,2.1431839,Styphnolobium japonicum,29.27022345,3,Warm
0190505AR,427651.062,4583387.126,41.3987691,2.1345098,Styphnolobium japonicum,27.85979547,2,Cool
0190518AR,428221.089,4582813.718,41.3936557,2.1413961,Styphnolobium japonicum,27.90405548,2,Cool
0190520AR,428098.594,4583560.393,41.4003698,2.1398423,Styphnolobium japonicum,28.95804105,3,Warm
0190523AR,428557.991,4583059.308,41.3958977,2.1453966,Styphnolobium japonicum,28.85379855,2,Cool
0190527AR,427746.668,4582845.911,41.3939032,2.135718,Styphnolobium japonicum,28.75776219,2,Cool
0190549AR,428053.995,4583609.403,41.4008072,2.139303,Styphnolobium japonicum,28.70574835,2,Cool
0190550AR,428011.1979999999,4582743.829,41.3930075,2.138894,Styphnolobium japonicum,28.48651266,2,Cool
0190561AR,427870.82,4582584.457,41.3915595,2.137234,Styphnolobium japonicum,27.78718426,1,Coolest
0190572AR,428113.385,4583596.693,41.4006981,2.1400149,Styphnolobium japonicum,28.85567869,2,Cool
0190578AR,428532.69,4582931.578,41.394745,2.1451091,Styphnolobium japonicum,29.09026904,3,Warm
0190583AR,428308.5470000001,4583867.481,41.4031544,2.1423174,Styphnolobium japonicum,28.67484314,2,Cool
0190589AR,428873.926,4583644.597,41.4011972,2.1491068,Styphnolobium japonicum,28.95467596,3,Warm
0190595AR,428270.98300000007,4583383.121,41.3987886,2.1419254,Styphnolobium japonicum,28.98131627,3,Warm
0190602AR,428836.609,4583112.769,41.3964039,2.1487229,Styphnolobium japonicum,29.36763166,3,Warm
0190604AR,427896.684,4583551.254,41.4002694,2.1374282,Styphnolobium japonicum,28.59298015,2,Cool
0190609AR,428232.969,4582835.507,41.393853,2.1415356,Styphnolobium japonicum,27.82120825,1,Coolest
0190627AR,427784.553,4583151.191,41.3966561,2.1361347,Styphnolobium japonicum,28.16514701,2,Cool
0190650AR,428688.543,4583299.838,41.3980756,2.1469298,Styphnolobium japonicum,28.8337414,2,Cool
0190655AR,427766.721,4583206.685,41.3971543,2.1359148,Styphnolobium japonicum,28.14580677,2,Cool
0190661AR,428084.855,4583590.593,41.4006406,2.1396744,Styphnolobium japonicum,28.83654224,2,Cool
0190663AR,428353.869,4582865.787,41.3941365,2.1429781,Styphnolobium japonicum,28.99243269,3,Warm
0190667AR,427672.062,4583350.386,41.3984401,2.1347654,Styphnolobium japonicum,27.78375699,1,Coolest
0190682AR,428029.107,4582650.169,41.3921656,2.1391193,Styphnolobium japonicum,28.23586614,2,Cool
0190695AR,427832.252,4583067.461,41.3959063,2.1367152,Styphnolobium japonicum,28.19362664,2,Cool
0190697AR,428858.307,4583083.454,41.3961418,2.1489859,Styphnolobium japonicum,29.42425652,3,Warm
0190699AR,427821.922,4583087.011,41.3960815,2.1365893,Styphnolobium japonicum,28.17244469,2,Cool
0190703AR,427896.492,4583324.194,41.3982244,2.137453,Styphnolobium japonicum,28.69393156,2,Cool
0190704AR,428321.332,4583154.37,41.3967328,2.1425547,Styphnolobium japonicum,29.27453614,3,Warm
0190711AR,428839.076,4583649.057,41.4012342,2.1486894,Styphnolobium japonicum,29.02045834,3,Warm
0190719AR,428059.688,4582759.789,41.3931556,2.1394721,Styphnolobium japonicum,28.71508468,2,Cool
0190723AR,428276.022,4583215.231,41.3972769,2.1420056,Styphnolobium japonicum,29.09010347,3,Warm
0190726AR,428777.766,4583643.058,41.4011748,2.1479567,Styphnolobium japonicum,29.13393726,3,Warm
0190729AR,427987.928,4582770.459,41.3932453,2.1386125,Styphnolobium japonicum,28.44473497,2,Cool
0190731AR,428211.824,4583434.452,41.3992456,2.1412117,Styphnolobium japonicum,29.15469869,3,Warm
0190735AR,428395.841,4583089.49,41.3961551,2.1434536,Styphnolobium japonicum,29.21073045,3,Warm
0190741AR,428832.405,4583117.622,41.3964472,2.148672,Styphnolobium japonicum,29.34803575,3,Warm
0190752AR,428718.453,4583264.407,41.3977592,2.1472918,Styphnolobium japonicum,28.91841527,3,Warm
0190758AR,428495.202,4583126.219,41.3964947,2.1446377,Styphnolobium japonicum,28.94400346,3,Warm
0190764AR,428712.68,4582848.107,41.3940092,2.1472717,Styphnolobium japonicum,28.44822115,2,Cool
0190772AR,427788.133,4583145.531,41.3966055,2.1361782,Styphnolobium japonicum,28.16458853,2,Cool
0190774AR,428222.282,4583272.521,41.3977881,2.141356,Styphnolobium japonicum,28.83156777,2,Cool
0190783AR,428455.811,4583013.029,41.3954718,2.1441799,Styphnolobium japonicum,29.08584957,3,Warm
0190784AR,428184.069,4582800.368,41.3935322,2.1409549,Styphnolobium japonicum,27.98466272,2,Cool
0190797AR,427970.605,4583676.484,41.4014039,2.1382976,Styphnolobium japonicum,28.39808439,2,Cool
0190802AR,428000.474,4583547.263,41.4002428,2.1386702,Styphnolobium japonicum,28.70785221,2,Cool
0190811AR,428386.001,4583099.56,41.3962449,2.1433347,Styphnolobium japonicum,29.23669923,3,Warm
0190822AR,428274.822,4583203.361,41.3971699,2.1419926,Styphnolobium japonicum,29.16010979,3,Warm
0190832AR,428444.291,4583025.339,41.3955816,2.1440407,Styphnolobium japonicum,29.09062532,3,Warm
0190844AR,428203.134,4583459.712,41.3994723,2.1411048,Styphnolobium japonicum,29.21251356,3,Warm
0190847AR,428262.702,4583229.491,41.3974042,2.1418446,Styphnolobium japonicum,28.99128465,3,Warm
0190862AR,428254.518,4582720.807,41.3928219,2.1418069,Styphnolobium japonicum,28.45237521,2,Cool
0190865AR,428878.076,4583636.707,41.4011265,2.1491573,Styphnolobium japonicum,28.96449224,3,Warm
0190878AR,428173.819,4582814.778,41.3936611,2.1408306,Styphnolobium japonicum,27.87873531,2,Cool
0190902AR,427888.364,4583499.624,41.3998037,2.1373349,Styphnolobium japonicum,28.55962029,2,Cool
0190906AR,428684.103,4583305.118,41.3981228,2.1468761,Styphnolobium japonicum,28.82595372,2,Cool
0190908AR,427740.233,4583229.962,41.3973616,2.1355952,Styphnolobium japonicum,28.09159144,2,Cool
0190915AR,427976.065,4583676.404,41.4014037,2.1383629,Styphnolobium japonicum,28.40418456,2,Cool
0190926AR,428245.939,4582822.677,41.3937387,2.1416923,Styphnolobium japonicum,27.95414617,2,Cool
0190938AR,428974.2679999999,4582979.974,41.39522,2.150385,Styphnolobium japonicum,29.97743825,3,Warm
0190940AR,427737.183,4583234.982,41.3974066,2.1355581,Styphnolobium japonicum,28.07560476,2,Cool
0190951AR,428022.858,4582747.459,41.3930413,2.139033,Styphnolobium japonicum,28.58897171,2,Cool
0190959AR,428751.535,4583541.128,41.4002544,2.1476549,Styphnolobium japonicum,28.88152007,2,Cool
0190960AR,427826.791,4582871.611,41.3941419,2.1366732,Styphnolobium japonicum,29.05337187,3,Warm
0190969AR,428098.128,4582772.948,41.3932776,2.1399303,Styphnolobium japonicum,28.6100919,2,Cool
0190994AR,429001.479,4582952.876,41.3949784,2.1507137,Styphnolobium japonicum,29.58624811,3,Warm
0190998AR,427748.47300000006,4583215.802,41.3972348,2.1356954,Styphnolobium japonicum,28.11856498,2,Cool
0191014AR,428161.059,4582809.838,41.3936154,2.1406786,Styphnolobium japonicum,27.98097582,2,Cool
0191027AR,428814.526,4583649.737,41.4012382,2.1483956,Styphnolobium japonicum,29.02760232,3,Warm
0191035AR,427755.88099999994,4583225.935,41.3973268,2.1357828,Styphnolobium japonicum,28.12054845,2,Cool
0191038AR,428600.244,4583399.654,41.3989668,2.1458619,Styphnolobium japonicum,28.805538,2,Cool
0191045AR,427842.6219999999,4583074.151,41.3959675,2.1368384,Styphnolobium japonicum,28.19518174,2,Cool
0191063AR,428848.201,4583097.772,41.3962698,2.1488633,Styphnolobium japonicum,29.45811952,3,Warm
0191064AR,428088.698,4582785.158,41.3933867,2.139816,Styphnolobium japonicum,28.58334899,2,Cool
0191072AR,428640.151,4582971.068,41.3951102,2.1463897,Styphnolobium japonicum,28.9720779,3,Warm
0191075AR,429013.891,4582939.485,41.3948588,2.1508637,Styphnolobium japonicum,29.37861763,3,Warm
0191091AR,428073.258,4582779.899,41.3933379,2.139632,Styphnolobium japonicum,28.66009352,2,Cool
0191097AR,428091.124,4583568.563,41.4004427,2.139752,Styphnolobium japonicum,28.91753899,3,Warm
0191098AR,427889.714,4583562.964,41.4003743,2.1373435,Styphnolobium japonicum,28.5840544,2,Cool
0191099AR,428277.168,4582732.137,41.392926,2.1420765,Styphnolobium japonicum,28.47043745,2,Cool
0191102AR,428162.79400000005,4583504.252,41.3998699,2.1406169,Styphnolobium japonicum,29.20112269,3,Warm
0191103AR,428209.974,4583451.792,41.3994016,2.1411875,Styphnolobium japonicum,29.19416974,3,Warm
0191105AR,428212.172,4583269.481,41.3977598,2.1412354,Styphnolobium japonicum,28.82248405,2,Cool
0191116AR,428269.362,4583222.361,41.3973405,2.1419251,Styphnolobium japonicum,29.02744776,3,Warm
0191121AR,427985.818,4582778.909,41.3933212,2.1385863,Styphnolobium japonicum,28.48309175,2,Cool
0191123AR,428159.399,4582792.248,41.3934569,2.1406608,Styphnolobium japonicum,28.1542457,2,Cool
0191124AR,428626.916,4583666.609,41.4013735,2.1461495,Styphnolobium japonicum,29.26353253,3,Warm
0191127AR,428364.82,4582881.597,41.3942799,2.1431072,Styphnolobium japonicum,29.08749149,3,Warm
0191138AR,427830.402,4583094.831,41.3961526,2.1366898,Styphnolobium japonicum,28.18104175,2,Cool
0191143AR,427836.452,4583061.651,41.3958543,2.1367661,Styphnolobium japonicum,28.20853372,2,Cool
0191154AR,428572.38,4582903.318,41.394494,2.1455872,Styphnolobium japonicum,28.97832585,3,Warm
0191173AR,428622.726,4583670.859,41.4014114,2.1460988,Styphnolobium japonicum,29.249818,3,Warm
0191187AR,428316.073,4583318.591,41.3982114,2.1424724,Styphnolobium japonicum,28.97690502,3,Warm
0191206AR,428621.044,4583397.348,41.3989479,2.146111,Styphnolobium japonicum,28.78060207,2,Cool
0191219AR,428609.46,4582850.958,41.3940257,2.1460368,Styphnolobium japonicum,28.67299489,2,Cool
0191221AR,428102.918,4582774.368,41.3932908,2.1399874,Styphnolobium japonicum,28.58316912,2,Cool
0191228AR,429008.881,4582944.615,41.3949046,2.1508032,Styphnolobium japonicum,29.47209131,3,Warm
0191237AR,428196.602,4583286.081,41.3979079,2.1410472,Styphnolobium japonicum,28.78562521,2,Cool
0191244AR,428510.772,4583109.609,41.3963465,2.1448259,Styphnolobium japonicum,28.87947674,2,Cool
0191266AR,428540.33,4582937.298,41.3947972,2.1451998,Styphnolobium japonicum,29.07338874,3,Warm
0191270AR,427718.188,4582837.341,41.3938235,2.1353783,Styphnolobium japonicum,28.5703402,2,Cool
0191279AR,427888.604,4583495.424,41.3997658,2.1373382,Styphnolobium japonicum,28.55368599,2,Cool
0191296AR,427798.313,4583128.561,41.3964536,2.136302,Styphnolobium japonicum,28.16491587,2,Cool
0191324AR,428192.404,4583456.172,41.3994395,2.1409768,Styphnolobium japonicum,29.1990131,3,Warm
0191330AR,427667.602,4583094.142,41.3961318,2.1347426,Styphnolobium japonicum,28.4365377,2,Cool
0191340AR,428538.17,4582925.818,41.3946936,2.1451753,Styphnolobium japonicum,29.09096231,3,Warm
0191350AR,428374.5,4582874.806,41.3942196,2.1432237,Styphnolobium japonicum,29.16447242,3,Warm
0191353AR,428318.607,4583850.751,41.4030046,2.1424397,Styphnolobium japonicum,28.70062399,2,Cool
0191377AR,428344.943,4583300.18,41.3980482,2.1428199,Styphnolobium japonicum,29.05550626,3,Warm
0191381AR,427659.942,4583371.306,41.3986274,2.1346179,Styphnolobium japonicum,27.81404768,1,Coolest
0191393AR,428000.394,4583579.533,41.4005334,2.1386654,Styphnolobium japonicum,28.68414614,2,Cool
0191401AR,427747.191,4583240.815,41.39746,2.1356771,Styphnolobium japonicum,28.08788381,2,Cool
0191403AR,428953.701,4583000.235,41.3954007,2.1501366,Styphnolobium japonicum,30.07312383,3,Warm
0191405AR,427850.552,4583060.041,41.3958411,2.136935,Styphnolobium japonicum,28.21368904,2,Cool
0191407AR,428120.519,4582795.438,41.3934821,2.1401954,Styphnolobium japonicum,28.3389138,2,Cool
0191411AR,428305.517,4583890.652,41.4033628,2.1422784,Styphnolobium japonicum,28.71700569,2,Cool
0191414AR,427836.312,4583084.891,41.3960637,2.1367617,Styphnolobium japonicum,28.18856623,2,Cool
0191415AR,427745.963,4583219.562,41.3972685,2.1356649,Styphnolobium japonicum,28.10685824,2,Cool
0191432AR,428332.012,4583143.1,41.3966322,2.1426838,Styphnolobium japonicum,29.27769464,3,Warm
0191435AR,428200.174,4583447.482,41.3993619,2.1410708,Styphnolobium japonicum,29.17502917,3,Warm
0191440AR,428430.361,4583053.679,41.3958356,2.1438707,Styphnolobium japonicum,29.10757323,3,Warm
0191450AR,428541.951,4583076.448,41.3960506,2.1452028,Styphnolobium japonicum,28.83224061,2,Cool
0191451AR,428594.16,4582880.158,41.3942873,2.1458504,Styphnolobium japonicum,28.85505396,2,Cool
0191452AR,428912.002,4583043.156,41.3957836,2.1496328,Styphnolobium japonicum,29.8617593,3,Warm
0191454AR,427792.283,4583162.321,41.3967571,2.1362258,Styphnolobium japonicum,28.16987649,2,Cool
0191458AR,428403.181,4583068.26,41.3959645,2.1435439,Styphnolobium japonicum,29.17210993,3,Warm
0191461AR,428094.854,4583564.473,41.4004062,2.1397971,Styphnolobium japonicum,28.93524287,3,Warm
0191469AR,428090.448,4582770.248,41.3932526,2.1398387,Styphnolobium japonicum,28.65121219,2,Cool
0191486AR,427844.772,4583069.981,41.3959301,2.1368646,Styphnolobium japonicum,28.1978805,2,Cool
0191493AR,428226.559,4582833.328,41.3938328,2.1414592,Styphnolobium japonicum,27.79389359,1,Coolest
0191495AR,428374.641,4583098.33,41.3962328,2.143199,Styphnolobium japonicum,29.24466415,3,Warm
0191502AR,428460.081,4583021.619,41.3955495,2.14423,Styphnolobium japonicum,29.05981552,3,Warm
0191507AR,428199.714,4583463.672,41.3995077,2.1410634,Styphnolobium japonicum,29.21311561,3,Warm
0191512AR,428337.362,4583137.47,41.396582,2.1427485,Styphnolobium japonicum,29.27945971,3,Warm
0191513AR,427847.932,4583041.381,41.3956728,2.1369058,Styphnolobium japonicum,28.23894437,2,Cool
0191516AR,428189.622,4583227.421,41.397379,2.1409707,Styphnolobium japonicum,28.89698137,3,Warm
0191527AR,428315.992,4583160.01,41.3967831,2.1424902,Styphnolobium japonicum,29.2591013,3,Warm
0191534AR,428738.573,4583240.557,41.3975461,2.1475352,Styphnolobium japonicum,28.98731686,3,Warm
0191538AR,427660.302,4583087.732,41.3960734,2.1346561,Styphnolobium japonicum,28.46599682,2,Cool
0191543AR,427644.063,4583422.046,41.399083,2.1344219,Styphnolobium japonicum,28.00371971,2,Cool
0191557AR,428512.412,4583121.529,41.396454,2.1448441,Styphnolobium japonicum,28.88373267,2,Cool
0191562AR,428591.951,4583036.038,41.3956911,2.1458056,Styphnolobium japonicum,28.91968603,3,Warm
0191564AR,427697.27199999994,4583329.485,41.3982541,2.1350694,Styphnolobium japonicum,27.81888194,1,Coolest
0191574AR,428540.741,4583090.839,41.3961801,2.1451866,Styphnolobium japonicum,28.81994444,2,Cool
0191576AR,428248.737,4583438.393,41.3992844,2.1416528,Styphnolobium japonicum,29.19571318,3,Warm
0191578AR,428390.952,4583236.87,41.397482,2.1433777,Styphnolobium japonicum,29.22018101,3,Warm
0191586AR,428329.314,4583519.571,41.4000227,2.142607,Styphnolobium japonicum,29.26208147,3,Warm
0191592AR,428239.809,4582820.157,41.3937154,2.1416192,Styphnolobium japonicum,27.93329821,2,Cool
0191597AR,427618.722,4583110.283,41.3962728,2.1341561,Styphnolobium japonicum,28.62234268,2,Cool
0191602AR,428201.819,4582806.448,41.3935885,2.1411665,Styphnolobium japonicum,27.92469276,2,Cool
0191607AR,428593.0,4582868.228,41.3941798,2.1458379,Styphnolobium japonicum,28.80922233,2,Cool
0191609AR,427795.303,4583157.231,41.3967115,2.1362625,Styphnolobium japonicum,28.17578064,2,Cool
0191619AR,427699.742,4583053.772,41.3957711,2.1351319,Styphnolobium japonicum,28.31304821,2,Cool
0191632AR,427760.408,4582850.381,41.3939447,2.1358818,Styphnolobium japonicum,28.8362534,2,Cool
0191638AR,428758.043,4583217.437,41.3973396,2.1477708,Styphnolobium japonicum,29.05183816,3,Warm
0191667AR,428929.062,4583025.435,41.3956255,2.149839,Styphnolobium japonicum,29.94450098,3,Warm
0191679AR,428414.891,4583068.889,41.3959712,2.1436839,Styphnolobium japonicum,29.14885944,3,Warm
0191680AR,427712.693,4583155.192,41.3966857,2.1352747,Styphnolobium japonicum,28.2107008,2,Cool
0191683AR,427644.593,4583260.933,41.397632,2.1344475,Styphnolobium japonicum,27.94867008,2,Cool
0191710AR,428578.11,4582897.038,41.394438,2.1456564,Styphnolobium japonicum,28.94835421,3,Warm
0191723AR,428062.295,4583600.263,41.4007256,2.1394034,Styphnolobium japonicum,28.75575092,2,Cool
0191738AR,428096.155,4583587.213,41.4006111,2.13981,Styphnolobium japonicum,28.86650544,2,Cool
0191749AR,427705.582,4583315.255,41.3981267,2.1351705,Styphnolobium japonicum,27.85823415,2,Cool
0191757AR,428058.168,4582775.689,41.3932987,2.139452,Styphnolobium japonicum,28.69036326,2,Cool
0191768AR,428016.298,4582690.839,41.3925307,2.1389613,Styphnolobium japonicum,28.24213176,2,Cool
0191778AR,427803.223,4583118.951,41.3963674,2.1363618,Styphnolobium japonicum,28.16431285,2,Cool
0191781AR,428020.258,4582762.349,41.3931751,2.1390002,Styphnolobium japonicum,28.62621985,2,Cool
0191790AR,429018.911,4582934.355,41.3948131,2.1509243,Styphnolobium japonicum,29.33763738,3,Warm
0191794AR,428601.421,4583012.658,41.3954814,2.1459216,Styphnolobium japonicum,28.96019276,3,Warm
0191807AR,428013.398,4582760.019,41.3931535,2.1389184,Styphnolobium japonicum,28.59764725,2,Cool
0191808AR,427866.322,4583007.491,41.3953692,2.1371298,Styphnolobium japonicum,28.36671383,2,Cool
0191815AR,428269.953,4583368.721,41.3986588,2.1419148,Styphnolobium japonicum,28.96161245,3,Warm
0192421AR,428188.943,4584686.024,41.410516,2.1407895,Styphnolobium japonicum,27.23143245,1,Coolest
0192498AR,428064.634,4584853.635,41.4120145,2.1392824,Styphnolobium japonicum,28.27850951,2,Cool
0192515AR,428004.434,4584798.215,41.4115099,2.1385688,Styphnolobium japonicum,27.97813873,2,Cool
0192652AR,428184.643,4584681.844,41.4104779,2.1407386,Styphnolobium japonicum,27.22959114,1,Coolest
0192664AR,427997.494,4584791.975,41.4114531,2.1384865,Styphnolobium japonicum,27.95903502,2,Cool
0192715AR,428798.148,4583919.178,41.4036635,2.148168,Styphnolobium japonicum,29.07014746,3,Warm
0192718AR,428010.864,4584804.675,41.4115687,2.1386449,Styphnolobium japonicum,28.01344637,2,Cool
0192779AR,428024.214,4584817.325,41.4116838,2.1388031,Styphnolobium japonicum,28.06781676,2,Cool
0192909AR,428566.009,4584660.97,41.4103239,2.1453035,Styphnolobium japonicum,28.98946478,3,Warm
0192926AR,428802.948,4583934.128,41.4037986,2.1482237,Styphnolobium japonicum,29.07997993,3,Warm
0192966AR,428180.083,4584677.674,41.41044,2.1406845,Styphnolobium japonicum,27.21258137,1,Coolest
0193039AR,428100.719,4584118.463,41.4053963,2.1398015,Styphnolobium japonicum,28.85153938,2,Cool
0193067AR,428818.458,4583920.308,41.4036755,2.1484108,Styphnolobium japonicum,29.07512706,3,Warm
0193096AR,428048.164,4584840.235,41.4118923,2.139087,Styphnolobium japonicum,28.19176332,2,Cool
0193107AR,428017.244,4584810.475,41.4116215,2.1387206,Styphnolobium japonicum,28.03601598,2,Cool
0193165AR,428038.604,4584830.935,41.4118077,2.1389737,Styphnolobium japonicum,28.13517301,2,Cool
0193187AR,428069.174,4584858.095,41.412055,2.1393362,Styphnolobium japonicum,28.30137041,2,Cool
0193220AR,428167.293,4584665.134,41.4103259,2.140533,Styphnolobium japonicum,27.20358783,1,Coolest
0193240AR,428812.958,4583913.958,41.4036178,2.1483458,Styphnolobium japonicum,29.06629478,3,Warm
0193251AR,428175.723,4584673.574,41.4104027,2.1406328,Styphnolobium japonicum,27.21316474,1,Coolest
0193267AR,428803.508,4583913.818,41.4036157,2.1482328,Styphnolobium japonicum,29.06664441,3,Warm
0193299AR,428796.878,4583926.938,41.4037333,2.1481519,Styphnolobium japonicum,29.07671248,3,Warm
0193305AR,428171.093,4584669.434,41.410365,2.1405779,Styphnolobium japonicum,27.21790898,1,Coolest
0193339AR,428812.248,4583934.828,41.4038057,2.1483349,Styphnolobium japonicum,29.08427522,3,Warm
0193343AR,428043.284,4584835.435,41.4118486,2.1390291,Styphnolobium japonicum,28.15924672,2,Cool
0193376AR,428818.178,4583929.328,41.4037567,2.1484064,Styphnolobium japonicum,29.08170274,3,Warm
0193856AR,427193.859,4583399.676,41.3988409,2.1290395,Styphnolobium japonicum,28.59134418,2,Cool
0193860AR,427500.477,4582703.666,41.3925999,2.1327904,Styphnolobium japonicum,28.28784186,2,Cool
0193867AR,427365.192,4583364.618,41.3985406,2.1310931,Styphnolobium japonicum,28.3997375,2,Cool
0193877AR,427303.714,4583246.704,41.3974731,2.1303719,Styphnolobium japonicum,28.38352792,2,Cool
0193879AR,427378.082,4583353.418,41.3984409,2.1312486,Styphnolobium japonicum,28.42919963,2,Cool
0193883AR,427050.028,4583499.151,41.3997238,2.1273071,Styphnolobium japonicum,28.17957056,2,Cool
0193896AR,427325.187,4583216.315,41.3972013,2.1306324,Styphnolobium japonicum,28.4372193,2,Cool
0193903AR,427454.079,4583676.199,41.4013549,2.132119,Styphnolobium japonicum,28.42108533,2,Cool
0193906AR,427467.717,4582729.076,41.3928258,2.1323956,Styphnolobium japonicum,28.16974563,2,Cool
0193910AR,427267.755,4583773.479,41.4022142,2.1298785,Styphnolobium japonicum,28.12927271,2,Cool
0193913AR,427402.34,4583106.807,41.396222,2.1315683,Styphnolobium japonicum,28.5160709,2,Cool
0193921AR,427549.597,4582650.162,41.3921224,2.1333843,Styphnolobium japonicum,28.06992053,2,Cool
0193927AR,427299.57600000006,4583177.574,41.3968501,2.1303307,Styphnolobium japonicum,28.40741018,2,Cool
0193938AR,427460.229,4583102.317,41.3961868,2.1322613,Styphnolobium japonicum,28.68956885,2,Cool
0193940AR,427611.237,4582745.192,41.3929839,2.1341102,Styphnolobium japonicum,27.97095805,2,Cool
0194015AR,427506.76,4583640.547,41.4010386,2.1327534,Styphnolobium japonicum,28.67801952,2,Cool
0194018AR,427562.074,4583543.166,41.4001665,2.1334267,Styphnolobium japonicum,28.80050655,2,Cool
0194019AR,427343.713,4583480.548,41.3995828,2.1308223,Styphnolobium japonicum,28.61620514,2,Cool
0194038AR,427495.417,4583660.998,41.4012217,2.1326153,Styphnolobium japonicum,28.56240872,2,Cool
0194063AR,427255.215,4583766.139,41.402147,2.1297294,Styphnolobium japonicum,28.15226364,2,Cool
0194066AR,427403.1319999999,4583332.798,41.3982575,2.1315507,Styphnolobium japonicum,28.50609181,2,Cool
0194068AR,427328.095,4583806.229,41.4025147,2.1305963,Styphnolobium japonicum,28.02475433,2,Cool
0194128AR,427423.715,4583787.068,41.4023507,2.1317425,Styphnolobium japonicum,27.99402623,2,Cool
0194135AR,427456.277,4582738.326,41.3929081,2.1322576,Styphnolobium japonicum,28.1483192,2,Cool
0194141AR,427293.728,4583172.673,41.3968054,2.1302613,Styphnolobium japonicum,28.40701931,2,Cool
0194143AR,427512.679,4582949.306,41.3948134,2.1329069,Styphnolobium japonicum,28.10568155,2,Cool
0194152AR,427444.179,4583439.317,41.3992205,2.1320289,Styphnolobium japonicum,28.63624967,2,Cool
0194160AR,427360.885,4583814.169,41.4025891,2.1309876,Styphnolobium japonicum,27.97991552,2,Cool
0194165AR,427387.262,4583393.676,41.3988043,2.1313536,Styphnolobium japonicum,28.45247077,2,Cool
0194189AR,427328.554,4583623.069,41.4008651,2.1306238,Styphnolobium japonicum,28.49099492,2,Cool
0194202AR,427356.352,4583383.648,41.3987112,2.1309851,Styphnolobium japonicum,28.38638034,2,Cool
0194211AR,427176.684,4583710.21,41.4016362,2.1287967,Styphnolobium japonicum,28.27303552,2,Cool
0194223AR,427410.257,4583645.726,41.4010765,2.1315984,Styphnolobium japonicum,28.52141637,2,Cool
0194247AR,427531.147,4582660.763,41.3922163,2.1331624,Styphnolobium japonicum,28.24257847,2,Cool
0194249AR,427258.604,4583308.456,41.3980252,2.1298249,Styphnolobium japonicum,28.38394331,2,Cool
0194251AR,427333.959,4582994.688,41.395206,2.1307639,Styphnolobium japonicum,28.41239064,2,Cool
0194260AR,427435.111,4583199.216,41.3970572,2.1319492,Styphnolobium japonicum,28.79858881,2,Cool
0194268AR,427270.323,4583501.709,41.3997668,2.1299419,Styphnolobium japonicum,28.47336464,2,Cool
0194309AR,427465.4699999999,4583107.047,41.3962298,2.1323234,Styphnolobium japonicum,28.72476711,2,Cool
0194317AR,427439.657,4582768.506,41.3931784,2.1320552,Styphnolobium japonicum,28.02394214,2,Cool
0194318AR,427556.238,4583552.882,41.4002535,2.1333557,Styphnolobium japonicum,28.82794506,2,Cool
0194323AR,427168.081,4583329.299,41.3982047,2.1287396,Styphnolobium japonicum,28.6828643,2,Cool
0194332AR,427526.881,4582946.153,41.3947863,2.1330772,Styphnolobium japonicum,28.1046773,2,Cool
0194339AR,427462.969,4583035.457,41.3955848,2.1323021,Styphnolobium japonicum,28.47599227,2,Cool
0194354AR,427446.989,4583671.01,41.4013075,2.1320348,Styphnolobium japonicum,28.45028398,2,Cool
0194363AR,427449.505,4583740.608,41.4019346,2.1320565,Styphnolobium japonicum,28.13646719,2,Cool
0194364AR,427404.382,4583397.118,41.3988369,2.131558,Styphnolobium japonicum,28.48627938,2,Cool
0194413AR,427526.937,4582666.613,41.3922686,2.1331113,Styphnolobium japonicum,28.33122242,2,Cool
0194432AR,427364.483,4583560.458,41.4003044,2.1310611,Styphnolobium japonicum,28.77397396,2,Cool
0194435AR,427654.441,4582723.848,41.3927955,2.1346295,Styphnolobium japonicum,27.87344034,2,Cool
0194443AR,427321.249,4582983.618,41.3951051,2.1306132,Styphnolobium japonicum,28.47063071,2,Cool
0194447AR,427444.45699999994,4582755.126,41.3930583,2.1321142,Styphnolobium japonicum,28.08279214,2,Cool
0194451AR,427294.963,4583482.459,41.3995956,2.1302389,Styphnolobium japonicum,28.52140655,2,Cool
0194463AR,427413.469,4583414.11,41.3989907,2.1316646,Styphnolobium japonicum,28.5248645,2,Cool
0194464AR,427205.8,4583737.805,41.4018873,2.1291417,Styphnolobium japonicum,28.24539251,2,Cool
0194467AR,427479.866,4583687.501,41.401459,2.1324261,Styphnolobium japonicum,28.40349255,2,Cool
0194469AR,427525.322,4583608.988,41.400756,2.1329792,Styphnolobium japonicum,28.8014319,2,Cool
0194470AR,427561.957,4582711.152,41.3926729,2.1335248,Styphnolobium japonicum,28.16090104,2,Cool
0194479AR,427188.434,4583716.74,41.401696,2.1289365,Styphnolobium japonicum,28.25710377,2,Cool
0194492AR,427536.59,4583587.952,41.4005676,2.1331165,Styphnolobium japonicum,28.84713723,2,Cool
0194526AR,427485.537,4582725.796,41.3927979,2.1326091,Styphnolobium japonicum,28.21541917,2,Cool
0194544AR,427435.647,4582774.136,41.3932288,2.1320066,Styphnolobium japonicum,27.98940541,2,Cool
0194551AR,427210.033,4583507.859,41.3998167,2.1292199,Styphnolobium japonicum,28.29282317,2,Cool
0194557AR,426953.582,4583431.941,41.3991097,2.1261615,Styphnolobium japonicum,29.05872244,3,Warm
0194560AR,427497.007,4582708.756,41.3926454,2.1327483,Styphnolobium japonicum,28.2903481,2,Cool
0194567AR,427311.671,4583187.758,41.3969429,2.1304741,Styphnolobium japonicum,28.40652713,2,Cool
0194571AR,427287.141,4583269.678,41.3976785,2.1301709,Styphnolobium japonicum,28.35837687,2,Cool
0194580AR,427459.697,4582740.336,41.3929265,2.1322983,Styphnolobium japonicum,28.13873803,2,Cool
0194616AR,427454.337,4582770.476,41.3931975,2.1322306,Styphnolobium japonicum,28.0615225,2,Cool
0194620AR,427394.972,4583400.331,41.398865,2.131445,Styphnolobium japonicum,28.47212012,2,Cool
0194634AR,427569.54,4582871.883,41.3941212,2.1335963,Styphnolobium japonicum,27.8574188,2,Cool
0194645AR,427591.527,4582731.572,41.3928595,2.1338761,Styphnolobium japonicum,28.03173916,2,Cool
0194668AR,427588.263,4583496.934,41.3997525,2.1337455,Styphnolobium japonicum,28.56806536,2,Cool
0194689AR,427493.127,4582714.576,41.3926975,2.1327012,Styphnolobium japonicum,28.2898747,2,Cool
0194701AR,427502.832,4583647.438,41.4011003,2.1327056,Styphnolobium japonicum,28.64010311,2,Cool
0194711AR,427129.707,4583490.373,41.3996519,2.1282612,Styphnolobium japonicum,28.23020726,2,Cool
0194712AR,427443.667,4582762.876,41.3931281,2.1321039,Styphnolobium japonicum,28.05076565,2,Cool
0194715AR,427513.568,4583628.074,41.4009268,2.1328363,Styphnolobium japonicum,28.73685139,2,Cool
0194720AR,427431.908,4583427.857,41.3991162,2.1318835,Styphnolobium japonicum,28.58926457,2,Cool
0194725AR,427448.397,4582749.526,41.3930083,2.132162,Styphnolobium japonicum,28.10485587,2,Cool
0194730AR,427576.464,4583517.527,41.3999369,2.1336019,Styphnolobium japonicum,28.69618441,2,Cool
0194732AR,427287.511,4583317.468,41.3981089,2.1301696,Styphnolobium japonicum,28.34427,2,Cool
0194736AR,427373.352,4583359.898,41.3984988,2.1311913,Styphnolobium japonicum,28.41197805,2,Cool
0194751AR,427363.17,4583625.202,41.4008874,2.1310376,Styphnolobium japonicum,28.55705502,2,Cool
0194754AR,427247.392,4583385.719,41.39872,2.1296815,Styphnolobium japonicum,28.46532076,2,Cool
0194755AR,427632.028,4582797.662,41.3934583,2.1343526,Styphnolobium japonicum,28.00273154,2,Cool
0194778AR,427217.994,4583733.34,41.4018482,2.1292881,Styphnolobium japonicum,28.19689338,2,Cool
0194782AR,427552.107,4582704.352,41.3926107,2.1334078,Styphnolobium japonicum,28.19284803,2,Cool
0194786AR,427339.022,4583346.338,41.3983736,2.1307822,Styphnolobium japonicum,28.36762967,2,Cool
0194811AR,427504.727,4582697.996,41.3925492,2.1328419,Styphnolobium japonicum,28.28765156,2,Cool
0194816AR,427447.677,4582757.236,41.3930776,2.1321525,Styphnolobium japonicum,28.07080004,2,Cool
0194817AR,427631.748,4582771.682,41.3932243,2.1343523,Styphnolobium japonicum,27.95886284,2,Cool
0194819AR,427399.526,4583050.212,41.395712,2.1315415,Styphnolobium japonicum,28.39257731,2,Cool
0194820AR,427457.995,4583726.338,41.4018069,2.1321598,Styphnolobium japonicum,28.20333574,2,Cool
0194833AR,427571.068,4583527.485,41.4000261,2.1335362,Styphnolobium japonicum,28.73741923,2,Cool
0194839AR,427351.522,4583390.428,41.3987718,2.1309265,Styphnolobium japonicum,28.38795673,2,Cool
0194844AR,427416.5300000001,4583100.367,41.3961653,2.1317388,Styphnolobium japonicum,28.54437261,2,Cool
0194851AR,427469.927,4582747.966,41.3929961,2.1324197,Styphnolobium japonicum,28.13993185,2,Cool
0194867AR,427312.441,4583335.748,41.3982758,2.1304656,Styphnolobium japonicum,28.33798481,2,Cool
0194870AR,427508.977,4582692.336,41.3924986,2.1328934,Styphnolobium japonicum,28.31639347,2,Cool
0194890AR,427597.08200000005,4583481.527,41.3996145,2.1338528,Styphnolobium japonicum,28.46793859,2,Cool
0194913AR,427560.627,4582647.612,41.3921005,2.1335165,Styphnolobium japonicum,28.00914919,2,Cool
0194920AR,427318.319,4583239.287,41.3974076,2.1305475,Styphnolobium japonicum,28.4123552,2,Cool
0194923AR,427351.513,4583592.749,41.4005941,2.1309021,Styphnolobium japonicum,28.67003126,2,Cool
0194935AR,427216.759,4583096.129,41.396109,2.1293499,Styphnolobium japonicum,28.90883331,3,Warm
0194942AR,427368.434,4583718.588,41.401729,2.1310894,Styphnolobium japonicum,28.14449597,2,Cool
0194944AR,427394.1,4583131.647,41.396445,2.1314668,Styphnolobium japonicum,28.55115604,2,Cool
0194947AR,427144.356,4583034.482,41.3955472,2.1284913,Styphnolobium japonicum,29.94602054,3,Warm
0194952AR,427439.072,4583424.267,41.3990845,2.1319696,Styphnolobium japonicum,28.59000939,2,Cool
0194958AR,427510.005,4583634.374,41.4009833,2.1327929,Styphnolobium japonicum,28.70355755,2,Cool
0194967AR,427095.491,4583294.66,41.3978861,2.1278755,Styphnolobium japonicum,28.95900597,3,Warm
0194972AR,427468.684,4583707.838,41.4016412,2.1322899,Styphnolobium japonicum,28.30209961,2,Cool
0194973AR,427452.337,4582743.926,41.3929582,2.1322098,Styphnolobium japonicum,28.13521301,2,Cool
0194990AR,427422.217,4583653.782,41.4011501,2.1317405,Styphnolobium japonicum,28.49139516,2,Cool
0194991AR,427616.167,4582748.592,41.393015,2.1341687,Styphnolobium japonicum,27.96500989,2,Cool
0194993AR,427230.064,4583739.049,41.4019007,2.1294318,Styphnolobium japonicum,28.17455769,2,Cool
0195004AR,427450.107,4582775.686,41.393244,2.1321793,Styphnolobium japonicum,28.0323474,2,Cool
0195024AR,427453.672,4583430.657,41.3991434,2.1321435,Styphnolobium japonicum,28.61310939,2,Cool
0195029AR,427364.722,4583615.107,41.4007966,2.1310574,Styphnolobium japonicum,28.6091704,2,Cool
0195045AR,427461.997,4582758.906,41.393094,2.1323236,Styphnolobium japonicum,28.10068542,2,Cool
0195060AR,427557.027,4582707.752,41.3926418,2.1334663,Styphnolobium japonicum,28.18404504,2,Cool
0195072AR,427594.465,4583486.547,41.3996595,2.1338209,Styphnolobium japonicum,28.50098239,2,Cool
0195074AR,427492.799,4583104.886,41.3962128,2.1326505,Styphnolobium japonicum,28.78943459,2,Cool
0195083AR,427558.815,4583548.336,41.4002128,2.1333871,Styphnolobium japonicum,28.82176123,2,Cool
0195085AR,427413.151,4583229.117,41.3973246,2.131683,Styphnolobium japonicum,28.73357218,2,Cool
0195087AR,427040.415,4583832.871,41.4027286,2.1271519,Styphnolobium japonicum,28.30358271,2,Cool
0195088AR,427348.565,4583807.619,41.402529,2.130841,Styphnolobium japonicum,27.99461427,2,Cool
0195089AR,427233.243,4583553.139,41.4002266,2.1294921,Styphnolobium japonicum,28.27810473,2,Cool
0195091AR,427428.687,4582777.516,41.3932586,2.1319229,Styphnolobium japonicum,27.91375672,2,Cool
0195096AR,427646.21800000005,4582750.252,41.3930326,2.1345279,Styphnolobium japonicum,27.94555136,2,Cool
0195103AR,427436.395,4583431.607,41.3991504,2.1319367,Styphnolobium japonicum,28.60829775,2,Cool
0195105AR,427194.304,4583720.0,41.4017259,2.1290063,Styphnolobium japonicum,28.24559244,2,Cool
0195106AR,427073.852,4583515.6,41.3998741,2.1275901,Styphnolobium japonicum,28.08262535,2,Cool
0195124AR,427432.627,4582771.916,41.3932085,2.1319707,Styphnolobium japonicum,27.96513636,2,Cool
0195130AR,427387.262,4583384.338,41.3987202,2.1313547,Styphnolobium japonicum,28.43787246,2,Cool
0195161AR,426923.549,4583095.801,41.3960795,2.1258429,Styphnolobium japonicum,29.7089765,3,Warm
0195173AR,427446.197,4582781.626,41.3932972,2.1321319,Styphnolobium japonicum,27.99625019,2,Cool
0195186AR,427139.176,4583030.042,41.3955068,2.1284299,Styphnolobium japonicum,30.02307137,3,Warm
0195199AR,427159.904,4583712.12,41.4016518,2.1285958,Styphnolobium japonicum,28.3395532,2,Cool
0195208AR,427352.076,4583213.034,41.3971742,2.1309544,Styphnolobium japonicum,28.51251538,2,Cool
0195215AR,427357.366,4583609.729,41.4007475,2.1309701,Styphnolobium japonicum,28.60363396,2,Cool
0195239AR,427305.235,4583782.619,41.4023,2.1303257,Styphnolobium japonicum,28.04960268,2,Cool
0195240AR,427422.463,4583480.078,41.3995857,2.1317643,Styphnolobium japonicum,28.75772933,2,Cool
0195242AR,427543.133,4583034.012,41.395579,2.1332611,Styphnolobium japonicum,28.64990826,2,Cool
0195257AR,427599.961,4583476.334,41.399568,2.1338879,Styphnolobium japonicum,28.43345195,2,Cool
0195271AR,426920.539,4583089.051,41.3960184,2.1258077,Styphnolobium japonicum,29.67352123,3,Warm
0195294AR,427021.562,4583479.581,41.3995449,2.126969,Styphnolobium japonicum,28.34456356,2,Cool
0195310AR,427534.109,4583592.481,41.4006081,2.1330863,Styphnolobium japonicum,28.83800534,2,Cool
0195348AR,427430.325,4583774.508,41.4022382,2.131823,Styphnolobium japonicum,28.02376345,2,Cool
0195354AR,427458.007,4582764.446,41.3931435,2.1322752,Styphnolobium japonicum,28.08566124,2,Cool
0195356AR,427358.962,4583361.508,41.398512,2.1310189,Styphnolobium japonicum,28.390739,2,Cool
0195377AR,427481.567,4582731.446,41.3928484,2.1325609,Styphnolobium japonicum,28.20183038,2,Cool
0195386AR,427168.769,4583065.949,41.3958329,2.1287795,Styphnolobium japonicum,29.51043823,3,Warm
0195388AR,427433.045,4583769.928,41.4021972,2.1318561,Styphnolobium japonicum,28.04232891,2,Cool
0195392AR,427489.185,4583671.713,41.4013177,2.1325394,Styphnolobium japonicum,28.50383701,2,Cool
0195414AR,427455.687,4582745.976,41.3929769,2.1322496,Styphnolobium japonicum,28.122602,2,Cool
0195424AR,427545.014,4583573.927,41.400442,2.1332189,Styphnolobium japonicum,28.84624221,2,Cool
0195427AR,427255.7650000001,4583754.619,41.4020433,2.1297373,Styphnolobium japonicum,28.13041508,2,Cool
0195436AR,427417.963,4583485.978,41.3996384,2.1317097,Styphnolobium japonicum,28.76976133,2,Cool
0195445AR,427277.332,4583423.299,41.3990612,2.1300351,Styphnolobium japonicum,28.4278897,2,Cool
0195451AR,427390.611,4583396.919,41.3988338,2.1313933,Styphnolobium japonicum,28.46019628,2,Cool
0195459AR,427191.119,4583083.759,41.3959953,2.1290447,Styphnolobium japonicum,29.19657505,3,Warm
0195473AR,427431.647,4582779.776,41.3932792,2.1319581,Styphnolobium japonicum,27.89975412,2,Cool
0195491AR,427340.749,4583000.277,41.3952569,2.1308444,Styphnolobium japonicum,28.3770364,2,Cool
0195497AR,427333.595,4583809.439,41.4025441,2.1306618,Styphnolobium japonicum,28.01406259,2,Cool
0195522AR,427305.171,4583320.378,41.3981367,2.1303805,Styphnolobium japonicum,28.34660997,2,Cool
0195528AR,427248.363,4583529.909,41.4000188,2.1296758,Styphnolobium japonicum,28.37446297,2,Cool
0195535AR,427228.769,4583029.928,41.3955139,2.1295015,Styphnolobium japonicum,29.12685211,3,Warm
0195549AR,427606.307,4582741.782,41.3929527,2.1340516,Styphnolobium japonicum,27.98741742,2,Cool
0195557AR,427489.247,4582720.396,41.3927496,2.1326541,Styphnolobium japonicum,28.21953625,2,Cool
0195560AR,427200.184,4583723.27,41.4017559,2.1290762,Styphnolobium japonicum,28.22975832,2,Cool
0195561AR,427127.096,4583020.152,41.3954166,2.1282866,Styphnolobium japonicum,30.17743241,3,Warm
0195565AR,427166.534,4583140.123,41.3965007,2.1287439,Styphnolobium japonicum,29.00240201,3,Warm
0195571AR,427182.564,4583713.48,41.4016661,2.1288666,Styphnolobium japonicum,28.26823634,2,Cool
0195585AR,427330.059,4583000.428,41.3952573,2.1307166,Styphnolobium japonicum,28.42678215,2,Cool
0195588AR,427442.365,4583752.318,41.4020394,2.1319697,Styphnolobium japonicum,28.09652821,2,Cool
0195592AR,427501.75,4583092.226,41.3960996,2.1327591,Styphnolobium japonicum,28.77346023,2,Cool
0195608AR,427171.04,4583220.689,41.3972268,2.1287881,Styphnolobium japonicum,28.62124367,2,Cool
0195609AR,427411.34,4583094.297,41.3961101,2.1316775,Styphnolobium japonicum,28.51535216,2,Cool
0195613AR,427392.972,4583388.668,41.3987597,2.1314225,Styphnolobium japonicum,28.45699816,2,Cool
0195620AR,427460.227,4582732.736,41.3928581,2.1323055,Styphnolobium japonicum,28.14913982,2,Cool
0195638AR,427367.285,4583817.739,41.4026219,2.1310638,Styphnolobium japonicum,27.96903881,2,Cool
0195640AR,427392.885,4583832.058,41.4027532,2.1313683,Styphnolobium japonicum,27.94105639,2,Cool
0195646AR,427133.956,4583025.682,41.395467,2.128368,Styphnolobium japonicum,30.08953407,3,Warm
0195675AR,427451.677,4582751.606,41.3930273,2.132201,Styphnolobium japonicum,28.10579252,2,Cool
0195685AR,427203.423,4583503.329,41.3997753,2.1291414,Styphnolobium japonicum,28.28983002,2,Cool
0195687AR,427496.727,4582973.769,41.3950323,2.1327132,Styphnolobium japonicum,28.22274981,2,Cool
0195710AR,427499.147,4583654.231,41.4011611,2.1326607,Styphnolobium japonicum,28.60546959,2,Cool
0195734AR,427446.105,4583746.718,41.4019893,2.1320151,Styphnolobium japonicum,28.12063361,2,Cool
0195737AR,427298.922,4583441.638,41.3992283,2.1302912,Styphnolobium japonicum,28.45100756,2,Cool
0195745AR,427621.097,4582752.002,41.3930461,2.1342273,Styphnolobium japonicum,27.95223396,2,Cool
0195749AR,427322.621,4583332.538,41.3982478,2.1305877,Styphnolobium japonicum,28.35116669,2,Cool
0195752AR,427581.667,4582724.772,41.3927973,2.1337589,Styphnolobium japonicum,28.0727976,2,Cool
0195764AR,427131.032,4583470.23,41.3994706,2.1282795,Styphnolobium japonicum,28.34637492,2,Cool
0195766AR,427358.552,4583375.208,41.3986354,2.1310124,Styphnolobium japonicum,28.38889253,2,Cool
0195773AR,427316.591,4583329.098,41.3982163,2.130516,Styphnolobium japonicum,28.34093859,2,Cool
0195779AR,427567.75,4583533.15,41.4000768,2.1334958,Styphnolobium japonicum,28.76869015,2,Cool
0195797AR,427262.552,4583398.659,41.3988379,2.1298613,Styphnolobium japonicum,28.43056487,2,Cool
0195801AR,427317.501,4583227.065,41.3972974,2.1305391,Styphnolobium japonicum,28.41656901,2,Cool
0195805AR,427029.395,4583833.491,41.4027332,2.12702,Styphnolobium japonicum,28.25883716,2,Cool
0195810AR,427442.287,4582787.576,41.3933504,2.1320844,Styphnolobium japonicum,27.95412404,2,Cool
0195812AR,427292.865,4583775.619,41.4022358,2.1301786,Styphnolobium japonicum,28.07151032,2,Cool
0195813AR,427471.064,4583703.078,41.4015985,2.1323189,Styphnolobium japonicum,28.3182991,2,Cool
0195817AR,427462.065,4583719.378,41.4017445,2.1322093,Styphnolobium japonicum,28.23783847,2,Cool
0195829AR,427474.067,4582742.486,41.3929472,2.1324699,Styphnolobium japonicum,28.1649116,2,Cool
0195841AR,427465.797,4582753.456,41.3930452,2.1323697,Styphnolobium japonicum,28.12422222,2,Cool
0195848AR,427378.77799999993,4583624.379,41.4008814,2.1312244,Styphnolobium japonicum,28.58435288,2,Cool
0195854AR,427576.737,4582721.362,41.3927662,2.1337004,Styphnolobium japonicum,28.08964271,2,Cool
0195863AR,427204.961,4583348.179,41.3983781,2.1291785,Styphnolobium japonicum,28.56392225,2,Cool
0195898AR,427428.512,4583208.789,41.3971429,2.1318692,Styphnolobium japonicum,28.78029579,2,Cool
0195904AR,427170.814,4583706.95,41.4016063,2.1287269,Styphnolobium japonicum,28.28833894,2,Cool
0195913AR,427465.295,4583713.608,41.4016929,2.1322486,Styphnolobium japonicum,28.25890643,2,Cool
0195926AR,427398.672,4583393.008,41.3987993,2.1314901,Styphnolobium japonicum,28.46783024,2,Cool
0195934AR,427422.9099999999,4583421.17,41.3990552,2.1317767,Styphnolobium japonicum,28.5611364,2,Cool
0195947AR,427334.872,4583343.018,41.3983433,2.130733,Styphnolobium japonicum,28.36450457,2,Cool
0195950AR,427477.607,4582737.096,41.3928989,2.1325129,Styphnolobium japonicum,28.18157044,2,Cool
0195987AR,427605.768,4583466.279,41.3994779,2.1339585,Styphnolobium japonicum,28.36878771,2,Cool
0196003AR,427522.737,4582672.473,41.392321,2.1330604,Styphnolobium japonicum,28.31389181,2,Cool
0196005AR,427257.1230000001,4583519.689,41.3999275,2.1297818,Styphnolobium japonicum,28.41455089,2,Cool
0196010AR,427601.377,4582738.382,41.3929217,2.1339931,Styphnolobium japonicum,27.99737133,2,Cool
0196013AR,427180.801,4583327.849,41.3981928,2.1288919,Styphnolobium japonicum,28.62693761,2,Cool
0196014AR,427564.985,4583537.89,41.4001192,2.1334622,Styphnolobium japonicum,28.78970667,2,Cool
0196023AR,427356.913,4583620.917,41.4008482,2.1309633,Styphnolobium japonicum,28.56365782,2,Cool
0196026AR,427418.479,4583222.571,41.3972661,2.1317475,Styphnolobium japonicum,28.75386395,2,Cool
0196032AR,427508.352,4583096.287,41.3961368,2.1328376,Styphnolobium japonicum,28.79377761,2,Cool
0197547AR,425894.385,4584352.278,41.4073018,2.1133794,Styphnolobium japonicum,27.87602841,2,Cool
0197564AR,426719.055,4583917.124,41.4034582,2.1232975,Styphnolobium japonicum,28.62382785,2,Cool
0197576AR,426634.125,4583999.994,41.4041968,2.1222715,Styphnolobium japonicum,28.90053177,3,Warm
0197591AR,426638.783,4583640.704,41.4009613,2.1223708,Styphnolobium japonicum,28.60609458,2,Cool
0197594AR,425695.722,4583740.651,41.4017748,2.1110779,Styphnolobium japonicum,30.02088743,3,Warm
0197611AR,426677.943,4583638.974,41.4009492,2.1228394,Styphnolobium japonicum,28.58870478,2,Cool
0197654AR,426492.23,4583792.275,41.402313,2.1205994,Styphnolobium japonicum,28.75276615,2,Cool
0197656AR,425717.322,4583697.911,41.4013919,2.1113415,Styphnolobium japonicum,30.21175372,3,Warm
0197675AR,426719.7579999999,4583042.492,41.3955808,2.1234118,Styphnolobium japonicum,28.97043488,3,Warm
0197685AR,426950.114,4582863.322,41.3939881,2.1261887,Styphnolobium japonicum,29.09744961,3,Warm
0197702AR,426064.564,4583932.989,41.4035411,2.1154664,Styphnolobium japonicum,27.76952628,1,Coolest
0197716AR,426661.813,4583669.584,41.4012235,2.1226428,Styphnolobium japonicum,28.55752692,2,Cool
0197745AR,425731.812,4583683.571,41.4012641,2.1115166,Styphnolobium japonicum,29.99777489,3,Warm
0197757AR,426621.943,4583657.674,41.4011126,2.1221673,Styphnolobium japonicum,28.59899218,2,Cool
0197759AR,426637.405,4584002.904,41.4042233,2.1223104,Styphnolobium japonicum,28.86045368,2,Cool
0197760AR,426421.91399999993,4583852.796,41.4028517,2.1197509,Styphnolobium japonicum,28.90985277,3,Warm
0197787AR,426425.254,4583849.516,41.4028224,2.1197912,Styphnolobium japonicum,28.8694283,2,Cool
0197811AR,425776.411,4583653.58,41.4009981,2.1120538,Styphnolobium japonicum,29.33501485,3,Warm
0197829AR,426939.766,4582752.3,41.3929872,2.1260783,Styphnolobium japonicum,28.4193838,2,Cool
0197837AR,426960.916,4582828.647,41.3936767,2.126322,Styphnolobium japonicum,28.96036573,3,Warm
0197839AR,426846.977,4582809.571,41.3934946,2.1249616,Styphnolobium japonicum,28.44834874,2,Cool
0197857AR,426699.515,4583902.534,41.403325,2.1230656,Styphnolobium japonicum,28.67338558,2,Cool
0197865AR,426618.823,4583698.854,41.4014832,2.122125,Styphnolobium japonicum,28.60768564,2,Cool
0197888AR,426953.204,4582851.918,41.3938856,2.126227,Styphnolobium japonicum,29.05517753,3,Warm
0197896AR,427015.443,4582925.146,41.3945508,2.1269626,Styphnolobium japonicum,29.81830139,3,Warm
0197899AR,426709.265,4583899.294,41.4032967,2.1231826,Styphnolobium japonicum,28.64100524,2,Cool
0197932AR,425809.431,4583604.4,41.4005582,2.1124548,Styphnolobium japonicum,28.56481995,2,Cool
0197933AR,426939.488,4582895.39,41.3942759,2.1260577,Styphnolobium japonicum,29.16425584,3,Warm
0197954AR,425736.812,4583680.661,41.4012383,2.1115767,Styphnolobium japonicum,29.95042906,3,Warm
0197973AR,426488.344,4583805.675,41.4024333,2.1205513,Styphnolobium japonicum,28.80201598,2,Cool
0198001AR,426649.283,4583670.134,41.4012273,2.1224928,Styphnolobium japonicum,28.57105349,2,Cool
0198007AR,426488.725,4583794.488,41.4023326,2.1205572,Styphnolobium japonicum,28.74812619,2,Cool
0198011AR,426632.273,4583637.514,41.4009319,2.1222933,Styphnolobium japonicum,28.61382155,2,Cool
0198016AR,426941.12,4582854.324,41.3939062,2.1260822,Styphnolobium japonicum,29.01551522,3,Warm
0198044AR,426628.623,4583700.814,41.4015017,2.122242,Styphnolobium japonicum,28.58956257,2,Cool
0198053AR,426484.465,4583797.378,41.4023583,2.1205059,Styphnolobium japonicum,28.7450967,2,Cool
0198079AR,426654.783,4583622.334,41.4007973,2.1225644,Styphnolobium japonicum,28.63282326,2,Cool
0198098AR,426481.034,4583799.945,41.4023811,2.1204645,Styphnolobium japonicum,28.74909621,2,Cool
0198114AR,426627.603,4583690.694,41.4014105,2.122231,Styphnolobium japonicum,28.58410817,2,Cool
0198117AR,426617.54300000006,4583661.844,41.4011497,2.1221142,Styphnolobium japonicum,28.60359836,2,Cool
0198124AR,426884.577,4582833.611,41.3937145,2.1254084,Styphnolobium japonicum,28.69244348,2,Cool
0198129AR,426923.698,4582909.051,41.3943975,2.1258672,Styphnolobium japonicum,29.09062683,3,Warm
0198139AR,426714.225,4583902.984,41.4033304,2.1232415,Styphnolobium japonicum,28.62230217,2,Cool
0198144AR,426959.308,4582894.42,41.394269,2.1262949,Styphnolobium japonicum,29.26675398,3,Warm
0198152AR,426704.159,4583099.692,41.3960946,2.1232183,Styphnolobium japonicum,28.9527446,3,Warm
0198154AR,425907.509,4584327.933,41.4070837,2.1135394,Styphnolobium japonicum,27.91591406,2,Cool
0198161AR,427013.718,4582936.05,41.3946489,2.1269406,Styphnolobium japonicum,29.87066728,3,Warm
0198163AR,426684.633,4583643.993,41.4009951,2.1229189,Styphnolobium japonicum,28.57402238,2,Cool
0198165AR,425747.292,4583674.241,41.4011815,2.1117029,Styphnolobium japonicum,29.78317394,3,Warm
0198172AR,426684.238,4583017.432,41.3953519,2.12299,Styphnolobium japonicum,29.00925785,3,Warm
0198174AR,425981.889,4584258.979,41.4064696,2.1144376,Styphnolobium japonicum,28.29943508,2,Cool
0198194AR,426917.57600000006,4582738.32,41.3928593,2.1258146,Styphnolobium japonicum,28.31338082,2,Cool
0198196AR,426679.168,4583013.853,41.3953192,2.1229298,Styphnolobium japonicum,29.01396501,3,Warm
0198209AR,426956.5470000001,4582790.22,41.3933302,2.1262744,Styphnolobium japonicum,28.70818232,2,Cool
0198211AR,426457.634,4583817.975,41.4025413,2.1201824,Styphnolobium japonicum,28.77436593,2,Cool
0198216AR,426694.395,4583888.224,41.4031956,2.123006,Styphnolobium japonicum,28.69153643,2,Cool
0198219AR,425953.565,4584293.636,41.4067791,2.1140945,Styphnolobium japonicum,28.119796,2,Cool
0198223AR,426141.079,4584054.899,41.4046462,2.1163669,Styphnolobium japonicum,28.5416351,2,Cool
0198234AR,426106.323,4584093.801,41.4049933,2.1159463,Styphnolobium japonicum,28.48336377,2,Cool
0198243AR,426651.03299999994,4583680.344,41.4013194,2.1225125,Styphnolobium japonicum,28.5655841,2,Cool
0198248AR,426608.513,4583670.004,41.4012224,2.1220052,Styphnolobium japonicum,28.60378981,2,Cool
0198249AR,425960.739,4584287.885,41.406728,2.114181,Styphnolobium japonicum,28.16207322,2,Cool
0198253AR,425842.76100000006,4583592.87,41.4004574,2.1128548,Styphnolobium japonicum,28.39114041,2,Cool
0198267AR,426576.553,4583687.704,41.4013789,2.1216207,Styphnolobium japonicum,28.62438668,2,Cool
0198270AR,426623.154,4584000.884,41.4042038,2.1221402,Styphnolobium japonicum,29.00795888,3,Warm
0198300AR,425966.84,4584281.278,41.406669,2.1142548,Styphnolobium japonicum,28.18947869,2,Cool
0198303AR,426957.695,4582805.184,41.3934651,2.1262864,Styphnolobium japonicum,28.8086168,2,Cool
0198312AR,426699.458,4583028.172,41.39545,2.1231707,Styphnolobium japonicum,28.99332036,3,Warm
0198343AR,426630.763,4583649.284,41.4010378,2.1222738,Styphnolobium japonicum,28.60119618,2,Cool
0198352AR,425720.462,4583692.751,41.4013457,2.1113797,Styphnolobium japonicum,30.2007115,3,Warm
0198386AR,426704.538,4583031.752,41.3954827,2.1232311,Styphnolobium japonicum,28.98678375,3,Warm
0198403AR,425986.616,4584251.777,41.4064051,2.114495,Styphnolobium japonicum,28.31155383,2,Cool
0198405AR,426956.227,4582760.22,41.39306,2.1262742,Styphnolobium japonicum,28.49266224,2,Cool
0198419AR,426769.684,4583835.983,41.402732,2.123913,Styphnolobium japonicum,28.28285434,2,Cool
0198429AR,426928.052,4582930.639,41.3945924,2.1259167,Styphnolobium japonicum,29.17058942,3,Warm
0198436AR,426709.912,4583541.623,41.4000754,2.1232336,Styphnolobium japonicum,28.95007117,3,Warm
0198454AR,426636.183,4583682.654,41.4013388,2.1223346,Styphnolobium japonicum,28.5794368,2,Cool
0198462AR,426631.693,4583686.644,41.4013744,2.1222804,Styphnolobium japonicum,28.58125443,2,Cool
0198470AR,426678.343,4583651.474,41.4010619,2.1228427,Styphnolobium japonicum,28.56205597,2,Cool
0198473AR,425786.271,4583638.54,41.4008635,2.1121735,Styphnolobium japonicum,29.1002847,3,Warm
0198497AR,426640.823,4583678.244,41.4012995,2.1223907,Styphnolobium japonicum,28.57871375,2,Cool
0198498AR,426644.976,4584019.634,41.4043747,2.122399,Styphnolobium japonicum,28.75240596,2,Cool
0198499AR,426689.318,4583021.012,41.3953846,2.1230503,Styphnolobium japonicum,29.00084569,3,Warm
0198501AR,426434.651,4583839.175,41.4027301,2.1199049,Styphnolobium japonicum,28.83171753,2,Cool
0198506AR,427090.258,4582865.389,41.3940194,2.1278646,Styphnolobium japonicum,29.70362658,3,Warm
0198518AR,426954.5470000001,4582877.388,41.3941151,2.12624,Styphnolobium japonicum,29.17568399,3,Warm
0198529AR,425859.801,4583595.07,41.4004788,2.1130584,Styphnolobium japonicum,28.41601528,2,Cool
0198542AR,425712.032,4583708.351,41.4014854,2.1112769,Styphnolobium japonicum,30.24743715,4,Hottest
0198567AR,426739.015,4583921.453,41.403499,2.1235358,Styphnolobium japonicum,28.55425055,2,Cool
0198592AR,425967.592,4584267.707,41.4065469,2.1142655,Styphnolobium japonicum,28.20939296,2,Cool
0198593AR,426613.633,4583713.464,41.4016143,2.1220612,Styphnolobium japonicum,28.63026492,2,Cool
0198596AR,425771.941,4583658.04,41.4010378,2.1119997,Styphnolobium japonicum,29.34648731,3,Warm
0198617AR,426651.153,4583627.134,41.4008402,2.1225204,Styphnolobium japonicum,28.62319532,2,Cool
0198622AR,426654.723,4583676.744,41.4012873,2.1225571,Styphnolobium japonicum,28.5619531,2,Cool
0198627AR,425898.337,4584345.299,41.4072393,2.1134275,Styphnolobium japonicum,27.8882242,2,Cool
0198645AR,426724.135,4583910.374,41.4033978,2.1233591,Styphnolobium japonicum,28.60188914,2,Cool
0198659AR,425836.681,4583593.28,41.4004605,2.1127821,Styphnolobium japonicum,28.38862965,2,Cool
0198662AR,426933.527,4582765.26,41.3931034,2.1260021,Styphnolobium japonicum,28.51257981,2,Cool
0198673AR,426273.334,4583945.657,41.4036744,2.1179623,Styphnolobium japonicum,28.94236623,3,Warm
0198691AR,425706.762,4583718.831,41.4015793,2.1112126,Styphnolobium japonicum,30.21828654,3,Warm
0198696AR,427071.237,4582853.049,41.3939065,2.1276386,Styphnolobium japonicum,29.5243506,3,Warm
0198697AR,426918.512,4582960.147,41.3948573,2.125799,Styphnolobium japonicum,29.17626998,3,Warm
0198701AR,426946.50600000005,4582756.57,41.3930263,2.1261584,Styphnolobium japonicum,28.45699172,2,Cool
0198718AR,426719.175,4583906.684,41.4033641,2.1233002,Styphnolobium japonicum,28.61012656,2,Cool
0198727AR,426625.085,4584002.804,41.4042213,2.1221631,Styphnolobium japonicum,28.99034216,3,Warm
0198763AR,426946.587,4582837.71,41.3937571,2.1261496,Styphnolobium japonicum,28.9645894,3,Warm
0198768AR,426868.346,4582726.161,41.3927453,2.1252272,Styphnolobium japonicum,28.15013742,2,Cool
0198802AR,426635.653,4583633.724,41.4008981,2.1223342,Styphnolobium japonicum,28.61980234,2,Cool
0198813AR,425889.027,4584361.575,41.407385,2.1133141,Styphnolobium japonicum,27.8656672,2,Cool
0198818AR,426621.173,4583707.554,41.4015617,2.1221521,Styphnolobium japonicum,28.60873494,2,Cool
0198823AR,426665.763,4583652.504,41.40107,2.1226921,Styphnolobium japonicum,28.57688028,2,Cool
0198828AR,426509.629,4583736.334,41.4018108,2.1208143,Styphnolobium japonicum,28.63254607,2,Cool
0198829AR,426609.173,4583706.164,41.4015481,2.1220087,Styphnolobium japonicum,28.61877796,2,Cool
0198833AR,426575.503,4583696.574,41.4014587,2.1216071,Styphnolobium japonicum,28.62352559,2,Cool
0198856AR,426653.483,4583665.694,41.4011877,2.1225436,Styphnolobium japonicum,28.56806091,2,Cool
0198857AR,426594.883,4583681.844,41.4013278,2.1218407,Styphnolobium japonicum,28.61527442,2,Cool
0198861AR,426924.04,4582742.437,41.3928969,2.1258914,Styphnolobium japonicum,28.34850333,2,Cool
0198885AR,426984.45699999994,4582798.78,41.3934099,2.1266072,Styphnolobium japonicum,28.80607297,2,Cool
0198891AR,426632.623,4583697.444,41.4014717,2.1222902,Styphnolobium japonicum,28.58687384,2,Cool
0198930AR,427003.818,4582928.35,41.3945786,2.1268232,Styphnolobium japonicum,29.76573274,3,Warm
0198944AR,426642.903,4583636.244,41.4009215,2.1224206,Styphnolobium japonicum,28.61164773,2,Cool
0198949AR,426613.963,4583702.374,41.4015144,2.1220664,Styphnolobium japonicum,28.61601067,2,Cool
0198959AR,426963.568,4582897.61,41.3942981,2.1263454,Styphnolobium japonicum,29.32268588,3,Warm
0198966AR,426713.242,4583536.863,41.4000328,2.123274,Styphnolobium japonicum,28.9813048,3,Warm
0198992AR,426442.584,4583832.036,41.4026666,2.1200007,Styphnolobium japonicum,28.80240822,2,Cool
0198999AR,426641.656,4584016.824,41.4043491,2.1223596,Styphnolobium japonicum,28.78298141,2,Cool
0199006AR,426997.948,4582924.07,41.3945395,2.1267535,Styphnolobium japonicum,29.67837551,3,Warm
0199051AR,426650.526,4584014.574,41.4043296,2.122466,Styphnolobium japonicum,28.73822839,2,Cool
0199053AR,426733.715,4583928.074,41.4035581,2.1234716,Styphnolobium japonicum,28.5787927,2,Cool
0199062AR,426645.093,4583674.334,41.4012647,2.1224422,Styphnolobium japonicum,28.57706461,2,Cool
0199076AR,426890.916,4582736.95,41.3928445,2.1254959,Styphnolobium japonicum,28.26709468,2,Cool
0199084AR,425709.072,4583713.551,41.401532,2.1112409,Styphnolobium japonicum,30.2169974,3,Warm
0199100AR,426530.198,4583721.143,41.4016758,2.1210622,Styphnolobium japonicum,28.62584669,2,Cool
0199101AR,426687.093,4583639.453,41.4009544,2.1229488,Styphnolobium japonicum,28.58222769,2,Cool
0199117AR,426410.976,4583794.576,41.4023263,2.1196271,Styphnolobium japonicum,28.4259495,2,Cool
0199136AR,426409.007,4583867.888,41.4029864,2.1195947,Styphnolobium japonicum,29.01746913,3,Warm
0199146AR,425987.695,4584236.873,41.406271,2.1145098,Styphnolobium japonicum,28.29442586,2,Cool
0199156AR,426603.943,4583674.124,41.4012591,2.12195,Styphnolobium japonicum,28.60421442,2,Cool
0199158AR,426096.496,4584120.764,41.4052353,2.1158255,Styphnolobium japonicum,28.54886147,2,Cool
0199161AR,426668.653,4583662.354,41.401159,2.1227255,Styphnolobium japonicum,28.56292039,2,Cool
0199196AR,425830.591,4583594.77,41.4004734,2.112709,Styphnolobium japonicum,28.41348613,2,Cool
0199198AR,426904.418,4583011.091,41.3953148,2.1256243,Styphnolobium japonicum,29.21702912,3,Warm
0199199AR,425742.052,4583677.571,41.401211,2.1116398,Styphnolobium japonicum,29.87052951,3,Warm
0199202AR,426920.533,4582953.096,41.3947939,2.125824,Styphnolobium japonicum,29.16950239,3,Warm
0199204AR,426674.098,4583010.273,41.3952865,2.1228696,Styphnolobium japonicum,29.02297006,3,Warm
0199211AR,426709.608,4583035.332,41.3955154,2.1232913,Styphnolobium japonicum,28.97922446,3,Warm
0199232AR,426635.026,4584011.214,41.4042979,2.122281,Styphnolobium japonicum,28.86783134,2,Cool
0199242AR,426614.543,4583655.174,41.4010894,2.1220791,Styphnolobium japonicum,28.60616797,2,Cool
0199255AR,426645.313,4583623.144,41.4008037,2.122451,Styphnolobium japonicum,28.63472903,2,Cool
0199256AR,427058.257,4582846.749,41.3938486,2.1274841,Styphnolobium japonicum,29.41736909,3,Warm
0199263AR,426624.703,4583704.104,41.401531,2.1221947,Styphnolobium japonicum,28.59615914,2,Cool
0199278AR,426465.004,4583811.875,41.402487,2.1202713,Styphnolobium japonicum,28.7504476,2,Cool
0199282AR,426622.973,4583694.854,41.4014475,2.1221751,Styphnolobium japonicum,28.58901745,2,Cool
0199284AR,426681.523,4583647.733,41.4010285,2.1228812,Styphnolobium japonicum,28.56872604,2,Cool
0199292AR,426620.72800000006,4583998.675,41.4041837,2.1221114,Styphnolobium japonicum,29.0265667,3,Warm
0199300AR,425943.319,4583201.312,41.3969401,2.1141056,Styphnolobium japonicum,27.68072012,1,Coolest
0199306AR,426723.472,4583524.023,41.3999181,2.123398,Styphnolobium japonicum,29.05705886,3,Warm
0199335AR,426879.316,4582729.651,41.3927777,2.125358,Styphnolobium japonicum,28.19367325,2,Cool
0199350AR,426936.767,4582858.35,41.3939421,2.1260296,Styphnolobium japonicum,29.01674917,3,Warm
0199351AR,426651.563,4583615.074,41.4007316,2.1225268,Styphnolobium japonicum,28.65164376,2,Cool
0199369AR,426638.346,4584014.024,41.4043235,2.1223203,Styphnolobium japonicum,28.8094193,2,Cool
0199370AR,426999.537,4582808.3,41.393497,2.1267864,Styphnolobium japonicum,28.89548245,3,Warm
0199372AR,425714.672,4583702.831,41.401436,2.1113092,Styphnolobium japonicum,30.24175277,4,Hottest
0199406AR,426673.883,4583643.594,41.4009905,2.1227903,Styphnolobium japonicum,28.5822184,2,Cool
0199421AR,425791.991,4583628.24,41.4007713,2.1122432,Styphnolobium japonicum,28.94054282,3,Warm
0199422AR,426628.405,4584005.604,41.4042468,2.1222024,Styphnolobium japonicum,28.95300077,3,Warm
0199423AR,425801.081,4583612.74,41.4006325,2.1123539,Styphnolobium japonicum,28.68654596,2,Cool
0199437AR,426639.383,4583629.744,41.4008626,2.1223793,Styphnolobium japonicum,28.62294559,2,Cool
0199447AR,426640.243,4583690.694,41.4014116,2.1223822,Styphnolobium japonicum,28.57901405,2,Cool
0199455AR,425751.892,4583671.201,41.4011545,2.1117583,Styphnolobium japonicum,29.71888185,3,Warm
0199472AR,425961.374,4584275.873,41.4066198,2.1141901,Styphnolobium japonicum,28.16777574,2,Cool
0199475AR,426066.854,4583945.609,41.403655,2.1154923,Styphnolobium japonicum,27.77530678,1,Coolest
0199485AR,426395.874,4583883.656,41.4031272,2.1194356,Styphnolobium japonicum,29.14334206,3,Warm
0199504AR,425767.432,4583661.83,41.4010716,2.1119453,Styphnolobium japonicum,29.47739663,3,Warm
0199531AR,426704.405,4583906.184,41.4033583,2.1231236,Styphnolobium japonicum,28.65711647,2,Cool
0199541AR,426657.763,4583661.334,41.4011488,2.1225953,Styphnolobium japonicum,28.56843669,2,Cool
0199545AR,426436.084,4583801.146,41.4023878,2.1199267,Styphnolobium japonicum,28.58560412,2,Cool
0199558AR,426585.4529999999,4583689.244,41.4013936,2.121727,Styphnolobium japonicum,28.6252443,2,Cool
0199567AR,425780.271,4583649.07,41.4009578,2.1121005,Styphnolobium japonicum,29.26586874,3,Warm
0199581AR,426693.568,4583025.152,41.3954223,2.1231007,Styphnolobium japonicum,29.00420111,3,Warm
0199611AR,426636.403,4583694.104,41.401442,2.1223359,Styphnolobium japonicum,28.57886329,2,Cool
0199637AR,425865.551,4583596.63,41.4004934,2.113127,Styphnolobium japonicum,28.43418414,2,Cool
0199652AR,426958.697,4582796.49,41.3933869,2.1262994,Styphnolobium japonicum,28.75392973,2,Cool
0199654AR,426674.833,4583655.454,41.4010974,2.1228002,Styphnolobium japonicum,28.56209884,2,Cool
0199655AR,426704.305,4583895.604,41.403263,2.1231237,Styphnolobium japonicum,28.65282317,2,Cool
0199658AR,425700.982,4583729.501,41.4016749,2.1111422,Styphnolobium japonicum,30.15167192,3,Warm
0199666AR,426896.886,4582740.92,41.3928808,2.1255668,Styphnolobium japonicum,28.30667543,2,Cool
0199675AR,426714.678,4583038.912,41.3955481,2.1233515,Styphnolobium japonicum,28.97054899,3,Warm
0199677AR,425757.27199999994,4583668.151,41.4011275,2.111823,Styphnolobium japonicum,29.60604569,3,Warm
0199678AR,426626.113,4583653.514,41.4010755,2.1222177,Styphnolobium japonicum,28.59846792,2,Cool
0199690AR,426929.236,4582745.66,41.3929264,2.1259532,Styphnolobium japonicum,28.37527713,2,Cool
0199692AR,425703.872,4583724.601,41.401631,2.1111773,Styphnolobium japonicum,30.17579745,3,Warm
0199715AR,426085.25500000006,4584118.759,41.4052162,2.1156913,Styphnolobium japonicum,28.44040903,2,Cool
0199717AR,425783.451,4583643.9,41.4009115,2.1121392,Styphnolobium japonicum,29.17315519,3,Warm
0199742AR,426138.945,4584068.878,41.4047719,2.1163396,Styphnolobium japonicum,28.6054204,2,Cool
0199746AR,425903.052,4584336.226,41.407158,2.113485,Styphnolobium japonicum,27.90541703,2,Cool
0199753AR,426930.817,4582885.86,41.3941893,2.1259552,Styphnolobium japonicum,29.07579345,3,Warm
0199755AR,425928.115,4584303.246,41.4068633,2.1137889,Styphnolobium japonicum,28.00573961,2,Cool
0199763AR,426661.963,4583656.664,41.4011071,2.1226461,Styphnolobium japonicum,28.57313316,2,Cool
0199765AR,426622.678,4583647.8,41.4010237,2.1221773,Styphnolobium japonicum,28.61300515,2,Cool
0199779AR,426671.893,4583658.874,41.4011279,2.1227647,Styphnolobium japonicum,28.55922785,2,Cool
0199821AR,426915.386,4582753.25,41.3929935,2.1257866,Styphnolobium japonicum,28.40921535,2,Cool
0199838AR,426498.824,4583796.485,41.4023515,2.1206777,Styphnolobium japonicum,28.77491208,2,Cool
0199851AR,426642.383,4583626.564,41.4008342,2.1224156,Styphnolobium japonicum,28.62912966,2,Cool
0199869AR,426461.054,4583815.215,41.4025168,2.1202237,Styphnolobium japonicum,28.7635648,2,Cool
0199888AR,426446.614,4583790.215,41.4022903,2.120054,Styphnolobium japonicum,28.57119948,2,Cool
0199891AR,426955.828,4582810.939,41.3935168,2.1262633,Styphnolobium japonicum,28.84109495,2,Cool
0199910AR,426709.285,4583909.834,41.4033916,2.1231816,Styphnolobium japonicum,28.65004663,2,Cool
0199935AR,426418.274,4583856.766,41.4028871,2.1197069,Styphnolobium japonicum,28.92039876,3,Warm
0199943AR,426522.178,4583727.393,41.4017314,2.1209655,Styphnolobium japonicum,28.62858596,2,Cool
0199946AR,426116.837,4584096.221,41.4050161,2.1160718,Styphnolobium japonicum,28.58571939,2,Cool
0199957AR,426734.055,4583917.754,41.4034652,2.1234769,Styphnolobium japonicum,28.57221679,2,Cool
0199959AR,426538.538,4583715.363,41.4016245,2.1211626,Styphnolobium japonicum,28.63550843,2,Cool
0199964AR,426398.98399999994,4583879.906,41.4030937,2.1194733,Styphnolobium japonicum,29.11747294,3,Warm
0199969AR,426588.043,4583678.044,41.4012929,2.1217593,Styphnolobium japonicum,28.62351325,2,Cool
0200023AR,426060.783,4584148.192,41.405479,2.1153949,Styphnolobium japonicum,28.41913509,2,Cool
0200026AR,426415.274,4583860.196,41.4029177,2.1196706,Styphnolobium japonicum,28.96067505,3,Warm
0200031AR,426906.558,4583005.761,41.395267,2.1256505,Styphnolobium japonicum,29.21040128,3,Warm
0200035AR,426609.713,4583716.604,41.4016422,2.1220139,Styphnolobium japonicum,28.6324295,2,Cool
0200042AR,426951.469,4582857.449,41.3939353,2.1262056,Styphnolobium japonicum,29.07650907,3,Warm
0200043AR,426657.913,4583673.474,41.4012581,2.1225957,Styphnolobium japonicum,28.55903857,2,Cool
0200062AR,426283.86400000006,4583936.977,41.4035972,2.1180893,Styphnolobium japonicum,28.9231683,3,Warm
0200067AR,427020.988,4582929.242,41.3945882,2.1270284,Styphnolobium japonicum,29.87520147,3,Warm
0200081AR,426871.726,4582705.521,41.3925597,2.1252702,Styphnolobium japonicum,28.04800281,2,Cool
0200090AR,426930.3339999999,4582924.055,41.3945333,2.1259448,Styphnolobium japonicum,29.16790118,3,Warm
0200091AR,425698.442,4583735.121,41.4017253,2.1111111,Styphnolobium japonicum,30.08448641,3,Warm
0200099AR,426599.603,4583678.094,41.4012944,2.1218976,Styphnolobium japonicum,28.61052288,2,Cool
0200101AR,425921.606,4584310.216,41.4069255,2.1137102,Styphnolobium japonicum,27.9747194,2,Cool
0200159AR,426643.793,4583687.224,41.4013807,2.1224251,Styphnolobium japonicum,28.57552333,2,Cool
0200163AR,425804.701,4583608.2,41.400592,2.1123977,Styphnolobium japonicum,28.63399463,2,Cool
0200168AR,426990.137,4582802.52,41.3934441,2.1266747,Styphnolobium japonicum,28.84198931,2,Cool
0200178AR,426729.908,4583049.652,41.3956462,2.1235324,Styphnolobium japonicum,28.95116107,3,Warm
0200181AR,425972.439,4584274.221,41.406606,2.1143227,Styphnolobium japonicum,28.21753934,2,Cool
0200191AR,426590.003,4583685.514,41.4013604,2.1217819,Styphnolobium japonicum,28.61948051,2,Cool
0200192AR,426584.383,4583681.094,41.4013201,2.1217152,Styphnolobium japonicum,28.62308455,2,Cool
0200194AR,426600.143,4583668.484,41.4012079,2.1219052,Styphnolobium japonicum,28.60520826,2,Cool
0200230AR,426647.343,4583683.894,41.401351,2.122468,Styphnolobium japonicum,28.56697592,2,Cool
0200235AR,426706.342,4583545.663,41.4001114,2.1231904,Styphnolobium japonicum,28.92688288,3,Warm
0200248AR,426468.784,4583819.815,41.4025589,2.1203156,Styphnolobium japonicum,28.79703532,2,Cool
0200259AR,426724.828,4583046.072,41.3956135,2.123472,Styphnolobium japonicum,28.96372895,3,Warm
0200281AR,426753.694,4583825.973,41.4026404,2.1237229,Styphnolobium japonicum,28.35890276,2,Cool
0200295AR,426939.167,4582768.4,41.3931321,2.1260692,Styphnolobium japonicum,28.53901098,2,Cool
0200303AR,426669.583,4583648.204,41.4010316,2.1227383,Styphnolobium japonicum,28.57851923,2,Cool
0200304AR,426842.706,4582724.011,41.3927236,2.1249208,Styphnolobium japonicum,28.06127162,2,Cool
0200315AR,426870.936,4582707.561,41.392578,2.1252605,Styphnolobium japonicum,28.05454312,2,Cool
0200317AR,426874.006,4582726.841,41.3927519,2.1252949,Styphnolobium japonicum,28.16265364,2,Cool
0200324AR,426468.724,4583808.905,41.4024606,2.1203162,Styphnolobium japonicum,28.74459881,2,Cool
0200325AR,425977.406,4584251.659,41.4064032,2.1143849,Styphnolobium japonicum,28.26152645,2,Cool
0200327AR,426643.966,4584008.734,41.4042764,2.1223882,Styphnolobium japonicum,28.79575018,2,Cool
0200330AR,427077.537,4582857.199,41.3939445,2.1277135,Styphnolobium japonicum,29.58908177,3,Warm
0200333AR,426653.613,4583629.594,41.4008625,2.1225495,Styphnolobium japonicum,28.61763093,2,Cool
0200356AR,426634.623,4583645.044,41.401,2.1223205,Styphnolobium japonicum,28.60374999,2,Cool
0200362AR,426729.095,4583914.064,41.4034315,2.123418,Styphnolobium japonicum,28.58522865,2,Cool
0200365AR,426950.138,4582868.385,41.3940337,2.1261883,Styphnolobium japonicum,29.11810492,3,Warm
0200366AR,426580.213,4583684.644,41.4013517,2.1216649,Styphnolobium japonicum,28.62261274,2,Cool
0200384AR,426604.5229999999,4583709.844,41.4015808,2.1219526,Styphnolobium japonicum,28.62254074,2,Cool
0200395AR,425797.471,4583617.29,41.4006732,2.1123101,Styphnolobium japonicum,28.77470323,2,Cool
0200398AR,426648.433,4583619.714,41.4007731,2.1224888,Styphnolobium japonicum,28.64289486,2,Cool
0200404AR,426136.159,4584058.735,41.4046802,2.1163075,Styphnolobium japonicum,28.53127806,2,Cool
0200408AR,426570.853,4583691.764,41.4014149,2.1215521,Styphnolobium japonicum,28.62570758,2,Cool
0200410AR,427083.33700000006,4582860.599,41.3939756,2.1277824,Styphnolobium japonicum,29.63980814,3,Warm
0200432AR,426699.345,4583891.914,41.4032293,2.1230648,Styphnolobium japonicum,28.67352737,2,Cool
0200442AR,425914.614,4584318.676,41.407001,2.1136255,Styphnolobium japonicum,27.948974,2,Cool
0200446AR,426628.603,4583641.244,41.4009652,2.122249,Styphnolobium japonicum,28.60713127,2,Cool
0200451AR,425693.092,4583745.991,41.4018227,2.1110458,Styphnolobium japonicum,29.96677329,3,Warm
0200467AR,426839.1159999999,4582827.329,41.3936538,2.1248654,Styphnolobium japonicum,28.47075553,2,Cool
0200483AR,426883.596,4582716.541,41.39266,2.1254108,Styphnolobium japonicum,28.12160139,2,Cool
0200499AR,425971.905,4584260.489,41.4064822,2.114318,Styphnolobium japonicum,28.22203812,2,Cool
0200507AR,426640.685,4584005.824,41.4042499,2.1223493,Styphnolobium japonicum,28.82216273,2,Cool
0200657AR,430114.317,4584413.372,41.40823,2.1638555,Styphnolobium japonicum,28.87736234,2,Cool
0200658AR,429851.883,4584392.641,41.4080204,2.1607183,Styphnolobium japonicum,28.94860075,3,Warm
0200663AR,430137.817,4584644.522,41.4103139,2.1641099,Styphnolobium japonicum,28.84083915,2,Cool
0200681AR,430103.9799999999,4584365.81,41.4078007,2.1637373,Styphnolobium japonicum,28.93221754,3,Warm
0200689AR,429732.955,4584585.832,41.40975,2.1592731,Styphnolobium japonicum,28.95477018,3,Warm
0200699AR,430078.476,4584713.639,41.4109313,2.163392,Styphnolobium japonicum,29.13084938,3,Warm
0200735AR,429916.433,4584299.71,41.4071891,2.1615013,Styphnolobium japonicum,28.89757819,3,Warm
0200742AR,430072.291,4584076.698,41.4051941,2.1633916,Styphnolobium japonicum,28.81120533,2,Cool
0200743AR,429876.923,4584356.3,41.4076953,2.1610221,Styphnolobium japonicum,28.89252283,3,Warm
0200754AR,430139.151,4584124.056,41.4056264,2.164186,Styphnolobium japonicum,28.75893712,2,Cool
0200755AR,430006.477,4584819.78,41.411881,2.1625184,Styphnolobium japonicum,29.01986781,3,Warm
0200776AR,429989.327,4584847.01,41.4121248,2.16231,Styphnolobium japonicum,29.01090667,3,Warm
0200782AR,429694.508,4584620.715,41.4100609,2.1588091,Styphnolobium japonicum,28.90011165,3,Warm
0200805AR,430027.799,4583815.118,41.4028342,2.1628896,Styphnolobium japonicum,28.81313658,2,Cool
0200811AR,429752.946,4584536.283,41.4093055,2.1595181,Styphnolobium japonicum,29.00162589,3,Warm
0200816AR,429790.5140000001,4584480.531,41.4088067,2.159974,Styphnolobium japonicum,29.05042984,3,Warm
0200834AR,430101.08,4584352.531,41.4076809,2.1637041,Styphnolobium japonicum,28.93671839,3,Warm
0200869AR,430045.167,4584766.84,41.4114075,2.1629874,Styphnolobium japonicum,29.43932539,3,Warm
0200872AR,429781.32100000005,4584619.367,41.4100563,2.1598479,Styphnolobium japonicum,29.00927508,3,Warm
0200885AR,429963.03,4583941.819,41.4039697,2.1621002,Styphnolobium japonicum,29.01158793,3,Warm
0200930AR,429737.275,4584589.062,41.4097795,2.1593244,Styphnolobium japonicum,28.95551727,3,Warm
0200947AR,430094.647,4584691.209,41.4107307,2.1635881,Styphnolobium japonicum,29.04083896,3,Warm
0200948AR,430144.79400000005,4584553.794,41.4094974,2.1642039,Styphnolobium japonicum,28.70945476,2,Cool
0200949AR,429929.093,4584281.64,41.4070274,2.1616548,Styphnolobium japonicum,28.90977145,3,Warm
0200952AR,430095.323,4584326.819,41.4074488,2.1636382,Styphnolobium japonicum,28.93915382,3,Warm
0200973AR,430111.074,4584398.869,41.4080991,2.1638184,Styphnolobium japonicum,28.89359057,3,Warm
0201013AR,430071.813,4584181.601,41.4061388,2.1633738,Styphnolobium japonicum,28.83743031,2,Cool
0201039AR,429985.962,4584199.799,41.4062953,2.1623446,Styphnolobium japonicum,29.03219083,3,Warm
0201051AR,430108.076,4584675.099,41.4105867,2.1637506,Styphnolobium japonicum,28.95803373,3,Warm
0201053AR,429794.0,4584475.0,41.4087572,2.1600163,Styphnolobium japonicum,29.05078647,3,Warm
0201061AR,429864.663,4584373.9,41.4078528,2.1608734,Styphnolobium japonicum,28.9176167,3,Warm
0201075AR,429897.603,4584327.0,41.4074332,2.1612729,Styphnolobium japonicum,28.87718572,2,Cool
0201100AR,429728.565,4584582.942,41.4097236,2.1592209,Styphnolobium japonicum,28.95477661,3,Warm
0201107AR,429783.253,4584492.862,41.4089171,2.1598857,Styphnolobium japonicum,29.04558318,3,Warm
0201112AR,430056.486,4584749.2,41.4112497,2.1631248,Styphnolobium japonicum,29.34112492,3,Warm
0201124AR,430474.625,4584218.268,41.406504,2.1681883,Styphnolobium japonicum,29.0191581,3,Warm
0201147AR,429757.733,4584602.569,41.409903,2.1595676,Styphnolobium japonicum,28.9750413,3,Warm
0201148AR,430096.011,4584048.978,41.4049465,2.1636786,Styphnolobium japonicum,28.74922863,2,Cool
0201172AR,430132.0,4584649.0,41.4103538,2.1640398,Styphnolobium japonicum,28.84866096,2,Cool
0201182AR,430117.234,4584426.679,41.4083501,2.1638888,Styphnolobium japonicum,28.85237625,2,Cool
0201237AR,429769.755,4584610.8,41.4099781,2.1597105,Styphnolobium japonicum,28.98900586,3,Warm
0201250AR,430067.196,4584731.489,41.4110911,2.163255,Styphnolobium japonicum,29.23789728,3,Warm
0201276AR,430089.103,4584186.897,41.406188,2.16358,Styphnolobium japonicum,28.83413094,2,Cool
0201304AR,430341.179,4583688.966,41.4017252,2.1666529,Styphnolobium japonicum,28.62659836,2,Cool
0201309AR,429990.0,4583964.0,41.4041719,2.1624202,Styphnolobium japonicum,28.97954059,3,Warm
0201325AR,429950.0,4583931.0,41.4038712,2.1619455,Styphnolobium japonicum,29.0087863,3,Warm
0201329AR,430057.301,4584098.799,41.4053918,2.1632097,Styphnolobium japonicum,28.84133587,2,Cool
0201343AR,430124.952,4584462.485,41.4086733,2.163977,Styphnolobium japonicum,28.78390173,2,Cool
0201358AR,429997.3540000001,4584835.989,41.4120262,2.1624073,Styphnolobium japonicum,29.05305945,3,Warm
0201375AR,430396.82,4583799.216,41.402723,2.1673058,Styphnolobium japonicum,28.56240367,2,Cool
0201387AR,429753.0,4584600.0,41.4098794,2.1595113,Styphnolobium japonicum,28.97330396,3,Warm
0201394AR,430340.6290000001,4583679.246,41.4016376,2.1666474,Styphnolobium japonicum,28.62354758,2,Cool
0201441AR,429741.505,4584592.162,41.4098078,2.1593747,Styphnolobium japonicum,28.95507582,3,Warm
0201446AR,429735.953,4584560.807,41.4095249,2.1593119,Styphnolobium japonicum,28.97778215,3,Warm
0201450AR,430373.653,4584275.196,41.407008,2.1669739,Styphnolobium japonicum,28.86185792,2,Cool
0201465AR,429796.606,4584629.651,41.4101503,2.1600295,Styphnolobium japonicum,29.0344877,3,Warm
0201470AR,430113.872,4584162.338,41.405969,2.1638791,Styphnolobium japonicum,28.82105385,2,Cool
0201483AR,429697.007,4584616.806,41.4100259,2.1588395,Styphnolobium japonicum,28.90567253,3,Warm
0201487AR,430090.366,4584696.619,41.410779,2.1635362,Styphnolobium japonicum,29.07999285,3,Warm
0201489AR,430339.909,4583684.416,41.4016841,2.1666382,Styphnolobium japonicum,28.62534028,2,Cool
0201502AR,430108.702,4584182.408,41.4061493,2.163815,Styphnolobium japonicum,28.8440715,2,Cool
0201514AR,430140.377,4584533.131,41.4093109,2.1641534,Styphnolobium japonicum,28.70922484,2,Cool
0201539AR,429671.108,4584654.012,41.4103587,2.1585253,Styphnolobium japonicum,28.81641833,2,Cool
0201543AR,430127.774,4584475.449,41.4087903,2.1640093,Styphnolobium japonicum,28.77063017,2,Cool
0201566AR,429937.813,4584269.02,41.4069145,2.1617606,Styphnolobium japonicum,28.92579762,3,Warm
0201571AR,429680.244,4584640.766,41.4102402,2.1586361,Styphnolobium japonicum,28.85762347,2,Cool
0201586AR,430052.626,4584754.92,41.4113008,2.163078,Styphnolobium japonicum,29.36881937,3,Warm
0201589AR,430105.474,4584372.149,41.407858,2.1637544,Styphnolobium japonicum,28.92492155,3,Warm
0201601AR,429829.904,4584426.684,41.4083251,2.1604514,Styphnolobium japonicum,29.01032238,3,Warm
0201637AR,430097.0,4584338.0,41.4075497,2.163657,Styphnolobium japonicum,28.94230522,3,Warm
0201655AR,429763.844,4584607.271,41.4099458,2.1596402,Styphnolobium japonicum,28.98070664,3,Warm
0201678AR,430078.748,4584189.208,41.406208,2.1634559,Styphnolobium japonicum,28.83382711,2,Cool
0201683AR,430090.0,4584045.0,41.4049101,2.1636071,Styphnolobium japonicum,28.77030975,2,Cool
0201696AR,429684.451,4584634.404,41.4101833,2.1586872,Styphnolobium japonicum,28.87173051,2,Cool
0201782AR,430003.142,4584175.489,41.4060778,2.162553,Styphnolobium japonicum,29.04069821,3,Warm
0201788AR,429901.613,4584321.23,41.4073816,2.1613215,Styphnolobium japonicum,28.8766824,2,Cool
0201872AR,429933.883,4584274.87,41.4069669,2.1617129,Styphnolobium japonicum,28.92451103,3,Warm
0201887AR,429942.828,4583903.498,41.4036228,2.1618629,Styphnolobium japonicum,28.97718152,3,Warm
0201896AR,430344.449,4583684.146,41.4016821,2.1666925,Styphnolobium japonicum,28.6308129,2,Cool
0201932AR,429977.5,4583953.849,41.4040793,2.1622719,Styphnolobium japonicum,29.01388556,3,Warm
0201943AR,429747.7650000001,4584595.671,41.40984,2.1594492,Styphnolobium japonicum,28.96564999,3,Warm
0202012AR,429819.513,4584442.042,41.4084625,2.1603253,Styphnolobium japonicum,29.02904689,3,Warm
0202052AR,429996.58,4583968.799,41.4042157,2.1624984,Styphnolobium japonicum,28.98664459,3,Warm
0202053AR,430337.549,4583688.686,41.4017224,2.1666095,Styphnolobium japonicum,28.61910954,2,Cool
0202096AR,429943.569,4583911.425,41.4036943,2.1618709,Styphnolobium japonicum,28.98946281,3,Warm
0202099AR,430105.0,4584173.0,41.4060643,2.1637718,Styphnolobium japonicum,28.82374736,2,Cool
0202116AR,429780.16899999994,4584497.412,41.4089578,2.1598482,Styphnolobium japonicum,29.04187646,3,Warm
0202120AR,430000.0,4584830.0,41.4119725,2.1624397,Styphnolobium japonicum,29.02213447,3,Warm
0202125AR,429786.064,4584622.543,41.4100853,2.1599042,Styphnolobium japonicum,29.01864076,3,Warm
0202138AR,429776.281,4584616.043,41.4100259,2.159788,Styphnolobium japonicum,29.00334529,3,Warm
0202140AR,429981.402,4584206.889,41.4063587,2.1622893,Styphnolobium japonicum,29.01979296,3,Warm
0202153AR,429791.217,4584625.98,41.4101167,2.1599655,Styphnolobium japonicum,29.02412896,3,Warm
0202157AR,429954.022,4584245.77,41.4067065,2.1619572,Styphnolobium japonicum,28.96330151,3,Warm
0202160AR,430071.711,4584029.678,41.4047705,2.1633901,Styphnolobium japonicum,28.81864479,2,Cool
0202182AR,430248.031,4583979.267,41.4043318,2.1655052,Styphnolobium japonicum,28.56971469,2,Cool
0202221AR,430048.866,4584760.95,41.4113548,2.1630323,Styphnolobium japonicum,29.40757521,3,Warm
0202224AR,430003.177,4584824.91,41.4119269,2.1624783,Styphnolobium japonicum,29.04631,3,Warm
0202234AR,430102.132,4584054.436,41.4049961,2.1637512,Styphnolobium japonicum,28.73795512,2,Cool
0202244AR,430078.561,4584034.968,41.4048188,2.1634714,Styphnolobium japonicum,28.80817563,2,Cool
0202253AR,430113.503,4584062.991,41.4050742,2.1638862,Styphnolobium japonicum,28.70224059,2,Cool
0202268AR,430103.466,4584680.259,41.4106328,2.1636948,Styphnolobium japonicum,28.98751427,3,Warm
0202270AR,430090.063,4584177.867,41.4061068,2.1635925,Styphnolobium japonicum,28.83912643,2,Cool
0202274AR,430109.0,4584168.0,41.4060196,2.1638202,Styphnolobium japonicum,28.82737434,2,Cool
0202309AR,430108.434,4584385.579,41.4079792,2.1637883,Styphnolobium japonicum,28.91290112,3,Warm
0202338AR,429699.522,4584613.063,41.4099924,2.15887,Styphnolobium japonicum,28.91301641,3,Warm
0202371AR,430130.097,4584137.489,41.4057466,2.1640761,Styphnolobium japonicum,28.76617281,2,Cool
0202389AR,429807.564,4584456.161,41.4085887,2.1601808,Styphnolobium japonicum,29.04447908,3,Warm
0202392AR,429740.042,4584554.993,41.4094729,2.1593615,Styphnolobium japonicum,28.98202369,3,Warm
0202630AR,430056.3410000001,4584062.109,41.4050613,2.1632025,Styphnolobium japonicum,28.88275737,2,Cool
0202642AR,429888.173,4584320.08,41.4073701,2.1611609,Styphnolobium japonicum,28.89776156,3,Warm
0202686AR,429887.62,4583328.998,41.3984437,2.161269,Styphnolobium japonicum,29.11868824,3,Warm
0202711AR,429726.117,4583545.46,41.4003792,2.1593121,Styphnolobium japonicum,29.36295843,3,Warm
0202735AR,430000.412,4584134.719,41.4057104,2.162525,Styphnolobium japonicum,29.16706122,3,Warm
0202771AR,429890.955,4583324.934,41.3984074,2.1613094,Styphnolobium japonicum,29.09091153,3,Warm
0202787AR,429534.438,4583753.322,41.4022346,2.1569951,Styphnolobium japonicum,29.46763064,3,Warm
0202791AR,429949.802,4584230.67,41.4065702,2.1619085,Styphnolobium japonicum,29.02754474,3,Warm
0202802AR,429508.078,4583788.512,41.4025492,2.1566757,Styphnolobium japonicum,29.55054762,3,Warm
0202818AR,429709.0,4584560.0,41.4095153,2.1589895,Styphnolobium japonicum,28.97179175,3,Warm
0202832AR,429855.553,4584366.611,41.4077863,2.1607652,Styphnolobium japonicum,28.92252029,3,Warm
0202833AR,429730.434,4584546.542,41.409396,2.1592475,Styphnolobium japonicum,28.99004591,3,Warm
0202857AR,429496.298,4583803.372,41.402682,2.156533,Styphnolobium japonicum,29.57125306,3,Warm
0202881AR,429766.0,4584495.0,41.4089348,2.159679,Styphnolobium japonicum,29.04701172,3,Warm
0202896AR,429240.347,4584113.54,41.4054531,2.153435,Styphnolobium japonicum,29.49051598,3,Warm
0202964AR,429747.527,4583517.1,41.4001256,2.1595715,Styphnolobium japonicum,29.4213525,3,Warm
0202982AR,429186.2,4584176.407,41.4060145,2.1527799,Styphnolobium japonicum,29.33767792,3,Warm
0203007AR,429812.094,4584429.301,41.4083471,2.1602381,Styphnolobium japonicum,29.01797683,3,Warm
0203047AR,429680.463,4584549.728,41.4094203,2.1586493,Styphnolobium japonicum,28.99876209,3,Warm
0203059AR,429932.652,4584255.86,41.4067955,2.1617004,Styphnolobium japonicum,28.98582539,3,Warm
0203089AR,429182.5630000001,4584180.8,41.4060538,2.1527359,Styphnolobium japonicum,29.33247702,3,Warm
0203107AR,429740.137,4583527.05,41.4002146,2.159482,Styphnolobium japonicum,29.40073115,3,Warm
0203114AR,429709.177,4583566.87,41.4005706,2.159107,Styphnolobium japonicum,29.33236843,3,Warm
0203147AR,430013.912,4584132.949,41.4056956,2.1626867,Styphnolobium japonicum,29.11417666,3,Warm
0203170AR,430008.312,4584140.649,41.4057645,2.1626189,Styphnolobium japonicum,29.11473661,3,Warm
0203187AR,429503.938,4583793.822,41.4025967,2.1566255,Styphnolobium japonicum,29.5590622,3,Warm
0203253AR,429682.0,4584542.0,41.4093508,2.1586686,Styphnolobium japonicum,29.01469507,3,Warm
0203279AR,429666.704,4584539.962,41.4093311,2.1584859,Styphnolobium japonicum,29.03410494,3,Warm
0203367AR,430040.911,4584094.279,41.4053497,2.1630142,Styphnolobium japonicum,28.91509501,3,Warm
0203368AR,429670.527,4583613.551,41.4009876,2.1586393,Styphnolobium japonicum,29.27662364,3,Warm
0203403AR,429722.247,4583550.25,41.400422,2.1592653,Styphnolobium japonicum,29.35723472,3,Warm
0203415AR,429178.771,4584185.525,41.406096,2.15269,Styphnolobium japonicum,29.32665177,3,Warm
0203445AR,429855.949,4583370.176,41.3988118,2.1608854,Styphnolobium japonicum,29.42543911,3,Warm
0203457AR,429003.491,4584300.937,41.40712,2.1505796,Styphnolobium japonicum,29.00687933,3,Warm
0203468AR,429009.018,4584311.798,41.4072183,2.1506445,Styphnolobium japonicum,29.01431519,3,Warm
0203474AR,429862.962,4583360.601,41.3987262,2.1609704,Styphnolobium japonicum,29.37768474,3,Warm
0203492AR,429268.9,4584080.405,41.4051572,2.1537805,Styphnolobium japonicum,29.55960676,3,Warm
0203501AR,429686.017,4583595.301,41.4008246,2.1588267,Styphnolobium japonicum,29.29466905,3,Warm
0203510AR,429898.295,4583314.779,41.3983166,2.1613984,Styphnolobium japonicum,29.01880969,3,Warm
0203573AR,429893.023,4584312.04,41.4072981,2.1612198,Styphnolobium japonicum,28.90916026,3,Warm
0203598AR,429729.557,4583540.68,41.4003364,2.1593538,Styphnolobium japonicum,29.37780194,3,Warm
0203610AR,429968.111,4584114.569,41.4055261,2.162141,Styphnolobium japonicum,29.34696357,3,Warm
0203644AR,429743.177,4583522.22,41.4001714,2.1595189,Styphnolobium japonicum,29.40989024,3,Warm
0203647AR,429171.089,4584194.794,41.4061788,2.152597,Styphnolobium japonicum,29.31656165,3,Warm
0203648AR,429161.821,4584205.73,41.4062765,2.1524849,Styphnolobium japonicum,29.31221294,3,Warm
0203663AR,429972.4810000001,4584118.709,41.4055637,2.1621928,Styphnolobium japonicum,29.32233361,3,Warm
0203716AR,429834.443,4584397.301,41.4080609,2.1605091,Styphnolobium japonicum,28.9689544,3,Warm
0203721AR,429678.217,4583604.481,41.4009066,2.1587323,Styphnolobium japonicum,29.28493507,3,Warm
0203730AR,429777.074,4584480.021,41.4088009,2.1598132,Styphnolobium japonicum,29.04379594,3,Warm
0203738AR,429984.112,4584182.009,41.4061349,2.1623246,Styphnolobium japonicum,29.09435815,3,Warm
0203740AR,429996.642,4584131.489,41.405681,2.1624803,Styphnolobium japonicum,29.20343154,3,Warm
0203758AR,429638.897,4583645.221,41.4012701,2.1582572,Styphnolobium japonicum,29.254271,3,Warm
0203761AR,429643.407,4583641.141,41.4012337,2.1583116,Styphnolobium japonicum,29.25649803,3,Warm
0203763AR,430022.402,4584120.719,41.4055862,2.1627897,Styphnolobium japonicum,29.09267401,3,Warm
0203764AR,429852.065,4583375.239,41.3988571,2.1608384,Styphnolobium japonicum,29.45235702,3,Warm
0203768AR,428996.98,4584289.261,41.4070143,2.1505031,Styphnolobium japonicum,28.95614066,3,Warm
0203769AR,429859.981,4583364.932,41.3987649,2.1609343,Styphnolobium japonicum,29.4028525,3,Warm
0203770AR,429900.8,4583890.319,41.4035005,2.1613617,Styphnolobium japonicum,29.08541718,3,Warm
0203787AR,429658.8439999999,4584534.702,41.4092831,2.1583924,Styphnolobium japonicum,29.0515056,3,Warm
0203791AR,429492.368,4583808.152,41.4027247,2.1564855,Styphnolobium japonicum,29.57598618,3,Warm
0203823AR,429700.454,4584563.482,41.4095459,2.1588869,Styphnolobium japonicum,28.96899607,3,Warm
0203839AR,429682.117,4583600.121,41.4008677,2.1587795,Styphnolobium japonicum,29.29030727,3,Warm
0203848AR,429231.663,4584123.377,41.4055409,2.15333,Styphnolobium japonicum,29.46540865,3,Warm
0203859AR,429773.224,4584485.171,41.4088469,2.1597666,Styphnolobium japonicum,29.04538263,3,Warm
0203885AR,429967.27199999994,4584206.349,41.4063526,2.1621203,Styphnolobium japonicum,29.06165392,3,Warm
0203898AR,428898.0,4584278.0,41.4069041,2.1493203,Styphnolobium japonicum,29.13814973,3,Warm
0203914AR,430017.812,4584127.349,41.4056455,2.162734,Styphnolobium japonicum,29.10134871,3,Warm
0203946AR,429005.625,4584305.131,41.407158,2.1506047,Styphnolobium japonicum,29.00657192,3,Warm
0204002AR,429756.904,4584508.541,41.409056,2.1595686,Styphnolobium japonicum,29.0321039,3,Warm
0204015AR,428999.299,4584293.302,41.4070509,2.1505304,Styphnolobium japonicum,28.96236337,3,Warm
0204028AR,429174.82,4584189.952,41.4061355,2.1526422,Styphnolobium japonicum,29.31766617,3,Warm
0204039AR,429014.929,4584322.518,41.4073154,2.1507139,Styphnolobium japonicum,29.01087057,3,Warm
0204059AR,429011.649,4584317.268,41.4072678,2.1506753,Styphnolobium japonicum,29.01703516,3,Warm
0204121AR,429714.418,4583559.23,41.4005022,2.1591706,Styphnolobium japonicum,29.34430306,3,Warm
0204131AR,429738.564,4584534.352,41.4092869,2.1593462,Styphnolobium japonicum,29.00592971,3,Warm
0204136AR,429166.421,4584200.305,41.406228,2.1525405,Styphnolobium japonicum,29.31660338,3,Warm
0204159AR,429823.933,4584412.361,41.4081956,2.1603817,Styphnolobium japonicum,28.99486452,3,Warm
0204162AR,429915.933,4584280.84,41.4070191,2.1614975,Styphnolobium japonicum,28.94240411,3,Warm
0204220AR,429562.258,4583721.272,41.4019483,2.1573316,Styphnolobium japonicum,29.35861302,3,Warm
0204225AR,429843.043,4584385.221,41.4079528,2.1606134,Styphnolobium japonicum,28.94613154,3,Warm
0204231AR,429733.427,4583535.69,41.4002918,2.1594007,Styphnolobium japonicum,29.38072826,3,Warm
0204245AR,429264.52,4584084.615,41.4051947,2.1537276,Styphnolobium japonicum,29.55347335,3,Warm
0204246AR,429256.72,4584093.945,41.405278,2.1536332,Styphnolobium japonicum,29.53359734,3,Warm
0204283AR,429558.318,4583725.912,41.4019898,2.1572839,Styphnolobium japonicum,29.37786302,3,Warm
0204330AR,429870.113,4584346.63,41.4076076,2.1609417,Styphnolobium japonicum,28.9041791,3,Warm
0204334AR,429630.047,4583653.001,41.4013394,2.1581505,Styphnolobium japonicum,29.25437396,3,Warm
0204355AR,430038.171,4584097.719,41.4053804,2.162981,Styphnolobium japonicum,28.91854806,3,Warm
0204384AR,429253.99,4584097.035,41.4053056,2.1536002,Styphnolobium japonicum,29.52876788,3,Warm
0204420AR,429725.994,4584552.862,41.4094525,2.1591937,Styphnolobium japonicum,28.9810183,3,Warm
0204422AR,429699.567,4583578.87,41.4006778,2.1589907,Styphnolobium japonicum,29.31785687,3,Warm
0204426AR,429228.2420000001,4584127.366,41.4055765,2.1532886,Styphnolobium japonicum,29.44408809,3,Warm
0204442AR,429780.874,4584474.341,41.4087501,2.1598593,Styphnolobium japonicum,29.04414722,3,Warm
0204447AR,429663.067,4583621.361,41.4010573,2.1585491,Styphnolobium japonicum,29.2684724,3,Warm
0204452AR,429661.184,4584527.822,41.4092213,2.1584212,Styphnolobium japonicum,29.06240663,3,Warm
0204460AR,429210.114,4584147.974,41.4057605,2.1530693,Styphnolobium japonicum,29.39732065,3,Warm
0204471AR,429878.303,4584335.1,41.4075045,2.1610411,Styphnolobium japonicum,28.89653576,3,Warm
0204480AR,429704.554,4584557.642,41.4094937,2.1589366,Styphnolobium japonicum,28.97442415,3,Warm
0204484AR,429203.218,4584156.295,41.4058349,2.1529859,Styphnolobium japonicum,29.37165577,3,Warm
0204500AR,429541.438,4583745.602,41.4021656,2.1570797,Styphnolobium japonicum,29.436752,3,Warm
0204501AR,429666.137,4583617.201,41.4010201,2.1585863,Styphnolobium japonicum,29.27218745,3,Warm
0204502AR,429924.193,4584268.35,41.4069073,2.1615978,Styphnolobium japonicum,28.96439296,3,Warm
0204537AR,429866.283,4584351.17,41.4076482,2.1608954,Styphnolobium japonicum,28.90319168,3,Warm
0204542AR,429647.737,4583636.331,41.4011908,2.158364,Styphnolobium japonicum,29.25723694,3,Warm
0204546AR,429652.197,4583632.461,41.4011563,2.1584178,Styphnolobium japonicum,29.26033929,3,Warm
0204554AR,429206.37,4584152.389,41.4058,2.153024,Styphnolobium japonicum,29.38660613,3,Warm
0204566AR,429665.906,4584640.758,41.4102389,2.1584646,Styphnolobium japonicum,28.82912728,2,Cool
0204572AR,429877.7320000001,4583341.878,41.3985588,2.1611493,Styphnolobium japonicum,29.20841899,3,Warm
0204595AR,430001.152,4584157.269,41.4059135,2.1625313,Styphnolobium japonicum,29.10696167,3,Warm
0204640AR,429984.432,4584128.259,41.4056508,2.1623346,Styphnolobium japonicum,29.25310407,3,Warm
0204692AR,429880.976,4583338.066,41.3985248,2.1611885,Styphnolobium japonicum,29.1836668,3,Warm
0204745AR,429797.704,4584450.011,41.4085324,2.1600635,Styphnolobium japonicum,29.04112766,3,Warm
0204749AR,429689.577,4583590.711,41.4007836,2.1588698,Styphnolobium japonicum,29.29994873,3,Warm
0204810AR,429235.631,4584118.829,41.4055003,2.153378,Styphnolobium japonicum,29.47942761,3,Warm
0204838AR,429874.255,4583345.739,41.3985933,2.1611073,Styphnolobium japonicum,29.2424313,3,Warm
0204855AR,429916.05,4583897.109,41.403563,2.1615433,Styphnolobium japonicum,29.04412265,3,Warm
0204882AR,429925.59,4583896.569,41.4035589,2.1616575,Styphnolobium japonicum,29.01399905,3,Warm
0204894AR,430026.132,4584114.779,41.405533,2.162835,Styphnolobium japonicum,29.04250985,3,Warm
0204899AR,429663.044,4584537.322,41.409307,2.1584424,Styphnolobium japonicum,29.04170729,3,Warm
0204939AR,429919.743,4584274.49,41.4069622,2.1615438,Styphnolobium japonicum,28.95442215,3,Warm
0204950AR,429893.97,4583884.279,41.4034455,2.1612807,Styphnolobium japonicum,29.09980255,3,Warm
0204965AR,429260.77,4584089.475,41.4052381,2.1536822,Styphnolobium japonicum,29.54124523,3,Warm
0204996AR,429686.164,4584545.292,41.4093808,2.1587181,Styphnolobium japonicum,29.00519902,3,Warm
0205001AR,429792.8439999999,4584456.741,41.4085926,2.1600046,Styphnolobium japonicum,29.04553781,3,Warm
0205007AR,429500.008,4583798.382,41.4026374,2.156578,Styphnolobium japonicum,29.56097836,3,Warm
0205069AR,429750.454,4584517.972,41.4091404,2.1594904,Styphnolobium japonicum,29.02217897,3,Warm
0205110AR,429190.078,4584171.869,41.405974,2.1528269,Styphnolobium japonicum,29.34822528,3,Warm
0206210AR,428421.635,4585785.64,41.4204405,2.1434432,Styphnolobium japonicum,27.07488666,1,Coolest
0206236AR,428929.391,4584346.912,41.4075275,2.1496878,Styphnolobium japonicum,29.32569227,3,Warm
0206240AR,428403.457,4585407.158,41.4170301,2.1432705,Styphnolobium japonicum,27.77833322,1,Coolest
0206300AR,428348.034,4585530.59,41.4181368,2.1425928,Styphnolobium japonicum,27.88216916,2,Cool
0206304AR,428540.918,4585256.672,41.4156869,2.144933,Styphnolobium japonicum,28.24309492,2,Cool
0206335AR,428433.282,4585772.323,41.4203216,2.1435842,Styphnolobium japonicum,27.0126908,1,Coolest
0206338AR,428545.606,4585237.423,41.415514,2.1449914,Styphnolobium japonicum,28.28985065,2,Cool
0206393AR,428492.488,4585316.492,41.4162214,2.1443465,Styphnolobium japonicum,28.05222516,2,Cool
0206417AR,428459.498,4585481.835,41.4177076,2.1439322,Styphnolobium japonicum,27.42780324,1,Coolest
0206431AR,428439.052,4585757.783,41.4201912,2.1436549,Styphnolobium japonicum,26.96596323,1,Coolest
0206440AR,428493.568,4585339.202,41.416426,2.1443567,Styphnolobium japonicum,28.01701782,2,Cool
0206507AR,428901.192,4584379.078,41.4078147,2.1493466,Styphnolobium japonicum,29.38066163,3,Warm
0206544AR,428925.995,4584366.672,41.4077052,2.1496448,Styphnolobium japonicum,29.33401911,3,Warm
0206564AR,428409.052,4585797.554,41.4205467,2.1432913,Styphnolobium japonicum,27.17041884,1,Coolest
0206579AR,428504.722,4585706.192,41.4197323,2.1444468,Styphnolobium japonicum,26.67502376,1,Coolest
0206593AR,428468.0,4585420.0,41.4171515,2.1440413,Styphnolobium japonicum,27.71229479,1,Coolest
0206641AR,428902.912,4584385.105,41.4078692,2.1493665,Styphnolobium japonicum,29.35611313,3,Warm
0206705AR,428417.345,4585399.31,41.4169606,2.1434376,Styphnolobium japonicum,27.77678576,1,Coolest
0206756AR,428933.048,4584340.259,41.4074679,2.1497323,Styphnolobium japonicum,29.31863227,3,Warm
0206757AR,427996.0,4585756.0,41.4201355,2.1383539,Styphnolobium japonicum,29.43999182,3,Warm
0206762AR,427969.49,4585713.507,41.4197504,2.1380417,Styphnolobium japonicum,29.6198988,3,Warm
0206763AR,428344.66,4585506.519,41.4179197,2.1425553,Styphnolobium japonicum,27.94938272,2,Cool
0206781AR,428499.61,4585324.303,41.4162924,2.1444308,Styphnolobium japonicum,28.05501633,2,Cool
0206829AR,428891.86400000006,4584392.173,41.4079319,2.1492335,Styphnolobium japonicum,29.35652335,3,Warm
0206849AR,428463.24,4585371.743,41.4167164,2.14399,Styphnolobium japonicum,27.86383225,2,Cool
0206861AR,428344.883,4585490.285,41.4177735,2.1425599,Styphnolobium japonicum,27.95007866,2,Cool
0206874AR,428002.0,4585763.0,41.4201991,2.1384248,Styphnolobium japonicum,29.40140248,3,Warm
0206881AR,428473.902,4585387.88,41.4168627,2.1441157,Styphnolobium japonicum,27.84587025,2,Cool
0206926AR,427922.22,4585666.227,41.4193204,2.1374818,Styphnolobium japonicum,29.72236702,3,Warm
0206969AR,428472.019,4585396.633,41.4169414,2.1440921,Styphnolobium japonicum,27.80489859,1,Coolest
0207014AR,428465.32,4585562.053,41.4184306,2.1439924,Styphnolobium japonicum,27.03954109,1,Coolest
0207019AR,428384.549,4585420.177,41.4171456,2.1430428,Styphnolobium japonicum,27.80352165,1,Coolest
0207048AR,428504.0,4585691.0,41.4195955,2.14444,Styphnolobium japonicum,26.70954909,1,Coolest
0207076AR,428450.107,4585383.818,41.416824,2.1438314,Styphnolobium japonicum,27.80892806,1,Coolest
0207079AR,428925.731,4584352.133,41.4075742,2.1496434,Styphnolobium japonicum,29.3413078,3,Warm
0207114AR,428908.534,4584379.027,41.4078149,2.1494345,Styphnolobium japonicum,29.36137266,3,Warm
0207156AR,428466.0,4585428.0,41.4172233,2.1440164,Styphnolobium japonicum,27.66739098,1,Coolest
0207167AR,428346.297,4585521.341,41.4180534,2.1425731,Styphnolobium japonicum,27.91510469,2,Cool
0207170AR,428559.33799999993,4585211.522,41.4152819,2.1451587,Styphnolobium japonicum,28.39680457,2,Cool
0207185AR,428896.325,4584385.847,41.4078753,2.1492876,Styphnolobium japonicum,29.36342855,3,Warm
0207218AR,428568.988,4585209.502,41.4152646,2.1452744,Styphnolobium japonicum,28.44187418,2,Cool
0207273AR,428544.238,4585252.092,41.415646,2.1449733,Styphnolobium japonicum,28.26210255,2,Cool
0207301AR,428460.12,4585499.903,41.4178704,2.1439375,Styphnolobium japonicum,27.33036167,1,Coolest
0207310AR,428494.941,4585668.743,41.4193942,2.1443342,Styphnolobium japonicum,26.74104981,1,Coolest
0207352AR,428918.812,4584366.568,41.4077036,2.1495589,Styphnolobium japonicum,29.35484773,3,Warm
0207368AR,428437.562,4585766.883,41.420273,2.143636,Styphnolobium japonicum,26.98583355,1,Coolest
0207374AR,427925.6,4585670.747,41.4193614,2.1375217,Styphnolobium japonicum,29.73049421,3,Warm
0207383AR,428472.85,4585609.943,41.4188626,2.1440768,Styphnolobium japonicum,26.86945274,1,Coolest
0207394AR,427967.87,4585700.407,41.4196323,2.1380239,Styphnolobium japonicum,29.64876207,3,Warm
0207412AR,428469.769,4585412.183,41.4170812,2.1440633,Styphnolobium japonicum,27.74097918,1,Coolest
0207522AR,428429.332,4585775.944,41.4203539,2.1435365,Styphnolobium japonicum,27.03296674,1,Coolest
0207600AR,428511.501,4585300.865,41.4160823,2.1445758,Styphnolobium japonicum,28.1214952,2,Cool
0207612AR,427972.90100000007,4585717.997,41.4197912,2.138082,Styphnolobium japonicum,29.6008314,3,Warm
0207634AR,428425.382,4585780.554,41.420395,2.1434887,Styphnolobium japonicum,27.05458164,1,Coolest
0207662AR,428896.118,4584391.956,41.4079303,2.1492844,Styphnolobium japonicum,29.35133018,3,Warm
0207682AR,428492.051,4585346.8,41.4164943,2.1443377,Styphnolobium japonicum,27.99539837,2,Cool
0207698AR,428439.052,4585761.983,41.420229,2.1436544,Styphnolobium japonicum,26.97474232,1,Coolest
0207702AR,428894.384,4584288.572,41.406999,2.1492758,Styphnolobium japonicum,29.19651992,3,Warm
0207724AR,428375.064,4585429.212,41.4172262,2.1429282,Styphnolobium japonicum,27.81639683,1,Coolest
0207791AR,428477.11,4585417.1,41.4171262,2.1441506,Styphnolobium japonicum,27.74017241,1,Coolest
0207825AR,428349.59299999994,4585474.852,41.417635,2.142618,Styphnolobium japonicum,27.91470614,2,Cool
0207838AR,428490.048,4585324.002,41.4162888,2.1443164,Styphnolobium japonicum,28.02840926,2,Cool
0207845AR,428396.262,4585411.512,41.4170686,2.1431839,Styphnolobium japonicum,27.78357633,1,Coolest
0207847AR,428484.451,4585647.153,41.4191988,2.1442112,Styphnolobium japonicum,26.77241765,1,Coolest
0207853AR,428434.613,4585391.445,41.4168913,2.1436452,Styphnolobium japonicum,27.78871872,1,Coolest
0207915AR,428480.044,4585401.184,41.4169831,2.1441876,Styphnolobium japonicum,27.80734343,1,Coolest
0207917AR,428412.362,4585794.244,41.4205172,2.1433313,Styphnolobium japonicum,27.14630209,1,Coolest
0207947AR,428404.212,4585802.644,41.4205921,2.1432327,Styphnolobium japonicum,27.19456738,1,Coolest
0207950AR,428564.338,4585224.262,41.4153971,2.145217,Styphnolobium japonicum,28.38218414,2,Cool
0207958AR,427999.00000000006,4585759.0,41.4201628,2.1383894,Styphnolobium japonicum,29.41668884,3,Warm
0209096AR,429524.815,4587958.414,41.4401073,2.15639,Styphnolobium japonicum,30.80419719,4,Hottest
0209258AR,429778.545,4587174.763,41.4330715,2.1595179,Styphnolobium japonicum,29.28469571,3,Warm
0209259AR,430024.592,4586839.103,41.4300698,2.1625014,Styphnolobium japonicum,29.21992714,3,Warm
0209263AR,429345.018,4587555.403,41.4364618,2.1542851,Styphnolobium japonicum,29.20942698,3,Warm
0209276AR,429973.187,4587352.475,41.4346891,2.1618268,Styphnolobium japonicum,30.80415011,4,Hottest
0209285AR,429967.109,4586724.228,41.4290302,2.1618268,Styphnolobium japonicum,29.02859023,3,Warm
0209289AR,429450.893,4587444.401,41.4354713,2.1555652,Styphnolobium japonicum,29.1995785,3,Warm
0209296AR,429401.168,4587613.442,41.4369894,2.1549503,Styphnolobium japonicum,28.90402738,3,Warm
0209314AR,429430.897,4587631.639,41.4371559,2.155304,Styphnolobium japonicum,28.99645996,3,Warm
0209316AR,429894.313,4586912.794,41.4307222,2.1609338,Styphnolobium japonicum,29.4709482,3,Warm
0209323AR,429858.861,4587636.152,41.4372341,2.1604256,Styphnolobium japonicum,29.17720934,3,Warm
0209326AR,429350.022,4587581.645,41.4366985,2.1543419,Styphnolobium japonicum,29.10463149,3,Warm
0209333AR,429749.6,4586622.506,41.428095,2.1592357,Styphnolobium japonicum,28.30396161,2,Cool
0209346AR,429943.889,4586718.535,41.4289769,2.1615496,Styphnolobium japonicum,29.00149916,3,Warm
0209349AR,430028.074,4587444.627,41.4355238,2.162473,Styphnolobium japonicum,29.49337746,3,Warm
0209350AR,430002.264,4586798.941,41.4297062,2.1622389,Styphnolobium japonicum,29.13110004,3,Warm
0209369AR,429395.43,4587489.369,41.4358714,2.1548961,Styphnolobium japonicum,29.1448072,3,Warm
0209371AR,429757.435,4586805.372,41.4297427,2.1593082,Styphnolobium japonicum,28.69477931,2,Cool
0209375AR,429589.654,4587715.976,41.4379294,2.1571943,Styphnolobium japonicum,30.0649734,3,Warm
0209378AR,430063.79800000007,4587578.329,41.4367312,2.1628851,Styphnolobium japonicum,29.02288369,3,Warm
0209387AR,429501.479,4587658.004,41.4373996,2.1561457,Styphnolobium japonicum,29.44510485,3,Warm
0209390AR,429696.847,4586793.502,41.4296305,2.1585845,Styphnolobium japonicum,28.4342268,2,Cool
0209391AR,429953.492,4587368.062,41.4348278,2.1615893,Styphnolobium japonicum,31.00672287,4,Hottest
0209396AR,429873.91399999993,4586701.397,41.4288164,2.1607142,Styphnolobium japonicum,28.84096026,2,Cool
0209397AR,429655.6589999999,4587738.382,41.438137,2.1579817,Styphnolobium japonicum,29.88562362,3,Warm
0209401AR,429964.86,4587553.617,41.4365,2.1617038,Styphnolobium japonicum,29.13949853,3,Warm
0209405AR,429391.072,4587607.079,41.4369312,2.1548302,Styphnolobium japonicum,28.89136942,3,Warm
0209427AR,429927.625,4587254.454,41.4338023,2.1612929,Styphnolobium japonicum,30.65317269,4,Hottest
0209429AR,429954.741,4587151.208,41.4328747,2.1616293,Styphnolobium japonicum,29.55280175,3,Warm
0209433AR,429917.102,4587234.423,41.4336209,2.1611692,Styphnolobium japonicum,30.46710967,4,Hottest
0209437AR,429915.331,4587694.167,41.4377615,2.1610947,Styphnolobium japonicum,29.12400166,3,Warm
0209438AR,429673.988,4586373.65,41.4258471,2.1583598,Styphnolobium japonicum,29.41192217,3,Warm
0209440AR,429797.60900000005,4587416.427,41.4352497,2.159718,Styphnolobium japonicum,30.31057409,4,Hottest
0209442AR,430093.246,4587461.233,41.4356791,2.1632511,Styphnolobium japonicum,29.31207341,3,Warm
0209448AR,429737.548,4586617.145,41.4280457,2.1590921,Styphnolobium japonicum,28.29692225,2,Cool
0209452AR,429912.997,4586792.782,41.4296429,2.1611713,Styphnolobium japonicum,29.1040183,3,Warm
0209461AR,429945.664,4587374.088,41.4348813,2.1614949,Styphnolobium japonicum,31.02306303,4,Hottest
0209467AR,429551.503,4587698.27,41.4377666,2.1567397,Styphnolobium japonicum,29.96877583,3,Warm
0209475AR,429828.318,4586803.555,41.4297325,2.1601567,Styphnolobium japonicum,28.9177873,3,Warm
0209476AR,429704.4,4587757.358,41.4383122,2.1585628,Styphnolobium japonicum,29.67510448,3,Warm
0209477AR,429581.432,4587709.853,41.4378736,2.1570966,Styphnolobium japonicum,30.02767845,3,Warm
0209504AR,429407.651,4587468.824,41.4356875,2.1550448,Styphnolobium japonicum,29.15535683,3,Warm
0209510AR,429765.121,4586792.805,41.4296302,2.1594017,Styphnolobium japonicum,28.66267071,2,Cool
0209515AR,429850.47,4586800.962,41.4297111,2.1604221,Styphnolobium japonicum,28.97336164,3,Warm
0209520AR,429574.338,4587226.114,41.4335161,2.1570681,Styphnolobium japonicum,28.43793919,2,Cool
0209531AR,429829.4440000001,4586789.794,41.4296087,2.1601718,Styphnolobium japonicum,28.87550687,2,Cool
0209537AR,429919.829,4587699.713,41.4378119,2.1611479,Styphnolobium japonicum,29.12118675,3,Warm
0209542AR,429451.227,4587644.129,41.4372702,2.1555459,Styphnolobium japonicum,29.12930252,3,Warm
0209544AR,430068.383,4586886.053,41.4304965,2.1630201,Styphnolobium japonicum,29.25441036,3,Warm
0209546AR,429993.865,4587222.798,41.4335229,2.1620893,Styphnolobium japonicum,29.51985584,3,Warm
0209557AR,429799.929,4587721.818,41.4380005,2.1597103,Styphnolobium japonicum,29.21539292,3,Warm
0209561AR,429770.537,4587381.913,41.4349365,2.159398,Styphnolobium japonicum,30.30430176,4,Hottest
0209563AR,429837.528,4587447.548,41.4355335,2.1601922,Styphnolobium japonicum,30.20138786,3,Warm
0209568AR,429660.843,4586467.662,41.4266926,2.1581916,Styphnolobium japonicum,29.43854302,3,Warm
0209578AR,430009.069,4586626.351,41.4281523,2.1623403,Styphnolobium japonicum,28.88068821,2,Cool
0209587AR,429490.672,4587679.127,41.4375889,2.1560139,Styphnolobium japonicum,29.56637789,3,Warm
0209592AR,430024.017,4586820.985,41.4299066,2.1624966,Styphnolobium japonicum,29.16631788,3,Warm
0209593AR,429347.41,4587549.338,41.4364073,2.1543144,Styphnolobium japonicum,29.22280088,3,Warm
0209601AR,430011.618,4587206.258,41.4333755,2.1623037,Styphnolobium japonicum,29.24409393,3,Warm
0209604AR,429650.549,4587697.845,41.4377715,2.1579252,Styphnolobium japonicum,29.63960631,3,Warm
0209614AR,429756.043,4586625.813,41.4281254,2.1593124,Styphnolobium japonicum,28.31228219,2,Cool
0209620AR,429966.316,4586803.652,41.4297455,2.1618081,Styphnolobium japonicum,29.17419744,3,Warm
0209626AR,430039.362,4587597.378,41.4369006,2.1625904,Styphnolobium japonicum,29.04984826,3,Warm
0209627AR,429936.8109999999,4587373.097,41.4348716,2.161389,Styphnolobium japonicum,31.14608581,4,Hottest
0209633AR,429759.541,4586792.185,41.4296241,2.159335,Styphnolobium japonicum,28.64903718,2,Cool
0209635AR,429658.71,4586479.349,41.4267977,2.1581647,Styphnolobium japonicum,29.40964422,3,Warm
0209644AR,429466.528,4587653.489,41.4373558,2.1557279,Styphnolobium japonicum,29.25301163,3,Warm
0209657AR,429444.5889999999,4587567.573,41.4365801,2.1554754,Styphnolobium japonicum,29.01871241,3,Warm
0209658AR,429688.323,4587668.172,41.4375075,2.1583808,Styphnolobium japonicum,29.29945081,3,Warm
0209675AR,429673.137,4587687.838,41.4376833,2.1581967,Styphnolobium japonicum,29.45581426,3,Warm
0209690AR,430059.267,4587473.714,41.4357885,2.162843,Styphnolobium japonicum,29.2335607,3,Warm
0209694AR,429389.04900000006,4587598.762,41.4368561,2.154807,Styphnolobium japonicum,28.89916542,3,Warm
0209699AR,430136.521,4586643.812,41.4283207,2.1638635,Styphnolobium japonicum,28.64460811,2,Cool
0209717AR,429900.20199999993,4586794.054,41.4296532,2.161018,Styphnolobium japonicum,29.08405781,3,Warm
0209734AR,429375.835,4587597.496,41.4368436,2.154649,Styphnolobium japonicum,28.92932723,3,Warm
0209736AR,429457.241,4587439.032,41.4354235,2.1556418,Styphnolobium japonicum,29.20942734,3,Warm
0209740AR,429945.192,4587155.239,41.4329102,2.1615146,Styphnolobium japonicum,29.60262709,3,Warm
0209745AR,429367.764,4587740.649,41.4381322,2.1545357,Styphnolobium japonicum,29.46708448,3,Warm
0209747AR,429990.926,4587373.774,41.4348825,2.1620366,Styphnolobium japonicum,30.40701358,4,Hottest
0209752AR,429382.366,4587489.453,41.4358711,2.1547398,Styphnolobium japonicum,29.1576433,3,Warm
0209767AR,429723.342,4587637.819,41.4372372,2.1588034,Styphnolobium japonicum,29.16220161,3,Warm
0209769AR,429481.844,4587418.851,41.4352439,2.1559386,Styphnolobium japonicum,29.22192071,3,Warm
0209774AR,429893.998,4587406.341,41.4351673,2.1608728,Styphnolobium japonicum,30.97606433,4,Hottest
0209777AR,429762.702,4587188.211,41.4331912,2.1593268,Styphnolobium japonicum,29.29008835,3,Warm
0209795AR,430048.265,4587047.547,41.4319493,2.1627606,Styphnolobium japonicum,29.18521765,3,Warm
0209797AR,429822.6219999999,4586670.784,41.4285362,2.1601039,Styphnolobium japonicum,28.59885057,2,Cool
0209802AR,429446.137,4587641.019,41.4372417,2.1554853,Styphnolobium japonicum,29.10048787,3,Warm
0209812AR,430066.724,4587002.483,41.431545,2.1629867,Styphnolobium japonicum,29.2490558,3,Warm
0209819AR,429373.977,4587506.879,41.4360273,2.1546373,Styphnolobium japonicum,29.15125891,3,Warm
0209845AR,429368.371,4587500.661,41.4359708,2.154571,Styphnolobium japonicum,29.16684098,3,Warm
0209846AR,429894.309,4587413.964,41.435236,2.1608756,Styphnolobium japonicum,30.84764656,4,Hottest
0209849AR,430022.524,4587205.142,41.4333664,2.1624343,Styphnolobium japonicum,29.11078089,3,Warm
0209855AR,429841.5189999999,4587761.126,41.4383581,2.1602035,Styphnolobium japonicum,29.31882939,3,Warm
0209868AR,429879.723,4587722.199,41.4380109,2.1606653,Styphnolobium japonicum,29.17386156,3,Warm
0209876AR,429813.754,4586664.246,41.4284766,2.1599986,Styphnolobium japonicum,28.54044319,2,Cool
0209883AR,430069.195,4587522.224,41.4362263,2.1629562,Styphnolobium japonicum,29.05382121,3,Warm
0209884AR,430181.57600000006,4586680.811,41.4286578,2.1643984,Styphnolobium japonicum,28.67462816,2,Cool
0209893AR,429669.04999999993,4587744.15,41.4381902,2.1581413,Styphnolobium japonicum,29.85042071,3,Warm
0209899AR,429766.345,4587376.833,41.4348904,2.1593484,Styphnolobium japonicum,30.28141569,4,Hottest
0209903AR,429655.405,4586504.704,41.4270258,2.1581222,Styphnolobium japonicum,29.29383969,3,Warm
0209908AR,429822.161,4586804.704,41.4297424,2.1600829,Styphnolobium japonicum,28.90916529,3,Warm
0209910AR,429655.965,4586498.411,41.4269692,2.1581296,Styphnolobium japonicum,29.33573212,3,Warm
0209915AR,429369.434,4587713.014,41.4378834,2.1545589,Styphnolobium japonicum,29.20744327,3,Warm
0209923AR,429841.961,4586684.654,41.4286628,2.1603338,Styphnolobium japonicum,28.69751098,2,Cool
0209927AR,429381.879,4587500.364,41.4359693,2.1547327,Styphnolobium japonicum,29.15598395,3,Warm
0209928AR,429890.392,4587409.276,41.4351934,2.1608293,Styphnolobium japonicum,30.93447804,4,Hottest
0209941AR,429827.783,4586674.445,41.4285697,2.1601653,Styphnolobium japonicum,28.62618902,2,Cool
0209942AR,429829.4529999999,4587446.567,41.435524,2.1600956,Styphnolobium japonicum,30.19129383,3,Warm
0209951AR,430014.266,4587398.504,41.4351072,2.1623131,Styphnolobium japonicum,29.91810331,3,Warm
0209957AR,429679.24,4586592.175,41.4278157,2.1583972,Styphnolobium japonicum,28.47410552,2,Cool
0209960AR,429819.254,4587778.752,41.4385149,2.159935,Styphnolobium japonicum,29.41607086,3,Warm
0209979AR,429870.18,4587425.034,41.4353336,2.1605856,Styphnolobium japonicum,30.65621774,4,Hottest
0210002AR,429653.06,4587703.752,41.4378249,2.1579546,Styphnolobium japonicum,29.67150015,3,Warm
0210007AR,430067.539,4586866.391,41.4303193,2.1630122,Styphnolobium japonicum,29.21801363,3,Warm
0210016AR,429872.438,4587524.38,41.4362286,2.1606011,Styphnolobium japonicum,29.4702903,3,Warm
0210017AR,430049.077,4587598.823,41.4369145,2.1627065,Styphnolobium japonicum,29.05002834,3,Warm
0210024AR,429840.9170000001,4587548.947,41.4364471,2.160221,Styphnolobium japonicum,29.37797113,3,Warm
0210032AR,429858.335,4587433.904,41.4354125,2.1604428,Styphnolobium japonicum,30.48893451,4,Hottest
0210034AR,429468.75,4587419.308,41.4352469,2.1557818,Styphnolobium japonicum,29.20013276,3,Warm
0210048AR,429937.907,4586717.108,41.4289635,2.1614782,Styphnolobium japonicum,28.99955486,3,Warm
0210052AR,429818.391,4587668.148,41.4375187,2.1599375,Styphnolobium japonicum,29.15270961,3,Warm
0210056AR,429636.83,4586766.384,41.429381,2.1578695,Styphnolobium japonicum,28.14251347,2,Cool
0210064AR,429885.62599999993,4586704.24,41.4288431,2.160854,Styphnolobium japonicum,28.87987107,2,Cool
0210065AR,429661.39,4586461.779,41.4266397,2.1581988,Styphnolobium japonicum,29.45963203,3,Warm
0210068AR,429790.229,4586806.925,41.4297596,2.1597005,Styphnolobium japonicum,28.80503804,2,Cool
0210071AR,429957.106,4587670.63,41.4375532,2.1615974,Styphnolobium japonicum,29.09728261,3,Warm
0210079AR,429440.784,4587441.795,41.435447,2.1554445,Styphnolobium japonicum,29.17572089,3,Warm
0210081AR,430061.627,4586656.163,41.4284254,2.1629658,Styphnolobium japonicum,28.83686629,2,Cool
0210089AR,429367.641,4587512.147,41.4360742,2.1545609,Styphnolobium japonicum,29.16056134,3,Warm
0210090AR,429335.974,4587561.6,41.4365168,2.1541761,Styphnolobium japonicum,29.26343828,3,Warm
0210115AR,429920.856,4587385.816,41.4349848,2.1611966,Styphnolobium japonicum,31.15508316,4,Hottest
0210116AR,429795.07,4587686.812,41.4376848,2.1596562,Styphnolobium japonicum,29.16209128,3,Warm
0210131AR,429474.76,4587424.581,41.4352949,2.1558532,Styphnolobium japonicum,29.22159809,3,Warm
0210154AR,429953.072,4586773.534,41.429473,2.1616531,Styphnolobium japonicum,29.09453703,3,Warm
0210155AR,429671.54300000006,4586390.426,41.4259979,2.1583286,Styphnolobium japonicum,29.43448955,3,Warm
0210164AR,429921.767,4587392.731,41.4350472,2.1612067,Styphnolobium japonicum,31.06197517,4,Hottest
0210169AR,429726.187,4587536.946,41.436329,2.1588492,Styphnolobium japonicum,29.21451907,3,Warm
0210174AR,430047.08200000005,4586863.253,41.4302893,2.1627678,Styphnolobium japonicum,29.25165875,3,Warm
0210180AR,429492.018,4587669.088,41.4374986,2.1560312,Styphnolobium japonicum,29.50748862,3,Warm
0210192AR,429817.279,4586791.271,41.4296209,2.160026,Styphnolobium japonicum,28.83953157,2,Cool
0210202AR,429833.981,4586803.083,41.4297288,2.1602245,Styphnolobium japonicum,28.93985978,3,Warm
0210208AR,430030.004,4587502.753,41.4360475,2.1624894,Styphnolobium japonicum,29.14670281,3,Warm
0210209AR,429282.343,4587408.088,41.4351294,2.1535522,Styphnolobium japonicum,29.08995868,3,Warm
0210219AR,429795.961,4587160.769,41.432947,2.159728,Styphnolobium japonicum,29.25361647,3,Warm
0210221AR,429791.274,4587164.342,41.4329788,2.1596715,Styphnolobium japonicum,29.28706435,3,Warm
0210231AR,429713.413,4587656.38,41.4374035,2.1586824,Styphnolobium japonicum,29.19330871,3,Warm
0210238AR,429849.903,4587440.271,41.4354691,2.1603411,Styphnolobium japonicum,30.3531213,4,Hottest
0210240AR,429486.918,4587665.968,41.43747,2.1559705,Styphnolobium japonicum,29.43926765,3,Warm
0210249AR,429952.777,4587360.596,41.4347605,2.1615816,Styphnolobium japonicum,31.07692646,4,Hottest
0210250AR,429597.58,4587637.517,41.4372235,2.1572983,Styphnolobium japonicum,29.38388799,3,Warm
0210256AR,430176.881,4586676.861,41.4286218,2.1643427,Styphnolobium japonicum,28.71256195,2,Cool
0210270AR,430049.945,4587040.709,41.4318878,2.1627815,Styphnolobium japonicum,29.20032148,3,Warm
0210285AR,429874.355,4587421.897,41.4353057,2.1606359,Styphnolobium japonicum,30.71839486,4,Hottest
0210295AR,429779.191,4586639.296,41.4282488,2.1595879,Styphnolobium japonicum,28.37266519,2,Cool
0210304AR,430017.558,4587623.604,41.4371349,2.1623264,Styphnolobium japonicum,29.06327534,3,Warm
0210309AR,429846.111,4587443.165,41.4354948,2.1602954,Styphnolobium japonicum,30.29520619,4,Hottest
0210316AR,429371.284,4587733.348,41.4380667,2.1545786,Styphnolobium japonicum,29.39467731,3,Warm
0210320AR,429868.056,4586699.481,41.4287987,2.1606443,Styphnolobium japonicum,28.81368438,2,Cool
0210329AR,429991.384,4587355.086,41.4347142,2.1620443,Styphnolobium japonicum,30.47023468,4,Hottest
0210330AR,429742.957,4587346.846,41.4346183,2.159072,Styphnolobium japonicum,30.1292949,3,Warm
0210337AR,430055.252,4587594.105,41.4368725,2.162781,Styphnolobium japonicum,29.0502762,3,Warm
0210339AR,429832.292,4586677.875,41.4286009,2.1602188,Styphnolobium japonicum,28.65090372,2,Cool
0210348AR,429660.281,4587740.413,41.4381557,2.1580367,Styphnolobium japonicum,29.87357918,3,Warm
0210363AR,429929.389,4587386.661,41.4349932,2.1612986,Styphnolobium japonicum,31.06059774,4,Hottest
0210364AR,429803.718,4586806.274,41.4297549,2.159862,Styphnolobium japonicum,28.8615951,2,Cool
0210371AR,430006.69500000007,4587403.96,41.4351557,2.1622218,Styphnolobium japonicum,29.96955967,3,Warm
0210372AR,429471.618,4587656.609,41.4373844,2.1557885,Styphnolobium japonicum,29.29606162,3,Warm
0210377AR,429537.014,4587684.707,41.4376432,2.1565679,Styphnolobium japonicum,29.81688523,3,Warm
0210378AR,429862.241,4587430.86,41.4353854,2.1604899,Styphnolobium japonicum,30.53597319,4,Hottest
0210389AR,429998.297,4586732.42,41.4291067,2.1621991,Styphnolobium japonicum,29.02499567,3,Warm
0210394AR,429362.114,4587729.352,41.4380299,2.1544694,Styphnolobium japonicum,29.3485497,3,Warm
0210400AR,429665.747,4587584.733,41.4367541,2.1581203,Styphnolobium japonicum,29.10696887,3,Warm
0210405AR,429501.937,4587273.446,41.4339361,2.156196,Styphnolobium japonicum,28.53274024,2,Cool
0210414AR,430122.075,4587439.139,41.4354826,2.1635987,Styphnolobium japonicum,29.5245437,3,Warm
0210420AR,430071.793,4586899.823,41.4306208,2.1630593,Styphnolobium japonicum,29.27683897,3,Warm
0210425AR,430070.98300000007,4586977.833,41.4313234,2.1630406,Styphnolobium japonicum,29.29055949,3,Warm
0210430AR,429456.798,4587647.545,41.4373015,2.1556122,Styphnolobium japonicum,29.1691015,3,Warm
0210431AR,429825.392,4587662.515,41.4374686,2.160022,Styphnolobium japonicum,29.15430948,3,Warm
0210433AR,429360.375,4587588.387,41.4367602,2.154465,Styphnolobium japonicum,29.00940043,3,Warm
0210436AR,430148.477,4586653.507,41.428409,2.1640054,Styphnolobium japonicum,28.67148474,2,Cool
0210442AR,429975.356,4587324.124,41.4344339,2.161856,Styphnolobium japonicum,30.61083313,4,Hottest
0210444AR,429986.047,4586810.589,41.4298097,2.1620435,Styphnolobium japonicum,29.17848873,3,Warm
0210449AR,429664.5960000001,4587686.632,41.4376717,2.1580946,Styphnolobium japonicum,29.49891623,3,Warm
0210461AR,430019.895,4586817.122,41.4298714,2.1624478,Styphnolobium japonicum,29.16022561,3,Warm
0210462AR,429816.19,4586805.284,41.4297471,2.1600114,Styphnolobium japonicum,28.88858556,2,Cool
0210475AR,429789.101,4586646.467,41.4283143,2.1597056,Styphnolobium japonicum,28.42299743,2,Cool
0210480AR,429779.06599999993,4586807.041,41.4297596,2.1595669,Styphnolobium japonicum,28.78696528,2,Cool
0210500AR,429955.196,4586721.621,41.4290057,2.1616846,Styphnolobium japonicum,29.02483232,3,Warm
0210503AR,429434.422,4587446.671,41.4354903,2.1553678,Styphnolobium japonicum,29.17688135,3,Warm
0210504AR,429673.843,4587262.401,41.4338517,2.1582547,Styphnolobium japonicum,29.16119747,3,Warm
0210505AR,430080.937,4587470.894,41.435765,2.1631026,Styphnolobium japonicum,29.2489958,3,Warm
0210511AR,430072.508,4587528.984,41.4362875,2.162995,Styphnolobium japonicum,29.03957035,3,Warm
0210520AR,430141.591,4586648.033,41.4283591,2.1639237,Styphnolobium japonicum,28.65878513,2,Cool
0210532AR,429839.521,4586802.272,41.429722,2.1602909,Styphnolobium japonicum,28.94653509,3,Warm
0210537AR,429949.612,4587371.233,41.434856,2.1615425,Styphnolobium japonicum,31.02530503,4,Hottest
0210545AR,429902.151,4587550.29,41.4364645,2.1609537,Styphnolobium japonicum,29.29842142,3,Warm
0210546AR,429662.5300000001,4586585.345,41.4277527,2.1581981,Styphnolobium japonicum,28.5974583,2,Cool
0210555AR,429810.256,4587471.306,41.4357451,2.159863,Styphnolobium japonicum,29.83752419,3,Warm
0210558AR,429658.345,4586485.023,41.4268488,2.1581597,Styphnolobium japonicum,29.39796148,3,Warm
0210565AR,429431.403,4587331.211,41.4344501,2.1553451,Styphnolobium japonicum,28.78343902,2,Cool
0210573AR,429668.0200000001,4586587.516,41.4277727,2.1582635,Styphnolobium japonicum,28.53674564,2,Cool
0210576AR,430004.248,4586733.893,41.4291205,2.1622702,Styphnolobium japonicum,29.02180461,3,Warm
0210581AR,429268.391,4587387.355,41.4349415,2.1533876,Styphnolobium japonicum,28.97286339,3,Warm
0210582AR,429857.341,4586694.634,41.4287541,2.1605167,Styphnolobium japonicum,28.77081543,2,Cool
0210586AR,430190.864,4586688.465,41.4287276,2.1645086,Styphnolobium japonicum,28.72194339,2,Cool
0210591AR,429548.974,4587683.889,41.4376369,2.1567111,Styphnolobium japonicum,29.81863616,3,Warm
0210592AR,429336.976,4587552.622,41.436436,2.1541892,Styphnolobium japonicum,29.29725517,3,Warm
0210595AR,429908.952,4586710.177,41.4288986,2.1611325,Styphnolobium japonicum,28.95022607,3,Warm
0210602AR,429501.074,4587685.074,41.4376434,2.1561377,Styphnolobium japonicum,29.68069649,3,Warm
0210603AR,429969.168,4587355.583,41.4347167,2.1617783,Styphnolobium japonicum,30.84398839,4,Hottest
0210614AR,429372.947,4587588.809,41.4367651,2.1546154,Styphnolobium japonicum,28.95606735,3,Warm
0210624AR,429890.193,4587417.207,41.4352649,2.160826,Styphnolobium japonicum,30.80596027,4,Hottest
0210626AR,429968.408,4587661.635,41.4374731,2.1617338,Styphnolobium japonicum,29.08648994,3,Warm
0210631AR,429459.476,4587319.746,41.4343494,2.1556825,Styphnolobium japonicum,28.77158624,2,Cool
0210633AR,429987.333,4586729.45,41.429079,2.1620682,Styphnolobium japonicum,29.02691813,3,Warm
0210640AR,429932.635,4587243.734,41.4337062,2.1613541,Styphnolobium japonicum,30.4736212,4,Hottest
0210649AR,429913.691,4587227.813,41.4335611,2.1611292,Styphnolobium japonicum,30.3933332,4,Hottest
0210659AR,430062.211,4587509.226,41.4361086,2.1628741,Styphnolobium japonicum,29.09572734,3,Warm
0210664AR,429524.843,4587675.323,41.4375576,2.1564233,Styphnolobium japonicum,29.68527457,3,Warm
0210667AR,429793.611,4586649.736,41.4283441,2.1597592,Styphnolobium japonicum,28.4441207,2,Cool
0210678AR,430157.979,4586661.276,41.4284798,2.1641182,Styphnolobium japonicum,28.68566273,2,Cool
0210679AR,429685.131,4586594.826,41.4278401,2.1584674,Styphnolobium japonicum,28.45125979,2,Cool
0210687AR,429276.663,4587400.285,41.4350587,2.1534851,Styphnolobium japonicum,29.03448801,3,Warm
0210689AR,429836.731,4586680.984,41.4286293,2.1602716,Styphnolobium japonicum,28.66342786,2,Cool
0210694AR,429734.875,4587646.977,41.4373207,2.1589404,Styphnolobium japonicum,29.16299657,3,Warm
0210698AR,429516.58,4587693.979,41.4377249,2.1563222,Styphnolobium japonicum,29.84337917,3,Warm
0210709AR,429511.713,4587691.301,41.4377004,2.1562643,Styphnolobium japonicum,29.78991496,3,Warm
0210713AR,429542.557,4587694.642,41.4377332,2.1566331,Styphnolobium japonicum,29.93067521,3,Warm
0210720AR,429842.365,4587446.184,41.4355217,2.1602502,Styphnolobium japonicum,30.25232705,4,Hottest
0210727AR,429579.635,4587210.535,41.4333763,2.1571333,Styphnolobium japonicum,28.40154499,2,Cool
0210732AR,429771.791,4586793.275,41.429635,2.1594814,Styphnolobium japonicum,28.69894276,2,Cool
0210735AR,429998.088,4586794.826,41.4296687,2.1621894,Styphnolobium japonicum,29.12399812,3,Warm
0210737AR,429388.353,4587495.175,41.4359231,2.1548108,Styphnolobium japonicum,29.14665911,3,Warm
0210744AR,429934.213,4587679.679,41.4376327,2.1613224,Styphnolobium japonicum,29.10694822,3,Warm
0210746AR,429928.645,4587379.697,41.4349304,2.1612905,Styphnolobium japonicum,31.17600097,4,Hottest
0210751AR,429924.546,4587228.759,41.4335706,2.161259,Styphnolobium japonicum,30.32343533,4,Hottest
0210754AR,430089.709,4587456.425,41.4356355,2.1632093,Styphnolobium japonicum,29.32740531,3,Warm
0210759AR,429990.703,4587533.405,41.4363202,2.1620154,Styphnolobium japonicum,29.12885433,3,Warm
0210760AR,430068.143,4586994.263,41.4314711,2.1630047,Styphnolobium japonicum,29.2651413,3,Warm
0210767AR,429998.5960000001,4587368.504,41.4348357,2.162129,Styphnolobium japonicum,30.33742233,4,Hottest
0210768AR,429801.039,4587486.859,41.4358844,2.1597509,Styphnolobium japonicum,29.67768758,3,Warm
0210783AR,429983.195,4587637.354,41.4372557,2.1619136,Styphnolobium japonicum,29.0686175,3,Warm
0210787AR,430167.036,4586668.762,41.428548,2.1642258,Styphnolobium japonicum,28.69388067,2,Cool
0210788AR,429818.032,4586667.435,41.4285057,2.1600494,Styphnolobium japonicum,28.56718877,2,Cool
0210811AR,429690.14,4586596.916,41.4278593,2.1585271,Styphnolobium japonicum,28.41733802,2,Cool
0210819AR,429410.542,4587477.126,41.4357625,2.1550784,Styphnolobium japonicum,29.15488335,3,Warm
0210823AR,429922.618,4587566.365,41.4366111,2.1611968,Styphnolobium japonicum,29.21266588,3,Warm
0210844AR,429365.514,4587591.363,41.4367874,2.1545262,Styphnolobium japonicum,28.97403306,3,Warm
0210851AR,430204.294,4586699.837,41.4288312,2.164668,Styphnolobium japonicum,28.72830644,2,Cool
0210866AR,429804.102,4587476.261,41.4357892,2.1597888,Styphnolobium japonicum,29.77064618,3,Warm
0210877AR,429992.881,4586730.873,41.4290923,2.1621345,Styphnolobium japonicum,29.02567002,3,Warm
0210884AR,429935.532,4587159.002,41.4329433,2.1613985,Styphnolobium japonicum,29.51934079,3,Warm
0210887AR,429897.89700000006,4587707.892,41.4378836,2.1608845,Styphnolobium japonicum,29.13917829,3,Warm
0210892AR,430098.727,4587456.97,41.4356412,2.1633172,Styphnolobium japonicum,29.34260281,3,Warm
0210901AR,429715.531,4586607.705,41.4279587,2.1588297,Styphnolobium japonicum,28.31840939,2,Cool
0210913AR,430112.709,4587438.29,41.4354741,2.1634867,Styphnolobium japonicum,29.47989888,3,Warm
0210914AR,429909.448,4587394.323,41.4350604,2.1610591,Styphnolobium japonicum,31.13944542,4,Hottest
0210922AR,429956.717,4587357.519,41.4347331,2.1616291,Styphnolobium japonicum,31.04019267,4,Hottest
0210926AR,429657.131,4586583.185,41.4277328,2.1581337,Styphnolobium japonicum,28.63266169,2,Cool
0210939AR,429413.524,4587464.03,41.4356448,2.1551157,Styphnolobium japonicum,29.15675922,3,Warm
0210942AR,429941.6660000001,4587377.317,41.4349101,2.1614467,Styphnolobium japonicum,31.04331397,4,Hottest
0210943AR,429726.139,4586612.265,41.4280007,2.1589561,Styphnolobium japonicum,28.29656638,2,Cool
0210955AR,429417.055,4587354.09,41.4346549,2.1551708,Styphnolobium japonicum,28.85333401,2,Cool
0210958AR,429913.389,4587391.294,41.4350335,2.1611066,Styphnolobium japonicum,31.14339332,4,Hottest
0210984AR,430293.055,4586764.494,41.4294212,2.1657228,Styphnolobium japonicum,28.82656887,2,Cool
0210986AR,430014.532,4586829.813,41.4299853,2.1623821,Styphnolobium japonicum,29.2057739,3,Warm
0210997AR,430208.496,4586703.214,41.4288619,2.1647179,Styphnolobium japonicum,28.73024315,2,Cool
0210998AR,429731.7579999999,4586614.705,41.4280232,2.1590231,Styphnolobium japonicum,28.29949309,2,Cool
0211001AR,429358.6219999999,4587736.526,41.4380942,2.1544267,Styphnolobium japonicum,29.43658929,3,Warm
0211006AR,430069.563,4586986.053,41.4313973,2.1630226,Styphnolobium japonicum,29.2695718,3,Warm
0211013AR,430080.863,4586899.343,41.4306173,2.1631679,Styphnolobium japonicum,29.26345815,3,Warm
0211018AR,429378.488,4587716.919,41.4379194,2.1546668,Styphnolobium japonicum,29.27999123,3,Warm
0211019AR,429585.232,4587714.166,41.4379128,2.1571416,Styphnolobium japonicum,30.06421931,3,Warm
0211020AR,429656.899,4586491.574,41.4269077,2.1581416,Styphnolobium japonicum,29.35271435,3,Warm
0211042AR,429770.056,4587706.2,41.4378572,2.1593546,Styphnolobium japonicum,29.20945997,3,Warm
0211045AR,429783.941,4586642.715,41.42828,2.1596443,Styphnolobium japonicum,28.40068345,2,Cool
0211048AR,429962.64,4586793.605,41.4296546,2.1617653,Styphnolobium japonicum,29.14522313,3,Warm
0211049AR,430056.222,4587007.134,41.431586,2.1628605,Styphnolobium japonicum,29.27221029,3,Warm
0211054AR,429505.985,4587687.938,41.4376696,2.1561961,Styphnolobium japonicum,29.72987938,3,Warm
0211070AR,429905.637,4587405.096,41.4351571,2.1610122,Styphnolobium japonicum,30.97406939,4,Hottest
0211084AR,429916.399,4587754.805,41.4383078,2.1611005,Styphnolobium japonicum,29.29085856,3,Warm
0211085AR,429988.281,4587442.106,41.4354977,2.161997,Styphnolobium japonicum,29.79637754,3,Warm
0211091AR,429994.331,4587632.314,41.4372113,2.1620474,Styphnolobium japonicum,29.06801871,3,Warm
0211097AR,429903.3540000001,4586708.705,41.4288848,2.1610657,Styphnolobium japonicum,28.94027471,3,Warm
0211100AR,430063.172,4586862.193,41.4302812,2.1629605,Styphnolobium japonicum,29.21458759,3,Warm
0211105AR,430068.217,4587500.804,41.4360333,2.1629469,Styphnolobium japonicum,29.11799926,3,Warm
0211110AR,429750.859,4587653.281,41.4373789,2.159131,Styphnolobium japonicum,29.16507551,3,Warm
0211114AR,429675.057,4586366.988,41.4257872,2.1583734,Styphnolobium japonicum,29.40019304,3,Warm
0211115AR,429862.388,4586697.21,41.4287777,2.1605768,Styphnolobium japonicum,28.79476902,2,Cool
0211122AR,429701.781,4586802.145,41.4297088,2.1586426,Styphnolobium japonicum,28.49559538,2,Cool
0211142AR,429775.246,4587506.518,41.4360592,2.1594399,Styphnolobium japonicum,29.47324559,3,Warm
0211145AR,429350.98,4587538.248,41.4363078,2.1543584,Styphnolobium japonicum,29.2174856,3,Warm
0211152AR,429878.15200000006,4587418.913,41.4352792,2.1606817,Styphnolobium japonicum,30.80388157,4,Hottest
0211156AR,429855.358,4587741.467,41.4381823,2.1603714,Styphnolobium japonicum,29.22834498,3,Warm
0211157AR,429958.715,4586789.953,41.4296214,2.1617188,Styphnolobium japonicum,29.13704951,3,Warm
0211158AR,429768.71,4586806.481,41.4297537,2.159443,Styphnolobium japonicum,28.73732531,2,Cool
0211167AR,430067.253,4586895.453,41.4305811,2.1630054,Styphnolobium japonicum,29.28160853,3,Warm
0211188AR,429644.129,4587826.287,41.4389278,2.1578334,Styphnolobium japonicum,30.40319845,4,Hottest
0211189AR,430009.892,4586825.943,41.42995,2.162327,Styphnolobium japonicum,29.19511657,3,Warm
0211192AR,429797.081,4587786.978,41.4385871,2.1596686,Styphnolobium japonicum,29.49272625,3,Warm
0211205AR,430186.073,4586684.816,41.4286943,2.1644517,Styphnolobium japonicum,28.71543484,2,Cool
0211213AR,429615.483,4587310.126,41.4342764,2.1575507,Styphnolobium japonicum,29.07745993,3,Warm
0211214AR,429750.623,4587356.625,41.434707,2.1591626,Styphnolobium japonicum,30.17677692,3,Warm
0211223AR,429937.387,4587380.379,41.4349373,2.1613951,Styphnolobium japonicum,31.0530381,4,Hottest
0211253AR,429957.709,4587364.839,41.4347991,2.1616401,Styphnolobium japonicum,30.97524781,4,Hottest
0211254AR,429348.913,4587522.841,41.4361688,2.1543355,Styphnolobium japonicum,29.26401437,3,Warm
0211258AR,429740.428,4587627.321,41.4371442,2.1590092,Styphnolobium japonicum,29.15261556,3,Warm
0211271AR,429593.853,4587717.459,41.4379432,2.1572444,Styphnolobium japonicum,30.06115035,3,Warm
0211274AR,430028.239,4586842.858,41.430104,2.1625446,Styphnolobium japonicum,29.22119798,3,Warm
0211277AR,430004.389,4587633.816,41.4372257,2.1621676,Styphnolobium japonicum,29.06628821,3,Warm
0211284AR,429664.603,4587742.138,41.4381716,2.1580883,Styphnolobium japonicum,29.85684206,3,Warm
0211293AR,429932.969,4587376.013,41.4348976,2.1613427,Styphnolobium japonicum,31.17062099,4,Hottest
0211297AR,430013.084,4587617.809,41.4370823,2.1622735,Styphnolobium japonicum,29.05737523,3,Warm
0211300AR,429374.668,4587725.009,41.4379919,2.1546201,Styphnolobium japonicum,29.34300221,3,Warm
0211304AR,430000.786,4587533.545,41.4363223,2.1621361,Styphnolobium japonicum,29.10817785,3,Warm
0211307AR,429569.22,4587705.123,41.4378299,2.156951,Styphnolobium japonicum,30.0111751,3,Warm
0211318AR,429436.107,4587634.859,41.4371854,2.155366,Styphnolobium japonicum,29.03389938,3,Warm
0211321AR,429441.966,4587451.836,41.4355375,2.1554575,Styphnolobium japonicum,29.18846459,3,Warm
0211334AR,429554.327,4587679.649,41.4375992,2.1567757,Styphnolobium japonicum,29.76471317,3,Warm
0211338AR,429888.08600000007,4586896.837,41.4305779,2.1608611,Styphnolobium japonicum,29.41948715,3,Warm
0211349AR,429684.234,4587671.417,41.4375364,2.1583315,Styphnolobium japonicum,29.33343788,3,Warm
0211363AR,429651.721,4586581.276,41.4277151,2.1580692,Styphnolobium japonicum,28.68286387,2,Cool
0211369AR,429506.138,4587663.538,41.4374498,2.1562008,Styphnolobium japonicum,29.51839992,3,Warm
0211370AR,429673.51000000007,4586589.845,41.4277942,2.1583289,Styphnolobium japonicum,28.51361989,2,Cool
0211379AR,429901.874,4587408.065,41.4351835,2.1609668,Styphnolobium japonicum,30.94884249,4,Hottest
0211386AR,429963.336,4587301.394,41.4342282,2.1617148,Styphnolobium japonicum,30.69443217,4,Hottest
0211404AR,429961.419,4586774.651,41.4294838,2.1617529,Styphnolobium japonicum,29.09691482,3,Warm
0211416AR,429823.781,4586790.621,41.4296157,2.1601039,Styphnolobium japonicum,28.86458365,2,Cool
0211419AR,429866.009,4587428.138,41.4353612,2.1605353,Styphnolobium japonicum,30.59367712,4,Hottest
0211422AR,429373.428,4587389.396,41.4349691,2.1546445,Styphnolobium japonicum,28.92319132,3,Warm
0211428AR,429946.462,4586773.954,41.4294762,2.161574,Styphnolobium japonicum,29.08470601,3,Warm
0211435AR,429920.216,4586712.927,41.4289243,2.161267,Styphnolobium japonicum,28.97245988,3,Warm
0211437AR,429994.125,4587538.585,41.4363671,2.1620558,Styphnolobium japonicum,29.11313047,3,Warm
0211445AR,429478.415,4587292.648,41.434107,2.1559123,Styphnolobium japonicum,28.63069371,2,Cool
0211446AR,430074.579,4587475.758,41.4358083,2.163026,Styphnolobium japonicum,29.22126883,3,Warm
0211454AR,429511.347,4587394.709,41.4350291,2.1562945,Styphnolobium japonicum,29.20838945,3,Warm
0211460AR,429722.098,4587649.673,41.4373439,2.1587872,Styphnolobium japonicum,29.1774874,3,Warm
0211464AR,429573.387,4587706.794,41.4378453,2.1570006,Styphnolobium japonicum,30.02727661,3,Warm
0211470AR,429721.311,4586610.226,41.427982,2.1588986,Styphnolobium japonicum,28.30809324,2,Cool
0211473AR,430062.393,4586890.273,41.430534,2.1629479,Styphnolobium japonicum,29.27660749,3,Warm
0211475AR,429361.92,4587506.236,41.4360204,2.1544931,Styphnolobium japonicum,29.17893389,3,Warm
0211479AR,429271.084,4587391.619,41.4349801,2.1534194,Styphnolobium japonicum,28.97975512,3,Warm
0211493AR,430044.827,4587486.444,41.4359019,2.1626687,Styphnolobium japonicum,29.19288739,3,Warm
0211498AR,429762.2750000001,4586629.03,41.4281549,2.1593866,Styphnolobium japonicum,28.33099662,2,Cool
0211502AR,429933.581,4587383.265,41.4349629,2.1613492,Styphnolobium japonicum,31.065276,4,Hottest
0211517AR,429835.617,4586788.993,41.429602,2.1602457,Styphnolobium japonicum,28.89065197,3,Warm
0211519AR,429350.1,4587503.75,41.435997,2.1543519,Styphnolobium japonicum,29.24960326,3,Warm
0211523AR,429782.922,4586793.608,41.429639,2.1596146,Styphnolobium japonicum,28.73877548,2,Cool
0211528AR,429955.877,4587568.705,41.4366351,2.1615945,Styphnolobium japonicum,29.13901694,3,Warm
0211535AR,429666.645,4586420.341,41.4262669,2.1582665,Styphnolobium japonicum,29.47590981,3,Warm
0211540AR,429882.194,4587415.814,41.4352516,2.1607304,Styphnolobium japonicum,30.83737017,4,Hottest
0211545AR,429433.30499999993,4587594.107,41.4368181,2.1553372,Styphnolobium japonicum,28.97006511,3,Warm
0211548AR,429380.672,4587600.73,41.4368731,2.1547065,Styphnolobium japonicum,28.91586888,3,Warm
0211555AR,430080.736,4587544.234,41.4364256,2.1630918,Styphnolobium japonicum,29.0208184,3,Warm
0211556AR,429665.574,4586426.179,41.4263194,2.158253,Styphnolobium japonicum,29.49037053,3,Warm
0211560AR,429952.792,4587615.038,41.4370521,2.1615523,Styphnolobium japonicum,29.10143852,3,Warm
0211566AR,429803.521,4586656.905,41.4284096,2.159877,Styphnolobium japonicum,28.49636381,2,Cool
0211575AR,429659.852,4586473.579,41.4267458,2.158179,Styphnolobium japonicum,29.42802031,3,Warm
0211578AR,429994.743,4587381.314,41.4349507,2.1620814,Styphnolobium japonicum,30.27822871,4,Hottest
0211580AR,429474.626,4587414.248,41.4352018,2.1558528,Styphnolobium japonicum,29.20040431,3,Warm
0211581AR,430050.492,4586866.793,41.4303215,2.1628082,Styphnolobium japonicum,29.25069097,3,Warm
0211584AR,429836.566,4587560.431,41.4365501,2.1601675,Styphnolobium japonicum,29.34281864,3,Warm
0211589AR,429590.317,4587320.419,41.4343669,2.1572483,Styphnolobium japonicum,29.0352699,3,Warm
0211590AR,430195.00000000006,4586692.0,41.4287598,2.1645577,Styphnolobium japonicum,28.720633,2,Cool
0211593AR,430035.292,4586833.373,41.4300192,2.1626301,Styphnolobium japonicum,29.18462993,3,Warm
0211597AR,429958.797,4587660.333,41.4374606,2.1616189,Styphnolobium japonicum,29.08964683,3,Warm
0211606AR,429810.097,4586805.647,41.4297498,2.1599384,Styphnolobium japonicum,28.87223523,2,Cool
0211609AR,430116.639,4587443.225,41.4355189,2.1635331,Styphnolobium japonicum,29.46863469,3,Warm
0211619AR,429924.545,4587382.786,41.4349578,2.1612411,Styphnolobium japonicum,31.16727521,4,Hottest
0211621AR,430054.998,4587014.318,41.4316506,2.162845,Styphnolobium japonicum,29.24986088,3,Warm
0211626AR,429914.526,4586711.561,41.4289115,2.161199,Styphnolobium japonicum,28.96272341,3,Warm
0211638AR,429789.024,4587688.914,41.4377032,2.1595836,Styphnolobium japonicum,29.16859381,3,Warm
0211643AR,429622.004,4587304.49,41.4342262,2.1576294,Styphnolobium japonicum,29.06568066,3,Warm
0211644AR,429951.382,4586795.884,41.4296742,2.1616303,Styphnolobium japonicum,29.15116245,3,Warm
0211649AR,430075.843,4586904.363,41.4306621,2.1631072,Styphnolobium japonicum,29.27436234,3,Warm
0211650AR,429846.561,4586688.084,41.4286941,2.1603884,Styphnolobium japonicum,28.72333782,2,Cool
0211651AR,429905.687,4587397.401,41.4350878,2.1610137,Styphnolobium japonicum,31.09013734,4,Hottest
0211652AR,429435.67,4587456.767,41.4355813,2.1553816,Styphnolobium japonicum,29.18030261,3,Warm
0211658AR,429723.967,4587632.446,41.4371889,2.1588115,Styphnolobium japonicum,29.15624677,3,Warm
0211660AR,430162.729,4586665.331,41.4285168,2.1641746,Styphnolobium japonicum,28.6915663,2,Cool
0211664AR,429669.566,4586403.083,41.4261118,2.1583035,Styphnolobium japonicum,29.45663914,3,Warm
0211668AR,430101.09899999993,4587447.137,41.4355528,2.1633467,Styphnolobium japonicum,29.41198385,3,Warm
0211670AR,429670.658,4586396.198,41.4260499,2.1583173,Styphnolobium japonicum,29.44504134,3,Warm
0211691AR,429532.924,4587679.079,41.4375922,2.1565196,Styphnolobium japonicum,29.72935539,3,Warm
0211697AR,430018.982,4586834.073,41.430024,2.1624349,Styphnolobium japonicum,29.20394037,3,Warm
0211704AR,429659.746,4587589.34,41.436795,2.1580479,Styphnolobium japonicum,29.11485103,3,Warm
0211710AR,429602.827,4587720.982,41.4379757,2.1573514,Styphnolobium japonicum,30.05268274,3,Warm
0211716AR,429427.366,4587452.819,41.4355451,2.1552826,Styphnolobium japonicum,29.1639949,3,Warm
0211717AR,429926.017,4587389.355,41.4350171,2.161258,Styphnolobium japonicum,31.05037355,4,Hottest
0211732AR,430003.917,4587122.063,41.4326165,2.1622212,Styphnolobium japonicum,29.23238333,3,Warm
0211738AR,429365.617,4587720.771,41.437953,2.1545123,Styphnolobium japonicum,29.28092394,3,Warm
0211741AR,429668.716,4586408.51,41.4261606,2.1582927,Styphnolobium japonicum,29.45783677,3,Warm
0211754AR,430032.89,4586847.728,41.4301482,2.1625997,Styphnolobium japonicum,29.22494617,3,Warm
0211760AR,429762.726,4586805.874,41.4297477,2.1593715,Styphnolobium japonicum,28.71078985,2,Cool
0211764AR,429746.212,4586803.945,41.4297289,2.1591741,Styphnolobium japonicum,28.6460359,2,Cool
0211775AR,429667.736,4586414.43,41.4262138,2.1582803,Styphnolobium japonicum,29.47269845,3,Warm
0211787AR,429855.691,4586799.947,41.4297024,2.1604847,Styphnolobium japonicum,28.98194221,3,Warm
0211792AR,429549.009,4587675.678,41.4375629,2.1567125,Styphnolobium japonicum,29.73941269,3,Warm
0211795AR,430172.231,4586673.143,41.4285879,2.1642874,Styphnolobium japonicum,28.70175853,2,Cool
0211796AR,430042.562,4586841.593,41.4300938,2.1627162,Styphnolobium japonicum,29.19315068,3,Warm
0211797AR,429852.627,4586786.903,41.4295847,2.1604495,Styphnolobium japonicum,28.93504902,3,Warm
0211799AR,429495.81,4587682.245,41.4376174,2.156075,Styphnolobium japonicum,29.6304886,3,Warm
0211803AR,429897.924,4587411.179,41.4352112,2.1609192,Styphnolobium japonicum,30.88455388,4,Hottest
0211805AR,429485.768,4587675.968,41.43756,2.1559556,Styphnolobium japonicum,29.51090654,3,Warm
0211816AR,429910.141,4587401.84,41.4351282,2.1610665,Styphnolobium japonicum,30.98863558,4,Hottest
0211817AR,429957.886,4587621.765,41.4371131,2.1616124,Styphnolobium japonicum,29.0940852,3,Warm
0211819AR,429940.985,4587369.931,41.4348435,2.1614394,Styphnolobium japonicum,31.16084393,4,Hottest
0211823AR,429879.479,4586702.772,41.4288293,2.1607806,Styphnolobium japonicum,28.86466002,2,Cool
0211827AR,429592.058,4587641.996,41.4372634,2.1572317,Styphnolobium japonicum,29.42150093,3,Warm
0211828AR,429561.04999999993,4587701.741,41.4377987,2.1568536,Styphnolobium japonicum,29.98973127,3,Warm
0211832AR,429961.22200000007,4586723.091,41.4290194,2.1617565,Styphnolobium japonicum,29.02395652,3,Warm
0211834AR,429684.44000000006,4587790.945,41.438613,2.15832,Styphnolobium japonicum,29.98423298,3,Warm
0211843AR,429676.22,4587685.129,41.4376592,2.1582339,Styphnolobium japonicum,29.42935752,3,Warm
0211848AR,430153.539,4586657.643,41.4284467,2.1640655,Styphnolobium japonicum,28.68779764,2,Cool
0211853AR,429808.969,4587778.058,41.4385078,2.159812,Styphnolobium japonicum,29.42581026,3,Warm
0211861AR,429845.236,4586801.455,41.4297151,2.1603594,Styphnolobium japonicum,28.95705031,3,Warm
0211867AR,429481.818,4587662.848,41.4374415,2.1559098,Styphnolobium japonicum,29.40502259,3,Warm
0211871AR,429964.163,4587351.895,41.4346831,2.1617189,Styphnolobium japonicum,30.91825016,4,Hottest
0211881AR,429789.828,4586793.275,41.4296366,2.1596973,Styphnolobium japonicum,28.75571686,2,Cool
0211883AR,430002.929,4587422.052,41.4353183,2.1621747,Styphnolobium japonicum,29.84636051,3,Warm
0211884AR,429914.36,4587704.069,41.4378506,2.161082,Styphnolobium japonicum,29.1237285,3,Warm
0211896AR,429889.366,4586891.438,41.4305294,2.1608771,Styphnolobium japonicum,29.40498928,3,Warm
0211898AR,429388.64,4587484.488,41.4358269,2.1548155,Styphnolobium japonicum,29.13975062,3,Warm
0211912AR,429920.686,4587241.098,41.4336814,2.1612114,Styphnolobium japonicum,30.50528722,4,Hottest
0211920AR,429383.283,4587369.845,41.4347939,2.1547647,Styphnolobium japonicum,28.87223077,2,Cool
0211921AR,429897.826,4587403.214,41.4351395,2.160919,Styphnolobium japonicum,31.01220386,4,Hottest
0211926AR,429556.208,4587699.923,41.4377819,2.1567958,Styphnolobium japonicum,29.97540885,3,Warm
0211927AR,429936.491,4586790.22,41.4296219,2.1614528,Styphnolobium japonicum,29.12198017,3,Warm
0211935AR,429991.037,4587132.613,41.4327104,2.1620659,Styphnolobium japonicum,29.31916547,3,Warm
0211936AR,429606.065,4587188.764,41.4331825,2.1574521,Styphnolobium japonicum,28.44551823,2,Cool
0211944AR,429401.777,4587484.296,41.4358263,2.1549727,Styphnolobium japonicum,29.14476696,3,Warm
0211949AR,429425.817,4587628.419,41.4371265,2.1552436,Styphnolobium japonicum,28.97736024,3,Warm
0211959AR,429784.815,4586807.152,41.4297611,2.1596357,Styphnolobium japonicum,28.79002192,2,Cool
0211970AR,430081.088,4587524.904,41.4362515,2.1630982,Styphnolobium japonicum,29.05481789,3,Warm
0211976AR,429976.004,4587141.554,41.4327897,2.1618849,Styphnolobium japonicum,29.41368595,3,Warm
0211979AR,429808.282,4586660.335,41.4284409,2.1599336,Styphnolobium japonicum,28.51373215,2,Cool
0211993AR,429399.416,4587605.18,41.4369149,2.1549303,Styphnolobium japonicum,28.90429234,3,Warm
0212641AR,430899.55999999994,4585142.84,41.414868,2.1731662,Styphnolobium japonicum,31.34636868,4,Hottest
0212645AR,431047.898,4585345.25,41.4167037,2.174918,Styphnolobium japonicum,29.65867718,3,Warm
0212660AR,431155.446,4585352.589,41.4167791,2.1762039,Styphnolobium japonicum,28.96078796,3,Warm
0212672AR,430672.035,4585071.93,41.4142097,2.1704521,Styphnolobium japonicum,29.44759152,3,Warm
0212674AR,431428.982,4585240.42,41.4157922,2.1794894,Styphnolobium japonicum,28.75243956,2,Cool
0212722AR,431189.145,4586056.134,41.4231185,2.1765271,Styphnolobium japonicum,28.6935541,2,Cool
0212741AR,431328.466,4585441.14,41.4175914,2.178264,Styphnolobium japonicum,28.59047184,2,Cool
0212753AR,431216.241,4585222.734,41.4156147,2.1769461,Styphnolobium japonicum,28.91479723,3,Warm
0212755AR,431397.06599999993,4585497.265,41.4181028,2.1790784,Styphnolobium japonicum,28.65525264,2,Cool
0212759AR,430991.541,4585361.668,41.4168468,2.1742418,Styphnolobium japonicum,30.30675375,4,Hottest
0212765AR,431344.603,4585291.898,41.4162486,2.178474,Styphnolobium japonicum,28.70738618,2,Cool
0212773AR,431179.799,4585341.19,41.4166785,2.1764966,Styphnolobium japonicum,28.93279057,3,Warm
0212784AR,430896.176,4585791.827,41.4207129,2.1730516,Styphnolobium japonicum,28.54322149,2,Cool
0212791AR,431113.048,4584859.138,41.4123311,2.1757528,Styphnolobium japonicum,28.34767827,2,Cool
0212798AR,431035.462,4586139.403,41.4238553,2.1746786,Styphnolobium japonicum,28.69544906,2,Cool
0212815AR,431002.892,4585438.787,41.4175423,2.1743688,Styphnolobium japonicum,29.50158635,3,Warm
0212824AR,430885.111,4585847.166,41.4212103,2.1729129,Styphnolobium japonicum,28.4387822,2,Cool
0212829AR,430884.267,4585127.811,41.4147313,2.172985,Styphnolobium japonicum,31.28220379,4,Hottest
0212830AR,431189.353,4585396.692,41.4171792,2.1766046,Styphnolobium japonicum,28.84882221,2,Cool
0212831AR,430638.146,4585440.765,41.4175287,2.1700044,Styphnolobium japonicum,28.90651233,3,Warm
0212832AR,431100.058,4585321.047,41.4164902,2.1755448,Styphnolobium japonicum,29.21397159,3,Warm
0212839AR,431394.758,4585512.49,41.4182397,2.1790491,Styphnolobium japonicum,28.62438197,2,Cool
0212847AR,431454.791,4585228.667,41.4156885,2.1797996,Styphnolobium japonicum,28.785506,2,Cool
0212855AR,431404.324,4585343.932,41.4167224,2.1791827,Styphnolobium japonicum,28.92244249,3,Warm
0212859AR,431485.329,4585544.039,41.4185316,2.1801292,Styphnolobium japonicum,28.7950993,2,Cool
0212869AR,430896.79,4585785.868,41.4206592,2.1730596,Styphnolobium japonicum,28.54844009,2,Cool
0212876AR,431362.74499999994,4585980.952,41.4224562,2.1786129,Styphnolobium japonicum,28.86895886,2,Cool
0212877AR,431270.094,4585325.998,41.4165494,2.1775787,Styphnolobium japonicum,28.78986926,2,Cool
0212934AR,431249.874,4585335.12,41.4166298,2.1773357,Styphnolobium japonicum,28.8197468,2,Cool
0212940AR,431328.632,4585196.431,41.4153874,2.1782938,Styphnolobium japonicum,28.72230561,2,Cool
0212943AR,430602.75,4585143.578,41.414849,2.169615,Styphnolobium japonicum,29.10408913,3,Warm
0212945AR,430915.781,4585396.167,41.417151,2.1733314,Styphnolobium japonicum,30.68935491,4,Hottest
0212947AR,430920.125,4585162.905,41.4150504,2.17341,Styphnolobium japonicum,31.35077686,4,Hottest
0212958AR,431467.361,4585539.012,41.4184848,2.1799148,Styphnolobium japonicum,28.77224913,2,Cool
0212963AR,431364.262,4585148.01,41.4149544,2.1787256,Styphnolobium japonicum,28.66044188,2,Cool
0212965AR,431268.421,4585138.409,41.4148597,2.17758,Styphnolobium japonicum,28.80078682,2,Cool
0212984AR,430894.208,4585822.375,41.4209878,2.1730246,Styphnolobium japonicum,28.49808062,2,Cool
0213006AR,431405.613,4585516.022,41.4182724,2.1791786,Styphnolobium japonicum,28.64551677,2,Cool
0213007AR,430773.219,4584966.816,41.4132717,2.1716748,Styphnolobium japonicum,29.9115701,3,Warm
0213014AR,431378.434,4585457.441,41.4177425,2.17886,Styphnolobium japonicum,28.67848838,2,Cool
0213018AR,430340.175,4585317.571,41.4163934,2.1664534,Styphnolobium japonicum,28.95187282,3,Warm
0213021AR,430948.719,4585380.913,41.4170164,2.1737272,Styphnolobium japonicum,30.62950055,4,Hottest
0213024AR,430560.3339999999,4585476.369,41.4178427,2.1690693,Styphnolobium japonicum,28.76645769,2,Cool
0213054AR,431279.602,4585282.951,41.4161625,2.1776973,Styphnolobium japonicum,28.80152524,2,Cool
0213061AR,430853.517,4585097.674,41.4144572,2.1726205,Styphnolobium japonicum,31.00041039,4,Hottest
0213063AR,430909.7320000001,4585152.897,41.4149594,2.1732868,Styphnolobium japonicum,31.37460335,4,Hottest
0213079AR,431452.213,4585535.006,41.4184474,2.179734,Styphnolobium japonicum,28.75874411,2,Cool
0213080AR,431242.869,4585264.005,41.4159887,2.17726,Styphnolobium japonicum,28.87913951,2,Cool
0213117AR,431112.354,4585256.477,41.4159097,2.1756993,Styphnolobium japonicum,29.24122821,3,Warm
0213127AR,430961.641,4585203.316,41.415418,2.1739021,Styphnolobium japonicum,31.08574866,4,Hottest
0213129AR,431239.89,4585506.582,41.4181732,2.1771968,Styphnolobium japonicum,28.55842849,2,Cool
0213141AR,431265.408,4585534.812,41.4184297,2.1774989,Styphnolobium japonicum,28.50267193,2,Cool
0213149AR,431151.944,4585346.619,41.416725,2.1761627,Styphnolobium japonicum,28.97561975,3,Warm
0213188AR,430633.658,4585111.364,41.4145616,2.1699885,Styphnolobium japonicum,29.12810578,3,Warm
0213189AR,431179.703,4585330.031,41.416578,2.1764967,Styphnolobium japonicum,28.93893297,3,Warm
0213211AR,430932.272,4585388.939,41.4170873,2.1735295,Styphnolobium japonicum,30.68546229,4,Hottest
0213222AR,430659.264,4585085.107,41.4143273,2.1702978,Styphnolobium japonicum,29.31935322,3,Warm
0213228AR,431257.128,4585267.119,41.416018,2.1774302,Styphnolobium japonicum,28.84696925,2,Cool
0213229AR,431402.958,4585509.924,41.4182173,2.1791475,Styphnolobium japonicum,28.65309295,2,Cool
0213258AR,431169.074,4585340.497,41.4166713,2.1763683,Styphnolobium japonicum,28.94815041,3,Warm
0213261AR,431420.066,4585526.735,41.4183702,2.1793503,Styphnolobium japonicum,28.67954101,2,Cool
0213262AR,431105.328,4585390.783,41.4171188,2.1755999,Styphnolobium japonicum,29.0852389,3,Warm
0213263AR,431182.613,4585384.292,41.4170669,2.1765254,Styphnolobium japonicum,28.88103128,2,Cool
0213270AR,431479.6990000001,4585542.761,41.4185196,2.180062,Styphnolobium japonicum,28.79572106,2,Cool
0213287AR,431155.355,4585334.83,41.4166191,2.1762048,Styphnolobium japonicum,28.9813805,3,Warm
0213290AR,430593.155,4585158.638,41.4149838,2.1694984,Styphnolobium japonicum,29.09178804,3,Warm
0213295AR,430615.229,4585130.642,41.4147336,2.1697658,Styphnolobium japonicum,29.07734254,3,Warm
0213305AR,431221.388,4585227.507,41.4156581,2.1770071,Styphnolobium japonicum,28.91001848,3,Warm
0213318AR,430336.129,4585323.155,41.4164433,2.1664043,Styphnolobium japonicum,28.93438515,3,Warm
0213322AR,431213.746,4585305.958,41.4163641,2.1769068,Styphnolobium japonicum,28.91029897,3,Warm
0213325AR,430889.379,4585408.479,41.4172596,2.1730141,Styphnolobium japonicum,30.51568234,4,Hottest
0213326AR,430566.908,4585473.209,41.4178148,2.1691483,Styphnolobium japonicum,28.78155643,2,Cool
0213332AR,431203.533,4585439.95,41.41757,2.1767693,Styphnolobium japonicum,28.76255884,2,Cool
0213334AR,431132.591,4585615.951,41.4191491,2.1759005,Styphnolobium japonicum,28.72838147,2,Cool
0213338AR,430855.764,4585433.979,41.4174864,2.172609,Styphnolobium japonicum,29.90523828,3,Warm
0213346AR,431093.66,4585324.031,41.4165166,2.1754679,Styphnolobium japonicum,29.23771435,3,Warm
0213369AR,431344.558,4585359.311,41.4168558,2.1784658,Styphnolobium japonicum,28.72727882,2,Cool
0213391AR,430946.001,4585188.227,41.4152807,2.1737167,Styphnolobium japonicum,31.21637233,4,Hottest
0213396AR,431330.034,4585298.647,41.4163082,2.1782989,Styphnolobium japonicum,28.7196939,2,Cool
0213397AR,431281.855,4585564.799,41.4187012,2.1776923,Styphnolobium japonicum,28.5273544,2,Cool
0213402AR,431244.515,4585496.371,41.4180817,2.1772533,Styphnolobium japonicum,28.5515457,2,Cool
0213406AR,431165.127,4585345.105,41.4167125,2.1763206,Styphnolobium japonicum,28.94967121,3,Warm
0213413AR,430886.107,4585833.275,41.4210853,2.1729264,Styphnolobium japonicum,28.46844547,2,Cool
0213417AR,430900.138,4585403.304,41.4172139,2.1731434,Styphnolobium japonicum,30.61834205,4,Hottest
0213427AR,430621.216,4585124.323,41.4146772,2.1698381,Styphnolobium japonicum,29.08947821,3,Warm
0213430AR,430585.498,4585192.935,41.4152921,2.1694029,Styphnolobium japonicum,29.10975833,3,Warm
0213432AR,431250.474,4585132.869,41.4148083,2.1773659,Styphnolobium japonicum,28.80777972,2,Cool
0213442AR,430928.173,4585400.728,41.4171931,2.1734791,Styphnolobium japonicum,30.52212056,4,Hottest
0213452AR,430847.149,4585427.231,41.4174249,2.1725067,Styphnolobium japonicum,29.98581904,3,Warm
0213458AR,431455.658,4585323.686,41.4165444,2.1797992,Styphnolobium japonicum,29.12038017,3,Warm
0213476AR,431164.118,4586083.653,41.4233642,2.1762245,Styphnolobium japonicum,28.67935611,2,Cool
0213503AR,431387.36,4585495.942,41.41809,2.1789625,Styphnolobium japonicum,28.6282046,2,Cool
0213504AR,431315.143,4585454.293,41.4177087,2.1781031,Styphnolobium japonicum,28.55892235,2,Cool
0213512AR,431123.822,4585277.562,41.4161006,2.1758341,Styphnolobium japonicum,29.14131743,3,Warm
0213514AR,430860.063,4585421.551,41.4173748,2.1726618,Styphnolobium japonicum,30.14152736,3,Warm
0213517AR,431214.215,4585293.59,41.4162527,2.1769138,Styphnolobium japonicum,28.9172162,3,Warm
0213519AR,430894.261,4585137.452,41.414819,2.1731035,Styphnolobium japonicum,31.31680304,4,Hottest
0213537AR,431298.692,4585205.493,41.4154665,2.1779345,Styphnolobium japonicum,28.779363,2,Cool
0213544AR,430849.538,4585436.563,41.4175091,2.1725342,Styphnolobium japonicum,29.8196847,3,Warm
0213545AR,431045.538,4586134.154,41.4238089,2.1747998,Styphnolobium japonicum,28.68943927,2,Cool
0213561AR,430589.67,4585166.478,41.4150542,2.1694559,Styphnolobium japonicum,29.09864185,3,Warm
0213564AR,430964.06,4585383.666,41.4170425,2.1739105,Styphnolobium japonicum,30.44461832,4,Hottest
0213574AR,431374.174,4585442.801,41.4176103,2.1788107,Styphnolobium japonicum,28.70164228,2,Cool
0213583AR,431121.08200000005,4585289.721,41.4162099,2.1757999,Styphnolobium japonicum,29.14422954,3,Warm
0213611AR,431223.916,4585295.433,41.4162701,2.1770296,Styphnolobium japonicum,28.90204828,3,Warm
0213614AR,431106.865,4585308.493,41.4163777,2.1756277,Styphnolobium japonicum,29.1990425,3,Warm
0213618AR,431448.128,4585542.329,41.418513,2.1796843,Styphnolobium japonicum,28.73110308,2,Cool
0213622AR,430884.017,4585861.167,41.4213363,2.1728982,Styphnolobium japonicum,28.42107885,2,Cool
0213633AR,430863.624,4585107.494,41.4145465,2.1727403,Styphnolobium japonicum,31.103299,4,Hottest
0213637AR,430930.361,4585173.137,41.4151435,2.1735313,Styphnolobium japonicum,31.32725563,4,Hottest
0213641AR,430943.092,4585393.383,41.4171283,2.1736585,Styphnolobium japonicum,30.54020694,4,Hottest
0213643AR,431227.964,4585279.33,41.4161254,2.1770799,Styphnolobium japonicum,28.89708344,3,Warm
0213646AR,431060.791,4585339.101,41.4166495,2.1750729,Styphnolobium japonicum,29.50617381,3,Warm
0213651AR,431180.75,4585398.666,41.4171962,2.1765014,Styphnolobium japonicum,28.86605681,2,Cool
0213665AR,431189.143,4585331.212,41.4165894,2.1766095,Styphnolobium japonicum,28.92767073,3,Warm
0213667AR,430912.792,4584824.05,41.4119979,2.1733609,Styphnolobium japonicum,28.88948383,3,Warm
0213690AR,431448.103,4585231.743,41.4157157,2.1797192,Styphnolobium japonicum,28.78142358,2,Cool
0213692AR,430891.597,4585857.738,41.4213061,2.1729893,Styphnolobium japonicum,28.4244675,2,Cool
0213715AR,430951.211,4585193.257,41.4153265,2.1737785,Styphnolobium japonicum,31.18184171,4,Hottest
0213730AR,431231.879,4585226.102,41.4156464,2.1771328,Styphnolobium japonicum,28.89131071,3,Warm
0213734AR,431281.216,4585273.03,41.4160733,2.1777178,Styphnolobium japonicum,28.80268175,2,Cool
0213746AR,431145.138,4585334.168,41.4166123,2.1760827,Styphnolobium japonicum,29.00245703,3,Warm
0213755AR,430935.826,4585396.833,41.4171587,2.1735711,Styphnolobium japonicum,30.5336265,4,Hottest
0213764AR,430874.084,4585117.607,41.4146385,2.1728643,Styphnolobium japonicum,31.19236669,4,Hottest
0213787AR,431204.215,4586063.791,41.4231888,2.1767065,Styphnolobium japonicum,28.69548124,2,Cool
0213803AR,430989.396,4585951.999,41.4221635,2.1741488,Styphnolobium japonicum,28.53143341,2,Cool
0213808AR,430646.189,4585098.669,41.4144483,2.1701398,Styphnolobium japonicum,29.19879326,3,Warm
0213812AR,430895.86,4585797.412,41.4207631,2.1730472,Styphnolobium japonicum,28.53501145,2,Cool
0213823AR,431389.978,4585349.845,41.4167744,2.1790104,Styphnolobium japonicum,28.87576179,2,Cool
0213826AR,431374.081,4585114.6,41.4146543,2.1788468,Styphnolobium japonicum,28.64746434,2,Cool
0213828AR,431210.932,4585453.413,41.4176919,2.1768563,Styphnolobium japonicum,28.71830359,2,Cool
0213847AR,431036.572,4585340.263,41.4166579,2.174783,Styphnolobium japonicum,29.81864216,3,Warm
0213849AR,431148.751,4585323.145,41.4165133,2.1761272,Styphnolobium japonicum,29.00790639,3,Warm
0213852AR,431460.583,4585311.51,41.4164352,2.1798595,Styphnolobium japonicum,29.10187742,3,Warm
0213855AR,431369.227,4585457.239,41.4177399,2.1787499,Styphnolobium japonicum,28.64882665,2,Cool
0213866AR,431118.509,4585384.99,41.4170677,2.1757583,Styphnolobium japonicum,29.02630155,3,Warm
0213870AR,431268.545,4585540.451,41.4184808,2.1775358,Styphnolobium japonicum,28.50000439,2,Cool
0213875AR,430865.682,4585419.008,41.4173524,2.1727293,Styphnolobium japonicum,30.2373119,4,Hottest
0213876AR,430906.018,4585410.619,41.4172803,2.1732129,Styphnolobium japonicum,30.43026169,4,Hottest
0213879AR,430970.645,4585380.549,41.417015,2.1739896,Styphnolobium japonicum,30.37137346,4,Hottest
0213880AR,431378.428,4585247.641,41.4158529,2.1788838,Styphnolobium japonicum,28.68184921,2,Cool
0213885AR,431366.888,4585970.332,41.4223609,2.1786637,Styphnolobium japonicum,28.8850915,2,Cool
0213886AR,430891.207,4585863.096,41.4213543,2.172984,Styphnolobium japonicum,28.41933579,2,Cool
0213927AR,431263.953,4585268.248,41.4160287,2.1775118,Styphnolobium japonicum,28.83794877,2,Cool
0213929AR,430913.533,4585407.309,41.4172511,2.1733032,Styphnolobium japonicum,30.51044612,4,Hottest
0213930AR,430586.05,4585201.185,41.4153664,2.1694086,Styphnolobium japonicum,29.10722436,3,Warm
0213954AR,431076.8109999999,4585322.397,41.4165004,2.1752665,Styphnolobium japonicum,29.38173786,3,Warm
0213969AR,430894.731,4585816.822,41.4209379,2.1730315,Styphnolobium japonicum,28.5076476,2,Cool
0213980AR,431347.797,4585165.174,41.4151075,2.1785266,Styphnolobium japonicum,28.6917707,2,Cool
0213994AR,431235.706,4585498.7,41.4181019,2.1771476,Styphnolobium japonicum,28.57400675,2,Cool
0213999AR,430895.436,4585803.976,41.4208222,2.1730414,Styphnolobium japonicum,28.52578282,2,Cool
0214004AR,431165.508,4586078.553,41.4233184,2.1762417,Styphnolobium japonicum,28.6811251,2,Cool
0214021AR,430897.64,4585774.275,41.4205549,2.1730711,Styphnolobium japonicum,28.55404398,2,Cool
0214047AR,430836.67,4585442.375,41.4175604,2.1723795,Styphnolobium japonicum,29.63873308,3,Warm
0214059AR,431073.451,4585333.422,41.4165994,2.175225,Styphnolobium japonicum,29.39235576,3,Warm
0214062AR,430698.838,4585421.915,41.4173642,2.1707327,Styphnolobium japonicum,29.13086159,3,Warm
0214070AR,431293.896,4585221.462,41.4156099,2.1778753,Styphnolobium japonicum,28.7868844,2,Cool
0214078AR,431417.62,4585257.788,41.4159476,2.1793515,Styphnolobium japonicum,28.77244109,2,Cool
0214083AR,431196.847,4585740.478,41.4202762,2.1766551,Styphnolobium japonicum,28.76654769,2,Cool
0214086AR,430893.313,4585834.266,41.4210948,2.1730125,Styphnolobium japonicum,28.47252438,2,Cool
0214107AR,430878.85,4585122.525,41.4146832,2.1729208,Styphnolobium japonicum,31.23141009,4,Hottest
0214111AR,430830.637,4585445.487,41.4175879,2.172307,Styphnolobium japonicum,29.55425665,3,Warm
0214118AR,431208.76100000006,4585310.859,41.4164078,2.1768466,Styphnolobium japonicum,28.91456981,3,Warm
0214124AR,431183.706,4585404.189,41.4172462,2.1765362,Styphnolobium japonicum,28.85826268,2,Cool
0214129AR,431053.391,4585342.829,41.4166824,2.1749839,Styphnolobium japonicum,29.59359709,3,Warm
0214134AR,430884.444,4585854.184,41.4212735,2.1729041,Styphnolobium japonicum,28.4260723,2,Cool
0214139AR,430674.683,4585423.762,41.4173788,2.1704435,Styphnolobium japonicum,29.06499984,3,Warm
0214177AR,430883.73,4585866.396,41.4213834,2.1728942,Styphnolobium japonicum,28.40720995,2,Cool
0214194AR,430690.971,4585055.004,41.4140589,2.1706806,Styphnolobium japonicum,29.65154973,3,Warm
0214203AR,430877.764,4585413.248,41.4173016,2.1728746,Styphnolobium japonicum,30.38054073,4,Hottest
0214206AR,431362.815,4585138.411,41.4148678,2.1787093,Styphnolobium japonicum,28.66948511,2,Cool
0214225AR,431364.299,4585245.152,41.4158293,2.178715,Styphnolobium japonicum,28.6831821,2,Cool
0214233AR,431125.234,4585381.768,41.4170393,2.1758391,Styphnolobium japonicum,29.01281659,3,Warm
0214249AR,430897.13,4585779.922,41.4206057,2.1730644,Styphnolobium japonicum,28.55376978,2,Cool
0214261AR,431108.174,4585249.496,41.4158465,2.17565,Styphnolobium japonicum,29.28430818,3,Warm
0214263AR,431204.082,4585315.672,41.4164507,2.17679,Styphnolobium japonicum,28.91822809,3,Warm
0214265AR,431240.339,4585489.328,41.4180179,2.1772041,Styphnolobium japonicum,28.57245562,2,Cool
0214267AR,430597.545,4585150.825,41.4149139,2.1695519,Styphnolobium japonicum,29.07662315,3,Warm
0214270AR,431083.319,4585319.423,41.4164742,2.1753447,Styphnolobium japonicum,29.33796712,3,Warm
0214274AR,431381.909,4585464.959,41.4178105,2.1789008,Styphnolobium japonicum,28.67482342,2,Cool
0214281AR,431043.422,4585337.063,41.4166296,2.1748653,Styphnolobium japonicum,29.73600951,3,Warm
0214290AR,431097.822,4585230.652,41.4156759,2.1755283,Styphnolobium japonicum,29.39362116,3,Warm
0214291AR,431231.779,4585491.995,41.4180412,2.1771014,Styphnolobium japonicum,28.60104064,2,Cool
0214305AR,431394.393,4585491.296,41.4180488,2.1790471,Styphnolobium japonicum,28.66175058,2,Cool
0214311AR,431218.79400000005,4585288.761,41.4162096,2.1769691,Styphnolobium japonicum,28.91026574,3,Warm
0214334AR,430889.298,4585132.585,41.4147747,2.1730446,Styphnolobium japonicum,31.28481015,4,Hottest
0214341AR,431310.002,4585331.302,41.4166006,2.1780556,Styphnolobium japonicum,28.73187079,2,Cool
0214351AR,430956.421,4585198.286,41.4153722,2.1738402,Styphnolobium japonicum,31.14244535,4,Hottest
0214361AR,431574.555,4585709.966,41.4200336,2.1811781,Styphnolobium japonicum,28.75507518,2,Cool
0214365AR,430899.418,4585413.501,41.4173057,2.1731336,Styphnolobium japonicum,30.37615572,4,Hottest
0214373AR,430950.5960000001,4585389.873,41.4170973,2.1737487,Styphnolobium japonicum,30.48762285,4,Hottest
0214374AR,431341.763,4585436.921,41.4175545,2.1784236,Styphnolobium japonicum,28.62532574,2,Cool
0214376AR,431421.242,4585244.05,41.4158242,2.1793964,Styphnolobium japonicum,28.75308794,2,Cool
0214378AR,430979.57,4585957.226,41.4222097,2.1740306,Styphnolobium japonicum,28.56368312,2,Cool
0214379AR,431228.063,4585416.312,41.4173592,2.1770655,Styphnolobium japonicum,28.74103613,2,Cool
0214396AR,431492.627,4585546.012,41.41855,2.1802163,Styphnolobium japonicum,28.79891752,2,Cool
0214397AR,431589.342,4585725.068,41.4201709,2.1813533,Styphnolobium japonicum,28.76667294,2,Cool
0214401AR,431375.256,4585355.623,41.4168252,2.1788336,Styphnolobium japonicum,28.80785754,2,Cool
0214404AR,431274.472,4585230.721,41.4156916,2.1776419,Styphnolobium japonicum,28.82713411,2,Cool
0214407AR,430871.293,4585416.254,41.4173281,2.1727968,Styphnolobium japonicum,30.29783725,4,Hottest
0214412AR,431261.488,4585545.548,41.4185261,2.1774508,Styphnolobium japonicum,28.51509207,2,Cool
0214417AR,431258.28,4585539.016,41.4184669,2.1774131,Styphnolobium japonicum,28.51585734,2,Cool
0214423AR,431373.064,4585347.925,41.4167557,2.1788082,Styphnolobium japonicum,28.80295225,2,Cool
0214438AR,431222.905,4585409.569,41.417298,2.1770046,Styphnolobium japonicum,28.7584074,2,Cool
0214448AR,431317.76,4585327.471,41.4165667,2.1781488,Styphnolobium japonicum,28.72658957,2,Cool
0214451AR,431361.804,4585446.661,41.417644,2.1786623,Styphnolobium japonicum,28.65065173,2,Cool
0214473AR,431354.633,4585406.391,41.4172807,2.1785811,Styphnolobium japonicum,28.70847585,2,Cool
0214474AR,431277.604,4585556.402,41.4186252,2.1776424,Styphnolobium japonicum,28.50941772,2,Cool
0214480AR,430894.474,4585405.982,41.4172376,2.1730753,Styphnolobium japonicum,30.56793153,4,Hottest
0214498AR,430678.715,4585065.037,41.4141482,2.1705329,Styphnolobium japonicum,29.52384734,3,Warm
0214502AR,431107.1230000001,4585317.763,41.4164612,2.1756297,Styphnolobium japonicum,29.17595869,3,Warm
0214521AR,431255.251,4585125.531,41.4147426,2.1774239,Styphnolobium japonicum,28.79841137,2,Cool
0214523AR,430587.224,4585175.23,41.4151328,2.1694256,Styphnolobium japonicum,29.11064677,3,Warm
0214524AR,431220.98399999994,4585453.982,41.4176979,2.1769765,Styphnolobium japonicum,28.69228484,2,Cool
0214525AR,430885.569,4585841.626,41.4211605,2.172919,Styphnolobium japonicum,28.45072401,2,Cool
0214548AR,430574.56,4585469.794,41.4177847,2.1692403,Styphnolobium japonicum,28.76739691,2,Cool
0214560AR,431008.11900000006,4585436.382,41.4175211,2.1744316,Styphnolobium japonicum,29.48403724,3,Warm
0214571AR,431173.892,4585335.629,41.4166279,2.1764265,Styphnolobium japonicum,28.94438494,3,Warm
0214583AR,431261.851,4585528.051,41.4183685,2.1774571,Styphnolobium japonicum,28.49984542,2,Cool
0214586AR,431091.127,4585315.749,41.4164417,2.1754385,Styphnolobium japonicum,29.27061811,3,Warm
0214591AR,431434.431,4585249.578,41.4158751,2.1795536,Styphnolobium japonicum,28.78947355,2,Cool
0214596AR,430858.344,4585102.233,41.4144987,2.1726777,Styphnolobium japonicum,31.06039927,4,Hottest
0214601AR,430902.002,4586200.231,41.4243917,2.1730746,Styphnolobium japonicum,28.57323448,2,Cool
0214604AR,431210.502,4585435.421,41.4175298,2.1768532,Styphnolobium japonicum,28.75313869,2,Cool
0214612AR,431369.721,4585250.537,41.4158782,2.1787793,Styphnolobium japonicum,28.68706869,2,Cool
0214621AR,431358.129,4585239.4,41.4157769,2.1786418,Styphnolobium japonicum,28.68054605,2,Cool
0214639AR,430627.546,4585118.035,41.4146211,2.1699146,Styphnolobium japonicum,29.10418391,3,Warm
0214641AR,431283.361,4585464.942,41.4178019,2.1777216,Styphnolobium japonicum,28.54480633,2,Cool
0214660AR,430940.781,4585183.197,41.415235,2.1736548,Styphnolobium japonicum,31.25768452,4,Hottest
0214662AR,431116.20199999993,4585263.752,41.4159756,2.1757445,Styphnolobium japonicum,29.20258866,3,Warm
0214683AR,430878.333,4585423.449,41.4173935,2.1728802,Styphnolobium japonicum,30.16675287,3,Warm
0214689AR,430992.995,4585463.763,41.4177664,2.1742475,Styphnolobium japonicum,29.30920796,3,Warm
0214699AR,431339.181,4585282.584,41.4161643,2.1784102,Styphnolobium japonicum,28.71045649,2,Cool
0214702AR,430893.821,4585827.847,41.4210371,2.1730193,Styphnolobium japonicum,28.48504327,2,Cool
0214704AR,431320.17,4585334.034,41.416626,2.1781769,Styphnolobium japonicum,28.71897063,2,Cool
0214713AR,431389.704,4585429.775,41.4174943,2.178998,Styphnolobium japonicum,28.80286711,2,Cool
0214720AR,430587.911,4585463.864,41.4177325,2.1694007,Styphnolobium japonicum,28.79195678,2,Cool
0214722AR,430889.386,4585785.582,41.420656,2.1729711,Styphnolobium japonicum,28.53029099,2,Cool
0214725AR,430868.682,4585112.504,41.4145921,2.1728003,Styphnolobium japonicum,31.1447644,4,Hottest
0214730AR,430892.333,4585845.663,41.4211974,2.1729995,Styphnolobium japonicum,28.45320676,2,Cool
0214733AR,430841.343,4585429.815,41.4174476,2.1724369,Styphnolobium japonicum,29.88222917,3,Warm
0214735AR,430640.038,4585104.875,41.4145037,2.1700655,Styphnolobium japonicum,29.15568707,3,Warm
0214738AR,430608.444,4585137.193,41.414792,2.1696838,Styphnolobium japonicum,29.09813288,3,Warm
0214745AR,431196.726,4585744.862,41.4203157,2.1766532,Styphnolobium japonicum,28.76288962,2,Cool
0214750AR,430399.466,4585234.607,41.4156513,2.1671723,Styphnolobium japonicum,29.58940656,3,Warm
0214768AR,431218.821,4585300.598,41.4163162,2.1769681,Styphnolobium japonicum,28.90787069,3,Warm
0214769AR,431194.305,4585325.956,41.4165425,2.1766719,Styphnolobium japonicum,28.92507372,3,Warm
0214770AR,431159.193,4585342.052,41.4166845,2.1762499,Styphnolobium japonicum,28.96427813,3,Warm
0214778AR,431189.644,4585319.37,41.4164828,2.1766169,Styphnolobium japonicum,28.93458013,3,Warm
0214786AR,431022.893,4585429.003,41.4174559,2.1746092,Styphnolobium japonicum,29.43744291,3,Warm
0214794AR,430853.417,4585424.201,41.4173981,2.172582,Styphnolobium japonicum,30.06767156,3,Warm
0214801AR,431174.783,4585387.782,41.4170977,2.1764313,Styphnolobium japonicum,28.89234467,3,Warm
0214813AR,431277.827,4585395.923,41.4171798,2.1776633,Styphnolobium japonicum,28.68734005,2,Cool
0214816AR,431272.454,4585547.64,41.4185458,2.1775817,Styphnolobium japonicum,28.49817218,2,Cool
0214824AR,431265.357,4585552.126,41.4185856,2.1774963,Styphnolobium japonicum,28.5155088,2,Cool
0214836AR,431080.193,4585330.332,41.4165721,2.1753061,Styphnolobium japonicum,29.33685694,3,Warm
0214839AR,431141.529,4585327.76,41.4165542,2.1760402,Styphnolobium japonicum,29.01873089,3,Warm
0214854AR,430653.824,4585090.655,41.4143768,2.1702321,Styphnolobium japonicum,29.26967911,3,Warm
0214856AR,431190.395,4584935.087,41.4130218,2.1766696,Styphnolobium japonicum,28.51972639,2,Cool
0214864AR,430665.83,4585078.488,41.4142682,2.1703772,Styphnolobium japonicum,29.3828798,3,Warm
0214868AR,430905.186,4585400.846,41.4171922,2.1732041,Styphnolobium japonicum,30.64781197,4,Hottest
0214883AR,430585.676,4585183.89,41.4152106,2.1694061,Styphnolobium japonicum,29.11558267,3,Warm
0214901AR,431483.794,4585551.895,41.4186022,2.18011,Styphnolobium japonicum,28.78630996,2,Cool
0214904AR,430871.596,4585426.589,41.4174212,2.1727992,Styphnolobium japonicum,30.10459212,3,Warm
0214922AR,430997.907,4585368.333,41.4169073,2.1743172,Styphnolobium japonicum,30.17537026,3,Warm
0214946AR,431342.895,4585170.31,41.4151534,2.1784674,Styphnolobium japonicum,28.70303433,2,Cool
0214948AR,431441.0829999999,4585531.866,41.4184182,2.1796012,Styphnolobium japonicum,28.72890372,2,Cool
0214956AR,430549.218,4585490.756,41.4179713,2.1689346,Styphnolobium japonicum,28.7035282,2,Cool
0214969AR,430890.863,4585869.816,41.4214148,2.1729791,Styphnolobium japonicum,28.40709874,2,Cool
0214977AR,431381.302,4585423.808,41.4174398,2.1788982,Styphnolobium japonicum,28.76626799,2,Cool
0215001AR,431056.912,4585331.173,41.4165777,2.1750274,Styphnolobium japonicum,29.58555159,3,Warm
0215013AR,431161.028,4586070.777,41.423248,2.176189,Styphnolobium japonicum,28.68151147,2,Cool
0215023AR,431308.024,4585456.798,41.4177307,2.1780176,Styphnolobium japonicum,28.5497053,2,Cool
0215026AR,431070.258,4585325.62,41.4165289,2.1751877,Styphnolobium japonicum,29.45487179,3,Warm
0215031AR,430892.887,4585840.155,41.4211479,2.1730067,Styphnolobium japonicum,28.46382673,2,Cool
0215039AR,430883.39,4585410.955,41.4172814,2.1729421,Styphnolobium japonicum,30.45554227,4,Hottest
0215054AR,431331.67,4585213.064,41.4155375,2.1783282,Styphnolobium japonicum,28.71283338,2,Cool
0215058AR,430904.5140000001,4585147.564,41.4149109,2.173225,Styphnolobium japonicum,31.35882412,4,Hottest
0215064AR,431120.332,4585270.892,41.4160402,2.1757931,Styphnolobium japonicum,29.18133291,3,Warm
0215069AR,430935.571,4585178.167,41.4151892,2.1735931,Styphnolobium japonicum,31.30167421,4,Hottest
0215073AR,430843.63,4585439.207,41.4175324,2.1724632,Styphnolobium japonicum,29.70265146,3,Warm
0215075AR,431141.676,4585452.7,41.4176795,2.1760278,Styphnolobium japonicum,28.91786286,3,Warm
0215079AR,430925.377,4585167.615,41.4150933,2.1734723,Styphnolobium japonicum,31.34593021,4,Hottest
0215091AR,431110.288,4585270.805,41.4160386,2.1756729,Styphnolobium japonicum,29.23310053,3,Warm
0215092AR,430587.249,4585208.315,41.4154308,2.1694221,Styphnolobium japonicum,29.10945137,3,Warm
0215094AR,431355.777,4585974.812,41.4224003,2.1785302,Styphnolobium japonicum,28.86657511,2,Cool
0215102AR,431174.843,4585346.774,41.4167283,2.1764367,Styphnolobium japonicum,28.93225201,3,Warm
0215391AR,429056.08600000007,4586117.572,41.4234863,2.1509958,Styphnolobium japonicum,28.04549258,2,Cool
0215395AR,429086.781,4586204.102,41.4242684,2.1513529,Styphnolobium japonicum,28.17507135,2,Cool
0215422AR,429060.623,4586147.947,41.4237603,2.1510465,Styphnolobium japonicum,28.09256506,2,Cool
0215427AR,429043.589,4585989.62,41.4223328,2.1508613,Styphnolobium japonicum,26.66797067,1,Coolest
0215433AR,429056.975,4586130.072,41.423599,2.151005,Styphnolobium japonicum,28.06182077,2,Cool
0215434AR,428879.425,4586181.593,41.4240473,2.1488743,Styphnolobium japonicum,26.07148108,1,Coolest
0215438AR,429062.533,4586152.956,41.4238056,2.1510688,Styphnolobium japonicum,28.10319806,2,Cool
0215446AR,429147.7579999999,4586296.956,41.4251101,2.1520717,Styphnolobium japonicum,28.1227177,2,Cool
0215447AR,428968.546,4586270.667,41.4248575,2.1499303,Styphnolobium japonicum,27.26347664,1,Coolest
0215455AR,428977.942,4586277.94,41.4249238,2.1500419,Styphnolobium japonicum,27.29740956,1,Coolest
0215459AR,429054.102,4586065.442,41.4230167,2.1509782,Styphnolobium japonicum,27.64726044,1,Coolest
0215462AR,428988.436,4585893.324,41.4214607,2.1502126,Styphnolobium japonicum,24.7596541,1,Coolest
0215467AR,429118.593,4586314.669,41.425267,2.1517206,Styphnolobium japonicum,27.91138005,2,Cool
0215468AR,429117.559,4586246.579,41.4246537,2.1517162,Styphnolobium japonicum,28.17447833,2,Cool
0215471AR,429085.278,4586304.917,41.4251763,2.1513231,Styphnolobium japonicum,27.76840704,1,Coolest
0215475AR,429048.128,4586003.314,41.4224566,2.150914,Styphnolobium japonicum,26.80217662,1,Coolest
0215476AR,429108.929,4586237.232,41.4245687,2.1516141,Styphnolobium japonicum,28.16720059,2,Cool
0215481AR,428964.114,4586266.753,41.4248218,2.1498777,Styphnolobium japonicum,27.22645207,1,Coolest
0215490AR,429147.698,4586273.195,41.4248961,2.1520738,Styphnolobium japonicum,28.22476904,2,Cool
0215492AR,429021.62,4586290.994,41.4250452,2.150563,Styphnolobium japonicum,27.4568164,1,Coolest
0215498AR,428984.947,4585888.743,41.4214191,2.1501714,Styphnolobium japonicum,24.71790111,1,Coolest
0215502AR,429009.709,4586285.598,41.4249956,2.1504211,Styphnolobium japonicum,27.40738713,1,Coolest
0215504AR,428823.646,4586130.47,41.423582,2.1482129,Styphnolobium japonicum,25.06754881,1,Coolest
0215507AR,429112.977,4586316.18,41.4252801,2.1516533,Styphnolobium japonicum,27.88314739,2,Cool
0215526AR,429003.094,4586300.766,41.4251316,2.1503402,Styphnolobium japonicum,27.49337942,1,Coolest
0215527AR,428985.92,4586284.007,41.4249792,2.1501366,Styphnolobium japonicum,27.3553391,1,Coolest
0215536AR,429046.321,4586299.356,41.4251227,2.1508576,Styphnolobium japonicum,27.54209355,1,Coolest
0215541AR,428486.753,4585893.652,41.4214191,2.1442096,Styphnolobium japonicum,26.74291023,1,Coolest
0215553AR,428865.664,4586167.757,41.4239215,2.1487113,Styphnolobium japonicum,25.88733123,1,Coolest
0215580AR,429046.682,4585998.639,41.4224143,2.1508972,Styphnolobium japonicum,26.88005491,1,Coolest
0215584AR,428833.128,4586136.932,41.423641,2.1483256,Styphnolobium japonicum,25.20291508,1,Coolest
0215588AR,429079.91399999993,4586191.158,41.4241512,2.1512723,Styphnolobium japonicum,28.15717157,2,Cool
0215593AR,428998.927,4586292.847,41.4250599,2.1502912,Styphnolobium japonicum,27.44258113,1,Coolest
0215612AR,429057.632,4586135.894,41.4236515,2.1510121,Styphnolobium japonicum,28.06354396,2,Cool
0215613AR,429093.824,4586304.881,41.4251767,2.1514254,Styphnolobium japonicum,27.80852412,1,Coolest
0215633AR,429132.258,4586300.726,41.4251427,2.1518858,Styphnolobium japonicum,28.02302411,2,Cool
0215645AR,429054.312,4586078.593,41.4231351,2.1509791,Styphnolobium japonicum,27.85905254,2,Cool
0215646AR,429113.253,4586242.033,41.4246124,2.1516652,Styphnolobium japonicum,28.16700558,2,Cool
0215688AR,429054.3,4586072.035,41.4230761,2.1509798,Styphnolobium japonicum,27.74480853,1,Coolest
0215709AR,429040.98,4585983.199,41.4222748,2.1508308,Styphnolobium japonicum,26.52729455,1,Coolest
0215728AR,429093.3540000001,4586215.017,41.4243673,2.1514303,Styphnolobium japonicum,28.16933671,2,Cool
0215742AR,429009.888,4586304.36,41.4251646,2.150421,Styphnolobium japonicum,27.51757496,1,Coolest
0215755AR,429164.671,4586283.774,41.4249928,2.1522756,Styphnolobium japonicum,28.28650256,2,Cool
0215795AR,429053.936,4586040.451,41.4227916,2.1509791,Styphnolobium japonicum,27.38547058,1,Coolest
0215802AR,429153.209,4586276.749,41.4249286,2.1521393,Styphnolobium japonicum,28.23477757,2,Cool
0215815AR,429053.84,4586052.901,41.4229037,2.1509765,Styphnolobium japonicum,27.60093653,1,Coolest
0215816AR,429158.708,4586280.408,41.424962,2.1522047,Styphnolobium japonicum,28.2589493,2,Cool
0215822AR,429142.5,4586269.686,41.424864,2.152012,Styphnolobium japonicum,28.21570205,2,Cool
0215825AR,428993.674,4586289.846,41.4250324,2.1502287,Styphnolobium japonicum,27.41329004,1,Coolest
0215840AR,429054.63,4586084.729,41.4231904,2.1509822,Styphnolobium japonicum,27.88165741,2,Cool
0215852AR,429050.703,4586014.513,41.4225577,2.1509435,Styphnolobium japonicum,26.95394873,1,Coolest
0215855AR,429101.91,4586321.104,41.4253235,2.1515202,Styphnolobium japonicum,27.82827803,1,Coolest
0215872AR,429099.983,4586225.465,41.424462,2.1515084,Styphnolobium japonicum,28.17388369,2,Cool
0215881AR,429036.849,4586313.983,41.4252536,2.1507425,Styphnolobium japonicum,27.56545358,1,Coolest
0215884AR,429077.967,4586321.124,41.4253216,2.1512337,Styphnolobium japonicum,27.70411718,1,Coolest
0215892AR,428827.9870000001,4586133.233,41.4236072,2.1482645,Styphnolobium japonicum,25.18660285,1,Coolest
0215922AR,429071.36,4586320.7,41.4253172,2.1511547,Styphnolobium japonicum,27.67625441,1,Coolest
0215937AR,429089.866,4586209.481,41.4243171,2.1513892,Styphnolobium japonicum,28.16164863,2,Cool
0215939AR,429053.972,4586045.341,41.4228356,2.1509789,Styphnolobium japonicum,27.48174816,1,Coolest
0215941AR,429058.925,4586141.599,41.423703,2.1510269,Styphnolobium japonicum,28.07571664,2,Cool
0215963AR,428481.599,4585905.971,41.4215296,2.1441465,Styphnolobium japonicum,26.80191661,1,Coolest
0215974AR,429055.854,4586110.755,41.4234249,2.1509938,Styphnolobium japonicum,28.03840974,2,Cool
0215980AR,429065.955,4586320.009,41.4253105,2.1510901,Styphnolobium japonicum,27.67576839,1,Coolest
0215981AR,429096.032,4586321.346,41.4253252,2.1514499,Styphnolobium japonicum,27.81174187,1,Coolest
0215990AR,429103.381,4586230.059,41.4245036,2.1515485,Styphnolobium japonicum,28.17528619,2,Cool
0215994AR,428838.896,4586141.649,41.423684,2.148394,Styphnolobium japonicum,25.26627336,1,Coolest
0215995AR,429049.303,4586008.268,41.4225013,2.1509274,Styphnolobium japonicum,26.84224694,1,Coolest
0216008AR,429096.442,4586220.196,41.4244142,2.1514666,Styphnolobium japonicum,28.17274462,2,Cool
0216372AR,427802.677,4581310.481,41.3800792,2.1365708,Styphnolobium japonicum,29.24497593,3,Warm
0216386AR,427439.749,4580809.581,41.3755352,2.1322909,Styphnolobium japonicum,29.06927059,3,Warm
0216393AR,427869.496,4581338.914,41.3803413,2.1373665,Styphnolobium japonicum,29.53171213,3,Warm
0216403AR,427346.951,4580799.622,41.3754371,2.1311825,Styphnolobium japonicum,29.13141004,3,Warm
0216406AR,427595.003,4580803.302,41.3754926,2.1341481,Styphnolobium japonicum,28.98296558,3,Warm
0216407AR,427843.763,4580780.46,41.3753092,2.1371252,Styphnolobium japonicum,29.12694537,3,Warm
0216418AR,427942.713,4580776.549,41.3752829,2.1383089,Styphnolobium japonicum,29.10403265,3,Warm
0216428AR,428075.473,4580786.238,41.375382,2.1398951,Styphnolobium japonicum,28.48975197,2,Cool
0216446AR,427392.509,4580811.556,41.3755487,2.1317258,Styphnolobium japonicum,29.05371921,3,Warm
0216448AR,428030.9099999999,4581623.43,41.3829183,2.1392629,Styphnolobium japonicum,29.25376455,3,Warm
0216453AR,428048.378,4581603.652,41.3827417,2.1394741,Styphnolobium japonicum,29.28990672,3,Warm
0216457AR,427317.57600000006,4581289.105,41.379843,2.1307726,Styphnolobium japonicum,29.12357606,3,Warm
0216473AR,427738.358,4581460.682,41.3814263,2.1357838,Styphnolobium japonicum,29.06297473,3,Warm
0216489AR,427312.176,4581307.675,41.3800098,2.1307058,Styphnolobium japonicum,29.05603946,3,Warm
0216496AR,427845.459,4581555.181,41.382287,2.1370533,Styphnolobium japonicum,29.00679697,3,Warm
0216499AR,427792.353,4580782.221,41.3753205,2.1365103,Styphnolobium japonicum,28.95464945,3,Warm
0216510AR,427735.408,4581446.582,41.381299,2.1357502,Styphnolobium japonicum,29.06808717,3,Warm
0216511AR,427380.178,4580798.09,41.3754263,2.13158,Styphnolobium japonicum,29.0773054,3,Warm
0216520AR,427852.415,4581099.741,41.3781856,2.1371907,Styphnolobium japonicum,29.85559583,3,Warm
0216527AR,427578.47300000006,4580790.848,41.3753789,2.1339519,Styphnolobium japonicum,29.10316568,3,Warm
0216540AR,427852.586,4581229.961,41.3793585,2.1371772,Styphnolobium japonicum,29.59132963,3,Warm
0216548AR,427830.448,4581417.081,41.3810418,2.1368902,Styphnolobium japonicum,29.23435136,3,Warm
0216552AR,427473.341,4580808.686,41.3755301,2.1326927,Styphnolobium japonicum,29.08871951,3,Warm
0216557AR,427525.618,4580792.806,41.3753918,2.1333197,Styphnolobium japonicum,29.18581364,3,Warm
0216567AR,428076.16899999994,4581596.21,41.3826772,2.1398073,Styphnolobium japonicum,29.29526396,3,Warm
0216568AR,427728.628,4581461.012,41.3814284,2.1356674,Styphnolobium japonicum,29.05122145,3,Warm
0216573AR,427807.275,4581064.471,41.3778639,2.1366551,Styphnolobium japonicum,29.54691506,3,Warm
0216579AR,427790.138,4581520.982,41.381974,2.1363958,Styphnolobium japonicum,29.00381261,3,Warm
0216596AR,427811.771,4580525.7,41.3730118,2.136773,Styphnolobium japonicum,29.15994577,3,Warm
0216600AR,427396.8769999999,4580797.712,41.3754244,2.1317797,Styphnolobium japonicum,29.07536955,3,Warm
0216606AR,427673.648,4581445.883,41.3812871,2.1350117,Styphnolobium japonicum,29.06313441,3,Warm
0216611AR,427899.395,4581116.0,41.3783363,2.1377505,Styphnolobium japonicum,30.24473823,4,Hottest
0216618AR,428055.953,4580786.409,41.3753818,2.1396617,Styphnolobium japonicum,28.58587796,2,Cool
0216621AR,427836.885,4581081.941,41.3780239,2.1370071,Styphnolobium japonicum,29.72614983,3,Warm
0216630AR,427826.078,4581449.491,41.3813333,2.1368341,Styphnolobium japonicum,29.20089557,3,Warm
0216637AR,427863.556,4581208.441,41.3791656,2.137311,Styphnolobium japonicum,29.7187254,3,Warm
0216651AR,428016.031,4580788.273,41.375395,2.1391841,Styphnolobium japonicum,28.78385103,2,Cool
0216652AR,427904.015,4581106.63,41.3782523,2.1378069,Styphnolobium japonicum,30.26972683,4,Hottest
0216664AR,427591.142,4581067.846,41.3778749,2.1340703,Styphnolobium japonicum,28.87514363,2,Cool
0216670AR,427842.682,4580656.39,41.3741917,2.1371271,Styphnolobium japonicum,29.22764063,3,Warm
0216683AR,427716.714,4581021.662,41.3774702,2.1355773,Styphnolobium japonicum,28.99897993,3,Warm
0216684AR,427902.446,4581583.255,41.3825449,2.1377314,Styphnolobium japonicum,29.07925743,3,Warm
0216688AR,427815.979,4581540.462,41.3821518,2.1367025,Styphnolobium japonicum,28.97466884,3,Warm
0216690AR,427582.165,4581064.7,41.3778458,2.1339633,Styphnolobium japonicum,28.87392244,2,Cool
0216714AR,427402.55,4580440.153,41.3722045,2.1318904,Styphnolobium japonicum,29.12573525,3,Warm
0216721AR,427407.07,4580441.623,41.3722182,2.1319442,Styphnolobium japonicum,29.11066734,3,Warm
0216730AR,427900.123,4581300.455,41.3799977,2.1377373,Styphnolobium japonicum,29.86520594,3,Warm
0216742AR,428093.833,4580771.378,41.3752498,2.1401164,Styphnolobium japonicum,28.49206804,2,Cool
0216743AR,428034.943,4580773.709,41.3752655,2.139412,Styphnolobium japonicum,28.73769263,2,Cool
0216749AR,428268.971,4581769.489,41.384255,2.1420924,Styphnolobium japonicum,28.82929772,2,Cool
0216752AR,427893.146,4581146.75,41.3786127,2.1376721,Styphnolobium japonicum,30.15933571,3,Warm
0216754AR,427349.08,4580813.026,41.375558,2.1312064,Styphnolobium japonicum,29.12203905,3,Warm
0216768AR,427402.73,4580811.042,41.375545,2.1318481,Styphnolobium japonicum,29.05582436,3,Warm
0216777AR,427821.801,4580528.93,41.3730418,2.1368926,Styphnolobium japonicum,29.16518993,3,Warm
0216779AR,427801.891,4580523.56,41.3729917,2.1366552,Styphnolobium japonicum,29.17024733,3,Warm
0216787AR,427390.427,4580797.749,41.3754241,2.1317026,Styphnolobium japonicum,29.07487865,3,Warm
0216790AR,427576.273,4580804.921,41.3755055,2.1339239,Styphnolobium japonicum,29.03280032,3,Warm
0216798AR,427767.501,4580716.946,41.3747303,2.1362209,Styphnolobium japonicum,28.93430468,3,Warm
0216803AR,428113.843,4580770.038,41.3752395,2.1403559,Styphnolobium japonicum,28.44328544,2,Cool
0216806AR,427888.876,4581156.35,41.3786988,2.1376199,Styphnolobium japonicum,30.09391234,3,Warm
0216811AR,427315.776,4581295.295,41.3798986,2.1307503,Styphnolobium japonicum,29.08628733,3,Warm
0216815AR,427695.33799999993,4581456.582,41.3813855,2.1352698,Styphnolobium japonicum,29.04916169,3,Warm
0216816AR,427818.783,4580795.19,41.3754396,2.1368248,Styphnolobium japonicum,29.02601941,3,Warm
0216823AR,427378.239,4580812.066,41.375552,2.1315551,Styphnolobium japonicum,29.06420421,3,Warm
0216827AR,427405.182,4580797.524,41.3754235,2.131879,Styphnolobium japonicum,29.07552632,3,Warm
0216866AR,427811.891,4580573.6,41.3734432,2.1367688,Styphnolobium japonicum,29.13713239,3,Warm
0216868AR,427760.8,4580770.731,41.3752141,2.1361344,Styphnolobium japonicum,28.86904769,2,Cool
0216876AR,427828.737,4581278.381,41.3797924,2.1368863,Styphnolobium japonicum,29.35420035,3,Warm
0216879AR,427810.651,4580579.18,41.3734934,2.1367533,Styphnolobium japonicum,29.13481985,3,Warm
0216890AR,427408.36,4580436.093,41.3721685,2.1319603,Styphnolobium japonicum,29.12067687,3,Warm
0216893AR,427996.54,4581637.2,41.3830392,2.1388502,Styphnolobium japonicum,29.22271302,3,Warm
0216903AR,427451.384,4580795.387,41.3754084,2.1324317,Styphnolobium japonicum,29.12212196,3,Warm
0216907AR,427819.063,4580781.68,41.375318,2.1368298,Styphnolobium japonicum,29.02618125,3,Warm
0216910AR,427977.183,4580789.599,41.3754035,2.1387195,Styphnolobium japonicum,28.9561132,3,Warm
0216911AR,428161.394,4581501.667,41.3818333,2.1408377,Styphnolobium japonicum,29.1874165,3,Warm
0216934AR,427822.627,4581270.441,41.3797204,2.1368142,Styphnolobium japonicum,29.34643206,3,Warm
0216948AR,427762.947,4581389.862,41.3807906,2.1360863,Styphnolobium japonicum,29.11870621,3,Warm
0216950AR,427679.068,4581448.563,41.3813118,2.1350762,Styphnolobium japonicum,29.05326028,3,Warm
0216954AR,428064.943,4580771.999,41.3752528,2.1397709,Styphnolobium japonicum,28.60568582,2,Cool
0216956AR,428204.458,4581429.389,41.3811861,2.1413613,Styphnolobium japonicum,29.14569232,3,Warm
0216977AR,427600.564,4581028.132,41.3775181,2.1341877,Styphnolobium japonicum,28.71045684,2,Cool
0216984AR,428122.829,4581542.929,41.3822015,2.1403716,Styphnolobium japonicum,29.28446654,3,Warm
0216988AR,428138.575,4581525.872,41.3820492,2.140562,Styphnolobium japonicum,29.24235328,3,Warm
0216997AR,427972.746,4581622.009,41.3829003,2.1385675,Styphnolobium japonicum,29.22738509,3,Warm
0216999AR,427689.918,4581453.912,41.3813609,2.1352053,Styphnolobium japonicum,29.05064912,3,Warm
0217004AR,428026.05,4581629.18,41.3829696,2.1392041,Styphnolobium japonicum,29.24392284,3,Warm
0217006AR,428189.229,4581472.199,41.3815703,2.1411741,Styphnolobium japonicum,29.14382075,3,Warm
0217015AR,427587.124,4581023.863,41.3774784,2.1340275,Styphnolobium japonicum,28.7270878,2,Cool
0217022AR,427322.611,4580814.071,41.375565,2.1308897,Styphnolobium japonicum,29.19355795,3,Warm
0217035AR,427812.543,4580795.51,41.375442,2.1367501,Styphnolobium japonicum,29.01530654,3,Warm
0217048AR,427668.228,4581443.213,41.3812626,2.1349472,Styphnolobium japonicum,29.05675203,3,Warm
0217057AR,427958.594,4580870.179,41.3761276,2.1384876,Styphnolobium japonicum,28.92809808,3,Warm
0217082AR,428035.3780000001,4581473.28,41.3815663,2.1393341,Styphnolobium japonicum,29.69983123,3,Warm
0217099AR,427420.597,4580810.84,41.3755448,2.1320618,Styphnolobium japonicum,29.05568465,3,Warm
0217105AR,428152.369,4581486.339,41.3816944,2.1407316,Styphnolobium japonicum,29.2268641,3,Warm
0217107AR,428065.60900000005,4581582.98,41.3825571,2.1396826,Styphnolobium japonicum,29.32678576,3,Warm
0217118AR,428145.349,4581518.649,41.3819848,2.1406438,Styphnolobium japonicum,29.22712499,3,Warm
0217125AR,427404.21,4580434.163,41.3721507,2.1319109,Styphnolobium japonicum,29.13149683,3,Warm
0217144AR,427711.608,4581464.612,41.3814592,2.1354634,Styphnolobium japonicum,29.04599931,3,Warm
0217152AR,427717.038,4581467.292,41.3814839,2.1355281,Styphnolobium japonicum,29.04536421,3,Warm
0217155AR,427816.711,4580526.78,41.373022,2.136832,Styphnolobium japonicum,29.16400176,3,Warm
0217157AR,428170.504,4581491.868,41.3817458,2.1409478,Styphnolobium japonicum,29.16776532,3,Warm
0217162AR,427803.318,4580782.141,41.3753207,2.1366414,Styphnolobium japonicum,28.98782222,3,Warm
0217166AR,427813.647,4581308.581,41.3800631,2.1367022,Styphnolobium japonicum,29.26303579,3,Warm
0217167AR,427823.738,4581453.551,41.3813697,2.1368056,Styphnolobium japonicum,29.19275299,3,Warm
0217176AR,427878.476,4581156.551,41.3786996,2.1374956,Styphnolobium japonicum,30.0128198,3,Warm
0217186AR,427868.555,4581099.851,41.3781881,2.1373837,Styphnolobium japonicum,29.97941143,3,Warm
0217195AR,427887.4529999999,4580792.67,41.3754231,2.1376462,Styphnolobium japonicum,29.16256359,3,Warm
0217197AR,427384.958,4580811.742,41.3755497,2.1316355,Styphnolobium japonicum,29.06102772,3,Warm
0217212AR,427336.805,4581227.835,41.3792929,2.1310099,Styphnolobium japonicum,29.49996248,3,Warm
0217216AR,427832.518,4581412.931,41.3810046,2.1369155,Styphnolobium japonicum,29.23654099,3,Warm
0217221AR,427839.516,4581235.491,41.3794071,2.1370203,Styphnolobium japonicum,29.48025529,3,Warm
0217222AR,427624.024,4580788.704,41.3753637,2.1344968,Styphnolobium japonicum,28.94391746,3,Warm
0217229AR,427340.063,4581215.794,41.3791848,2.1310503,Styphnolobium japonicum,29.51580474,3,Warm
0217240AR,428114.42,4581552.861,41.3822902,2.1402699,Styphnolobium japonicum,29.29240009,3,Warm
0217246AR,427799.507,4581338.551,41.3803318,2.1365296,Styphnolobium japonicum,29.20009906,3,Warm
0217262AR,427533.828,4580792.631,41.375391,2.1334179,Styphnolobium japonicum,29.17488571,3,Warm
0217268AR,427606.98399999994,4581030.072,41.3775361,2.1342642,Styphnolobium japonicum,28.72277653,2,Cool
0217311AR,427586.213,4580790.848,41.3753796,2.1340444,Styphnolobium japonicum,29.07842642,3,Warm
0217318AR,427818.081,4580545.68,41.3731923,2.1368461,Styphnolobium japonicum,29.15693916,3,Warm
0217331AR,427808.157,4581299.361,41.3799796,2.1366377,Styphnolobium japonicum,29.25978446,3,Warm
0217339AR,428147.339,4581491.579,41.3817412,2.1406708,Styphnolobium japonicum,29.23881504,3,Warm
0217343AR,427930.873,4580777.3,41.3752885,2.1381672,Styphnolobium japonicum,29.12359912,3,Warm
0217360AR,428041.733,4580773.459,41.3752639,2.1394932,Styphnolobium japonicum,28.71577873,2,Cool
0217375AR,427876.703,4581324.431,41.3802115,2.1374544,Styphnolobium japonicum,29.61881809,3,Warm
0217379AR,428106.933,4580785.308,41.3753764,2.1402714,Styphnolobium japonicum,28.38364029,2,Cool
0217380AR,428021.02,4581634.58,41.3830178,2.1391433,Styphnolobium japonicum,29.23666443,3,Warm
0217396AR,427741.1979999999,4581455.002,41.3813753,2.1358184,Styphnolobium japonicum,29.07128078,3,Warm
0217401AR,427411.525,4580810.897,41.3755445,2.1319533,Styphnolobium japonicum,29.05706726,3,Warm
0217410AR,428101.983,4580770.868,41.3752459,2.140214,Styphnolobium japonicum,28.47037607,2,Cool
0217424AR,427784.026,4580782.391,41.3753212,2.1364107,Styphnolobium japonicum,28.93104796,3,Warm
0217425AR,427885.393,4580779.05,41.3753002,2.1376232,Styphnolobium japonicum,29.17301156,3,Warm
0217429AR,427554.079,4580805.795,41.3755114,2.1336584,Styphnolobium japonicum,29.06931742,3,Warm
0217458AR,428102.393,4580785.408,41.3753769,2.1402171,Styphnolobium japonicum,28.39159767,2,Cool
0217485AR,427765.347,4581385.712,41.3807534,2.1361155,Styphnolobium japonicum,29.12179587,3,Warm
0217487AR,427747.318,4581422.872,41.3810865,2.1358954,Styphnolobium japonicum,29.09376208,3,Warm
0217488AR,427329.566,4581251.425,41.3795047,2.1309205,Styphnolobium japonicum,29.41810553,3,Warm
0217502AR,427500.698,4580807.559,41.3755224,2.1330199,Styphnolobium japonicum,29.09871401,3,Warm
0217515AR,427949.513,4580776.639,41.3752843,2.1383902,Styphnolobium japonicum,29.08209094,3,Warm
0217537AR,427511.034,4580807.22,41.3755203,2.1331436,Styphnolobium japonicum,29.1021812,3,Warm
0217539AR,427817.457,4581280.131,41.3798072,2.1367512,Styphnolobium japonicum,29.31525533,3,Warm
0217551AR,427806.831,4580524.63,41.3730017,2.1367141,Styphnolobium japonicum,29.16402426,3,Warm
0217559AR,427848.632,4580659.69,41.3742219,2.1371978,Styphnolobium japonicum,29.25078192,3,Warm
0217561AR,427794.188,4580796.543,41.3754496,2.1365306,Styphnolobium japonicum,28.96051413,3,Warm
0217562AR,427813.651,4580565.14,41.3733672,2.1367908,Styphnolobium japonicum,29.14025891,3,Warm
0217569AR,427862.437,4581352.801,41.3804657,2.1372804,Styphnolobium japonicum,29.44338979,3,Warm
0217572AR,428015.45,4581636.92,41.3830384,2.1390764,Styphnolobium japonicum,29.23371464,3,Warm
0217575AR,427924.2679999999,4581594.247,41.3826459,2.1379911,Styphnolobium japonicum,29.14658244,3,Warm
0217589AR,427882.743,4581312.57,41.3801052,2.137528,Styphnolobium japonicum,29.69818885,3,Warm
0217610AR,427897.197,4581306.902,41.3800555,2.1377015,Styphnolobium japonicum,29.82762769,3,Warm
0217638AR,428081.043,4580786.128,41.3753815,2.1399618,Styphnolobium japonicum,28.47551851,2,Cool
0217640AR,427564.284,4580962.953,41.3769277,2.1337617,Styphnolobium japonicum,28.63776272,2,Cool
0217642AR,428086.551,4581584.879,41.382576,2.1399328,Styphnolobium japonicum,29.30500472,3,Warm
0217645AR,427855.256,4581203.781,41.3791229,2.1372123,Styphnolobium japonicum,29.67326953,3,Warm
0217647AR,427635.3540000001,4580788.353,41.3753616,2.1346323,Styphnolobium japonicum,28.9259914,3,Warm
0217650AR,427824.797,4581428.888,41.3811477,2.1368212,Styphnolobium japonicum,29.20748189,3,Warm
0217659AR,427509.172,4580793.463,41.3753963,2.1331229,Styphnolobium japonicum,29.180915,3,Warm
0217686AR,428014.028,4581462.38,41.3814663,2.1390801,Styphnolobium japonicum,29.79337724,3,Warm
0217697AR,427329.73,4580813.623,41.3755616,2.1309749,Styphnolobium japonicum,29.16733794,3,Warm
0217701AR,428027.678,4581469.36,41.3815303,2.1392425,Styphnolobium japonicum,29.73175085,3,Warm
0217708AR,427519.934,4580807.066,41.3755197,2.13325,Styphnolobium japonicum,29.10295077,3,Warm
0217714AR,427321.502,4581279.169,41.3797539,2.1308207,Styphnolobium japonicum,29.25934104,3,Warm
0217722AR,427751.832,4580783.521,41.3753285,2.1360256,Styphnolobium japonicum,28.8475457,2,Cool
0217732AR,427313.976,4581301.485,41.3799542,2.130728,Styphnolobium japonicum,29.06346896,3,Warm
0217733AR,427987.018,4581449.04,41.3813437,2.1387587,Styphnolobium japonicum,29.85726186,3,Warm
0217735AR,427766.479,4580722.567,41.3747809,2.136208,Styphnolobium japonicum,28.92789564,3,Warm
0217738AR,427752.018,4581412.162,41.3809905,2.1359529,Styphnolobium japonicum,29.09896144,3,Warm
0217747AR,427829.873,4580780.74,41.3753105,2.1369591,Styphnolobium japonicum,29.05865928,3,Warm
0217758AR,427910.283,4581257.272,41.3796096,2.1378639,Styphnolobium japonicum,30.05472114,3,Warm
0217764AR,427477.662,4580795.333,41.3754103,2.132746,Styphnolobium japonicum,29.15477646,3,Warm
0217768AR,427459.775,4580795.407,41.3754093,2.1325321,Styphnolobium japonicum,29.12933412,3,Warm
0217776AR,428211.808,4581446.558,41.3813414,2.1414471,Styphnolobium japonicum,29.1643287,3,Warm
0217787AR,428089.193,4580785.718,41.3753785,2.1400593,Styphnolobium japonicum,28.43015753,2,Cool
0217816AR,427795.719,4581510.467,41.3818798,2.1364638,Styphnolobium japonicum,29.07359751,3,Warm
0217820AR,427980.248,4581446.03,41.381316,2.1386781,Styphnolobium japonicum,29.86792676,3,Warm
0217859AR,427341.851,4581209.932,41.3791321,2.1310723,Styphnolobium japonicum,29.50809806,3,Warm
0217876AR,428023.793,4580788.129,41.3753944,2.139277,Styphnolobium japonicum,28.73651016,2,Cool
0217885AR,427912.347,4581274.67,41.3797665,2.1378865,Styphnolobium japonicum,30.03112646,3,Warm
0217890AR,427622.515,4580803.227,41.3754944,2.134477,Styphnolobium japonicum,28.90318632,3,Warm
0217896AR,427889.942,4581323.723,41.3802063,2.1376128,Styphnolobium japonicum,29.72349866,3,Warm
0217919AR,427700.768,4581459.262,41.3814101,2.1353345,Styphnolobium japonicum,29.04858734,3,Warm
0217921AR,427595.865,4580790.375,41.3753762,2.1341599,Styphnolobium japonicum,29.03551184,3,Warm
0217924AR,427820.237,4581274.491,41.3797567,2.1367851,Styphnolobium japonicum,29.33928834,3,Warm
0217939AR,427775.727,4581365.602,41.3805733,2.136242,Styphnolobium japonicum,29.14406496,3,Warm
0217944AR,427824.927,4581266.231,41.3796827,2.1368422,Styphnolobium japonicum,29.35608969,3,Warm
0217953AR,427892.583,4580792.3,41.3754202,2.1377076,Styphnolobium japonicum,29.15922333,3,Warm
0217958AR,427662.508,4580786.895,41.3753509,2.1349572,Styphnolobium japonicum,28.86313969,2,Cool
0217962AR,427568.597,4580791.034,41.3753797,2.1338338,Styphnolobium japonicum,29.114951,3,Warm
0217966AR,427809.421,4580584.77,41.3735436,2.1367379,Styphnolobium japonicum,29.12826564,3,Warm
0217971AR,427638.123,4580802.315,41.3754876,2.1346638,Styphnolobium japonicum,28.8697191,2,Cool
0217972AR,427706.188,4581461.932,41.3814346,2.135399,Styphnolobium japonicum,29.04639092,3,Warm
0217983AR,427848.50600000005,4581239.231,41.3794416,2.1371273,Styphnolobium japonicum,29.53558541,3,Warm
0217991AR,428178.581,4581483.304,41.3816694,2.1410454,Styphnolobium japonicum,29.15619917,3,Warm
0218005AR,427807.408,4580781.771,41.3753178,2.1366904,Styphnolobium japonicum,28.99640227,3,Warm
0218009AR,428181.866,4581454.615,41.3814113,2.1410881,Styphnolobium japonicum,29.20392456,3,Warm
0218014AR,427891.353,4580778.86,41.3752991,2.1376945,Styphnolobium japonicum,29.17036541,3,Warm
0218022AR,428041.5189999999,4581610.85,41.3828059,2.1393912,Styphnolobium japonicum,29.28333801,3,Warm
0218038AR,427772.887,4581369.972,41.3806124,2.1362075,Styphnolobium japonicum,29.1353546,3,Warm
0218053AR,427799.438,4581501.962,41.3818035,2.1365093,Styphnolobium japonicum,29.08412267,3,Warm
0218055AR,427760.217,4581396.532,41.3808504,2.1360528,Styphnolobium japonicum,29.1077147,3,Warm
0218060AR,427881.006,4581152.191,41.3786606,2.1375263,Styphnolobium japonicum,30.04585222,3,Warm
0218061AR,428036.84,4581616.42,41.3828557,2.1393346,Styphnolobium japonicum,29.26303543,3,Warm
0218069AR,427748.088,4581440.902,41.381249,2.1359025,Styphnolobium japonicum,29.08312256,3,Warm
0218074AR,428226.718,4581430.768,41.3812005,2.1416273,Styphnolobium japonicum,28.99116668,3,Warm
0218081AR,428007.208,4581458.92,41.3814345,2.138999,Styphnolobium japonicum,29.81811565,3,Warm
0218119AR,427798.437,4581319.061,41.3801561,2.1365191,Styphnolobium japonicum,29.21992815,3,Warm
0218128AR,427908.233,4580791.65,41.3754158,2.1378948,Styphnolobium japonicum,29.14998154,3,Warm
0218137AR,427956.403,4580789.879,41.3754041,2.138471,Styphnolobium japonicum,29.03537356,3,Warm
0218138AR,427867.157,4581366.351,41.3805882,2.1373352,Styphnolobium japonicum,29.4728066,3,Warm
0218144AR,427915.873,4580791.55,41.3754156,2.1379862,Styphnolobium japonicum,29.14150298,3,Warm
0218145AR,427783.74,4580796.771,41.3754507,2.1364056,Styphnolobium japonicum,28.93669283,3,Warm
0218162AR,427328.434,4580800.294,41.3754415,2.130961,Styphnolobium japonicum,29.18352329,3,Warm
0218178AR,427814.671,4580558.74,41.3733097,2.1368038,Styphnolobium japonicum,29.1505309,3,Warm
0218180AR,428141.073,4580769.678,41.3752387,2.1406815,Styphnolobium japonicum,28.3847853,2,Cool
0218190AR,427571.074,4580966.353,41.376959,2.1338425,Styphnolobium japonicum,28.61722701,2,Cool
0218204AR,427894.928,4581313.002,41.3801102,2.1376737,Styphnolobium japonicum,29.80307154,3,Warm
0218206AR,427743.818,4581450.522,41.3813352,2.1358503,Styphnolobium japonicum,29.07598885,3,Warm
0218212AR,427758.028,4581421.882,41.3810786,2.1360236,Styphnolobium japonicum,29.09310549,3,Warm
0218219AR,427629.28800000006,4580802.818,41.3754913,2.1345581,Styphnolobium japonicum,28.89106211,3,Warm
0218224AR,428142.309,4581496.819,41.3817879,2.1406101,Styphnolobium japonicum,29.24676253,3,Warm
0218227AR,427914.846,4581247.731,41.3795241,2.1379196,Styphnolobium japonicum,30.0967317,3,Warm
0218232AR,427583.903,4580804.494,41.3755023,2.1340152,Styphnolobium japonicum,29.00522731,3,Warm
0218235AR,427820.561,4580534.51,41.3730919,2.1368771,Styphnolobium japonicum,29.16335112,3,Warm
0218236AR,427501.487,4580793.529,41.3753962,2.133031,Styphnolobium japonicum,29.17472868,3,Warm
0218241AR,427419.92,4580796.71,41.3754175,2.1320554,Styphnolobium japonicum,29.08338372,3,Warm
0218245AR,428080.833,4580771.998,41.3752542,2.1399609,Styphnolobium japonicum,28.54783666,2,Cool
0218262AR,428254.661,4581802.759,41.3845534,2.1419174,Styphnolobium japonicum,28.68388125,2,Cool
0218273AR,427448.216,4580809.384,41.3755342,2.1323922,Styphnolobium japonicum,29.07097197,3,Warm
0218284AR,427873.763,4580779.53,41.3753035,2.1374841,Styphnolobium japonicum,29.16397863,3,Warm
0218303AR,427603.213,4580802.832,41.3754891,2.1342463,Styphnolobium japonicum,28.96498613,3,Warm
0218314AR,427765.23,4580736.15,41.3749031,2.1361915,Styphnolobium japonicum,28.918634,3,Warm
0218317AR,427568.435,4580804.933,41.3755049,2.1338302,Styphnolobium japonicum,29.04307389,3,Warm
0218328AR,428014.703,4580773.709,41.3752637,2.13917,Styphnolobium japonicum,28.84601295,2,Cool
0218329AR,428049.003,4580786.799,41.3753847,2.1395786,Styphnolobium japonicum,28.61614252,2,Cool
0218331AR,428022.943,4580773.709,41.3752644,2.1392685,Styphnolobium japonicum,28.81128923,2,Cool
0218355AR,427593.434,4581025.793,41.3774963,2.1341027,Styphnolobium japonicum,28.7144791,2,Cool
0218369AR,428127.553,4580769.318,41.3752343,2.1405199,Styphnolobium japonicum,28.41220633,2,Cool
0218374AR,427861.126,4581213.381,41.3792099,2.1372813,Styphnolobium japonicum,29.68226587,3,Warm
0218375AR,428093.409,4581549.97,41.3822622,2.140019,Styphnolobium japonicum,29.33699563,3,Warm
0218377AR,428119.539,4581520.799,41.3820018,2.1403349,Styphnolobium japonicum,29.30395641,3,Warm
0218381AR,427812.651,4580569.6,41.3734073,2.1367783,Styphnolobium japonicum,29.13565193,3,Warm
0218392AR,428124.249,4581515.829,41.3819575,2.1403918,Styphnolobium japonicum,29.29656615,3,Warm
0218400AR,428136.159,4581503.319,41.3818459,2.1405357,Styphnolobium japonicum,29.26436708,3,Warm
0218403AR,427684.498,4581451.232,41.3813363,2.1351409,Styphnolobium japonicum,29.05277305,3,Warm
0218405AR,427898.284,4580778.791,41.3752991,2.1377774,Styphnolobium japonicum,29.1692022,3,Warm
0218406AR,427515.874,4580793.102,41.3753936,2.1332031,Styphnolobium japonicum,29.18210584,3,Warm
0218408AR,428130.619,4581509.139,41.3818978,2.1404688,Styphnolobium japonicum,29.27683643,3,Warm
0218413AR,428239.108,4581417.348,41.3810808,2.141777,Styphnolobium japonicum,28.80641528,2,Cool
0218415AR,427780.647,4581353.802,41.3804674,2.1363022,Styphnolobium japonicum,29.15605957,3,Warm
0218422AR,427641.941,4580788.293,41.3753616,2.1347111,Styphnolobium japonicum,28.90298942,3,Warm
0218426AR,428154.038,4581509.242,41.3819008,2.1407488,Styphnolobium japonicum,29.20267433,3,Warm
0218433AR,427977.563,4580775.339,41.3752751,2.1387257,Styphnolobium japonicum,28.99166818,3,Warm
0218437AR,427868.733,4580779.91,41.3753065,2.1374239,Styphnolobium japonicum,29.15984096,3,Warm
0218446AR,427773.1979999999,4580670.043,41.3743084,2.1362946,Styphnolobium japonicum,28.9596913,3,Warm
0218447AR,428194.639,4581466.049,41.3815154,2.1412395,Styphnolobium japonicum,29.14312125,3,Warm
0218448AR,427760.648,4581416.752,41.3810326,2.1360556,Styphnolobium japonicum,29.10200763,3,Warm
0218455AR,427888.406,4581138.31,41.3785362,2.1376165,Styphnolobium japonicum,30.11248272,3,Warm
0218460AR,427968.854,4580853.199,41.3759756,2.1386123,Styphnolobium japonicum,28.87905888,2,Cool
0218469AR,427492.652,4580808.052,41.3755262,2.1329237,Styphnolobium japonicum,29.10049757,3,Warm
0218476AR,427771.137,4581395.982,41.3808465,2.1361835,Styphnolobium japonicum,29.11931023,3,Warm
0218495AR,427883.786,4581146.17,41.3786066,2.1375603,Styphnolobium japonicum,30.07703266,3,Warm
0218503AR,427920.2679999999,4581259.945,41.3796346,2.137983,Styphnolobium japonicum,30.13370721,3,Warm
0218505AR,427482.714,4580794.579,41.3754039,2.1328064,Styphnolobium japonicum,29.15872294,3,Warm
0218510AR,427484.758,4580808.02,41.3755252,2.1328293,Styphnolobium japonicum,29.09257813,3,Warm
0218517AR,428185.085,4581781.28,41.3843538,2.1410879,Styphnolobium japonicum,28.87940965,2,Cool
0218524AR,427368.009,4580812.346,41.3755536,2.1314328,Styphnolobium japonicum,29.07637378,3,Warm
0218567AR,428315.883,4580763.602,41.3751996,2.1427724,Styphnolobium japonicum,28.84173548,2,Cool
0218569AR,428725.174,4580762.304,41.3752242,2.1476665,Styphnolobium japonicum,29.3086765,3,Warm
0218580AR,428543.134,4580768.685,41.3752656,2.1454891,Styphnolobium japonicum,29.10546418,3,Warm
0218585AR,428388.498,4580775.17,41.3753102,2.1436393,Styphnolobium japonicum,29.05784385,3,Warm
0218586AR,428766.784,4580761.103,41.3752171,2.1481642,Styphnolobium japonicum,29.73753599,3,Warm
0218591AR,428681.454,4580750.214,41.3751115,2.1471452,Styphnolobium japonicum,29.10425901,3,Warm
0218593AR,428438.954,4580824.696,41.3757608,2.1442368,Styphnolobium japonicum,28.89487278,3,Warm
0218600AR,428620.174,4580751.994,41.3751221,2.1464122,Styphnolobium japonicum,29.03763594,3,Warm
0218602AR,428558.675,4580896.335,41.3764166,2.1456599,Styphnolobium japonicum,28.89722209,3,Warm
0218604AR,428721.134,4580748.244,41.3750972,2.1476199,Styphnolobium japonicum,29.41211465,3,Warm
0218608AR,428539.902,4580583.125,41.373594,2.1454723,Styphnolobium japonicum,28.70144452,2,Cool
0218610AR,428476.434,4580757.285,41.375157,2.1446929,Styphnolobium japonicum,29.21188765,3,Warm
0218614AR,428643.114,4580750.964,41.3751148,2.1466867,Styphnolobium japonicum,29.00918502,3,Warm
0218615AR,428330.685,4580391.722,41.3718515,2.1429934,Styphnolobium japonicum,28.68410605,2,Cool
0218618AR,428555.694,4580754.425,41.3751382,2.145641,Styphnolobium japonicum,29.11707852,3,Warm
0218649AR,428305.03299999994,4580777.719,41.3753257,2.142641,Styphnolobium japonicum,28.76039287,2,Cool
0218653AR,428520.004,4580770.015,41.3752755,2.1452124,Styphnolobium japonicum,29.13222793,3,Warm
0218656AR,428360.675,4580359.534,41.3715643,2.1433558,Styphnolobium japonicum,28.33514893,2,Cool
0218695AR,428169.113,4580782.568,41.3753573,2.1410152,Styphnolobium japonicum,28.31228397,2,Cool
0218712AR,428568.669,4580695.304,41.3746069,2.1458031,Styphnolobium japonicum,29.12619361,3,Warm
0218737AR,428598.914,4580766.764,41.3752532,2.1461563,Styphnolobium japonicum,29.0288311,3,Warm
0218742AR,428427.524,4580817.926,41.3756988,2.1441009,Styphnolobium japonicum,28.9261144,3,Warm
0218744AR,428586.381,4580699.794,41.3746489,2.1460143,Styphnolobium japonicum,29.10723889,3,Warm
0218776AR,428173.701,4580768.476,41.3752308,2.1410718,Styphnolobium japonicum,28.37983896,2,Cool
0218782AR,428478.631,4580772.018,41.3752898,2.1447174,Styphnolobium japonicum,29.15599351,3,Warm
0218784AR,428259.595,4580765.685,41.3752133,2.1420991,Styphnolobium japonicum,28.59946959,2,Cool
0218791AR,428574.616,4580696.806,41.374621,2.145874,Styphnolobium japonicum,29.12084174,3,Warm
0218795AR,428634.545,4580940.034,41.376817,2.1465619,Styphnolobium japonicum,29.04123637,3,Warm
0218801AR,428558.375,4580909.445,41.3765347,2.1456548,Styphnolobium japonicum,28.9073825,3,Warm
0218803AR,428238.236,4580780.089,41.3753411,2.1418421,Styphnolobium japonicum,28.48670947,2,Cool
0218810AR,428526.74499999994,4580877.245,41.3762419,2.1452803,Styphnolobium japonicum,28.85164636,2,Cool
0218812AR,428535.665,4580895.685,41.3764087,2.1453848,Styphnolobium japonicum,28.86496327,2,Cool
0218815AR,428495.364,4580756.695,41.3751533,2.1449193,Styphnolobium japonicum,29.19446983,3,Warm
0218816AR,428760.404,4580744.413,41.3750662,2.1480899,Styphnolobium japonicum,29.87555051,3,Warm
0218841AR,428365.875,4580354.124,41.371516,2.1434186,Styphnolobium japonicum,28.2770218,2,Cool
0218844AR,428601.874,4580752.804,41.3751277,2.1461933,Styphnolobium japonicum,29.04778519,3,Warm
0218876AR,428345.755,4580762.232,41.3751899,2.1431298,Styphnolobium japonicum,28.96730562,3,Warm
0218881AR,428485.164,4580757.045,41.3751556,2.1447973,Styphnolobium japonicum,29.20315105,3,Warm
0218884AR,428414.401,4580824.068,41.3757529,2.1439433,Styphnolobium japonicum,28.87497221,2,Cool
0218885AR,428578.854,4580753.825,41.3751349,2.145918,Styphnolobium japonicum,29.0720471,3,Warm
0218886AR,428275.873,4580778.874,41.3753336,2.1422922,Styphnolobium japonicum,28.63341197,2,Cool
0218893AR,428666.114,4580750.734,41.3751148,2.1469617,Styphnolobium japonicum,29.08127931,3,Warm
0218909AR,428673.373,4580614.094,41.3738848,2.1470646,Styphnolobium japonicum,28.75936677,2,Cool
0218915AR,428467.334,4580841.776,41.3759171,2.1445741,Styphnolobium japonicum,28.85619188,2,Cool
0218935AR,428252.869,4580779.575,41.3753378,2.1420171,Styphnolobium japonicum,28.53793315,2,Cool
0218939AR,428608.181,4580767.243,41.3752583,2.1462671,Styphnolobium japonicum,29.01898394,3,Warm
0218941AR,428530.724,4580755.225,41.3751432,2.1453423,Styphnolobium japonicum,29.15511193,3,Warm
0218945AR,428583.944,4580767.415,41.3752577,2.1459772,Styphnolobium japonicum,29.03668918,3,Warm
0218953AR,428380.837,4580775.359,41.3753112,2.1435477,Styphnolobium japonicum,29.0423086,3,Warm
0218957AR,428282.477,4580778.652,41.3753321,2.1423712,Styphnolobium japonicum,28.65895733,2,Cool
0218970AR,428571.185,4580923.455,41.376662,2.1458063,Styphnolobium japonicum,28.87573712,2,Cool
0218975AR,428326.17,4580396.963,41.3718983,2.1429388,Styphnolobium japonicum,28.7192158,2,Cool
0218980AR,428354.564,4580762.122,41.3751897,2.1432351,Styphnolobium japonicum,28.99487108,3,Warm
0218982AR,428557.125,4580692.386,41.3745796,2.1456654,Styphnolobium japonicum,29.13486262,3,Warm
0218989AR,428237.926,4580766.408,41.3752179,2.14184,Styphnolobium japonicum,28.52106,2,Cool
0218997AR,428429.359,4580773.389,41.3752978,2.1441281,Styphnolobium japonicum,29.12545438,3,Warm
0219004AR,428460.614,4580757.776,41.37516,2.1445037,Styphnolobium japonicum,29.20659881,3,Warm
0219011AR,428186.774,4580768.126,41.3752288,2.1412281,Styphnolobium japonicum,28.39143275,2,Cool
0219015AR,428217.336,4580767.147,41.3752227,2.1415937,Styphnolobium japonicum,28.45689698,2,Cool
0219017AR,428477.042,4580537.185,41.3731747,2.1447261,Styphnolobium japonicum,28.45150592,2,Cool
0219022AR,428659.184,4580750.394,41.3751111,2.1468789,Styphnolobium japonicum,29.05717377,3,Warm
0219035AR,428328.311,4580777.09,41.3753222,2.1429194,Styphnolobium japonicum,28.8569561,2,Cool
0219044AR,428461.3540000001,4580837.856,41.3758813,2.1445031,Styphnolobium japonicum,28.86408607,2,Cool
0219054AR,428563.133,4580693.966,41.3745944,2.145737,Styphnolobium japonicum,29.13222261,3,Warm
0219060AR,428416.933,4580687.876,41.3745265,2.1439896,Styphnolobium japonicum,29.23168392,3,Warm
0219069AR,428621.515,4580947.835,41.3768861,2.1464052,Styphnolobium japonicum,29.03731684,3,Warm
0219071AR,428232.945,4580766.916,41.375222,2.1417803,Styphnolobium japonicum,28.51053455,2,Cool
0219078AR,428456.524,4580848.736,41.3759789,2.1444441,Styphnolobium japonicum,28.81818192,2,Cool
0219080AR,428565.30499999993,4580913.785,41.3765744,2.1457371,Styphnolobium japonicum,28.85072019,2,Cool
0219081AR,428449.512,4580772.739,41.3752938,2.1443692,Styphnolobium japonicum,29.15182082,3,Warm
0219090AR,428683.114,4580763.964,41.3752355,2.1471634,Styphnolobium japonicum,29.08181218,3,Warm
0219111AR,428225.489,4580766.967,41.3752218,2.1416912,Styphnolobium japonicum,28.48217289,2,Cool
0219121AR,428642.3339999999,4580765.324,41.3752441,2.1466756,Styphnolobium japonicum,28.98344528,3,Warm
0219122AR,428529.724,4580769.445,41.3752712,2.1453287,Styphnolobium japonicum,29.11853398,3,Warm
0219127AR,428196.628,4580767.529,41.3752243,2.141346,Styphnolobium japonicum,28.41069909,2,Cool
0219133AR,428564.285,4580899.865,41.3764489,2.1457266,Styphnolobium japonicum,28.90486887,3,Warm
0219140AR,428378.284,4580788.336,41.3754279,2.1435156,Styphnolobium japonicum,28.97562023,3,Warm
0219163AR,428607.985,4580939.445,41.3768093,2.1462444,Styphnolobium japonicum,28.99093074,3,Warm
0219170AR,428263.678,4580779.296,41.3753363,2.1421464,Styphnolobium japonicum,28.58149095,2,Cool
0219172AR,428659.594,4580764.504,41.3752382,2.1468821,Styphnolobium japonicum,28.96899248,3,Warm
0219196AR,428253.364,4580766.073,41.3752163,2.1420246,Styphnolobium japonicum,28.57705016,2,Cool
0219197AR,428321.87,4580763.322,41.3751976,2.1428441,Styphnolobium japonicum,28.87100523,2,Cool
0219198AR,428547.274,4580754.635,41.3751394,2.1455403,Styphnolobium japonicum,29.12821187,3,Warm
0219207AR,428539.7650000001,4580885.165,41.3763144,2.1454351,Styphnolobium japonicum,28.86712739,2,Cool
0219209AR,428403.682,4580493.726,41.3727767,2.1438541,Styphnolobium japonicum,28.56037535,2,Cool
0219213AR,428396.524,4580774.739,41.3753071,2.1437354,Styphnolobium japonicum,29.07642667,3,Warm
0219214AR,428161.513,4580782.428,41.3753554,2.1409244,Styphnolobium japonicum,28.31622466,2,Cool
0219241AR,428515.925,4580884.165,41.3763032,2.1451501,Styphnolobium japonicum,28.83402763,2,Cool
0219242AR,428729.544,4580747.723,41.3750933,2.1477205,Styphnolobium japonicum,29.50012312,3,Warm
0219243AR,428617.524,4580766.244,41.3752502,2.1463789,Styphnolobium japonicum,29.01394634,3,Warm
0219247AR,428538.8439999999,4580754.905,41.3751411,2.1454394,Styphnolobium japonicum,29.14397139,3,Warm
0219270AR,428464.044,4580852.906,41.3760171,2.1445335,Styphnolobium japonicum,28.80912146,2,Cool
0219271AR,428442.722,4580513.675,41.3729599,2.1443186,Styphnolobium japonicum,28.43381298,2,Cool
0219293AR,428591.054,4580767.165,41.3752561,2.1460623,Styphnolobium japonicum,29.03349481,3,Warm
0219295AR,428492.234,4580770.775,41.3752799,2.1448802,Styphnolobium japonicum,29.15644933,3,Warm
0219325AR,428622.535,4580933.935,41.376761,2.1464191,Styphnolobium japonicum,28.99563946,3,Warm
0219338AR,428580.5140000001,4580698.156,41.3746336,2.1459444,Styphnolobium japonicum,29.10788743,3,Warm
0219339AR,428485.675,4580865.785,41.376135,2.1447906,Styphnolobium japonicum,28.81265478,2,Cool
0219341AR,428165.989,4580769.034,41.3752351,2.1409795,Styphnolobium japonicum,28.37321443,2,Cool
0219344AR,428413.584,4580809.656,41.3756231,2.1439352,Styphnolobium japonicum,28.94626707,3,Warm
0219349AR,428749.614,4580747.593,41.3750939,2.1479605,Styphnolobium japonicum,29.63887614,3,Warm
0219354AR,428675.064,4580764.174,41.3752366,2.1470671,Styphnolobium japonicum,29.02613996,3,Warm
0219361AR,428651.784,4580765.004,41.375242,2.1467887,Styphnolobium japonicum,29.01121663,3,Warm
0219366AR,428497.434,4580859.385,41.3760784,2.144932,Styphnolobium japonicum,28.83682534,2,Cool
0219384AR,428595.154,4580753.064,41.3751295,2.146113,Styphnolobium japonicum,29.04971958,3,Warm
0219386AR,428704.664,4580749.144,41.3751039,2.1474228,Styphnolobium japonicum,29.28096989,3,Warm
0219390AR,428601.1649999999,4580935.285,41.3767712,2.1461634,Styphnolobium japonicum,28.96601527,3,Warm
0219392AR,428591.999,4580701.293,41.3746629,2.1460813,Styphnolobium japonicum,29.10091523,3,Warm
0219394AR,428521.645,4580874.145,41.3762135,2.1452197,Styphnolobium japonicum,28.85034905,2,Cool
0219395AR,428413.324,4580773.706,41.3752992,2.1439364,Styphnolobium japonicum,29.11038535,3,Warm
0219401AR,428480.954,4580849.846,41.375991,2.144736,Styphnolobium japonicum,28.84141996,2,Cool
0219402AR,428422.172,4580499.895,41.3728339,2.1440745,Styphnolobium japonicum,28.47670504,2,Cool
0219422AR,428765.524,4580742.003,41.375045,2.1481514,Styphnolobium japonicum,29.94193788,3,Warm
0219426AR,428673.504,4580750.434,41.3751127,2.1470501,Styphnolobium japonicum,29.06643406,3,Warm
0219427AR,428666.5140000001,4580764.484,41.3752387,2.1469649,Styphnolobium japonicum,28.98577555,3,Warm
0219441AR,428154.423,4580782.788,41.375358,2.1408396,Styphnolobium japonicum,28.31206422,2,Cool
0219449AR,428448.564,4580757.896,41.37516,2.1443596,Styphnolobium japonicum,29.20099297,3,Warm
0219464AR,428447.912,4580517.235,41.3729924,2.1443802,Styphnolobium japonicum,28.43307856,2,Cool
0219475AR,428599.175,4580919.355,41.3766276,2.1461414,Styphnolobium japonicum,28.9022838,3,Warm
0219480AR,428405.344,4580804.626,41.375577,2.1438373,Styphnolobium japonicum,28.96607546,3,Warm
0219500AR,428296.645,4580778.092,41.3753284,2.1425407,Styphnolobium japonicum,28.73044928,2,Cool
0219514AR,428614.165,4580943.315,41.3768447,2.1463179,Styphnolobium japonicum,29.01946995,3,Warm
0219522AR,428628.425,4580951.855,41.3769229,2.1464874,Styphnolobium japonicum,29.07790362,3,Warm
0219524AR,428267.449,4580765.156,41.3752092,2.1421931,Styphnolobium japonicum,28.63524798,2,Cool
0219533AR,428441.202,4580540.125,41.3731979,2.1442973,Styphnolobium japonicum,28.53157009,2,Cool
0219539AR,428478.304,4580861.506,41.3760958,2.144703,Styphnolobium japonicum,28.80704048,2,Cool
0219543AR,428220.156,4580780.731,41.3753453,2.1416258,Styphnolobium japonicum,28.42462768,2,Cool
0219552AR,428449.524,4580845.556,41.3759496,2.1443607,Styphnolobium japonicum,28.82418414,2,Cool
0219558AR,428179.973,4580781.678,41.3753503,2.1411452,Styphnolobium japonicum,28.32722856,2,Cool
0219559AR,428629.214,4580751.344,41.375117,2.1465204,Styphnolobium japonicum,28.99726113,3,Warm
0219562AR,428551.845,4580905.655,41.3765,2.1455771,Styphnolobium japonicum,28.89228171,3,Warm
0219565AR,428773.859,4580733.977,41.3749734,2.148252,Styphnolobium japonicum,30.09592847,3,Warm
0219579AR,428336.355,4580385.762,41.3717983,2.1430619,Styphnolobium japonicum,28.64265459,2,Cool
0219583AR,428468.064,4580757.505,41.3751582,2.1445928,Styphnolobium japonicum,29.20396644,3,Warm
0219589AR,428710.834,4580762.884,41.3752282,2.147495,Styphnolobium japonicum,29.20637742,3,Warm
0219596AR,428533.645,4580881.155,41.3762777,2.1453624,Styphnolobium japonicum,28.85725718,2,Cool
0219597AR,428398.543,4580814.464,41.375665,2.1437548,Styphnolobium japonicum,28.90348616,3,Warm
0219603AR,428334.741,4580776.832,41.3753204,2.1429964,Styphnolobium japonicum,28.87916297,2,Cool
0219630AR,428439.422,4580773.008,41.3752953,2.1442485,Styphnolobium japonicum,29.13591446,3,Warm
0219644AR,428463.31,4580772.186,41.37529,2.1445342,Styphnolobium japonicum,29.15628153,3,Warm
0219654AR,428306.672,4580763.812,41.3752006,2.1426623,Styphnolobium japonicum,28.79944329,2,Cool
0219656AR,428180.168,4580768.264,41.3752295,2.1411491,Styphnolobium japonicum,28.38828396,2,Cool
0219657AR,428243.873,4580779.857,41.3753396,2.1419095,Styphnolobium japonicum,28.50944277,2,Cool
0219669AR,428474.744,4580846.166,41.3759573,2.1446622,Styphnolobium japonicum,28.84679506,2,Cool
0219674AR,428397.122,4580504.506,41.3728732,2.1437744,Styphnolobium japonicum,28.60164036,2,Cool
0219677AR,428521.145,4580887.275,41.3763317,2.1452122,Styphnolobium japonicum,28.84395093,2,Cool
0219691AR,428607.754,4580752.704,41.3751274,2.1462637,Styphnolobium japonicum,29.04233064,3,Warm
0219694AR,428312.072,4580777.483,41.3753242,2.1427252,Styphnolobium japonicum,28.78868681,2,Cool
0219696AR,428206.311,4580781.162,41.375348,2.1414602,Styphnolobium japonicum,28.37624498,2,Cool
0219720AR,428552.125,4580892.515,41.3763817,2.145582,Styphnolobium japonicum,28.88499894,2,Cool
0219721AR,428361.853,4580762.011,41.3751893,2.1433223,Styphnolobium japonicum,29.02210891,3,Warm
0219724AR,428631.4039999999,4580766.074,41.3752499,2.1465449,Styphnolobium japonicum,28.98086121,3,Warm
0219726AR,428213.199,4580780.882,41.375346,2.1415426,Styphnolobium japonicum,28.39803338,2,Cool
0219727AR,428337.961,4580762.581,41.3751923,2.1430365,Styphnolobium japonicum,28.92840557,3,Warm
0219729AR,428269.719,4580779.147,41.3753355,2.1422186,Styphnolobium japonicum,28.60903646,2,Cool
0219734AR,428501.934,4580770.665,41.3752797,2.1449962,Styphnolobium japonicum,29.14706647,3,Warm
0224115AR,428249.27,4579649.254,41.3651571,2.1421078,Styphnolobium japonicum,28.3279845,2,Cool
0224119AR,428257.1159999999,4579642.482,41.3650968,2.1422024,Styphnolobium japonicum,28.42433568,2,Cool
0224144AR,428289.646,4579614.624,41.3648488,2.1425946,Styphnolobium japonicum,28.76581565,2,Cool
0224191AR,428311.9,4579599.392,41.3647136,2.1428625,Styphnolobium japonicum,28.93141088,3,Warm
0224233AR,428265.127,4579635.4,41.3650337,2.142299,Styphnolobium japonicum,28.53044364,2,Cool
0224234AR,428279.711,4579623.256,41.3649257,2.1424748,Styphnolobium japonicum,28.67244927,2,Cool
0224241AR,428272.594,4579629.005,41.3649768,2.142389,Styphnolobium japonicum,28.60868235,2,Cool
0224267AR,428303.366,4579604.764,41.3647612,2.1427598,Styphnolobium japonicum,28.85526766,2,Cool
0224451AR,430296.609,4586472.248,41.4267894,2.165799,Styphnolobium japonicum,27.68112571,1,Coolest
0224457AR,429795.359,4586360.394,41.4257383,2.1598137,Styphnolobium japonicum,28.69313632,2,Cool
0224458AR,430347.58,4586075.772,41.4232229,2.1664546,Styphnolobium japonicum,26.33116403,1,Coolest
0224467AR,430236.469,4585981.226,41.4223617,2.165136,Styphnolobium japonicum,26.87657148,1,Coolest
0224472AR,430019.28800000006,4585938.725,41.42196,2.1625422,Styphnolobium japonicum,26.813898,1,Coolest
0224474AR,430371.613,4586077.13,41.4232372,2.1667421,Styphnolobium japonicum,26.21727454,1,Coolest
0224477AR,429733.053,4586349.22,41.4256322,2.1590695,Styphnolobium japonicum,29.01979926,3,Warm
0224483AR,429737.527,4586354.505,41.4256802,2.1591224,Styphnolobium japonicum,29.00433968,3,Warm
0224488AR,430403.434,4586157.079,41.42396,2.1671136,Styphnolobium japonicum,26.8407103,1,Coolest
0224491AR,430030.328,4586432.077,41.4264044,2.1626172,Styphnolobium japonicum,27.86941965,2,Cool
0224493AR,430263.97,4586142.985,41.423821,2.1654464,Styphnolobium japonicum,26.9567444,1,Coolest
0224494AR,429679.028,4586063.88,41.4230575,2.1584562,Styphnolobium japonicum,27.98658031,2,Cool
0224498AR,430240.8840000001,4586011.394,41.4226338,2.1651854,Styphnolobium japonicum,26.92704772,1,Coolest
0224507AR,429835.301,4586119.301,41.4235704,2.1603197,Styphnolobium japonicum,27.15349719,1,Coolest
0224518AR,430103.04999999993,4586148.506,41.4238567,2.1635202,Styphnolobium japonicum,26.92551801,1,Coolest
0224527AR,429833.86,4586364.286,41.4257767,2.160274,Styphnolobium japonicum,28.5406026,2,Cool
0224528AR,429876.812,4586368.872,41.4258218,2.1607875,Styphnolobium japonicum,28.35870877,2,Cool
0224530AR,429783.48,4586354.342,41.4256827,2.1596723,Styphnolobium japonicum,28.74314139,2,Cool
0224533AR,430036.833,4586078.4,41.4232195,2.1627359,Styphnolobium japonicum,26.87717262,1,Coolest
0224543AR,429904.829,4586367.083,41.4258081,2.1611229,Styphnolobium japonicum,28.22277614,2,Cool
0224544AR,429744.411,4586350.438,41.4256442,2.1592052,Styphnolobium japonicum,28.96121208,3,Warm
0224553AR,430348.379,4586328.022,41.4254949,2.1664352,Styphnolobium japonicum,27.35415324,1,Coolest
0224557AR,429777.698,4586358.839,41.4257227,2.1596026,Styphnolobium japonicum,28.78953984,2,Cool
0224567AR,429790.068,4586355.201,41.4256911,2.159751,Styphnolobium japonicum,28.70309205,2,Cool
0224569AR,430021.89,4586485.696,41.4268866,2.16251,Styphnolobium japonicum,28.11246575,2,Cool
0224574AR,430019.721,4586210.792,41.4244105,2.1625159,Styphnolobium japonicum,27.1025617,1,Coolest
0224598AR,430223.243,4586522.417,41.4272349,2.1649153,Styphnolobium japonicum,27.7786827,1,Coolest
0224605AR,429750.262,4586351.158,41.4256512,2.1592752,Styphnolobium japonicum,28.92803575,3,Warm
0224615AR,430353.277,4586081.978,41.4232793,2.1665221,Styphnolobium japonicum,26.35125206,1,Coolest
0224634AR,429778.21,4586353.879,41.4256781,2.1596093,Styphnolobium japonicum,28.77407611,2,Cool
0224636AR,430140.084,4586188.765,41.4242225,2.1639587,Styphnolobium japonicum,26.9550586,1,Coolest
0224638AR,430018.074,4586489.194,41.4269178,2.1624639,Styphnolobium japonicum,28.14142689,2,Cool
0224643AR,430117.248,4586245.651,41.4247329,2.1636789,Styphnolobium japonicum,27.09177476,1,Coolest
0224648AR,429719.592,4586352.539,41.4256609,2.158908,Styphnolobium japonicum,29.11469711,3,Warm
0224649AR,430016.398,4586280.273,41.425036,2.1624681,Styphnolobium japonicum,27.42750129,1,Coolest
0224650AR,429995.701,4586510.086,41.427104,2.1621938,Styphnolobium japonicum,28.34983137,2,Cool
0224658AR,429687.386,4586290.575,41.4251,2.1585298,Styphnolobium japonicum,29.1881624,3,Warm
0224663AR,430014.982,4586309.275,41.425297,2.1624478,Styphnolobium japonicum,27.57951439,1,Coolest
0224664AR,430026.532,4586481.728,41.4268513,2.162566,Styphnolobium japonicum,28.07022947,2,Cool
0224680AR,429665.451,4586014.372,41.4226104,2.1582995,Styphnolobium japonicum,28.03253518,2,Cool
0224685AR,429935.53,4586374.628,41.4258787,2.1614894,Styphnolobium japonicum,28.12425124,2,Cool
0224687AR,430389.247,4586083.179,41.4232932,2.1669524,Styphnolobium japonicum,26.20456833,1,Coolest
0224690AR,430194.599,4586126.994,41.4236709,2.1646182,Styphnolobium japonicum,26.96627931,1,Coolest
0224724AR,429744.117,4586355.048,41.4256857,2.1592012,Styphnolobium japonicum,28.97552647,3,Warm
0224728AR,430117.868,4586296.822,41.4251938,2.1636804,Styphnolobium japonicum,27.24356683,1,Coolest
0224730AR,429696.46,4586186.666,41.4241649,2.1586505,Styphnolobium japonicum,28.49438705,2,Cool
0224736AR,430619.622,4586053.398,41.4230449,2.1697125,Styphnolobium japonicum,28.02626341,2,Cool
0224742AR,429921.778,4586256.263,41.4248115,2.1613386,Styphnolobium japonicum,27.50405112,1,Coolest
0224770AR,429953.006,4586376.79,41.4258997,2.1616983,Styphnolobium japonicum,28.07441578,2,Cool
0224772AR,430011.225,4586390.519,41.4260285,2.1623934,Styphnolobium japonicum,27.81696141,1,Coolest
0224782AR,430117.144,4586113.065,41.4235388,2.1636929,Styphnolobium japonicum,26.9534086,1,Coolest
0224788AR,429696.236,4586350.178,41.4256376,2.1586288,Styphnolobium japonicum,29.25797825,3,Warm
0224793AR,429737.999,4586349.916,41.4256389,2.1591286,Styphnolobium japonicum,28.99255422,3,Warm
0224800AR,429872.642,4586363.786,41.4257756,2.1607381,Styphnolobium japonicum,28.34676385,2,Cool
0224805AR,430010.918,4586245.112,41.4247188,2.1624066,Styphnolobium japonicum,27.26448106,1,Coolest
0224816AR,430021.177,4586175.819,41.4240956,2.1625373,Styphnolobium japonicum,26.98806634,1,Coolest
0224818AR,429701.923,4586169.534,41.4240111,2.1587178,Styphnolobium japonicum,28.3260241,2,Cool
0224846AR,430307.855,4586140.366,41.4238012,2.1659719,Styphnolobium japonicum,26.90412901,1,Coolest
0224847AR,430115.594,4586453.629,41.4266059,2.163635,Styphnolobium japonicum,27.63060839,1,Coolest
0224876AR,429845.497,4586287.572,41.4250868,2.1604222,Styphnolobium japonicum,27.99289274,2,Cool
0224877AR,430612.09,4586052.988,41.4230406,2.1696224,Styphnolobium japonicum,27.96338187,2,Cool
0224908AR,430114.612,4586421.996,41.426321,2.1636269,Styphnolobium japonicum,27.55172637,1,Coolest
0224912AR,429950.087,4586164.539,41.4239878,2.161688,Styphnolobium japonicum,27.02414388,1,Coolest
0224913AR,430013.422,4586493.373,41.426955,2.1624078,Styphnolobium japonicum,28.18869247,2,Cool
0224942AR,429924.584,4586226.645,41.4245449,2.1613756,Styphnolobium japonicum,27.33948643,1,Coolest
0224946AR,429686.006,4586297.192,41.4251595,2.1585125,Styphnolobium japonicum,29.21268685,3,Warm
0224955AR,430035.309,4586445.992,41.4265302,2.1626752,Styphnolobium japonicum,27.88813205,2,Cool
0224963AR,430115.662,4586460.901,41.4266714,2.163635,Styphnolobium japonicum,27.66097346,1,Coolest
0224976AR,430260.734,4586159.201,41.4239668,2.1654058,Styphnolobium japonicum,26.99141658,1,Coolest
0224978AR,430365.387,4586082.327,41.4232835,2.166667,Styphnolobium japonicum,26.28884581,1,Coolest
0224986AR,429708.179,4586351.38,41.4256495,2.1587715,Styphnolobium japonicum,29.17990012,3,Warm
0225005AR,429968.538,4586104.157,41.4234456,2.1619158,Styphnolobium japonicum,26.84141091,1,Coolest
0225007AR,429684.423,4586308.924,41.425265,2.1584922,Styphnolobium japonicum,29.25180954,3,Warm
0225015AR,430305.163,4586535.603,41.4273607,2.1658941,Styphnolobium japonicum,27.89873336,2,Cool
0225021AR,429815.298,4586357.467,41.4257137,2.1600527,Styphnolobium japonicum,28.59297745,2,Cool
0225024AR,429997.031,4586406.882,41.4261746,2.1622217,Styphnolobium japonicum,27.93279984,2,Cool
0225034AR,429725.989,4586353.164,41.4256671,2.1589845,Styphnolobium japonicum,29.08466616,3,Warm
0225044AR,429691.384,4586261.793,41.4248411,2.158581,Styphnolobium japonicum,29.02729823,3,Warm
0225050AR,429923.767,4586369.172,41.4258286,2.1613493,Styphnolobium japonicum,28.15176152,2,Cool
0225060AR,429685.735,4586302.4,41.4252064,2.1585087,Styphnolobium japonicum,29.21781034,3,Warm
0225066AR,429667.78,4585999.232,41.4224743,2.1583291,Styphnolobium japonicum,27.97880915,2,Cool
0225067AR,429859.124,4586366.955,41.425803,2.160576,Styphnolobium japonicum,28.43354893,2,Cool
0225075AR,429917.572,4586144.609,41.4238055,2.1613012,Styphnolobium japonicum,27.01947253,1,Coolest
0225078AR,429853.4699999999,4586206.502,41.4243573,2.160527,Styphnolobium japonicum,27.46394126,1,Coolest
0225082AR,430011.024,4586238.476,41.424659,2.1624086,Styphnolobium japonicum,27.23958085,1,Coolest
0225090AR,430301.251,4586505.954,41.4270933,2.1658507,Styphnolobium japonicum,27.84206768,2,Cool
0225094AR,430043.969,4586464.742,41.4266998,2.1627766,Styphnolobium japonicum,27.90736782,2,Cool
0225102AR,430082.501,4586066.5,41.4231163,2.1632838,Styphnolobium japonicum,26.99549763,1,Coolest
0225110AR,430074.4810000001,4586099.373,41.4234117,2.163184,Styphnolobium japonicum,26.92154424,1,Coolest
0225116AR,430287.313,4586136.645,41.4237659,2.1657265,Styphnolobium japonicum,26.93074384,1,Coolest
0225117AR,430284.812,4586385.884,41.4260105,2.1656678,Styphnolobium japonicum,27.34725003,1,Coolest
0225133AR,430108.65,4586116.434,41.4235684,2.1635909,Styphnolobium japonicum,26.94449075,1,Coolest
0225135AR,430000.072,4586506.056,41.4270681,2.1622466,Styphnolobium japonicum,28.31697926,2,Cool
0225138AR,429947.263,4586371.605,41.4258525,2.1616302,Styphnolobium japonicum,28.06584126,2,Cool
0225143AR,429783.038,4586359.286,41.4257272,2.1596664,Styphnolobium japonicum,28.75912631,2,Cool
0225145AR,429693.62,4586198.068,41.4242674,2.1586152,Styphnolobium japonicum,28.59752426,2,Cool
0225147AR,429669.733,4586060.948,41.4230303,2.1583453,Styphnolobium japonicum,28.04870441,2,Cool
0225154AR,429701.778,4586350.785,41.4256436,2.158695,Styphnolobium japonicum,29.22907962,3,Warm
0225157AR,429738.736,4586082.074,41.4232266,2.1591685,Styphnolobium japonicum,27.59805229,1,Coolest
0225170AR,429877.339,4586364.412,41.4257816,2.1607943,Styphnolobium japonicum,28.33591862,2,Cool
0225172AR,429726.946,4586348.3,41.4256234,2.1589965,Styphnolobium japonicum,29.06374532,3,Warm
0225181AR,430178.33,4586188.15,41.4242203,2.1644164,Styphnolobium japonicum,26.96513871,1,Coolest
0225190AR,429870.686,4586301.687,41.4252161,2.1607219,Styphnolobium japonicum,27.95476897,2,Cool
0225195AR,429696.977,4586345.317,41.4255939,2.1586382,Styphnolobium japonicum,29.24434906,3,Warm
0225200AR,429917.859,4586247.55,41.4247326,2.1612927,Styphnolobium japonicum,27.46375071,1,Coolest
0225202AR,429857.517,4586291.033,41.425119,2.1605656,Styphnolobium japonicum,27.93838377,2,Cool
0225213AR,430271.7320000001,4586235.223,41.4246524,2.1655287,Styphnolobium japonicum,27.11736665,1,Coolest
0225215AR,429714.064,4586352.059,41.4256561,2.1588419,Styphnolobium japonicum,29.14791419,3,Warm
0225216AR,430277.146,4586331.354,41.4255187,2.1655824,Styphnolobium japonicum,27.21324408,1,Coolest
0225225AR,429832.707,4586283.777,41.4250515,2.1602696,Styphnolobium japonicum,28.03772859,2,Cool
0225227AR,429922.247,4586233.543,41.4246069,2.1613468,Styphnolobium japonicum,27.38241871,1,Coolest
0225230AR,430283.964,4586325.51,41.4254667,2.1656646,Styphnolobium japonicum,27.22448272,1,Coolest
0225235AR,429807.328,4586356.844,41.4257074,2.1599574,Styphnolobium japonicum,28.61923369,2,Cool
0225237AR,430288.525,4586414.253,41.4262663,2.165709,Styphnolobium japonicum,27.44251882,1,Coolest
0225255AR,429694.799,4586238.878,41.424635,2.1586245,Styphnolobium japonicum,28.88578946,2,Cool
0225271AR,429756.429,4586351.941,41.4256588,2.1593489,Styphnolobium japonicum,28.89271279,3,Warm
0225287AR,430109.439,4586206.531,41.4243799,2.1635899,Styphnolobium japonicum,26.99401058,1,Coolest
0225307AR,430287.379,4586406.46,41.426196,2.1656962,Styphnolobium japonicum,27.41042488,1,Coolest
0225312AR,430308.5140000001,4586505.68,41.4270915,2.1659376,Styphnolobium japonicum,27.84716479,2,Cool
0225314AR,429829.634,4586289.082,41.425099,2.1602322,Styphnolobium japonicum,28.09289059,2,Cool
0225318AR,429968.396,4586081.502,41.4232415,2.1619167,Styphnolobium japonicum,26.78531623,1,Coolest
0225319AR,430031.041,4586477.547,41.426814,2.1626205,Styphnolobium japonicum,28.02197625,2,Cool
0225322AR,430266.11,4586195.708,41.424296,2.1654659,Styphnolobium japonicum,27.05639715,1,Coolest
0225325AR,430116.123,4586208.727,41.4244003,2.1636697,Styphnolobium japonicum,26.99928887,1,Coolest
0225341AR,429800.898,4586360.874,41.4257431,2.15988,Styphnolobium japonicum,28.66249653,2,Cool
0225366AR,429991.479,4586401.027,41.4261214,2.1621559,Styphnolobium japonicum,27.92998142,2,Cool
0225370AR,429941.091,4586375.538,41.4258874,2.1615559,Styphnolobium japonicum,28.10675628,2,Cool
0225373AR,430320.354,4586142.537,41.4238218,2.1661212,Styphnolobium japonicum,26.89427097,1,Coolest
0225382AR,429812.678,4586362.284,41.4257568,2.1600208,Styphnolobium japonicum,28.63034771,2,Cool
0225385AR,430396.5559999999,4586083.546,41.4232971,2.1670398,Styphnolobium japonicum,26.17486248,1,Coolest
0225390AR,430402.767,4586083.719,41.4232992,2.1671141,Styphnolobium japonicum,26.16847222,1,Coolest
0225392AR,430394.947,4586077.769,41.423245,2.1670212,Styphnolobium japonicum,26.12758143,1,Coolest
0225397AR,430377.628,4586082.849,41.4232892,2.1668134,Styphnolobium japonicum,26.22448895,1,Coolest
0225411AR,430276.318,4586270.95,41.4249746,2.1655794,Styphnolobium japonicum,27.15765707,1,Coolest
0225421AR,430112.8,4586344.594,41.4256237,2.1636142,Styphnolobium japonicum,27.39274455,1,Coolest
0225424AR,429749.86,4586355.824,41.4256932,2.1592698,Styphnolobium japonicum,28.93646603,3,Warm
0225435AR,430120.042,4586377.522,41.4259209,2.1636971,Styphnolobium japonicum,27.44143216,1,Coolest
0225440AR,429688.684,4586284.168,41.4250424,2.1585461,Styphnolobium japonicum,29.15216872,3,Warm
0225442AR,429795.662,4586355.826,41.4256972,2.1598179,Styphnolobium japonicum,28.68261039,2,Cool
0225462AR,429889.91399999993,4586365.613,41.4257936,2.1609446,Styphnolobium japonicum,28.27058736,2,Cool
0225464AR,430008.881,4586497.896,41.4269953,2.1623529,Styphnolobium japonicum,28.21912591,2,Cool
0225465AR,429896.501,4586366.282,41.4258002,2.1610234,Styphnolobium japonicum,28.25754469,2,Cool
0225473AR,429698.17,4586181.223,41.4241161,2.1586716,Styphnolobium japonicum,28.42906509,2,Cool
0225477AR,430380.009,4586153.028,41.4239215,2.1668338,Styphnolobium japonicum,26.83982879,1,Coolest
0225478AR,430300.997,4586449.942,41.4265888,2.1658541,Styphnolobium japonicum,27.60137187,1,Coolest
0225488AR,429689.158,4586344.535,41.4255862,2.1585447,Styphnolobium japonicum,29.2871056,3,Warm
0225508AR,429693.79800000007,4586244.745,41.4246878,2.1586119,Styphnolobium japonicum,28.91196327,3,Warm
0225520AR,430164.885,4585921.651,41.4218189,2.1642863,Styphnolobium japonicum,27.01797934,1,Coolest
0225526AR,430035.231,4586473.346,41.4267765,2.1626711,Styphnolobium japonicum,27.98849018,2,Cool
0225528AR,430010.224,4586258.916,41.4248431,2.1623967,Styphnolobium japonicum,27.33148867,1,Coolest
0225533AR,430299.815,4586441.963,41.4265169,2.1658409,Styphnolobium japonicum,27.57264885,1,Coolest
0225535AR,429978.647,4586379.237,41.425924,2.1620049,Styphnolobium japonicum,27.9166391,2,Cool
0225540AR,429806.838,4586361.554,41.4257497,2.159951,Styphnolobium japonicum,28.6475657,2,Cool
0225556AR,430307.52,4586552.09,41.4275094,2.1659204,Styphnolobium japonicum,27.97262678,2,Cool
0225563AR,430187.13,4586118.941,41.4235978,2.1645297,Styphnolobium japonicum,26.97869188,1,Coolest
0225567AR,430264.412,4586184.81,41.4241977,2.1654469,Styphnolobium japonicum,27.04101123,1,Coolest
0225575AR,429755.79,4586356.467,41.4256995,2.1593407,Styphnolobium japonicum,28.9049201,3,Warm
0225578AR,429883.86,4586365.063,41.4257881,2.1608722,Styphnolobium japonicum,28.30498441,2,Cool
0225591AR,430072.644,4586485.12,41.4268858,2.1631174,Styphnolobium japonicum,27.86547231,2,Cool
0225622AR,429732.307,4586353.915,41.4256744,2.15906,Styphnolobium japonicum,29.03980223,3,Warm
0225623AR,429864.384,4586367.49,41.4258082,2.1606389,Styphnolobium japonicum,28.39491802,2,Cool
0225634AR,430305.64,4586484.5,41.4269005,2.1659057,Styphnolobium japonicum,27.74011722,1,Coolest
0225655AR,429689.293,4586279.135,41.4249971,2.158554,Styphnolobium japonicum,29.11996378,3,Warm
0225660AR,429714.538,4586347.055,41.4256111,2.1588481,Styphnolobium japonicum,29.13974951,3,Warm
0225664AR,429761.972,4586352.284,41.4256623,2.1594152,Styphnolobium japonicum,28.85829064,2,Cool
0225666AR,429962.329,4586102.065,41.4234262,2.1618417,Styphnolobium japonicum,26.83203251,1,Coolest
0225678AR,429692.821,4586204.27,41.4243232,2.1586049,Styphnolobium japonicum,28.63858869,2,Cool
0225684AR,429714.8439999999,4586074.771,41.4231588,2.1588835,Styphnolobium japonicum,27.74386845,1,Coolest
0225725AR,429883.286,4586369.718,41.4258299,2.1608648,Styphnolobium japonicum,28.32767228,2,Cool
0225727AR,429913.531,4586368.138,41.4258184,2.1612269,Styphnolobium japonicum,28.19619934,2,Cool
0225736AR,430118.266,4586303.497,41.425254,2.1636844,Styphnolobium japonicum,27.26619283,1,Coolest
0225764AR,429802.148,4586356.169,41.4257008,2.1598955,Styphnolobium japonicum,28.64820395,2,Cool
0225776AR,429836.022,4586290.731,41.4251144,2.1603084,Styphnolobium japonicum,28.06795413,2,Cool
0226634AR,433584.944,4587489.307,41.4362283,2.2050379,Styphnolobium japonicum,29.23063806,3,Warm
0226672AR,433549.88,4587483.544,41.4361735,2.2046189,Styphnolobium japonicum,29.34326398,3,Warm
0226780AR,433573.953,4587487.437,41.4362106,2.2049066,Styphnolobium japonicum,29.2285168,3,Warm
0227074AR,433619.493,4587494.417,41.4362772,2.2054508,Styphnolobium japonicum,29.11341362,3,Warm
0227160AR,433654.5559999999,4587499.791,41.4363285,2.2058699,Styphnolobium japonicum,29.00519417,3,Warm
0227168AR,433636.3339999999,4587497.052,41.4363023,2.2056521,Styphnolobium japonicum,29.06605013,3,Warm
0227245AR,433590.688,4587490.267,41.4362374,2.2051065,Styphnolobium japonicum,29.21093309,3,Warm
0227331AR,433695.923,4587506.516,41.4363925,2.2063643,Styphnolobium japonicum,28.85785818,2,Cool
0227342AR,433608.635,4587492.78,41.4362616,2.2053211,Styphnolobium japonicum,29.14936842,3,Warm
0227360AR,433567.54,4587486.416,41.4362008,2.2048299,Styphnolobium japonicum,29.26009278,3,Warm
0227392AR,433684.088,4587504.721,41.4363753,2.2062228,Styphnolobium japonicum,28.89743092,3,Warm
0227516AR,433555.262,4587484.584,41.4361833,2.2046832,Styphnolobium japonicum,29.32003662,3,Warm
0227561AR,433380.943,4587807.019,41.4390729,2.2025613,Styphnolobium japonicum,31.13678688,4,Hottest
0227580AR,433382.67,4587807.272,41.4390754,2.2025819,Styphnolobium japonicum,31.11424651,4,Hottest
0227595AR,433642.32,4587497.966,41.436311,2.2057237,Styphnolobium japonicum,29.03937984,3,Warm
0227893AR,433624.872,4587495.235,41.436285,2.2055151,Styphnolobium japonicum,29.0960835,3,Warm
0227954AR,433717.245,4587509.94,41.4364251,2.2066191,Styphnolobium japonicum,28.77401266,2,Cool
0228517AR,433660.337,4587500.702,41.4363372,2.205939,Styphnolobium japonicum,28.98881965,3,Warm
0228720AR,433690.588,4587505.725,41.4363849,2.2063005,Styphnolobium japonicum,28.87318016,2,Cool
0228751AR,433579.59299999994,4587488.347,41.4362192,2.204974,Styphnolobium japonicum,29.24600151,3,Warm
0228839AR,433701.323,4587507.466,41.4364015,2.2064288,Styphnolobium japonicum,28.82300275,2,Cool
0228915AR,433377.687,4587806.268,41.4390659,2.2025224,Styphnolobium japonicum,31.21716618,4,Hottest
0228950AR,433712.023,4587508.986,41.4364161,2.2065567,Styphnolobium japonicum,28.78577076,2,Cool
0229098AR,433613.664,4587493.559,41.436269,2.2053812,Styphnolobium japonicum,29.13105381,3,Warm
0229207AR,433723.141,4587510.864,41.4364339,2.2066895,Styphnolobium japonicum,28.74456801,2,Cool
0229341AR,433706.325,4587508.037,41.436407,2.2064886,Styphnolobium japonicum,28.81142956,2,Cool
0229659AR,433648.151,4587498.893,41.4363199,2.2057933,Styphnolobium japonicum,29.02408407,3,Warm
0231035AR,427000.486,4581332.526,41.3802054,2.1269756,Styphnolobium japonicum,29.42863369,3,Warm
0231043AR,427091.839,4581407.4,41.380888,2.128059,Styphnolobium japonicum,29.74820813,3,Warm
0231046AR,427036.32,4581347.821,41.3803464,2.1274023,Styphnolobium japonicum,29.72232999,3,Warm
0231073AR,426833.36,4581178.365,41.3788017,2.1249957,Styphnolobium japonicum,28.57891139,2,Cool
0231074AR,426362.114,4581285.862,41.3797269,2.1193476,Styphnolobium japonicum,30.63116686,4,Hottest
0231083AR,426865.924,4581194.408,41.3789492,2.1253832,Styphnolobium japonicum,28.48770689,2,Cool
0231097AR,426943.485,4581175.031,41.3787817,2.126313,Styphnolobium japonicum,28.51481726,2,Cool
0231099AR,427041.703,4581352.05,41.380385,2.1274661,Styphnolobium japonicum,29.74150106,3,Warm
0231118AR,426790.634,4581147.429,41.3785192,2.1244886,Styphnolobium japonicum,28.68580805,2,Cool
0231120AR,425570.437,4581737.319,41.3837202,2.1098254,Styphnolobium japonicum,30.00411719,3,Warm
0231124AR,426623.736,4581175.605,41.3787578,2.1224894,Styphnolobium japonicum,29.2010672,3,Warm
0231129AR,426680.058,4581747.521,41.3839139,2.1230937,Styphnolobium japonicum,29.39155098,3,Warm
0231141AR,426795.714,4581139.094,41.3784446,2.1245503,Styphnolobium japonicum,28.68304601,2,Cool
0231149AR,426775.875,4581307.129,41.3799562,2.1242928,Styphnolobium japonicum,27.88954533,2,Cool
0231158AR,426694.875,4581236.81,41.3793155,2.1233327,Styphnolobium japonicum,28.59825325,2,Cool
0231192AR,427057.379,4581378.813,41.3806274,2.1276504,Styphnolobium japonicum,29.81960934,3,Warm
0231219AR,426822.874,4581170.329,41.3787284,2.1248713,Styphnolobium japonicum,28.61852254,2,Cool
0231270AR,426874.47300000006,4581201.998,41.3790183,2.1254845,Styphnolobium japonicum,28.45563656,2,Cool
0231374AR,426424.734,4581214.412,41.3790891,2.1201051,Styphnolobium japonicum,29.73930943,3,Warm
0231392AR,426856.786,4581382.009,41.380638,2.1252513,Styphnolobium japonicum,28.60599008,2,Cool
0231449AR,426765.024,4581112.429,41.3782017,2.1241865,Styphnolobium japonicum,28.690598,2,Cool
0231475AR,426356.104,4581299.352,41.3798479,2.1192741,Styphnolobium japonicum,30.57677203,4,Hottest
0231503AR,427003.036,4581320.113,41.3800938,2.1270076,Styphnolobium japonicum,29.34859292,3,Warm
0231518AR,427065.513,4581371.001,41.3805578,2.1277486,Styphnolobium japonicum,29.82220252,3,Warm
0231577AR,426894.495,4581217.938,41.3791637,2.125722,Styphnolobium japonicum,28.43533175,2,Cool
0231587AR,426407.074,4581227.092,41.3792017,2.1198924,Styphnolobium japonicum,29.88577243,3,Warm
0231640AR,426828.584,4581174.819,41.3787694,2.124939,Styphnolobium japonicum,28.59108543,2,Cool
0231689AR,427084.479,4581386.627,41.3807003,2.1279735,Styphnolobium japonicum,29.79487343,3,Warm
0231699AR,426403.124,4581230.412,41.3792313,2.1198448,Styphnolobium japonicum,29.91147506,3,Warm
0231731AR,426822.747,4581347.291,41.3803222,2.1248484,Styphnolobium japonicum,28.23790315,2,Cool
0231747AR,426806.5559999999,4581147.798,41.378524,2.1246789,Styphnolobium japonicum,28.66161473,2,Cool
0231758AR,426896.876,4581249.15,41.3794451,2.1257467,Styphnolobium japonicum,28.38896875,2,Cool
0231760AR,426934.44000000006,4581186.905,41.3788878,2.1262034,Styphnolobium japonicum,28.49407373,2,Cool
0231777AR,426715.218,4581671.05,41.3832284,2.1235234,Styphnolobium japonicum,29.22602665,3,Warm
0231794AR,426801.125,4581328.899,41.3801546,2.1245921,Styphnolobium japonicum,28.04328189,2,Cool
0231810AR,426577.023,4581135.044,41.3783882,2.1219358,Styphnolobium japonicum,29.23888335,3,Warm
0231813AR,426853.292,4581184.961,41.378863,2.1252333,Styphnolobium japonicum,28.52953144,2,Cool
0231835AR,426364.554,4581279.182,41.379667,2.1193776,Styphnolobium japonicum,30.55411401,4,Hottest
0231843AR,426392.314,4581239.142,41.3793089,2.1197144,Styphnolobium japonicum,29.97341987,3,Warm
0231844AR,427013.136,4581328.527,41.3801705,2.1271274,Styphnolobium japonicum,29.46078368,3,Warm
0231919AR,426827.974,4581164.753,41.3786787,2.124933,Styphnolobium japonicum,28.61515154,2,Cool
0231928AR,427100.303,4581399.507,41.3808177,2.1281612,Styphnolobium japonicum,29.71441484,3,Warm
0231933AR,426795.965,4581324.679,41.3801161,2.1245309,Styphnolobium japonicum,28.02261071,2,Cool
0231939AR,427037.689,4581362.993,41.3804832,2.1274168,Styphnolobium japonicum,29.75286285,3,Warm
0231961AR,426939.173,4581180.614,41.3788316,2.1262607,Styphnolobium japonicum,28.50854194,2,Cool
0231964AR,425574.187,4581741.289,41.3837563,2.1098698,Styphnolobium japonicum,29.98218645,3,Warm
0231967AR,426751.174,4581116.599,41.378238,2.1240204,Styphnolobium japonicum,28.70078426,2,Cool
0231989AR,427011.246,4581342.123,41.3802928,2.1271031,Styphnolobium japonicum,29.54934945,3,Warm
0232009AR,426984.539,4581319.187,41.3800838,2.1267865,Styphnolobium japonicum,29.17331454,3,Warm
0232050AR,426785.275,4581315.339,41.380031,2.1244042,Styphnolobium japonicum,27.89971925,2,Cool
0232080AR,426853.07,4581375.888,41.3805826,2.1252076,Styphnolobium japonicum,28.54571735,2,Cool
0232081AR,426889.533,4581214.124,41.3791289,2.1256631,Styphnolobium japonicum,28.43635456,2,Cool
0232117AR,426779.975,4581310.549,41.3799874,2.1243414,Styphnolobium japonicum,27.9240894,2,Cool
0232133AR,427005.319,4581336.656,41.380243,2.1270329,Styphnolobium japonicum,29.46484431,3,Warm
0232138AR,426764.8840000001,4581297.278,41.3798665,2.1241625,Styphnolobium japonicum,27.9293413,2,Cool
0232186AR,426879.435,4581206.032,41.3790551,2.1255433,Styphnolobium japonicum,28.45605534,2,Cool
0232233AR,426655.618,4581203.04,41.3790078,2.1228673,Styphnolobium japonicum,29.0216358,3,Warm
0232246AR,426375.484,4581259.922,41.3794945,2.1195107,Styphnolobium japonicum,30.38598073,4,Hottest
0232251AR,427047.539,4581370.903,41.3805553,2.1275336,Styphnolobium japonicum,29.79572028,3,Warm
0232300AR,426828.085,4581351.266,41.3803585,2.1249118,Styphnolobium japonicum,28.25431627,2,Cool
0232345AR,426760.37,4581292.742,41.3798253,2.1241091,Styphnolobium japonicum,27.91401549,2,Cool
0232352AR,427074.256,4581378.477,41.3806259,2.1278522,Styphnolobium japonicum,29.81948966,3,Warm
0232370AR,427097.309,4581411.726,41.3809275,2.1281239,Styphnolobium japonicum,29.72005292,3,Warm
0232406AR,426883.037,4581215.266,41.3791386,2.1255853,Styphnolobium japonicum,28.43304335,2,Cool
0232412AR,426689.30499999993,4581232.63,41.3792774,2.1232666,Styphnolobium japonicum,28.75066611,2,Cool
0232454AR,427059.579,4581366.587,41.3805175,2.1276781,Styphnolobium japonicum,29.82442921,3,Warm
0232495AR,426682.898,4581741.611,41.383861,2.1231284,Styphnolobium japonicum,29.36346573,3,Warm
0232498AR,426848.8,4581370.745,41.3805358,2.1251571,Styphnolobium japonicum,28.50060114,2,Cool
0232499AR,426991.596,4581311.031,41.380011,2.1268719,Styphnolobium japonicum,29.16924367,3,Warm
0232505AR,426780.704,4581139.459,41.3784465,2.1243708,Styphnolobium japonicum,28.695273,2,Cool
0232537AR,427017.0829999999,4581346.267,41.3803307,2.1271724,Styphnolobium japonicum,29.61101901,3,Warm
0232541AR,427073.065,4581391.956,41.3807472,2.1278363,Styphnolobium japonicum,29.79175414,3,Warm
0232593AR,427083.0900000001,4581400.049,41.380821,2.1279553,Styphnolobium japonicum,29.79872731,3,Warm
0232625AR,426761.234,4581124.179,41.3783072,2.1241398,Styphnolobium japonicum,28.70221191,2,Cool
0232632AR,426912.31,4581230.833,41.3792815,2.1259335,Styphnolobium japonicum,28.44316578,2,Cool
0232734AR,426995.296,4581328.294,41.3801668,2.1269141,Styphnolobium japonicum,29.32793778,3,Warm
0232743AR,425574.847,4581735.559,41.3837047,2.1098784,Styphnolobium japonicum,30.01697497,3,Warm
0232754AR,426893.041,4581230.298,41.3792749,2.1257031,Styphnolobium japonicum,28.41545996,2,Cool
0232797AR,426989.922,4581323.861,41.3801264,2.1268503,Styphnolobium japonicum,29.24614514,3,Warm
0232820AR,426960.375,4581300.528,41.3799136,2.1264998,Styphnolobium japonicum,28.85166409,2,Cool
0232855AR,426346.895,4581331.312,41.3801349,2.1191601,Styphnolobium japonicum,30.65716378,4,Hottest
0232918AR,427093.436,4581393.52,41.3807632,2.1280798,Styphnolobium japonicum,29.75590211,3,Warm
0232971AR,427046.16899999994,4581355.547,41.3804169,2.1275191,Styphnolobium japonicum,29.77539338,3,Warm
0232976AR,426419.334,4581217.742,41.3791186,2.1200401,Styphnolobium japonicum,29.74872083,3,Warm
0232978AR,427077.619,4581395.356,41.3807783,2.1278904,Styphnolobium japonicum,29.76498642,3,Warm
0233025AR,426870.175,4581198.478,41.3789862,2.1254335,Styphnolobium japonicum,28.46903361,2,Cool
0233036AR,426854.094,4581194.666,41.3789504,2.1252417,Styphnolobium japonicum,28.50763054,2,Cool
0233069AR,426659.961,4581206.965,41.3790436,2.1229188,Styphnolobium japonicum,28.99173761,3,Warm
0233081AR,426348.495,4581324.572,41.3800743,2.1191801,Styphnolobium japonicum,30.63207167,4,Hottest
0233105AR,427031.853,4581343.784,41.3803096,2.1273493,Styphnolobium japonicum,29.67988965,3,Warm
0233120AR,426594.165,4581149.867,41.3785233,2.122139,Styphnolobium japonicum,29.26977853,3,Warm
0233140AR,426818.166,4581342.969,41.3802829,2.1247942,Styphnolobium japonicum,28.16456946,2,Cool
0233146AR,426964.125,4581288.398,41.3798046,2.1265461,Styphnolobium japonicum,28.80480968,2,Cool
0233175AR,426901.726,4581253.205,41.379482,2.1258042,Styphnolobium japonicum,28.39352727,2,Cool
0233193AR,427052.459,4581374.853,41.3805913,2.127592,Styphnolobium japonicum,29.81109404,3,Warm
0233201AR,426899.091,4581229.328,41.3792667,2.1257756,Styphnolobium japonicum,28.41103272,2,Cool
0233214AR,426790.74499999994,4581320.119,41.3800746,2.124469,Styphnolobium japonicum,27.90730813,2,Cool
0233228AR,426781.494,4581125.489,41.3783208,2.1243819,Styphnolobium japonicum,28.68477521,2,Cool
0233242AR,426378.604,4581255.142,41.3794518,2.1195486,Styphnolobium japonicum,30.32684031,4,Hottest
0233254AR,426837.764,4581181.958,41.3788345,2.125048,Styphnolobium japonicum,28.56817695,2,Cool
0233276AR,427050.83,4581359.044,41.3804488,2.1275744,Styphnolobium japonicum,29.82505297,3,Warm
0233280AR,426769.041,4581129.212,41.3783532,2.1242326,Styphnolobium japonicum,28.69901901,2,Cool
0233292AR,426888.8109999999,4581220.122,41.3791829,2.1256538,Styphnolobium japonicum,28.42964471,2,Cool
0233322AR,426885.497,4581210.446,41.3790954,2.1256153,Styphnolobium japonicum,28.44769705,2,Cool
0233330AR,426398.134,4581234.152,41.3792645,2.1197846,Styphnolobium japonicum,29.91799326,3,Warm
0233354AR,427101.68,4581415.309,41.3809602,2.1281757,Styphnolobium japonicum,29.70030197,3,Warm
0233366AR,426899.157,4581234.502,41.3793133,2.1257757,Styphnolobium japonicum,28.41579041,2,Cool
0233393AR,426843.684,4581186.448,41.3788755,2.1251182,Styphnolobium japonicum,28.54264438,2,Cool
0233394AR,427087.469,4581403.45,41.3808521,2.1280072,Styphnolobium japonicum,29.77335504,3,Warm
0233423AR,427008.12,4581324.48,41.3801336,2.1270679,Styphnolobium japonicum,29.41024341,3,Warm
0233432AR,426865.541,4581209.307,41.3790834,2.1253768,Styphnolobium japonicum,28.45674765,2,Cool
0233454AR,427069.956,4581374.577,41.3805904,2.1278013,Styphnolobium japonicum,29.81781344,3,Warm
0233501AR,426960.29,4581153.578,41.37859,2.1265165,Styphnolobium japonicum,28.54646877,2,Cool
0233561AR,426925.476,4581198.63,41.3789926,2.1260948,Styphnolobium japonicum,28.47301183,2,Cool
0233568AR,426371.894,4581266.302,41.3795517,2.119467,Styphnolobium japonicum,30.46614708,4,Hottest
0233636AR,427021.269,4581349.85,41.3803633,2.127222,Styphnolobium japonicum,29.67288536,3,Warm
0233641AR,426383.174,4581249.112,41.3793979,2.1196039,Styphnolobium japonicum,30.0323975,3,Warm
0233647AR,426367.974,4581272.502,41.3796071,2.1194193,Styphnolobium japonicum,30.49901052,4,Hottest
0233693AR,427031.669,4581358.492,41.3804421,2.1273454,Styphnolobium japonicum,29.76173766,3,Warm
0233700AR,426807.54300000006,4581333.559,41.3801972,2.1246683,Styphnolobium japonicum,28.0851411,2,Cool
0233702AR,426702.108,4581701.25,41.3834992,2.123363,Styphnolobium japonicum,29.27256393,3,Warm
0233751AR,426431.384,4581210.252,41.3790523,2.1201851,Styphnolobium japonicum,29.67468667,3,Warm
0233762AR,426899.745,4581222.008,41.3792009,2.1257843,Styphnolobium japonicum,28.42375885,2,Cool
0233773AR,426677.16,4581221.725,41.3791781,2.1231227,Styphnolobium japonicum,28.88644315,2,Cool
0233802AR,426832.348,4581168.297,41.378711,2.1249848,Styphnolobium japonicum,28.60548585,2,Cool
0233813AR,426916.694,4581249.877,41.3794534,2.1259836,Styphnolobium japonicum,28.44351046,2,Cool
0233844AR,426619.467,4581171.874,41.3787238,2.1224388,Styphnolobium japonicum,29.22371102,3,Warm
0233854AR,426866.016,4581392.379,41.3807322,2.1253604,Styphnolobium japonicum,28.70438313,2,Cool
0233869AR,426843.14,4581176.658,41.3787873,2.1251129,Styphnolobium japonicum,28.56167048,2,Cool
0233872AR,426838.384,4581173.188,41.3787556,2.1250564,Styphnolobium japonicum,28.5816022,2,Cool
0233886AR,426882.865,4581221.762,41.3791971,2.1255825,Styphnolobium japonicum,28.42343176,2,Cool
0233896AR,426955.145,4581296.268,41.3798747,2.1264378,Styphnolobium japonicum,28.77231274,2,Cool
0233927AR,426352.225,4581310.382,41.3799469,2.1192264,Styphnolobium japonicum,30.7063832,4,Hottest
0233945AR,426947.653,4581169.738,41.3787344,2.1263634,Styphnolobium japonicum,28.52052467,2,Cool
0233956AR,426838.646,4581361.099,41.380448,2.1250369,Styphnolobium japonicum,28.40749361,2,Cool
0233965AR,427042.609,4581366.953,41.3805193,2.1274752,Styphnolobium japonicum,29.76588716,3,Warm
0233970AR,426350.095,4581318.182,41.3800169,2.1192,Styphnolobium japonicum,30.73718641,4,Hottest
0234060AR,426677.558,4581753.431,41.3839669,2.1230631,Styphnolobium japonicum,29.40944058,3,Warm
0234072AR,426930.0,4581192.0,41.3789333,2.1261497,Styphnolobium japonicum,28.48393518,2,Cool
0234123AR,426878.415,4581212.698,41.3791151,2.1255303,Styphnolobium japonicum,28.44126927,2,Cool
0234137AR,426789.854,4581131.889,41.3783792,2.1244811,Styphnolobium japonicum,28.68431585,2,Cool
0234139AR,426772.929,4581120.275,41.3782731,2.1242801,Styphnolobium japonicum,28.69188451,2,Cool
0234151AR,426833.636,4581356.569,41.3804068,2.1249775,Styphnolobium japonicum,28.29821561,2,Cool
0234157AR,426387.324,4581243.922,41.3793515,2.1196542,Styphnolobium japonicum,30.01924541,3,Warm
0234182AR,426908.635,4581236.208,41.3793296,2.1258889,Styphnolobium japonicum,28.42923874,2,Cool
0234237AR,426997.473,4581315.627,41.3800529,2.1269416,Styphnolobium japonicum,29.26766657,3,Warm
0234263AR,427106.059,4581418.903,41.3809929,2.1282277,Styphnolobium japonicum,29.65762052,3,Warm
0234266AR,426894.273,4581225.114,41.3792283,2.1257185,Styphnolobium japonicum,28.41946484,2,Cool
0234328AR,426951.6660000001,4581164.597,41.3786885,2.1264121,Styphnolobium japonicum,28.52582282,2,Cool
0234331AR,426964.603,4581148.005,41.3785402,2.1265688,Styphnolobium japonicum,28.56732335,2,Cool
0234373AR,426847.438,4581180.337,41.3788208,2.1251638,Styphnolobium japonicum,28.54598763,2,Cool
0234399AR,426956.554,4581158.296,41.3786322,2.1264713,Styphnolobium japonicum,28.54017784,2,Cool
0234404AR,426848.592,4581190.529,41.3789127,2.1251764,Styphnolobium japonicum,28.52110962,2,Cool
0234424AR,426859.195,4581198.488,41.3789853,2.1253022,Styphnolobium japonicum,28.49795794,2,Cool
0234448AR,426813.085,4581338.497,41.3802421,2.1247339,Styphnolobium japonicum,28.12758428,2,Cool
0234451AR,426951.924,4581278.2,41.3797117,2.1264014,Styphnolobium japonicum,28.66975175,2,Cool
0234466AR,427079.279,4581382.214,41.3806601,2.1279118,Styphnolobium japonicum,29.81682897,3,Warm
0234543AR,427025.92,4581338.821,41.3802644,2.127279,Styphnolobium japonicum,29.62619745,3,Warm
0234571AR,426769.895,4581301.489,41.3799049,2.124222,Styphnolobium japonicum,27.90402591,2,Cool
0234597AR,426887.764,4581226.555,41.3792407,2.1256405,Styphnolobium japonicum,28.42078413,2,Cool
0234620AR,426801.224,4581156.319,41.3786003,2.1246141,Styphnolobium japonicum,28.66513267,2,Cool
0235640AR,434449.415,4584933.727,41.4132819,2.2156614,Styphnolobium japonicum,28.03548805,2,Cool
0235657AR,434402.995,4584981.067,41.4137045,2.2151009,Styphnolobium japonicum,28.16260897,2,Cool
0235887AR,434109.928,4585479.36,41.4181685,2.2115402,Styphnolobium japonicum,28.32667661,2,Cool
0235909AR,434105.985,4585460.484,41.4179982,2.2114951,Styphnolobium japonicum,28.10029175,2,Cool
0235912AR,434177.238,4585405.999,41.4175133,2.2123536,Styphnolobium japonicum,27.67838955,1,Coolest
0235927AR,434114.72800000006,4585466.68,41.4180547,2.2115991,Styphnolobium japonicum,28.18379033,2,Cool
0235945AR,434390.039,4585518.438,41.4185434,2.2148876,Styphnolobium japonicum,29.5301171,3,Warm
0235972AR,434157.118,4585464.32,41.4180369,2.2121065,Styphnolobium japonicum,28.26689029,2,Cool
0236026AR,434594.528,4585016.325,41.4140377,2.2173886,Styphnolobium japonicum,28.06051011,2,Cool
0236390AR,434109.356,4585500.093,41.4183552,2.2115311,Styphnolobium japonicum,28.52314912,2,Cool
0236512AR,434167.728,4585415.189,41.4175953,2.2122388,Styphnolobium japonicum,27.74251492,1,Coolest
0236679AR,434411.225,4584980.887,41.4137036,2.2151994,Styphnolobium japonicum,28.0989228,2,Cool
0236942AR,434115.568,4585505.845,41.4184075,2.2116048,Styphnolobium japonicum,28.63708775,2,Cool
0236964AR,434152.587,4585413.901,41.4175825,2.2120578,Styphnolobium japonicum,27.70992542,1,Coolest
0237114AR,434171.828,4585411.509,41.4175625,2.2122883,Styphnolobium japonicum,27.72349353,1,Coolest
0237205AR,434205.76,4585695.24,41.4201208,2.2126634,Styphnolobium japonicum,29.92714155,3,Warm
0237241AR,434434.705,4584949.207,41.4134202,2.2154837,Styphnolobium japonicum,28.06917043,2,Cool
0237295AR,434709.026,4585025.765,41.414132,2.2187575,Styphnolobium japonicum,28.52199793,2,Cool
0237305AR,434370.6290000001,4585531.238,41.4186571,2.214654,Styphnolobium japonicum,29.53065814,3,Warm
0237382AR,434122.861,4585500.711,41.4183619,2.2116927,Styphnolobium japonicum,28.63236,2,Cool
0237474AR,434366.4810000001,4585502.341,41.4183965,2.2146075,Styphnolobium japonicum,29.45054235,3,Warm
0237582AR,434398.215,4584992.837,41.4138101,2.2150424,Styphnolobium japonicum,28.128453,2,Cool
0237644AR,434200.89,4585700.34,41.4201663,2.2126046,Styphnolobium japonicum,29.9194616,3,Warm
0237660AR,434698.75,4584998.153,41.4138825,2.2186376,Styphnolobium japonicum,27.96584285,2,Cool
0237745AR,434390.965,4584993.177,41.4138126,2.2149556,Styphnolobium japonicum,28.18829777,2,Cool
0237825AR,434394.535,4584996.857,41.413846,2.214998,Styphnolobium japonicum,28.09992324,2,Cool
0237843AR,434415.155,4584977.137,41.4136701,2.2152468,Styphnolobium japonicum,28.09454672,2,Cool
0237904AR,434162.968,4585419.489,41.4176336,2.2121814,Styphnolobium japonicum,27.7762813,1,Coolest
0237935AR,434595.383,4585006.888,41.4139528,2.2173999,Styphnolobium japonicum,28.00190152,2,Cool
0237977AR,434123.08,4585443.261,41.4178445,2.2117015,Styphnolobium japonicum,27.92195096,2,Cool
0238006AR,434170.598,4585397.199,41.4174335,2.2122751,Styphnolobium japonicum,27.61011684,1,Coolest
0238242AR,434416.465,4584967.037,41.4135793,2.2152636,Styphnolobium japonicum,28.14722921,2,Cool
0238476AR,434386.945,4584997.547,41.4138516,2.2149071,Styphnolobium japonicum,28.16116467,2,Cool
0238480AR,434181.238,4585402.079,41.4174783,2.2124019,Styphnolobium japonicum,27.65773594,1,Coolest
0238535AR,434296.358,4585426.918,41.4177115,2.2137766,Styphnolobium japonicum,28.62220428,2,Cool
0238555AR,434265.027,4585342.189,41.4169458,2.2134109,Styphnolobium japonicum,27.52770846,1,Coolest
0238637AR,434363.179,4585515.058,41.4185108,2.2145666,Styphnolobium japonicum,29.47632293,3,Warm
0238658AR,434728.016,4585020.595,41.414087,2.2189853,Styphnolobium japonicum,28.3176007,2,Cool
0238753AR,434119.00000000006,4585480.0,41.418175,2.2116487,Styphnolobium japonicum,28.36656244,2,Cool
0238758AR,434424.805,4584958.877,41.4135064,2.2153642,Styphnolobium japonicum,28.12529068,2,Cool
0238782AR,434377.919,4585520.878,41.4185644,2.2147423,Styphnolobium japonicum,29.51856338,3,Warm
0238829AR,434118.526,4585447.794,41.4178849,2.2116466,Styphnolobium japonicum,27.98046293,2,Cool
0238841AR,434406.915,4584984.997,41.4137402,2.2151474,Styphnolobium japonicum,28.09415685,2,Cool
0238873AR,434113.629,4585501.742,41.4183704,2.2115821,Styphnolobium japonicum,28.58388837,2,Cool
0238890AR,434112.968,4585481.98,41.4181924,2.2115763,Styphnolobium japonicum,28.36195898,2,Cool
0238900AR,434419.915,4584963.627,41.4135488,2.2153052,Styphnolobium japonicum,28.14443175,2,Cool
0238953AR,434116.351,4585494.061,41.4183015,2.2116155,Styphnolobium japonicum,28.504249,2,Cool
0238962AR,434716.416,4585030.715,41.4141772,2.2188454,Styphnolobium japonicum,28.52422177,2,Cool
0238984AR,434156.597,4585409.941,41.4175471,2.2121062,Styphnolobium japonicum,27.68483311,1,Coolest
0238993AR,434571.667,4585263.046,41.416258,2.2170884,Styphnolobium japonicum,29.28846621,3,Warm
0239033AR,434137.278,4585429.9,41.4177253,2.2118729,Styphnolobium japonicum,27.79637026,1,Coolest
0239072AR,434291.108,4585426.679,41.4177089,2.2137138,Styphnolobium japonicum,28.58850512,2,Cool
0239107AR,434102.188,4585464.726,41.4180361,2.2114492,Styphnolobium japonicum,28.13511226,2,Cool
0239194AR,434115.308,4585484.21,41.4182127,2.2116041,Styphnolobium japonicum,28.40257162,2,Cool
0239308AR,434411.415,4584972.467,41.4136277,2.2152026,Styphnolobium japonicum,28.14374988,2,Cool
0239315AR,434385.761,4585536.103,41.4187022,2.2148345,Styphnolobium japonicum,29.56384577,3,Warm
0239320AR,434110.138,4585469.99,41.4180842,2.2115438,Styphnolobium japonicum,28.19264702,2,Cool
0239383AR,434420.395,4584971.897,41.4136233,2.2153101,Styphnolobium japonicum,28.07886967,2,Cool
0239386AR,434295.638,4585421.048,41.4176585,2.2137686,Styphnolobium japonicum,28.56596867,2,Cool
0239438AR,434394.765,4584989.377,41.4137787,2.2150015,Styphnolobium japonicum,28.19398069,2,Cool
0239470AR,434160.688,4585454.11,41.4179453,2.2121503,Styphnolobium japonicum,28.15342655,2,Cool
0239483AR,434687.206,4585003.935,41.4139336,2.2184988,Styphnolobium japonicum,28.06382341,2,Cool
0239559AR,434379.971,4585514.526,41.4185074,2.2147675,Styphnolobium japonicum,29.50955788,3,Warm
0239587AR,434289.468,4585417.209,41.4176235,2.2136952,Styphnolobium japonicum,28.46991167,2,Cool
0239592AR,434289.28800000006,4585434.829,41.4177821,2.2136912,Styphnolobium japonicum,28.63996291,2,Cool
0241450AR,428078.474,4579601.893,41.3647153,2.1400715,Styphnolobium japonicum,28.02317054,2,Cool
0241452AR,428099.365,4579637.097,41.3650342,2.1403171,Styphnolobium japonicum,27.90269811,2,Cool
0241457AR,427946.855,4579725.568,41.3658174,2.1384833,Styphnolobium japonicum,28.80384708,2,Cool
0241459AR,428373.774,4579534.204,41.364132,2.1436099,Styphnolobium japonicum,29.59184595,3,Warm
0241461AR,427817.92,4579080.638,41.3599972,2.1370186,Styphnolobium japonicum,29.22242341,3,Warm
0241468AR,427942.335,4579729.948,41.3658565,2.1384287,Styphnolobium japonicum,28.70386026,2,Cool
0241473AR,427701.849,4579024.869,41.3594845,2.1356377,Styphnolobium japonicum,30.65745396,4,Hottest
0241488AR,427822.78,4579091.558,41.360096,2.1370754,Styphnolobium japonicum,29.20929175,3,Warm
0241489AR,427645.87,4579130.089,41.3604272,2.1349559,Styphnolobium japonicum,30.17220338,3,Warm
0241495AR,428077.442,4579596.002,41.3646621,2.1400599,Styphnolobium japonicum,28.05430135,2,Cool
0241508AR,427683.73,4579058.589,41.3597866,2.135417,Styphnolobium japonicum,30.90658226,4,Hottest
0241517AR,427769.49,4579156.548,41.3606766,2.1364306,Styphnolobium japonicum,29.20259333,3,Warm
0241537AR,427791.39,4579129.278,41.3604329,2.1366956,Styphnolobium japonicum,29.22233322,3,Warm
0241540AR,427637.361,4579212.019,41.3611643,2.1348444,Styphnolobium japonicum,29.29550092,3,Warm
0241571AR,427893.277,4579297.778,41.3619597,2.1378936,Styphnolobium japonicum,29.63565587,3,Warm
0241572AR,428698.638,4579240.312,41.3615138,2.1475282,Styphnolobium japonicum,28.48612861,2,Cool
0241577AR,428683.101,4579258.316,41.3616746,2.1473403,Styphnolobium japonicum,28.5867171,2,Cool
0241579AR,427670.41,4579083.989,41.3600142,2.1352548,Styphnolobium japonicum,30.76510465,4,Hottest
0241590AR,427853.0900000001,4579039.667,41.3596314,2.1374439,Styphnolobium japonicum,29.10992002,3,Warm
0241592AR,427927.995,4579725.158,41.365812,2.1382579,Styphnolobium japonicum,28.25188678,2,Cool
0241597AR,427697.209,4579033.279,41.3595598,2.1355812,Styphnolobium japonicum,30.73512943,4,Hottest
0241621AR,427712.932,4579406.289,41.3629208,2.1357247,Styphnolobium japonicum,29.51709847,3,Warm
0241632AR,427652.66,4579117.099,41.3603108,2.1350386,Styphnolobium japonicum,30.40384401,4,Hottest
0241633AR,427696.891,4579203.349,41.3610916,2.1355571,Styphnolobium japonicum,29.22596283,3,Warm
0241641AR,427785.11,4579122.648,41.3603726,2.1366213,Styphnolobium japonicum,29.25022598,3,Warm
0241643AR,428091.794,4579624.267,41.364918,2.1402281,Styphnolobium japonicum,27.9347389,2,Cool
0241644AR,428237.293,4579364.129,41.362588,2.1419984,Styphnolobium japonicum,30.28175555,4,Hottest
0241647AR,427707.462,4579395.309,41.3628214,2.1356606,Styphnolobium japonicum,29.52239817,3,Warm
0241652AR,428099.456,4579526.123,41.3640347,2.1403313,Styphnolobium japonicum,28.45133798,2,Cool
0241659AR,427839.356,4579038.678,41.3596212,2.1372798,Styphnolobium japonicum,29.13868671,3,Warm
0241673AR,428125.043,4579502.182,41.3638214,2.1406401,Styphnolobium japonicum,28.66112338,2,Cool
0241682AR,428100.964,4579537.976,41.3641416,2.140348,Styphnolobium japonicum,28.37570308,2,Cool
0241684AR,427771.65,4579138.528,41.3605145,2.1364586,Styphnolobium japonicum,29.27292295,3,Warm
0241687AR,427879.809,4578989.077,41.3591781,2.1377693,Styphnolobium japonicum,28.9359158,3,Warm
0241692AR,427798.94,4579107.498,41.3602374,2.1367885,Styphnolobium japonicum,29.26630218,3,Warm
0241694AR,427854.449,4579009.837,41.3593628,2.1374637,Styphnolobium japonicum,29.04408232,3,Warm
0241700AR,428635.889,4579125.022,41.3604699,2.1467916,Styphnolobium japonicum,28.04709477,2,Cool
0241704AR,427898.07,4579101.007,41.3601878,2.1379743,Styphnolobium japonicum,29.25396214,3,Warm
0241709AR,427845.66,4579072.848,41.3599295,2.1373511,Styphnolobium japonicum,29.13777825,3,Warm
0241719AR,428461.229,4578801.922,41.3575443,2.1447418,Styphnolobium japonicum,29.81330815,3,Warm
0241732AR,427653.48,4579180.109,41.3608784,2.1350409,Styphnolobium japonicum,29.525282,3,Warm
0241738AR,428216.403,4579407.135,41.3629735,2.1417435,Styphnolobium japonicum,29.68062903,3,Warm
0241741AR,428087.534,4579575.167,41.3644754,2.140183,Styphnolobium japonicum,28.13463309,2,Cool
0241742AR,427693.909,4579039.509,41.3596156,2.135541,Styphnolobium japonicum,30.79023786,4,Hottest
0241743AR,427745.919,4578915.888,41.3585069,2.1361775,Styphnolobium japonicum,29.22872684,3,Warm
0241750AR,427741.319,4578923.948,41.3585791,2.1361215,Styphnolobium japonicum,29.34297907,3,Warm
0241755AR,427765.81,4579161.778,41.3607233,2.136386,Styphnolobium japonicum,29.1967837,3,Warm
0241774AR,427870.819,4579006.007,41.3593298,2.1376598,Styphnolobium japonicum,29.01565896,3,Warm
0241782AR,428088.734,4579569.466,41.3644242,2.140198,Styphnolobium japonicum,28.16808586,2,Cool
0241787AR,428504.464,4579439.653,41.363292,2.1451834,Styphnolobium japonicum,30.57201178,4,Hottest
0241790AR,428666.083,4579255.352,41.3616464,2.1471372,Styphnolobium japonicum,28.51618752,2,Cool
0241791AR,427939.52,4579122.827,41.3603881,2.1384672,Styphnolobium japonicum,29.45320483,3,Warm
0241799AR,427906.116,4579625.584,41.3649132,2.1380081,Styphnolobium japonicum,28.24204815,2,Cool
0241800AR,427786.949,4578929.868,41.3586365,2.1366663,Styphnolobium japonicum,29.01808063,3,Warm
0241805AR,427791.07,4579057.488,41.3597863,2.1367003,Styphnolobium japonicum,29.4584789,3,Warm
0241812AR,427878.414,4579597.398,41.3646569,2.1376803,Styphnolobium japonicum,28.22377516,2,Cool
0241830AR,427891.259,4578967.847,41.3589879,2.1379087,Styphnolobium japonicum,28.82354449,2,Cool
0241835AR,427863.989,4578992.217,41.359205,2.1375798,Styphnolobium japonicum,28.95286833,3,Warm
0241843AR,428703.052,4579235.428,41.3614702,2.1475815,Styphnolobium japonicum,28.47716023,2,Cool
0241845AR,428104.69500000007,4579655.307,41.3651987,2.1403787,Styphnolobium japonicum,27.8451674,2,Cool
0241846AR,427679.08200000005,4579350.949,41.3624193,2.1353266,Styphnolobium japonicum,29.50885926,3,Warm
0241848AR,428601.242,4579247.742,41.3615721,2.146363,Styphnolobium japonicum,28.68818139,2,Cool
0241857AR,427832.08,4579052.368,41.3597439,2.1371912,Styphnolobium japonicum,29.16582193,3,Warm
0241859AR,428132.654,4579494.376,41.3637518,2.140732,Styphnolobium japonicum,28.72654251,2,Cool
0241868AR,428080.784,4579616.017,41.3648427,2.1400975,Styphnolobium japonicum,27.99715313,2,Cool
0241870AR,428087.844,4579609.067,41.3647807,2.1401827,Styphnolobium japonicum,27.99388325,2,Cool
0241871AR,428094.328,4579534.68,41.3641113,2.140269,Styphnolobium japonicum,28.3867089,2,Cool
0241877AR,428222.163,4579395.085,41.3628655,2.1418138,Styphnolobium japonicum,29.85676943,3,Warm
0241880AR,427664.22,4579095.359,41.360116,2.1351794,Styphnolobium japonicum,30.68024594,4,Hottest
0241881AR,427718.6219999999,4579417.689,41.363024,2.1357914,Styphnolobium japonicum,29.50589343,3,Warm
0241891AR,427727.08200000005,4579433.509,41.3631672,2.1358906,Styphnolobium japonicum,29.48349303,3,Warm
0241892AR,427590.737,4579443.184,41.3632421,2.1342595,Styphnolobium japonicum,28.64624725,2,Cool
0241893AR,428035.139,4578967.806,41.3590004,2.1396287,Styphnolobium japonicum,29.20567377,3,Warm
0241896AR,427897.342,4579290.208,41.3618918,2.1379431,Styphnolobium japonicum,29.64705356,3,Warm
0241907AR,428716.2420000001,4579213.411,41.3612731,2.1477418,Styphnolobium japonicum,28.32683171,2,Cool
0241916AR,428588.869,4579250.582,41.3615966,2.1462147,Styphnolobium japonicum,28.79423364,2,Cool
0241925AR,428457.159,4578845.993,41.3579409,2.1446879,Styphnolobium japonicum,29.6575315,3,Warm
0241936AR,427690.649,4579045.869,41.3596726,2.1355013,Styphnolobium japonicum,30.82294526,4,Hottest
0241940AR,427801.85,4579118.718,41.3603387,2.1368219,Styphnolobium japonicum,29.22724275,3,Warm
0241943AR,428244.344,4579341.748,41.3623871,2.1420853,Styphnolobium japonicum,30.59126974,4,Hottest
0241950AR,427586.469,4579447.944,41.3632846,2.1342079,Styphnolobium japonicum,28.61540726,2,Cool
0241959AR,427728.792,4579393.679,41.3628087,2.1359158,Styphnolobium japonicum,29.54330759,3,Warm
0241960AR,428648.381,4579298.646,41.3620348,2.1469205,Styphnolobium japonicum,28.8920223,3,Warm
0241976AR,428090.294,4579563.716,41.3643725,2.1402173,Styphnolobium japonicum,28.19615355,2,Cool
0241982AR,427760.55,4579041.678,41.3596412,2.1363374,Styphnolobium japonicum,29.80212791,3,Warm
0241991AR,427642.62,4579136.369,41.3604834,2.1349163,Styphnolobium japonicum,30.06155376,3,Warm
0241995AR,427869.489,4578962.677,41.3589394,2.1376491,Styphnolobium japonicum,28.80476297,2,Cool
0242005AR,427607.89700000006,4578747.009,41.3569735,2.1345477,Styphnolobium japonicum,31.35925611,4,Hottest
0242011AR,427864.28,4579018.247,41.3594394,2.1375802,Styphnolobium japonicum,29.0429608,3,Warm
0242017AR,428690.276,4579250.176,41.3616019,2.1474271,Styphnolobium japonicum,28.538149,2,Cool
0242031AR,428142.803,4578640.874,41.3560655,2.1409544,Styphnolobium japonicum,30.81776707,4,Hottest
0242034AR,428727.472,4579200.491,41.3611577,2.1478776,Styphnolobium japonicum,28.2362722,2,Cool
0242044AR,427691.092,4579362.439,41.3625239,2.1354688,Styphnolobium japonicum,29.51944261,3,Warm
0242048AR,428083.4,4579562.839,41.364364,2.140135,Styphnolobium japonicum,28.20337259,2,Cool
0242050AR,427684.501,4579196.799,41.3610315,2.1354098,Styphnolobium japonicum,29.27762565,3,Warm
0242051AR,428096.654,4579547.796,41.3642297,2.1402953,Styphnolobium japonicum,28.29869613,2,Cool
0242052AR,427724.379,4578955.848,41.3588649,2.1359152,Styphnolobium japonicum,29.83074251,3,Warm
0242056AR,427678.431,4579193.389,41.3610002,2.1353376,Styphnolobium japonicum,29.31909903,3,Warm
0242059AR,427814.339,4578932.968,41.3586669,2.1369933,Styphnolobium japonicum,28.84292725,2,Cool
0242063AR,427802.303,4579467.739,41.3634823,2.1367858,Styphnolobium japonicum,29.2479984,3,Warm
0242081AR,427904.955,4579747.028,41.3660069,2.1379798,Styphnolobium japonicum,27.80603975,1,Coolest
0242083AR,427806.37,4579113.618,41.3602932,2.1368766,Styphnolobium japonicum,29.22337472,3,Warm
0242093AR,428407.334,4579498.17,41.3638104,2.1440153,Styphnolobium japonicum,30.01539958,3,Warm
0242098AR,428066.111,4578600.399,41.3556941,2.1400425,Styphnolobium japonicum,31.29936459,4,Hottest
0242099AR,427632.748,4578827.969,41.3577049,2.1348351,Styphnolobium japonicum,29.78118777,3,Warm
0242109AR,427736.602,4579409.269,41.3629498,2.1360073,Styphnolobium japonicum,29.53031375,3,Warm
0242111AR,428118.115,4579666.556,41.3653012,2.1405378,Styphnolobium japonicum,27.75339373,1,Coolest
0242113AR,427778.29,4579050.638,41.3597235,2.1365484,Styphnolobium japonicum,29.56923177,3,Warm
0242127AR,427701.08200000005,4579323.649,41.3621754,2.1355929,Styphnolobium japonicum,29.44590635,3,Warm
0242137AR,427711.329,4578981.098,41.3590911,2.1357562,Styphnolobium japonicum,30.26995096,4,Hottest
0242140AR,427685.837,4579354.585,41.3624527,2.135407,Styphnolobium japonicum,29.51081858,3,Warm
0242143AR,427867.489,4579012.137,41.3593847,2.1376193,Styphnolobium japonicum,29.02884324,3,Warm
0242144AR,427659.77,4579183.649,41.3609108,2.1351157,Styphnolobium japonicum,29.42625925,3,Warm
0242148AR,428108.186,4579511.917,41.3639076,2.1404374,Styphnolobium japonicum,28.57072823,2,Cool
0242151AR,427803.3,4579102.458,41.3601924,2.1368412,Styphnolobium japonicum,29.24221487,3,Warm
0242166AR,427831.742,4579412.638,41.3629887,2.1371443,Styphnolobium japonicum,29.36939809,3,Warm
0242173AR,427701.542,4579333.799,41.3622669,2.1355972,Styphnolobium japonicum,29.46575481,3,Warm
0242178AR,427702.661,4579206.349,41.3611191,2.1356257,Styphnolobium japonicum,29.21132191,3,Warm
0242190AR,427861.949,4578969.907,41.3590038,2.1375581,Styphnolobium japonicum,28.84751367,2,Cool
0242197AR,428436.814,4579477.844,41.36363,2.1443702,Styphnolobium japonicum,30.27685577,4,Hottest
0242199AR,427857.178,4578793.467,41.3574143,2.137522,Styphnolobium japonicum,28.38358087,2,Cool
0242204AR,428436.719,4578853.603,41.3580076,2.1444427,Styphnolobium japonicum,29.40287514,3,Warm
0242230AR,427784.33,4579054.038,41.3597546,2.1366202,Styphnolobium japonicum,29.52507224,3,Warm
0242237AR,428111.314,4579519.566,41.3639767,2.1404739,Styphnolobium japonicum,28.5135121,2,Cool
0242245AR,428190.513,4579448.216,41.3633412,2.1414292,Styphnolobium japonicum,29.1819415,3,Warm
0242256AR,427634.2,4579170.179,41.3607872,2.1348116,Styphnolobium japonicum,29.60562794,3,Warm
0242267AR,427896.098,4579616.306,41.3648288,2.1378894,Styphnolobium japonicum,28.23064729,2,Cool
0242276AR,428154.0129999999,4579477.106,41.3635981,2.1409894,Styphnolobium japonicum,28.89487686,3,Warm
0242284AR,427817.473,4579439.168,41.3632263,2.1369706,Styphnolobium japonicum,29.29990072,3,Warm
0242287AR,428096.904,4579530.226,41.3640715,2.1403003,Styphnolobium japonicum,28.42733867,2,Cool
0242293AR,427623.231,4579196.039,41.3610191,2.1346774,Styphnolobium japonicum,29.38185407,3,Warm
0242294AR,428089.7650000001,4579636.797,41.3650307,2.1402024,Styphnolobium japonicum,27.9355172,2,Cool
0242301AR,428597.965,4579263.551,41.3617142,2.146322,Styphnolobium japonicum,28.80721231,2,Cool
0242313AR,428087.341,4579550.878,41.3642566,2.1401836,Styphnolobium japonicum,28.27874611,2,Cool
0242314AR,427839.058,4578791.417,41.3573942,2.1373057,Styphnolobium japonicum,28.41898593,2,Cool
0242319AR,427752.573,4579441.589,41.3632423,2.1361944,Styphnolobium japonicum,29.46076171,3,Warm
0242322AR,427713.449,4578976.998,41.3590544,2.135782,Styphnolobium japonicum,30.20949258,3,Warm
0242325AR,427768.371,4579297.479,41.3619458,2.1364004,Styphnolobium japonicum,29.51859057,3,Warm
0242333AR,427946.065,4579706.928,41.3656495,2.1384761,Styphnolobium japonicum,28.83441972,2,Cool
0242342AR,428597.842,4579251.582,41.3616064,2.1463219,Styphnolobium japonicum,28.72037274,2,Cool
0242344AR,427933.295,4579739.188,41.3659389,2.1383196,Styphnolobium japonicum,28.34892666,2,Cool
0242362AR,427918.01,4579112.267,41.360291,2.1382113,Styphnolobium japonicum,29.34065628,3,Warm
0242364AR,428100.095,4579650.827,41.3651579,2.1403242,Styphnolobium japonicum,27.86366123,2,Cool
0242369AR,428245.497,4579323.482,41.3622226,2.1421012,Styphnolobium japonicum,30.81301653,4,Hottest
0242385AR,427770.298,4578898.078,41.3583487,2.136471,Styphnolobium japonicum,28.91352749,3,Warm
0242388AR,428087.115,4579632.127,41.3649884,2.1401712,Styphnolobium japonicum,27.94302697,2,Cool
0242396AR,428213.463,4579391.675,41.362834,2.1417102,Styphnolobium japonicum,29.87409441,3,Warm
0242408AR,427628.491,4579200.979,41.3610641,2.1347397,Styphnolobium japonicum,29.37553882,3,Warm
0242414AR,427712.832,4579356.729,41.3624744,2.1357294,Styphnolobium japonicum,29.51969356,3,Warm
0242415AR,428140.994,4579486.666,41.3636831,2.1408326,Styphnolobium japonicum,28.79809072,2,Cool
0242422AR,427749.87,4579168.298,41.3607806,2.1361946,Styphnolobium japonicum,29.22249034,3,Warm
0242427AR,428458.11900000006,4578804.803,41.35757,2.1447042,Styphnolobium japonicum,29.79898279,3,Warm
0242434AR,428245.357,4579335.249,41.3623286,2.1420982,Styphnolobium japonicum,30.68274041,4,Hottest
0242437AR,428589.302,4579212.162,41.3612506,2.1462244,Styphnolobium japonicum,28.59146242,2,Cool
0242439AR,427723.982,4579428.259,41.3631197,2.1358542,Styphnolobium japonicum,29.4870944,3,Warm
0242441AR,427829.53,4579056.568,41.3597815,2.1371602,Styphnolobium japonicum,29.16829706,3,Warm
0242451AR,427772.669,4578922.028,41.3585646,2.1364965,Styphnolobium japonicum,29.06275007,3,Warm
0242456AR,427856.582,4579366.068,41.3625714,2.1374468,Styphnolobium japonicum,29.47808047,3,Warm
0242458AR,428652.8769999999,4579278.899,41.3618573,2.1469766,Styphnolobium japonicum,28.7099599,2,Cool
0242466AR,427875.579,4578996.857,41.3592478,2.1377178,Styphnolobium japonicum,28.96609935,3,Warm
0242471AR,427734.709,4579013.808,41.3593878,2.1360318,Styphnolobium japonicum,30.16616505,3,Warm
0242483AR,428526.631,4579034.522,41.3596451,2.1454962,Styphnolobium japonicum,28.98847649,3,Warm
0242497AR,427645.4110000001,4579223.629,41.3612696,2.1349393,Styphnolobium japonicum,29.27401208,3,Warm
0242500AR,428442.114,4579474.674,41.3636019,2.1444339,Styphnolobium japonicum,30.32760598,4,Hottest
0242505AR,427687.658,4578853.108,41.3579362,2.1354885,Styphnolobium japonicum,29.20391748,3,Warm
0242506AR,427758.96,4579155.898,41.3606698,2.1363048,Styphnolobium japonicum,29.24668909,3,Warm
0242512AR,428206.953,4579424.705,41.3631309,2.1416285,Styphnolobium japonicum,29.45123662,3,Warm
0242518AR,427798.24,4579061.308,41.3598213,2.1367856,Styphnolobium japonicum,29.41943076,3,Warm
0242522AR,427937.065,4579715.968,41.3657301,2.1383674,Styphnolobium japonicum,28.60491415,2,Cool
0242546AR,428128.975,4579674.226,41.3653713,2.1406667,Styphnolobium japonicum,27.68687226,1,Coolest
0242556AR,427791.6,4579115.668,41.3603104,2.1366998,Styphnolobium japonicum,29.27016651,3,Warm
0242566AR,427810.94,4579091.698,41.3600962,2.1369338,Styphnolobium japonicum,29.23119499,3,Warm
0242577AR,427706.072,4579313.979,41.3620888,2.1356537,Styphnolobium japonicum,29.42603669,3,Warm
0242582AR,427775.292,4579301.508,41.3619827,2.1364827,Styphnolobium japonicum,29.55606363,3,Warm
0242604AR,427635.77,4579148.959,41.3605962,2.1348329,Styphnolobium japonicum,29.8838364,3,Warm
0242605AR,427702.042,4579384.369,41.3627224,2.1355971,Styphnolobium japonicum,29.51943869,3,Warm
0242614AR,427727.739,4579023.688,41.3594762,2.1359473,Styphnolobium japonicum,30.28704591,4,Hottest
0242615AR,427808.839,4578930.298,41.3586423,2.1369279,Styphnolobium japonicum,28.84646257,2,Cool
0242623AR,427738.233,4579455.529,41.3633666,2.1360213,Styphnolobium japonicum,29.29698531,3,Warm
0242628AR,428483.234,4579451.233,41.3633944,2.1449283,Styphnolobium japonicum,30.53275856,4,Hottest
0242630AR,428109.7650000001,4579649.616,41.3651479,2.1404399,Styphnolobium japonicum,27.84289687,2,Cool
0242642AR,427764.323,4579457.999,41.3633912,2.1363329,Styphnolobium japonicum,29.40516906,3,Warm
0242648AR,427902.005,4579751.088,41.3660433,2.1379441,Styphnolobium japonicum,27.79533768,1,Coolest
0242662AR,428113.905,4579653.336,41.3651818,2.140489,Styphnolobium japonicum,27.80632961,1,Coolest
0242666AR,427889.13,4579608.75,41.3647601,2.137807,Styphnolobium japonicum,28.20274935,2,Cool
0242674AR,427633.061,4579206.339,41.3611128,2.1347937,Styphnolobium japonicum,29.3456082,3,Warm
0242679AR,427736.541,4579191.159,41.3609853,2.1360326,Styphnolobium japonicum,29.17419251,3,Warm
0242687AR,428059.879,4578921.946,41.3585896,2.1399298,Styphnolobium japonicum,28.44258144,2,Cool
0242690AR,428635.567,4579314.072,41.3621726,2.1467655,Styphnolobium japonicum,29.07519856,3,Warm
0242695AR,428717.793,4579222.744,41.3613573,2.1477593,Styphnolobium japonicum,28.3961437,2,Cool
0242698AR,428094.394,4579552.636,41.3642731,2.1402677,Styphnolobium japonicum,28.27030139,2,Cool
0242702AR,428082.684,4579621.967,41.3648965,2.1401195,Styphnolobium japonicum,27.99347505,2,Cool
0242714AR,427722.799,4578959.488,41.3588975,2.1358959,Styphnolobium japonicum,29.88517618,3,Warm
0242715AR,428662.353,4579259.702,41.3616852,2.1470921,Styphnolobium japonicum,28.5633808,2,Cool
0242735AR,427762.98,4579149.958,41.3606166,2.1363535,Styphnolobium japonicum,29.25621665,3,Warm
0242738AR,428195.383,4579442.535,41.3632904,2.141488,Styphnolobium japonicum,29.22894035,3,Warm
0242748AR,428498.98399999994,4579442.783,41.3633197,2.1451175,Styphnolobium japonicum,30.58047285,4,Hottest
0242753AR,427693.682,4579367.959,41.3625739,2.1354991,Styphnolobium japonicum,29.52954717,3,Warm
0242761AR,427863.3,4579083.287,41.3600251,2.1375607,Styphnolobium japonicum,29.12881478,3,Warm
0242774AR,428450.399,4578840.133,41.3578875,2.1446078,Styphnolobium japonicum,29.60350132,3,Warm
0242786AR,428127.269,4578858.555,41.3580247,2.1407429,Styphnolobium japonicum,27.59240143,1,Coolest
0242788AR,428040.989,4578957.206,41.3589055,2.1396999,Styphnolobium japonicum,29.16793543,3,Warm
0242812AR,428098.524,4579542.756,41.3641845,2.1403182,Styphnolobium japonicum,28.3359276,2,Cool
0242817AR,427736.029,4578934.038,41.3586695,2.1360571,Styphnolobium japonicum,29.51687805,3,Warm
0242818AR,427641.767,4578693.199,41.3564919,2.134959,Styphnolobium japonicum,32.10957279,4,Hottest
0242821AR,428694.952,4579244.608,41.3615522,2.1474836,Styphnolobium japonicum,28.4960916,2,Cool
0242822AR,427764.029,4578918.048,41.358528,2.1363937,Styphnolobium japonicum,29.10397074,3,Warm
0242825AR,427924.595,4579748.318,41.3660203,2.1382145,Styphnolobium japonicum,28.22295161,2,Cool
0242867AR,428610.164,4579115.894,41.3603854,2.1464852,Styphnolobium japonicum,28.17112037,2,Cool
0242881AR,427915.775,4579757.118,41.3660988,2.138108,Styphnolobium japonicum,27.97916453,2,Cool
0242888AR,428449.529,4578850.502,41.3579808,2.1445962,Styphnolobium japonicum,29.55842781,3,Warm
0242901AR,427732.349,4578941.738,41.3587385,2.1360122,Styphnolobium japonicum,29.61987606,3,Warm
0242902AR,428052.459,4578936.236,41.3587176,2.1398395,Styphnolobium japonicum,28.82734081,2,Cool
0242903AR,428089.854,4579619.097,41.3648713,2.1402055,Styphnolobium japonicum,27.96100025,2,Cool
0242906AR,427726.649,4578952.378,41.3588338,2.1359428,Styphnolobium japonicum,29.78262089,3,Warm
0242920AR,428493.774,4579445.443,41.3633432,2.1450549,Styphnolobium japonicum,30.57566441,4,Hottest
0242927AR,427814.953,4579444.258,41.3632719,2.1369398,Styphnolobium japonicum,29.2862699,3,Warm
0242929AR,428640.16,4579308.822,41.3621257,2.1468211,Styphnolobium japonicum,28.99339806,3,Warm
0242932AR,428644.323,4579304.043,41.362083,2.1468714,Styphnolobium japonicum,28.95653446,3,Warm
0242937AR,427951.445,4579720.988,41.3657766,2.1385387,Styphnolobium japonicum,28.78409188,2,Cool
0242938AR,427870.409,4578974.997,41.3590504,2.1376586,Styphnolobium japonicum,28.87144351,2,Cool
0242939AR,428173.794,4578657.345,41.3562166,2.1413229,Styphnolobium japonicum,30.70939798,4,Hottest
0242944AR,428102.565,4579641.597,41.365075,2.1403548,Styphnolobium japonicum,27.89530236,2,Cool
0242951AR,428589.147,4579237.951,41.3614828,2.1462196,Styphnolobium japonicum,28.7235551,2,Cool
0242954AR,427731.342,4579398.909,41.362856,2.1359457,Styphnolobium japonicum,29.54139843,3,Warm
0242955AR,428161.4770000001,4578650.777,41.3561563,2.1411765,Styphnolobium japonicum,30.77536634,4,Hottest
0242968AR,427690.731,4579200.179,41.3610625,2.1354839,Styphnolobium japonicum,29.25366702,3,Warm
0242975AR,428433.269,4578857.133,41.3580391,2.144401,Styphnolobium japonicum,29.32534691,3,Warm
0242978AR,427709.992,4579351.089,41.3624234,2.1356961,Styphnolobium japonicum,29.51290948,3,Warm
0242983AR,428085.464,4579590.347,41.3646119,2.1401564,Styphnolobium japonicum,28.064228,2,Cool
0242984AR,427814.88,4579102.888,41.3601973,2.1369796,Styphnolobium japonicum,29.21296622,3,Warm
0242986AR,427749.983,4579436.389,41.3631952,2.136164,Styphnolobium japonicum,29.4753898,3,Warm
0242987AR,427665.83,4579186.719,41.360939,2.1351878,Styphnolobium japonicum,29.38542594,3,Warm
0242989AR,427841.85,4579033.388,41.3595738,2.1373102,Styphnolobium japonicum,29.12148616,3,Warm
0242995AR,428009.55,4579086.276,41.3600651,2.1393087,Styphnolobium japonicum,29.39809031,3,Warm
0242999AR,427780.98,4579038.858,41.3596176,2.1365819,Styphnolobium japonicum,29.58194193,3,Warm
0243007AR,427950.635,4579702.338,41.3656085,2.1385312,Styphnolobium japonicum,28.80036883,2,Cool
0243008AR,427856.508,4578788.407,41.3573686,2.1375146,Styphnolobium japonicum,28.42863852,2,Cool
0243021AR,428243.456,4579345.825,41.3624237,2.1420742,Styphnolobium japonicum,30.54532722,4,Hottest
0243023AR,428162.963,4579460.596,41.3634502,2.1410983,Styphnolobium japonicum,29.03529512,3,Warm
0243030AR,428131.031,4579223.456,41.3613115,2.1407447,Styphnolobium japonicum,29.75426671,3,Warm
0243032AR,428671.019,4579272.835,41.3618043,2.1471942,Styphnolobium japonicum,28.67440094,2,Cool
0243034AR,428007.31,4579090.426,41.3601023,2.1392814,Styphnolobium japonicum,29.39115237,3,Warm
0243038AR,427653.511,4579234.539,41.3613686,2.1350348,Styphnolobium japonicum,29.26606905,3,Warm
0243044AR,427676.0,4579073.139,41.3599169,2.1353229,Styphnolobium japonicum,30.8455266,4,Hottest
0243050AR,427827.998,4578797.697,41.3574498,2.1371727,Styphnolobium japonicum,28.45213575,2,Cool
0243070AR,428080.054,4579573.283,41.3644577,2.1400938,Styphnolobium japonicum,28.1520073,2,Cool
0243078AR,428427.214,4579483.354,41.3636787,2.1442548,Styphnolobium japonicum,30.19320526,3,Warm
0243081AR,428186.083,4579453.196,41.3633856,2.1413756,Styphnolobium japonicum,29.1261615,3,Warm
0243084AR,428077.475,4579588.539,41.3645949,2.1400611,Styphnolobium japonicum,28.09341318,2,Cool
0243086AR,427807.14,4579097.178,41.3601452,2.1368877,Styphnolobium japonicum,29.24401709,3,Warm
0243088AR,427964.555,4579707.368,41.3656551,2.1386971,Styphnolobium japonicum,29.0383804,3,Warm
0243107AR,428108.515,4579659.196,41.3652341,2.1404239,Styphnolobium japonicum,27.81804592,1,Coolest
0243117AR,428105.185,4579516.147,41.3639454,2.140401,Styphnolobium japonicum,28.52194968,2,Cool
0243126AR,427631.837,4578711.789,41.3566584,2.1348381,Styphnolobium japonicum,31.84773574,4,Hottest
0243128AR,427846.732,4579384.668,41.3627381,2.1373268,Styphnolobium japonicum,29.43711351,3,Warm
0243141AR,428122.265,4579659.986,41.3652424,2.1405882,Styphnolobium japonicum,27.75577308,1,Coolest
0243169AR,427738.952,4579414.449,41.3629966,2.1360348,Styphnolobium japonicum,29.52122217,3,Warm
0243175AR,428105.785,4579645.776,41.365113,2.1403928,Styphnolobium japonicum,27.87033511,2,Cool
0243190AR,427743.429,4578920.118,41.3585448,2.1361472,Styphnolobium japonicum,29.31254072,3,Warm
0243198AR,427941.665,4579711.528,41.3656905,2.1384229,Styphnolobium japonicum,28.7276718,2,Cool
0243201AR,427704.382,4579339.509,41.3623186,2.1356304,Styphnolobium japonicum,29.49093362,3,Warm
0243207AR,427728.388,4578795.298,41.3574192,2.1359823,Styphnolobium japonicum,29.00967175,3,Warm
0243220AR,427660.85,4579101.659,41.3601724,2.1351384,Styphnolobium japonicum,30.61356486,4,Hottest
0243222AR,428086.124,4579602.907,41.3647251,2.1401628,Styphnolobium japonicum,28.01396072,2,Cool
0243223AR,428632.082,4579122.472,41.3604466,2.1467464,Styphnolobium japonicum,28.06878662,2,Cool
0243230AR,427929.195,4579743.708,41.3659792,2.13827,Styphnolobium japonicum,28.26204645,2,Cool
0243236AR,428456.449,4578796.873,41.3574984,2.1446852,Styphnolobium japonicum,29.79317689,3,Warm
0243237AR,427515.79800000007,4578920.04,41.3585236,2.1334261,Styphnolobium japonicum,30.30670822,4,Hottest
0243240AR,428565.236,4579147.075,41.3606622,2.1459444,Styphnolobium japonicum,28.5120765,2,Cool
0243256AR,427755.923,4579446.449,41.3632864,2.1362339,Styphnolobium japonicum,29.44488054,3,Warm
0243268AR,427905.29,4579104.057,41.360216,2.1380602,Styphnolobium japonicum,29.28559445,3,Warm
0243271AR,427802.92,4578937.918,41.3587104,2.1368562,Styphnolobium japonicum,28.93156824,3,Warm
0243304AR,428155.468,4578647.593,41.3561271,2.141105,Styphnolobium japonicum,30.81511425,4,Hottest
0243310AR,427873.359,4579000.937,41.3592843,2.1376908,Styphnolobium japonicum,28.9859276,3,Warm
0243315AR,427639.11,4579142.709,41.3605402,2.1348736,Styphnolobium japonicum,29.96429176,3,Warm
0243324AR,427926.01,4579115.887,41.3603244,2.1383065,Styphnolobium japonicum,29.36935568,3,Warm
0243331AR,427762.101,4579294.249,41.3619161,2.1363259,Styphnolobium japonicum,29.47457838,3,Warm
0243332AR,428670.193,4579250.632,41.3616042,2.1471869,Styphnolobium japonicum,28.48818434,2,Cool
0243345AR,428711.734,4579225.474,41.3613813,2.1476865,Styphnolobium japonicum,28.41013729,2,Cool
0243356AR,428656.837,4579289.195,41.3619504,2.1470227,Styphnolobium japonicum,28.80679761,2,Cool
0243357AR,427856.17,4579033.067,41.3595722,2.1374815,Styphnolobium japonicum,29.08527063,3,Warm
0243368AR,427687.04,4579052.109,41.3597285,2.1354574,Styphnolobium japonicum,30.85976587,4,Hottest
0243385AR,428093.875,4579628.397,41.3649554,2.1402525,Styphnolobium japonicum,27.93281046,2,Cool
0243391AR,428123.034,4579492.796,41.3637367,2.1406172,Styphnolobium japonicum,28.73651567,2,Cool
0243394AR,427777.83,4579145.068,41.3605739,2.1365317,Styphnolobium japonicum,29.2282887,3,Warm
0243397AR,428146.078,4578823.175,41.3577077,2.140972,Styphnolobium japonicum,27.77042079,1,Coolest
0243404AR,427641.52,4579174.019,41.3608224,2.1348987,Styphnolobium japonicum,29.58059177,3,Warm
0243409AR,427726.052,4579388.459,41.3627614,2.1358837,Styphnolobium japonicum,29.54051016,3,Warm
0243417AR,428241.476,4579352.48,41.3624835,2.1420497,Styphnolobium japonicum,30.43468909,4,Hottest
0243423AR,427733.912,4579404.049,41.3629025,2.1359758,Styphnolobium japonicum,29.53298448,3,Warm
0243426AR,427672.201,4579190.199,41.3609709,2.1352635,Styphnolobium japonicum,29.34997555,3,Warm
0243427AR,428131.243,4579484.606,41.3636636,2.1407163,Styphnolobium japonicum,28.81122327,2,Cool
0243441AR,427782.17,4579139.918,41.3605279,2.1365841,Styphnolobium japonicum,29.2184377,3,Warm
0243448AR,427888.862,4579305.518,41.362029,2.1378399,Styphnolobium japonicum,29.62658998,3,Warm
0243450AR,428600.896,4579259.278,41.361676,2.1463575,Styphnolobium japonicum,28.75314765,2,Cool
0243454AR,427679.00000000006,4579067.439,41.3598659,2.1353594,Styphnolobium japonicum,30.86100059,4,Hottest
0243457AR,427829.439,4578952.491,41.3588441,2.1371715,Styphnolobium japonicum,28.85881037,2,Cool
0243465AR,427903.426,4579279.079,41.3617922,2.1380172,Styphnolobium japonicum,29.67003935,3,Warm
0243466AR,428667.208,4579277.022,41.3618417,2.1471482,Styphnolobium japonicum,28.70574236,2,Cool
0243472AR,427834.878,4578792.747,41.3574058,2.1372555,Styphnolobium japonicum,28.48561946,2,Cool
0243476AR,427826.2,4579085.468,41.3600415,2.137117,Styphnolobium japonicum,29.18384585,3,Warm
0243479AR,427847.28,4579050.308,41.3597267,2.1373732,Styphnolobium japonicum,29.12680071,3,Warm
0243484AR,428081.567,4579568.0,41.3644103,2.1401125,Styphnolobium japonicum,28.17965974,2,Cool
0243487AR,428448.045,4578842.957,41.3579127,2.1445793,Styphnolobium japonicum,29.57910519,3,Warm
0243491AR,427810.36,4579108.648,41.3602488,2.1369249,Styphnolobium japonicum,29.21370299,3,Warm
0243492AR,428135.133,4579480.936,41.3636309,2.1407632,Styphnolobium japonicum,28.83941872,2,Cool
0243500AR,428245.585,4579329.619,41.3622779,2.1421016,Styphnolobium japonicum,30.701378,4,Hottest
0243506AR,428457.769,4578833.573,41.3578291,2.1446967,Styphnolobium japonicum,29.69056266,3,Warm
0243521AR,427737.959,4579015.918,41.3594071,2.1360704,Styphnolobium japonicum,30.13623205,3,Warm
0243524AR,427755.171,4579177.968,41.3608682,2.1362568,Styphnolobium japonicum,29.17888803,3,Warm
0243537AR,428126.754,4579488.606,41.3636993,2.1406621,Styphnolobium japonicum,28.76444501,2,Cool
0243543AR,428678.918,4579263.202,41.3617182,2.1472898,Styphnolobium japonicum,28.62791376,2,Cool
0243547AR,427579.819,4578947.569,41.3587773,2.1341881,Styphnolobium japonicum,30.44203877,4,Hottest
0243548AR,427786.8,4579134.578,41.3604802,2.1366401,Styphnolobium japonicum,29.22791513,3,Warm
0243562AR,427932.845,4579720.488,41.3657704,2.1383164,Styphnolobium japonicum,28.56789715,2,Cool
0243568AR,427671.972,4579358.139,41.3624835,2.1352408,Styphnolobium japonicum,29.52086699,3,Warm
0243580AR,427618.7,4579190.569,41.3609694,2.1346239,Styphnolobium japonicum,29.40865689,3,Warm
0243588AR,428722.122,4579210.861,41.3612506,2.1478124,Styphnolobium japonicum,28.3333769,2,Cool
0243601AR,428033.089,4578883.246,41.3582386,2.1396142,Styphnolobium japonicum,27.5901311,1,Coolest
0243603AR,427818.99,4579097.148,41.360146,2.1370294,Styphnolobium japonicum,29.20155634,3,Warm
0243606AR,428674.113,4579245.662,41.3615598,2.1472344,Styphnolobium japonicum,28.46861311,2,Cool
0243614AR,428454.079,4578836.853,41.3578583,2.1446522,Styphnolobium japonicum,29.66755871,3,Warm
0243619AR,427696.432,4579373.529,41.3626243,2.1355313,Styphnolobium japonicum,29.52865674,3,Warm
0243632AR,427955.875,4579716.398,41.3657356,2.1385922,Styphnolobium japonicum,28.86453647,2,Cool
0243639AR,427870.949,4578979.837,41.3590941,2.1376645,Styphnolobium japonicum,28.90595727,3,Warm
0243653AR,427641.681,4579217.759,41.3612164,2.1348954,Styphnolobium japonicum,29.28417806,3,Warm
0243660AR,428079.392,4579608.593,41.3647757,2.1400817,Styphnolobium japonicum,28.00721153,2,Cool
0243671AR,427595.531,4579438.302,41.3631986,2.1343174,Styphnolobium japonicum,28.69436235,2,Cool
0243672AR,427794.259,4578933.538,41.3586702,2.1367532,Styphnolobium japonicum,28.95631346,3,Warm
0243675AR,428128.8439999999,4579498.246,41.3637863,2.140686,Styphnolobium japonicum,28.70168961,2,Cool
0243678AR,428089.314,4579614.607,41.3648308,2.1401996,Styphnolobium japonicum,27.96875127,2,Cool
0243686AR,427699.262,4579378.919,41.3626731,2.1355645,Styphnolobium japonicum,29.52704028,3,Warm
0243700AR,427743.191,4579178.809,41.3608747,2.1361135,Styphnolobium japonicum,29.19468473,3,Warm
0243707AR,428652.249,4579294.29,41.3619959,2.1469673,Styphnolobium japonicum,28.85124535,2,Cool
0243717AR,427721.292,4579423.329,41.363075,2.1358226,Styphnolobium japonicum,29.50153119,3,Warm
0243718AR,427960.205,4579711.938,41.3656958,2.1386445,Styphnolobium japonicum,29.00957638,3,Warm
0243719AR,427919.135,4579734.228,41.3658929,2.1381509,Styphnolobium japonicum,28.17362725,2,Cool
0243726AR,428207.943,4579402.995,41.3629354,2.1416429,Styphnolobium japonicum,29.70895995,3,Warm
0243728AR,427673.38,4579078.569,41.3599656,2.1352909,Styphnolobium japonicum,30.80676268,4,Hottest
0243733AR,427840.96,4579062.328,41.3598344,2.1372962,Styphnolobium japonicum,29.14489022,3,Warm
0243776AR,427720.942,4579378.169,41.3626683,2.1358238,Styphnolobium japonicum,29.543706,3,Warm
0243784AR,427704.882,4579389.859,41.3627721,2.1356304,Styphnolobium japonicum,29.51931442,3,Warm
0243792AR,427703.472,4579319.619,41.3621394,2.1356219,Styphnolobium japonicum,29.43591477,3,Warm
0243797AR,428710.442,4579215.511,41.3612915,2.1476722,Styphnolobium japonicum,28.32256409,2,Cool
0243812AR,428046.979,4578946.336,41.3588081,2.1397727,Styphnolobium japonicum,28.9693888,3,Warm
0243818AR,428663.838,4579281.065,41.3618778,2.1471074,Styphnolobium japonicum,28.73173817,2,Cool
0243821AR,427923.7249999999,4579729.558,41.3658513,2.1382063,Styphnolobium japonicum,28.21663345,2,Cool
0243823AR,428640.123,4579293.882,41.3619911,2.1468224,Styphnolobium japonicum,28.84946994,2,Cool
0243824AR,427776.23,4579132.788,41.3604632,2.136514,Styphnolobium japonicum,29.25683128,3,Warm
0243839AR,428129.363,4579356.826,41.3625126,2.1407089,Styphnolobium japonicum,29.64459253,3,Warm
0243841AR,427758.441,4579172.238,41.3608169,2.1362966,Styphnolobium japonicum,29.17959636,3,Warm
0243846AR,428195.413,4579426.705,41.3631479,2.1414903,Styphnolobium japonicum,29.43086287,3,Warm
0243851AR,427854.262,4579370.778,41.3626137,2.1374185,Styphnolobium japonicum,29.46220808,3,Warm
0243853AR,427829.712,4579360.018,41.3625145,2.1371263,Styphnolobium japonicum,29.60342081,3,Warm
0243854AR,428686.464,4579254.413,41.3616397,2.147381,Styphnolobium japonicum,28.57131141,2,Cool
0243856AR,427708.939,4578985.438,41.35913,2.1357271,Styphnolobium japonicum,30.35932371,4,Hottest
0243869AR,427931.045,4579710.938,41.3656842,2.138296,Styphnolobium japonicum,28.43029586,2,Cool
0243880AR,428024.5300000001,4579051.966,41.3597575,2.1394919,Styphnolobium japonicum,29.34954766,3,Warm
0243884AR,427806.373,4579460.008,41.363413,2.1368354,Styphnolobium japonicum,29.25308599,3,Warm
0243888AR,427848.16,4579021.937,41.3594712,2.137387,Styphnolobium japonicum,29.08126626,3,Warm
0243889AR,428085.045,4579556.688,41.3643087,2.1401554,Styphnolobium japonicum,28.24321705,2,Cool
0243906AR,428084.654,4579626.997,41.3649419,2.1401424,Styphnolobium japonicum,27.96919479,2,Cool
0243912AR,428239.487,4579358.796,41.3625402,2.1420252,Styphnolobium japonicum,30.38124868,4,Hottest
0243916AR,427647.19,4579177.029,41.36085,2.1349661,Styphnolobium japonicum,29.54895301,3,Warm
0243934AR,428092.855,4579641.467,41.365073,2.1402387,Styphnolobium japonicum,27.92358743,2,Cool
0243939AR,427752.129,4579037.038,41.3595986,2.1362373,Styphnolobium japonicum,29.93432165,3,Warm
0243940AR,428126.585,4579662.956,41.3652696,2.1406394,Styphnolobium japonicum,27.72941856,1,Coolest
0243942AR,428402.141,4579502.789,41.3638515,2.1439527,Styphnolobium japonicum,29.95866486,3,Warm
0243944AR,427782.062,4579304.858,41.3620135,2.1365632,Styphnolobium japonicum,29.58713333,3,Warm
0243951AR,427773.18,4579151.318,41.3606298,2.1364753,Styphnolobium japonicum,29.21262981,3,Warm
0243968AR,428096.755,4579646.477,41.3651185,2.1402848,Styphnolobium japonicum,27.89049901,2,Cool
0243971AR,427745.299,4579019.728,41.3594421,2.1361577,Styphnolobium japonicum,30.01157678,3,Warm
0243977AR,427850.6219999999,4579320.618,41.3621616,2.137381,Styphnolobium japonicum,29.68963046,3,Warm
0243981AR,427762.12,4579167.008,41.3607701,2.1363412,Styphnolobium japonicum,29.16937667,3,Warm
0243983AR,428148.938,4578817.175,41.3576539,2.1410069,Styphnolobium japonicum,27.96779099,2,Cool
0243990AR,427663.247,4578686.098,41.3564298,2.1352166,Styphnolobium japonicum,31.68629746,4,Hottest
0243998AR,427729.603,4579439.089,41.3632177,2.1359201,Styphnolobium japonicum,29.46868085,3,Warm
0243999AR,427853.75,4579077.728,41.3599742,2.1374472,Styphnolobium japonicum,29.12189194,3,Warm
0244003AR,427930.04,4579118.797,41.3603509,2.1383544,Styphnolobium japonicum,29.40302708,3,Warm
0244011AR,428472.998,4579457.273,41.3634479,2.1448052,Styphnolobium japonicum,30.51343745,4,Hottest
0244016AR,427568.628,4578851.929,41.3579149,2.1340658,Styphnolobium japonicum,30.41681656,4,Hottest
0244038AR,428488.484,4579448.283,41.3633683,2.1449914,Styphnolobium japonicum,30.56668534,4,Hottest
0244048AR,428448.679,4578847.027,41.3579495,2.1445864,Styphnolobium japonicum,29.56077176,3,Warm
0244054AR,428117.704,4579510.486,41.3638955,2.1405513,Styphnolobium japonicum,28.5828855,2,Cool
0244056AR,427869.46,4579086.167,41.3600516,2.137634,Styphnolobium japonicum,29.14415494,3,Warm
0244057AR,427657.117,4578702.938,41.356581,2.1351413,Styphnolobium japonicum,31.36577899,4,Hottest
0244064AR,428181.0829999999,4579457.596,41.3634248,2.1413153,Styphnolobium japonicum,29.07405716,3,Warm
0244103AR,427667.39,4579089.659,41.3600649,2.135218,Styphnolobium japonicum,30.74363081,4,Hottest
0244111AR,427710.20199999993,4579400.829,41.3628714,2.1356927,Styphnolobium japonicum,29.51645828,3,Warm
0244113AR,428085.554,4579596.507,41.3646674,2.1401568,Styphnolobium japonicum,28.04917107,2,Cool
0244124AR,427759.023,4579451.429,41.3633315,2.1362703,Styphnolobium japonicum,29.43018589,3,Warm
0244128AR,428113.115,4579662.856,41.3652675,2.1404784,Styphnolobium japonicum,27.78351651,1,Coolest
0244132AR,428014.8,4579076.726,41.3599796,2.1393726,Styphnolobium japonicum,29.38120574,3,Warm
0244138AR,427814.731,4579057.258,41.3597864,2.1369832,Styphnolobium japonicum,29.27115749,3,Warm
0244159AR,428136.944,4579490.486,41.3637171,2.1407837,Styphnolobium japonicum,28.76574751,2,Cool
0244161AR,427847.2,4579074.678,41.3599462,2.1373693,Styphnolobium japonicum,29.13022888,3,Warm
0244176AR,427755.43,4579160.168,41.3607079,2.1362621,Styphnolobium japonicum,29.21560271,3,Warm
0244178AR,427851.119,4578963.747,41.3589474,2.1374293,Styphnolobium japonicum,28.85311552,2,Cool
0244179AR,427859.3,4579027.437,41.3595218,2.1375196,Styphnolobium japonicum,29.07457563,3,Warm
0244183AR,427598.367,4578765.009,41.3571347,2.1344316,Styphnolobium japonicum,31.19815333,4,Hottest
0244184AR,428095.945,4579632.017,41.3649882,2.1402768,Styphnolobium japonicum,27.92642196,2,Cool
0244207AR,427739.751,4579185.229,41.3609322,2.1360716,Styphnolobium japonicum,29.17017348,3,Warm
0244209AR,428378.214,4579528.984,41.3640853,2.1436636,Styphnolobium japonicum,29.64537377,3,Warm
0244223AR,427864.962,4579350.448,41.3624315,2.1375488,Styphnolobium japonicum,29.53224934,3,Warm
0244224AR,427938.055,4579734.578,41.3658978,2.138377,Styphnolobium japonicum,28.59417456,2,Cool
0244230AR,427601.472,4579433.424,41.3631552,2.134389,Styphnolobium japonicum,28.74160934,2,Cool
0244237AR,427587.377,4578785.019,41.357314,2.1342979,Styphnolobium japonicum,30.98199356,4,Hottest
0244244AR,428660.567,4579284.845,41.3619115,2.1470678,Styphnolobium japonicum,28.75978936,2,Cool
0244245AR,428657.613,4579265.342,41.3617356,2.1470348,Styphnolobium japonicum,28.59209043,2,Cool
0244255AR,427704.898,4578840.048,41.3578202,2.1356961,Styphnolobium japonicum,29.08054244,3,Warm
0244257AR,427649.25,4579123.529,41.3603684,2.1349971,Styphnolobium japonicum,30.2911694,4,Hottest
0244268AR,428117.965,4579656.876,41.365214,2.1405371,Styphnolobium japonicum,27.76884057,1,Coolest
0244270AR,428219.233,4579401.325,41.3629214,2.141778,Styphnolobium japonicum,29.81281384,3,Warm
0244271AR,428199.483,4579436.875,41.3632398,2.1415377,Styphnolobium japonicum,29.32416773,3,Warm
0244277AR,427633.14,4579154.059,41.3606419,2.1348009,Styphnolobium japonicum,29.82225799,3,Warm
0244302AR,427735.333,4579450.039,41.3633169,2.1359873,Styphnolobium japonicum,29.31418307,3,Warm
0244316AR,427794.54,4579112.588,41.3602829,2.1367353,Styphnolobium japonicum,29.26938063,3,Warm
0244322AR,428078.491,4579583.255,41.3645474,2.1400739,Styphnolobium japonicum,28.09820383,2,Cool
0244323AR,428603.212,4579255.992,41.3616466,2.1463856,Styphnolobium japonicum,28.69929065,2,Cool
0244330AR,428467.88,4579460.058,41.3634725,2.1447437,Styphnolobium japonicum,30.48584473,4,Hottest
0244331AR,428102.254,4579520.691,41.3639861,2.1403654,Styphnolobium japonicum,28.49385597,2,Cool
0244332AR,427955.345,4579697.528,41.3655656,2.1385881,Styphnolobium japonicum,28.9047328,3,Warm
0244336AR,428670.71,4579147.348,41.360674,2.1472053,Styphnolobium japonicum,27.95380593,2,Cool
0244349AR,427924.45,4579643.312,41.3650746,2.1382252,Styphnolobium japonicum,28.3684316,2,Cool
0244353AR,428674.0,4579149.383,41.3606927,2.1472444,Styphnolobium japonicum,27.96059687,2,Cool
0244356AR,428126.633,4579365.346,41.3625891,2.1406753,Styphnolobium japonicum,29.59891777,3,Warm
0244378AR,428680.66,4579153.564,41.3607309,2.1473235,Styphnolobium japonicum,27.95739808,2,Cool
0244379AR,428089.571,4579544.968,41.3642036,2.1402109,Styphnolobium japonicum,28.3191396,2,Cool
0244388AR,427814.51,4579086.128,41.3600463,2.1369771,Styphnolobium japonicum,29.22967821,3,Warm
0244399AR,428514.98399999994,4579434.353,41.3632452,2.1453098,Styphnolobium japonicum,30.57218229,4,Hottest
0244402AR,427797.22,4579123.498,41.3603814,2.136766,Styphnolobium japonicum,29.22006791,3,Warm
0244416AR,428092.564,4579558.326,41.3643242,2.1402451,Styphnolobium japonicum,28.24409637,2,Cool
0244417AR,427711.608,4578808.308,41.3575349,2.1357801,Styphnolobium japonicum,29.08171255,3,Warm
0244420AR,428012.28,4579082.036,41.3600272,2.1393418,Styphnolobium japonicum,29.38883249,3,Warm
0244425AR,428142.609,4578829.615,41.3577654,2.1409297,Styphnolobium japonicum,27.74781001,1,Coolest
0244429AR,427601.727,4578758.169,41.3570734,2.1344726,Styphnolobium japonicum,31.25870332,4,Hottest
0244435AR,427741.682,4579419.729,41.3630444,2.1360668,Styphnolobium japonicum,29.51456694,3,Warm
0244441AR,427781.16,4579127.438,41.3604154,2.1365736,Styphnolobium japonicum,29.2685306,3,Warm
0244446AR,428244.902,4579317.756,41.362171,2.1420948,Styphnolobium japonicum,30.83890785,4,Hottest
0244448AR,427746.921,4579172.688,41.3608199,2.1361589,Styphnolobium japonicum,29.2160711,3,Warm
0244450AR,427920.415,4579752.828,41.3660606,2.1381639,Styphnolobium japonicum,28.14938581,2,Cool
0244451AR,428077.559,4578952.406,41.3588655,2.1401376,Styphnolobium japonicum,29.21558185,3,Warm
0244457AR,427824.543,4579426.648,41.3631142,2.1370566,Styphnolobium japonicum,29.33001857,3,Warm
0244465AR,428118.113,4579363.216,41.3625691,2.1405737,Styphnolobium japonicum,29.55509267,3,Warm
0244470AR,427776.329,4578923.958,41.3585823,2.13654,Styphnolobium japonicum,29.04706758,3,Warm
0244472AR,427739.469,4578927.698,41.3586127,2.136099,Styphnolobium japonicum,29.39214983,3,Warm
0244476AR,427913.7,4579632.674,41.3649778,2.1380979,Styphnolobium japonicum,28.28352967,2,Cool
0244477AR,427861.67,4579022.867,41.3594808,2.1375484,Styphnolobium japonicum,29.052894,3,Warm
0244496AR,427719.308,4578812.488,41.3575732,2.1358717,Styphnolobium japonicum,29.00758026,3,Warm
0244509AR,427767.23,4579144.048,41.3605638,2.1364051,Styphnolobium japonicum,29.26350056,3,Warm
0247181AR,434101.244,4584557.469,41.4098646,2.2115368,Styphnolobium japonicum,27.47794386,1,Coolest
0247286AR,434100.085,4584565.319,41.4099352,2.211522,Styphnolobium japonicum,27.40178885,1,Coolest
0247411AR,434080.09,4584562.572,41.4099088,2.2112831,Styphnolobium japonicum,27.52528583,1,Coolest
0247480AR,434058.661,4584541.715,41.4097192,2.211029,Styphnolobium japonicum,27.59568021,1,Coolest
0247483AR,434050.054,4584533.449,41.4096441,2.2109269,Styphnolobium japonicum,27.65734976,1,Coolest
0247663AR,434088.307,4584570.612,41.4099819,2.2113805,Styphnolobium japonicum,27.42692895,1,Coolest
0247742AR,434063.241,4584546.119,41.4097593,2.2110833,Styphnolobium japonicum,27.6341204,1,Coolest
0247803AR,434096.158,4584569.319,41.4099709,2.2114746,Styphnolobium japonicum,27.40362124,1,Coolest
0248345AR,434054.624,4584537.779,41.4096834,2.2109812,Styphnolobium japonicum,27.62525915,1,Coolest
0248479AR,434228.846,4585187.379,41.4155485,2.2129949,Styphnolobium japonicum,27.66058194,1,Coolest
0248568AR,434225.1159999999,4585183.409,41.4155124,2.2129507,Styphnolobium japonicum,27.69603825,1,Coolest
0248626AR,434229.926,4585179.209,41.415475,2.2130087,Styphnolobium japonicum,27.68520097,1,Coolest
0248651AR,434221.996,4585180.769,41.4154884,2.2129136,Styphnolobium japonicum,27.72718691,1,Coolest
0248719AR,434395.956,4585124.637,41.414997,2.2150011,Styphnolobium japonicum,27.65302027,1,Coolest
0248780AR,434226.326,4585175.839,41.4154443,2.212966,Styphnolobium japonicum,27.72698836,1,Coolest
0248842AR,434217.886,4585184.509,41.4155217,2.212864,Styphnolobium japonicum,27.7336124,1,Coolest
0248895AR,434221.236,4585187.419,41.4155482,2.2129038,Styphnolobium japonicum,27.68899374,1,Coolest
0250121AR,433156.0,4584910.0,41.4129617,2.2001892,Styphnolobium japonicum,26.98568702,1,Coolest
0250276AR,433157.0,4584918.0,41.4130338,2.2002003,Styphnolobium japonicum,27.02796061,1,Coolest
0250285AR,433156.0,4584914.0,41.4129977,2.2001888,Styphnolobium japonicum,26.9469362,1,Coolest
0252833AR,433538.5300000001,4585861.125,41.4215599,2.2046614,Styphnolobium japonicum,27.91185797,2,Cool
0253103AR,433547.21,4585846.045,41.4214248,2.2047669,Styphnolobium japonicum,27.9546292,2,Cool
0253373AR,433544.75,4585854.745,41.421503,2.2047365,Styphnolobium japonicum,27.93113635,2,Cool
0253429AR,433541.18,4585858.425,41.4215358,2.2046934,Styphnolobium japonicum,27.92261471,2,Cool
0253763AR,433550.38,4585842.665,41.4213946,2.2048052,Styphnolobium japonicum,27.96480135,2,Cool
0253864AR,433543.94,4585849.445,41.4214552,2.2047274,Styphnolobium japonicum,27.9485981,2,Cool
0257556AR,432395.57,4587477.033,41.4360185,2.1908043,Styphnolobium japonicum,29.02106591,3,Warm
0264808AR,431374.297,4586761.673,41.4294889,2.1786625,Styphnolobium japonicum,28.39682329,2,Cool
0265230AR,428392.551,4587326.84,41.4343188,2.1429127,Styphnolobium japonicum,27.73586676,1,Coolest
0267164AR,428551.803,4586383.446,41.4258363,2.1449301,Styphnolobium japonicum,32.57797486,4,Hottest
0267619AR,428554.574,4586410.218,41.4260776,2.1449601,Styphnolobium japonicum,32.50271099,4,Hottest
0267669AR,428554.724,4586432.19,41.4262755,2.1449593,Styphnolobium japonicum,32.36639895,4,Hottest
0267703AR,428553.922,4586401.101,41.4259955,2.1449534,Styphnolobium japonicum,32.55284279,4,Hottest
0267788AR,428552.872,4586391.971,41.4259131,2.1449419,Styphnolobium japonicum,32.56256199,4,Hottest
0268060AR,428549.9,4586374.564,41.4257561,2.1449084,Styphnolobium japonicum,32.50468181,4,Hottest
0268375AR,428553.913,4586449.766,41.4264338,2.1449475,Styphnolobium japonicum,32.19019427,4,Hottest
0268757AR,429655.709,4585636.228,41.4192038,2.1582269,Styphnolobium japonicum,26.78385772,1,Coolest
0269339AR,430222.911,4585072.554,41.4141765,2.1650786,Styphnolobium japonicum,29.36875232,3,Warm
0269373AR,430207.953,4585065.212,41.414109,2.1649005,Styphnolobium japonicum,29.29359903,3,Warm
0269380AR,430227.899,4585076.587,41.4142132,2.1651378,Styphnolobium japonicum,29.41352833,3,Warm
0269476AR,430212.836,4585068.021,41.4141347,2.1649586,Styphnolobium japonicum,29.32045608,3,Warm
0269562AR,429852.767,4587823.071,41.438917,2.160331,Styphnolobium japonicum,29.71064869,3,Warm
0270547AR,429833.7249999999,4587816.842,41.4388593,2.1601038,Styphnolobium japonicum,29.66147681,3,Warm
0271347AR,428729.01600000006,4585023.58,41.4136043,2.147211,Styphnolobium japonicum,27.345037,1,Coolest
0271421AR,428725.62599999993,4585019.37,41.4135661,2.1471709,Styphnolobium japonicum,27.38370523,1,Coolest
0271564AR,428731.00000000006,4585027.0,41.4136352,2.1472343,Styphnolobium japonicum,27.34726979,1,Coolest
0285747AR,428191.1979999999,4579684.878,41.3654728,2.1414093,Styphnolobium japonicum,27.74071977,1,Coolest
0285748AR,428181.349,4579688.363,41.3655033,2.1412912,Styphnolobium japonicum,27.64885241,1,Coolest
0285749AR,428172.214,4579690.406,41.3655209,2.1411817,Styphnolobium japonicum,27.59427282,1,Coolest
0286393AR,426543.492,4583761.584,41.4020413,2.1212163,Styphnolobium japonicum,28.71665439,2,Cool
0286465AR,427714.311,4579212.709,41.3611774,2.1357643,Styphnolobium japonicum,29.1594818,3,Warm
0286466AR,427708.211,4579209.119,41.3611445,2.1356918,Styphnolobium japonicum,29.16923946,3,Warm
0286470AR,427733.021,4579197.599,41.361043,2.1359897,Styphnolobium japonicum,29.15761351,3,Warm
0286471AR,427730.121,4579203.609,41.3610969,2.1359543,Styphnolobium japonicum,29.16325683,3,Warm
0286472AR,427720.401,4579224.759,41.3612865,2.1358356,Styphnolobium japonicum,29.17362746,3,Warm
0286473AR,427717.861,4579231.729,41.3613491,2.1358044,Styphnolobium japonicum,29.17825905,3,Warm
0286474AR,427715.311,4579238.309,41.3614081,2.1357732,Styphnolobium japonicum,29.18065158,3,Warm
0286475AR,427713.051,4579244.829,41.3614666,2.1357454,Styphnolobium japonicum,29.18954903,3,Warm
0286476AR,427711.431,4579249.619,41.3615096,2.1357254,Styphnolobium japonicum,29.21037141,3,Warm
0286477AR,427707.231,4579264.029,41.361639,2.1356735,Styphnolobium japonicum,29.24917626,3,Warm
0286478AR,427705.221,4579271.999,41.3617106,2.1356485,Styphnolobium japonicum,29.26677162,3,Warm
0286479AR,427703.631,4579278.599,41.3617699,2.1356287,Styphnolobium japonicum,29.30144457,3,Warm
0286480AR,427702.191,4579284.809,41.3618257,2.1356108,Styphnolobium japonicum,29.31722745,3,Warm
0286481AR,427701.031,4579291.859,41.3618891,2.1355961,Styphnolobium japonicum,29.3466464,3,Warm
0286482AR,427699.721,4579299.019,41.3619535,2.1355796,Styphnolobium japonicum,29.36335731,3,Warm
0286483AR,427698.531,4579305.749,41.362014,2.1355645,Styphnolobium japonicum,29.38757913,3,Warm
0286484AR,427697.081,4579310.709,41.3620585,2.1355466,Styphnolobium japonicum,29.40929323,3,Warm
0286489AR,427701.781,4579254.509,41.3615528,2.1356095,Styphnolobium japonicum,29.21566844,3,Warm
0286490AR,427695.4110000001,4579251.169,41.3615221,2.1355337,Styphnolobium japonicum,29.22008835,3,Warm
0286491AR,427689.351,4579247.919,41.3614923,2.1354617,Styphnolobium japonicum,29.2015676,3,Warm
0286492AR,427683.011,4579244.609,41.3614619,2.1353863,Styphnolobium japonicum,29.20686926,3,Warm
0286493AR,427677.191,4579241.359,41.3614321,2.1353171,Styphnolobium japonicum,29.20115331,3,Warm
0286494AR,427670.741,4579238.079,41.361402,2.1352404,Styphnolobium japonicum,29.21139919,3,Warm
0286495AR,427664.801,4579234.839,41.3613723,2.1351697,Styphnolobium japonicum,29.23240958,3,Warm
0286570AR,427656.211,4579240.539,41.3614229,2.1350664,Styphnolobium japonicum,29.25890549,3,Warm
0286571AR,427658.911,4579246.539,41.3614772,2.1350979,Styphnolobium japonicum,29.26132609,3,Warm
0286572AR,427661.611,4579252.539,41.3615314,2.1351295,Styphnolobium japonicum,29.26958331,3,Warm
0286573AR,427664.311,4579258.539,41.3615857,2.1351611,Styphnolobium japonicum,29.27825394,3,Warm
0286574AR,427667.011,4579264.539,41.36164,2.1351926,Styphnolobium japonicum,29.28070584,3,Warm
0286575AR,427669.711,4579270.539,41.3616943,2.1352242,Styphnolobium japonicum,29.29513203,3,Warm
0286576AR,427672.411,4579276.539,41.3617486,2.1352558,Styphnolobium japonicum,29.30302292,3,Warm
0286577AR,427675.111,4579282.539,41.3618028,2.1352873,Styphnolobium japonicum,29.31705171,3,Warm
0286578AR,427677.811,4579288.539,41.3618571,2.1353189,Styphnolobium japonicum,29.33771102,3,Warm
0286579AR,427680.511,4579294.539,41.3619114,2.1353504,Styphnolobium japonicum,29.34962884,3,Warm
0286580AR,427683.211,4579300.539,41.3619657,2.135382,Styphnolobium japonicum,29.36863116,3,Warm
0286581AR,427688.339,4579311.265,41.3620628,2.135442,Styphnolobium japonicum,29.40898068,3,Warm
0286583AR,427690.692,4579317.989,41.3621235,2.1354693,Styphnolobium japonicum,29.43706939,3,Warm
0286654AR,430015.791,4586344.682,41.425616,2.1624533,Styphnolobium japonicum,27.72415804,1,Coolest
0286678AR,429972.292,4584219.329,41.40647,2.1621789,Styphnolobium japonicum,29.00488234,3,Warm
0286697AR,429902.897,4587187.56,41.4331976,2.1610047,Styphnolobium japonicum,29.74369628,3,Warm
0286778AR,427754.191,4579289.949,41.3618767,2.1362318,Styphnolobium japonicum,29.44002526,3,Warm
0286792AR,427751.461,4579183.808,41.3609205,2.1362118,Styphnolobium japonicum,29.16747532,3,Warm
0286794AR,427744.731,4579195.859,41.3610284,2.1361299,Styphnolobium japonicum,29.16199133,3,Warm
0286795AR,427741.761,4579201.789,41.3610815,2.1360937,Styphnolobium japonicum,29.1638589,3,Warm
0286796AR,427738.76100000006,4579207.929,41.3611366,2.1360571,Styphnolobium japonicum,29.15294428,3,Warm
0286797AR,427734.911,4579215.739,41.3612066,2.1360102,Styphnolobium japonicum,29.14477028,3,Warm
0286798AR,427732.451,4579221.849,41.3612614,2.13598,Styphnolobium japonicum,29.14498474,3,Warm
0286799AR,427729.451,4579228.779,41.3613235,2.1359433,Styphnolobium japonicum,29.16701866,3,Warm
0286800AR,427726.991,4579234.869,41.3613782,2.1359132,Styphnolobium japonicum,29.18370747,3,Warm
0286801AR,427724.681,4579241.229,41.3614352,2.1358848,Styphnolobium japonicum,29.18905669,3,Warm
0286802AR,427722.321,4579247.799,41.3614942,2.1358558,Styphnolobium japonicum,29.20730476,3,Warm
0286803AR,427720.981,4579252.639,41.3615377,2.1358392,Styphnolobium japonicum,29.22442747,3,Warm
0286804AR,427719.201,4579258.069,41.3615864,2.1358173,Styphnolobium japonicum,29.24360722,3,Warm
0286806AR,427716.641,4579266.859,41.3616653,2.1357857,Styphnolobium japonicum,29.26950422,3,Warm
0286807AR,427714.921,4579273.619,41.3617261,2.1357643,Styphnolobium japonicum,29.29008547,3,Warm
0286808AR,427711.811,4579286.769,41.3618442,2.1357255,Styphnolobium japonicum,29.33280778,3,Warm
0286811AR,427710.501,4579293.339,41.3619033,2.1357091,Styphnolobium japonicum,29.35384732,3,Warm
0286815AR,427709.461,4579300.539,41.361968,2.1356958,Styphnolobium japonicum,29.37776229,3,Warm
0286816AR,427708.141,4579307.809,41.3620334,2.1356792,Styphnolobium japonicum,29.39493834,3,Warm
0286824AR,433685.134,4587492.054,41.4362613,2.2062367,Styphnolobium japonicum,28.98016148,3,Warm
0286977AR,432329.0,4581490.0,41.3820895,2.1906771,Styphnolobium japonicum,28.20090946,2,Cool
0287537AR,429187.775,4586302.874,41.4251669,2.1525499,Styphnolobium japonicum,28.3505966,2,Cool
0287927AR,430347.148,4584890.228,41.4125451,2.166586,Styphnolobium japonicum,28.70320768,2,Cool
0287928AR,430345.178,4584895.418,41.4125917,2.1665618,Styphnolobium japonicum,28.7548446,2,Cool
0287929AR,430343.058,4584900.748,41.4126395,2.1665359,Styphnolobium japonicum,28.75648461,2,Cool
0287930AR,430342.58,4584881.839,41.4124691,2.1665323,Styphnolobium japonicum,28.62727252,2,Cool
0287931AR,430335.637,4584879.066,41.4124436,2.1664496,Styphnolobium japonicum,28.61971458,2,Cool
0287932AR,430328.217,4584876.151,41.4124167,2.1663611,Styphnolobium japonicum,28.56789734,2,Cool
0287933AR,430321.631,4584873.434,41.4123916,2.1662826,Styphnolobium japonicum,28.56260374,2,Cool
0287934AR,430314.681,4584870.611,41.4123656,2.1661998,Styphnolobium japonicum,28.55295542,2,Cool
0287935AR,430312.726,4584875.762,41.4124118,2.1661758,Styphnolobium japonicum,28.53815586,2,Cool
0287936AR,430310.783,4584880.694,41.4124561,2.166152,Styphnolobium japonicum,28.53141395,2,Cool
0287937AR,430308.438,4584886.453,41.4125077,2.1661233,Styphnolobium japonicum,28.53836455,2,Cool
0287938AR,430275.982,4584872.318,41.4123776,2.1657366,Styphnolobium japonicum,28.49783913,2,Cool
0287939AR,430278.008,4584867.37,41.4123332,2.1657614,Styphnolobium japonicum,28.52479435,2,Cool
0287940AR,430280.25,4584862.317,41.4122879,2.1657888,Styphnolobium japonicum,28.53309419,2,Cool
0287941AR,430282.552,4584856.865,41.412239,2.165817,Styphnolobium japonicum,28.55069607,2,Cool
0287942AR,430276.541,4584854.45,41.4122167,2.1657454,Styphnolobium japonicum,28.53833616,2,Cool
0287943AR,430270.376,4584852.19,41.4121958,2.1656719,Styphnolobium japonicum,28.54824412,2,Cool
0287944AR,430263.895,4584849.34,41.4121696,2.1655947,Styphnolobium japonicum,28.55610822,2,Cool
0287946AR,430251.336,4584844.455,41.4121245,2.165445,Styphnolobium japonicum,28.59646656,2,Cool
0287947AR,430249.407,4584849.378,41.4121687,2.1654213,Styphnolobium japonicum,28.57793557,2,Cool
0287948AR,430247.128,4584854.928,41.4122185,2.1653934,Styphnolobium japonicum,28.54006038,2,Cool
0287949AR,430244.798,4584860.368,41.4122673,2.1653649,Styphnolobium japonicum,28.5245044,2,Cool
0288190AR,429435.365,4586253.761,41.4247463,2.1555183,Styphnolobium japonicum,29.24422474,3,Warm
0288191AR,429472.952,4586280.382,41.4249894,2.155965,Styphnolobium japonicum,29.35326208,3,Warm
0288192AR,429449.821,4586264.604,41.4248453,2.1556901,Styphnolobium japonicum,29.28071191,3,Warm
0288193AR,429455.604,4586268.549,41.4248813,2.1557588,Styphnolobium japonicum,29.2970096,3,Warm
0288194AR,429461.386,4586272.493,41.4249173,2.1558275,Styphnolobium japonicum,29.31606884,3,Warm
0288195AR,429467.169,4586276.438,41.4249534,2.1558963,Styphnolobium japonicum,29.33865065,3,Warm
0289022AR,431408.48,4583681.248,41.4017475,2.1794209,Styphnolobium japonicum,28.36864727,2,Cool
0289023AR,431345.731,4583660.193,41.4015525,2.1786726,Styphnolobium japonicum,28.71710959,2,Cool
0289254AR,430332.45,4585136.155,41.4147588,2.1663818,Styphnolobium japonicum,29.96873991,3,Warm
0289255AR,430317.91,4585130.488,41.4147065,2.1662085,Styphnolobium japonicum,29.92162314,3,Warm
0289256AR,430303.9870000001,4585127.299,41.4146766,2.1660423,Styphnolobium japonicum,29.85182597,3,Warm
0289258AR,430332.094,4585192.655,41.4152676,2.1663711,Styphnolobium japonicum,29.6577907,3,Warm
0289284AR,429104.213,4585844.803,41.4210339,2.1516036,Styphnolobium japonicum,26.72193138,1,Coolest
0289285AR,429099.752,4585839.243,41.4209834,2.1515509,Styphnolobium japonicum,26.66339025,1,Coolest
0289286AR,429095.215,4585833.609,41.4209323,2.1514973,Styphnolobium japonicum,26.58102119,1,Coolest
0289287AR,429090.353,4585827.672,41.4208784,2.1514398,Styphnolobium japonicum,26.56551494,1,Coolest
0289288AR,429086.04,4585822.259,41.4208292,2.1513888,Styphnolobium japonicum,26.4934456,1,Coolest
0289289AR,429081.697,4585816.833,41.42078,2.1513375,Styphnolobium japonicum,26.65459721,1,Coolest
0289398AR,426789.347,4580820.432,41.375574,2.1245127,Styphnolobium japonicum,29.31274063,3,Warm
0289399AR,426780.262,4580820.746,41.375576,2.124404,Styphnolobium japonicum,29.30448218,3,Warm
0289412AR,431425.97,4581493.646,41.3820459,2.1798778,Styphnolobium japonicum,29.16814398,3,Warm
0289629AR,429846.626,4580772.681,41.3754162,2.1610747,Styphnolobium japonicum,28.33064174,2,Cool
0289657AR,429040.39,4584331.834,41.4074015,2.1510174,Styphnolobium japonicum,28.93715943,3,Warm
0289658AR,429032.725,4584340.328,41.4074774,2.1509247,Styphnolobium japonicum,28.92962249,3,Warm
0289659AR,429036.5229999999,4584336.116,41.4074398,2.1509707,Styphnolobium japonicum,28.93372604,3,Warm
0289660AR,429028.857,4584344.126,41.4075112,2.150878,Styphnolobium japonicum,28.92241322,3,Warm
0289661AR,429025.525,4584346.34,41.4075309,2.1508379,Styphnolobium japonicum,28.93322819,3,Warm
0289673AR,428621.73,4583375.889,41.3987547,2.1461217,Styphnolobium japonicum,28.74974955,2,Cool
0289674AR,428894.719,4583040.329,41.3957566,2.1494264,Styphnolobium japonicum,29.7320211,3,Warm
0289675AR,428638.69500000007,4583357.627,41.3985917,2.1463268,Styphnolobium japonicum,28.7285778,2,Cool
0289924AR,427181.7249999999,4580282.328,41.3707631,2.129269,Styphnolobium japonicum,29.4552323,3,Warm
0290147AR,428149.101,4578644.214,41.3560961,2.1410293,Styphnolobium japonicum,30.86289081,4,Hottest
0290148AR,428099.39,4578617.973,41.3558553,2.1404382,Styphnolobium japonicum,31.02801519,4,Hottest
0290151AR,428079.084,4578607.113,41.3557557,2.1401967,Styphnolobium japonicum,31.22972211,4,Hottest
0290211AR,428520.75,4579988.394,41.3682358,2.1453135,Styphnolobium japonicum,27.40507579,1,Coolest
0290332AR,428536.949,4580037.451,41.368679,2.1455013,Styphnolobium japonicum,27.4406077,1,Coolest
0290405AR,430129.992,4586625.016,41.4281508,2.1637875,Styphnolobium japonicum,28.57997579,2,Cool
0290716AR,428348.15,4587297.74,41.4340528,2.1423848,Styphnolobium japonicum,27.50971612,1,Coolest
0290723AR,430438.175,4580145.098,41.3698151,2.16822,Styphnolobium japonicum,25.0212074,1,Coolest
0290724AR,430445.3,4580144.168,41.3698074,2.1683053,Styphnolobium japonicum,25.05926412,1,Coolest
0290725AR,430452.83,4580143.52,41.3698022,2.1683954,Styphnolobium japonicum,25.07632137,1,Coolest
0290726AR,430466.675,4580141.212,41.3697826,2.1685612,Styphnolobium japonicum,25.1493152,1,Coolest
0290728AR,430480.6,4580137.043,41.3697463,2.1687282,Styphnolobium japonicum,25.22548514,1,Coolest
0290729AR,430487.927,4580134.775,41.3697265,2.1688161,Styphnolobium japonicum,25.27833871,1,Coolest
0290730AR,430494.647,4580132.751,41.3697088,2.1688966,Styphnolobium japonicum,25.32746249,1,Coolest
0290732AR,430508.228,4580128.664,41.3696732,2.1690595,Styphnolobium japonicum,25.43746743,1,Coolest
0290734AR,430521.749,4580124.533,41.3696371,2.1692216,Styphnolobium japonicum,25.58714509,1,Coolest
0290735AR,430528.146,4580122.591,41.3696202,2.1692983,Styphnolobium japonicum,25.64621303,1,Coolest
0290736AR,430534.906,4580120.081,41.3695982,2.1693794,Styphnolobium japonicum,25.7541284,1,Coolest
0290737AR,430548.993,4580114.576,41.3695498,2.1695485,Styphnolobium japonicum,25.94690447,1,Coolest
0290738AR,430575.852,4580104.657,41.3694628,2.1698707,Styphnolobium japonicum,26.37796144,1,Coolest
0290739AR,430585.205,4580101.863,41.3694384,2.1699829,Styphnolobium japonicum,26.53563359,1,Coolest
0290740AR,430594.393,4580098.18,41.369406,2.1700932,Styphnolobium japonicum,26.70750728,1,Coolest
0290742AR,430599.251,4580092.229,41.3693529,2.1701519,Styphnolobium japonicum,26.83411393,1,Coolest
0290743AR,430600.911,4580084.659,41.3692848,2.1701726,Styphnolobium japonicum,26.87428684,1,Coolest
0290748AR,430555.349,4580053.327,41.3689987,2.1696315,Styphnolobium japonicum,26.32441945,1,Coolest
0290750AR,430527.983,4580039.28,41.3688698,2.1693059,Styphnolobium japonicum,26.02857972,1,Coolest
0290751AR,430517.053,4580034.099,41.3688222,2.1691758,Styphnolobium japonicum,25.94221968,1,Coolest
0290752AR,430510.819,4580030.861,41.3687925,2.1691017,Styphnolobium japonicum,25.91287921,1,Coolest
0290753AR,430537.9,4580044.543,41.3689181,2.1694239,Styphnolobium japonicum,26.13741305,1,Coolest
0290754AR,430532.8,4580041.871,41.3688936,2.1693632,Styphnolobium japonicum,26.08952716,1,Coolest
0291069AR,429728.058,4580656.881,41.3743629,2.1596704,Styphnolobium japonicum,28.39023038,2,Cool
0291070AR,429721.015,4580650.159,41.3743018,2.159587,Styphnolobium japonicum,28.43566405,2,Cool
0291082AR,429703.441,4580625.609,41.3740791,2.1593797,Styphnolobium japonicum,28.4291233,2,Cool
0291083AR,429695.276,4580617.657,41.3740068,2.159283,Styphnolobium japonicum,28.4237427,2,Cool
0291084AR,429689.653,4580611.965,41.373955,2.1592164,Styphnolobium japonicum,28.41490925,2,Cool
0291085AR,429682.343,4580605.725,41.3738982,2.1591297,Styphnolobium japonicum,28.40968056,2,Cool
0291086AR,429676.385,4580599.919,41.3738454,2.1590592,Styphnolobium japonicum,28.41011442,2,Cool
0291087AR,429670.817,4580594.54,41.3737964,2.1589932,Styphnolobium japonicum,28.40131975,2,Cool
0291088AR,429663.281,4580588.768,41.3737438,2.1589038,Styphnolobium japonicum,28.3965587,2,Cool
0291089AR,429652.46,4580600.782,41.3738511,2.158773,Styphnolobium japonicum,28.42933653,2,Cool
0291090AR,429655.145,4580608.318,41.3739192,2.1588042,Styphnolobium japonicum,28.43349064,2,Cool
0291091AR,429657.83,4580615.854,41.3739873,2.1588355,Styphnolobium japonicum,28.44450667,2,Cool
0291092AR,429660.5140000001,4580623.39,41.3740554,2.1588667,Styphnolobium japonicum,28.44923642,2,Cool
0291093AR,429663.2,4580630.926,41.3741235,2.1588979,Styphnolobium japonicum,28.40590278,2,Cool
0291094AR,429665.885,4580638.462,41.3741916,2.1589291,Styphnolobium japonicum,28.37277947,2,Cool
0291095AR,429668.57,4580645.998,41.3742597,2.1589604,Styphnolobium japonicum,28.37432538,2,Cool
0291096AR,429671.254,4580653.534,41.3743278,2.1589916,Styphnolobium japonicum,28.37564772,2,Cool
0291097AR,429673.939,4580661.07,41.3743959,2.1590228,Styphnolobium japonicum,28.38060511,2,Cool
0291098AR,429676.624,4580668.606,41.374464,2.159054,Styphnolobium japonicum,28.38055593,2,Cool
0291099AR,429679.309,4580676.143,41.3745321,2.1590853,Styphnolobium japonicum,28.3842654,2,Cool
0291100AR,429681.993,4580683.679,41.3746003,2.1591165,Styphnolobium japonicum,28.38572304,2,Cool
0291101AR,429685.376,4580690.58,41.3746627,2.1591561,Styphnolobium japonicum,28.39157017,2,Cool
0291102AR,429688.061,4580698.116,41.3747308,2.1591874,Styphnolobium japonicum,28.39458873,2,Cool
0291103AR,429690.746,4580705.652,41.3747989,2.1592186,Styphnolobium japonicum,28.39636806,2,Cool
0291112AR,429669.789,4580584.639,41.3737072,2.1589821,Styphnolobium japonicum,28.38070079,2,Cool
0291135AR,429708.075,4580630.033,41.3741194,2.1594346,Styphnolobium japonicum,28.42777069,2,Cool
0291413AR,428553.61,4586458.806,41.4265152,2.1449428,Styphnolobium japonicum,32.0646127,4,Hottest
0291547AR,428554.373,4586441.248,41.4263571,2.144954,Styphnolobium japonicum,32.2901479,4,Hottest
0291821AR,429893.436,4584699.15,41.4107847,2.1611799,Styphnolobium japonicum,28.51822735,2,Cool
0291822AR,429863.73,4584678.17,41.4105931,2.160827,Styphnolobium japonicum,29.17072902,3,Warm
0291823AR,429908.106,4584707.734,41.4108633,2.1613544,Styphnolobium japonicum,28.37864551,2,Cool
0291824AR,429879.557,4584688.823,41.4106904,2.1610151,Styphnolobium japonicum,28.92069235,3,Warm
0291825AR,429874.88,4584685.864,41.4106634,2.1609595,Styphnolobium japonicum,29.08987867,3,Warm
0291826AR,429888.999,4584696.03,41.4107562,2.1611272,Styphnolobium japonicum,28.59222796,2,Cool
0291827AR,429858.742,4584675.314,41.410567,2.1607676,Styphnolobium japonicum,29.16026133,3,Warm
0291828AR,429903.68,4584704.93,41.4108376,2.1613018,Styphnolobium japonicum,28.50480091,2,Cool
0291830AR,429847.00000000006,4584667.0,41.4104911,2.1606281,Styphnolobium japonicum,29.13694393,3,Warm
0291831AR,429838.5630000001,4584660.857,41.410435,2.1605279,Styphnolobium japonicum,29.12131802,3,Warm
0291832AR,429827.173,4584653.636,41.410369,2.1603924,Styphnolobium japonicum,29.09573998,3,Warm
0291833AR,429898.831,4584702.129,41.410812,2.1612441,Styphnolobium japonicum,28.54023364,2,Cool
0291834AR,429821.495,4584649.24,41.4103289,2.160325,Styphnolobium japonicum,29.08831828,3,Warm
0291835AR,429815.471,4584644.822,41.4102886,2.1602535,Styphnolobium japonicum,29.07947581,3,Warm
0291866AR,429869.781,4587828.334,41.4389659,2.160534,Styphnolobium japonicum,29.78293172,3,Warm
0291867AR,429861.595,4587825.972,41.4389439,2.1604363,Styphnolobium japonicum,29.74431191,3,Warm
0291974AR,430996.292,4585483.012,41.4179401,2.1742848,Styphnolobium japonicum,29.12373558,3,Warm
0292263AR,431095.879,4581969.607,41.3863045,2.1758763,Styphnolobium japonicum,28.483161,2,Cool
0292429AR,433603.768,4584289.862,41.4074134,2.2056145,Styphnolobium japonicum,26.84852039,1,Coolest
0292853AR,431329.177,4586742.841,41.4293154,2.1781247,Styphnolobium japonicum,28.41898693,2,Cool
0292854AR,431329.367,4586747.423,41.4293567,2.1781264,Styphnolobium japonicum,28.41724672,2,Cool
0292882AR,430533.143,4586609.761,41.4280484,2.1686138,Styphnolobium japonicum,28.36643654,2,Cool
0292884AR,430187.645,4586673.626,41.4285936,2.1644718,Styphnolobium japonicum,28.63993727,2,Cool
0292940AR,431175.315,4586634.587,41.4283273,2.1762957,Styphnolobium japonicum,29.27589676,3,Warm
0292941AR,431149.676,4586669.105,41.428636,2.175985,Styphnolobium japonicum,29.43441176,3,Warm
0293004AR,429872.5559999999,4586925.869,41.430838,2.1606719,Styphnolobium japonicum,29.45576592,3,Warm
0293410AR,428256.712,4583236.116,41.3974633,2.1417721,Styphnolobium japonicum,28.97056297,3,Warm
0293732AR,431192.0,4589541.0,41.4545056,2.1761644,Styphnolobium japonicum,27.63452456,1,Coolest
0293733AR,431195.00000000006,4589545.0,41.4545419,2.1761998,Styphnolobium japonicum,27.63839967,1,Coolest
0293734AR,431222.533,4589594.033,41.4549859,2.1765239,Styphnolobium japonicum,27.52155195,1,Coolest
0293735AR,431223.372,4589598.573,41.4550268,2.1765334,Styphnolobium japonicum,27.53011968,1,Coolest
0293736AR,431889.11,4589060.84,41.4502405,2.1845642,Styphnolobium japonicum,29.55888069,3,Warm
0294116AR,429830.815,4580772.775,41.3754157,2.1608857,Styphnolobium japonicum,28.36216666,2,Cool
0294248AR,430937.871,4585192.823,41.4153214,2.1736189,Styphnolobium japonicum,31.34816236,4,Hottest
0294249AR,430950.906,4585205.606,41.4154377,2.1737734,Styphnolobium japonicum,31.25758427,4,Hottest
0294250AR,430944.088,4585198.76,41.4153754,2.1736926,Styphnolobium japonicum,31.29801175,4,Hottest
0294251AR,430957.35,4585211.647,41.4154926,2.1738498,Styphnolobium japonicum,31.16650408,4,Hottest
0294292AR,430855.585,4584882.529,41.4125196,2.1726698,Styphnolobium japonicum,29.37064265,3,Warm
0294302AR,430597.432,4584575.363,41.4097309,2.1696165,Styphnolobium japonicum,28.71311375,2,Cool
0294308AR,429940.477,4585044.493,41.4138991,2.1617027,Styphnolobium japonicum,29.0318878,3,Warm
0294316AR,426808.705,4580833.379,41.3756924,2.1247426,Styphnolobium japonicum,29.23129039,3,Warm
0294335AR,427971.461,4580775.455,41.3752756,2.1386527,Styphnolobium japonicum,29.01601702,3,Warm
0294470AR,431423.349,4586382.131,41.4260747,2.1792926,Styphnolobium japonicum,29.33479377,3,Warm
0294510AR,427064.816,4580810.388,41.3755085,2.1278077,Styphnolobium japonicum,30.13128205,3,Warm
0294568AR,427203.394,4582994.184,41.3951896,2.1292023,Styphnolobium japonicum,29.55982773,3,Warm
0295449AR,430375.32100000005,4585171.905,41.4150845,2.1668906,Styphnolobium japonicum,29.95975779,3,Warm
0295600AR,432485.462,4586339.896,41.4257843,2.1920072,Styphnolobium japonicum,28.61672719,2,Cool
0295939AR,428027.07,4583634.57,41.4010315,2.138978,Styphnolobium japonicum,28.578972,2,Cool
0295940AR,428019.474,4583635.094,41.4010355,2.138887,Styphnolobium japonicum,28.58130852,2,Cool
0295941AR,428141.463,4583527.91,41.4000811,2.140359,Styphnolobium japonicum,29.13941735,3,Warm
0296298AR,427922.307,4580403.756,41.3719234,2.1381092,Styphnolobium japonicum,29.11026984,3,Warm
0296300AR,427937.867,4580364.048,41.3715672,2.1383,Styphnolobium japonicum,29.13995848,3,Warm
0296301AR,427934.635,4580372.226,41.3716405,2.1382603,Styphnolobium japonicum,29.13343501,3,Warm
0296302AR,427932.686,4580378.467,41.3716966,2.1382363,Styphnolobium japonicum,29.12700761,3,Warm
0296303AR,427927.423,4580391.436,41.3718129,2.1381718,Styphnolobium japonicum,29.11026977,3,Warm
0296304AR,427930.309,4580384.436,41.3717501,2.1382072,Styphnolobium japonicum,29.12680585,3,Warm
0296305AR,427925.112,4580397.245,41.371865,2.1381435,Styphnolobium japonicum,29.10801821,3,Warm
0296331AR,427460.463,4583746.038,41.4019845,2.132187,Styphnolobium japonicum,28.13705315,2,Cool
0296465AR,426433.06,4583849.921,41.4028268,2.1198846,Styphnolobium japonicum,28.90004149,3,Warm
0296466AR,426617.466,4583710.307,41.4015862,2.1221074,Styphnolobium japonicum,28.61930891,2,Cool
0296510AR,426681.317,4583634.722,41.4009113,2.1228803,Styphnolobium japonicum,28.59483619,2,Cool
0296594AR,429635.081,4586587.54,41.4277701,2.1578693,Styphnolobium japonicum,28.70560292,2,Cool
0296595AR,429634.084,4586593.554,41.4278242,2.1578567,Styphnolobium japonicum,28.65695539,2,Cool
0296596AR,429633.171,4586599.609,41.4278786,2.1578451,Styphnolobium japonicum,28.60154517,2,Cool
0296597AR,429632.258,4586604.72,41.4279246,2.1578336,Styphnolobium japonicum,28.55471058,2,Cool
0296862AR,429649.513,4580593.152,41.3737821,2.1587386,Styphnolobium japonicum,28.41314459,2,Cool
0296863AR,429647.186,4580586.099,41.3737183,2.1587116,Styphnolobium japonicum,28.40808649,2,Cool
0296922AR,426915.723,4582932.775,41.3946105,2.125769,Styphnolobium japonicum,29.09477406,3,Warm
0296926AR,426890.542,4582720.252,41.3926941,2.1254934,Styphnolobium japonicum,28.16007396,2,Cool
0296929AR,426964.245,4582757.583,41.393037,2.1263704,Styphnolobium japonicum,28.46301618,2,Cool
0296942AR,428233.574,4579662.397,41.3652741,2.1419186,Styphnolobium japonicum,28.14371114,2,Cool
0296943AR,428226.231,4579668.967,41.3653326,2.14183,Styphnolobium japonicum,28.03673269,2,Cool
0296944AR,428218.378,4579673.568,41.3653733,2.1417356,Styphnolobium japonicum,27.96595549,2,Cool
0297169AR,426653.636,4584017.295,41.4043544,2.1225028,Styphnolobium japonicum,28.70558974,2,Cool
0297359AR,427431.619,4583204.099,41.3971009,2.1319069,Styphnolobium japonicum,28.79155635,2,Cool
0297976AR,429623.109,4580705.404,41.3747908,2.1584099,Styphnolobium japonicum,28.38811003,2,Cool
0297977AR,429634.751,4580707.153,41.3748075,2.1585489,Styphnolobium japonicum,28.3938093,2,Cool
0297978AR,429631.525,4580700.747,41.3747496,2.1585111,Styphnolobium japonicum,28.38568157,2,Cool
0297979AR,429548.489,4580708.488,41.374812,2.1575173,Styphnolobium japonicum,28.38504016,2,Cool
0297980AR,429544.226,4580704.146,41.3747725,2.1574668,Styphnolobium japonicum,28.38411564,2,Cool
0297984AR,429383.533,4580710.41,41.3748149,2.1555447,Styphnolobium japonicum,28.59064308,2,Cool
0297985AR,429388.763,4580706.001,41.3747756,2.1556077,Styphnolobium japonicum,28.53917184,2,Cool
0298000AR,427399.736,4583403.427,41.3988933,2.1315016,Styphnolobium japonicum,28.47868723,2,Cool
0298087AR,430987.805,4585554.423,41.4185825,2.1741751,Styphnolobium japonicum,28.68423101,2,Cool
0298089AR,428585.51000000007,4579235.03,41.3614562,2.1461764,Styphnolobium japonicum,28.75026281,2,Cool
0299825AR,429115.844,4587340.115,41.4345025,2.1515675,Styphnolobium japonicum,29.11041821,3,Warm
0299826AR,429123.375,4587351.903,41.4346094,2.1516562,Styphnolobium japonicum,29.19149621,3,Warm
0299827AR,429129.326,4587358.461,41.434669,2.1517267,Styphnolobium japonicum,29.24530297,3,Warm
0299981AR,429274.303,4587449.526,41.4355019,2.1534511,Styphnolobium japonicum,29.47779123,3,Warm
0299982AR,429271.405,4587440.833,41.4354234,2.1534175,Styphnolobium japonicum,29.42923893,3,Warm
0300006AR,429121.192,4587316.696,41.4342921,2.1516342,Styphnolobium japonicum,29.0019214,3,Warm
0300010AR,429124.138,4587343.083,41.43453,2.1516664,Styphnolobium japonicum,29.10004717,3,Warm
0300032AR,429241.785,4587445.459,41.4354624,2.1530624,Styphnolobium japonicum,29.75817328,3,Warm
0300081AR,427403.324,4584483.109,41.4086178,2.1314151,Styphnolobium japonicum,29.27523341,3,Warm
0300288AR,429141.192,4587302.971,41.4341703,2.1518752,Styphnolobium japonicum,28.97183323,3,Warm
0301571AR,432236.0,4581369.0,41.3809919,2.1895785,Styphnolobium japonicum,28.45540317,2,Cool
0301573AR,432278.628,4581381.681,41.3811097,2.1900868,Styphnolobium japonicum,28.2412098,2,Cool
0301574AR,432272.445,4581379.569,41.3810901,2.1900131,Styphnolobium japonicum,28.2846929,2,Cool
0301575AR,432267.091,4581378.212,41.3810775,2.1899492,Styphnolobium japonicum,28.32435814,2,Cool
0301576AR,432255.327,4581374.743,41.3810452,2.1898089,Styphnolobium japonicum,28.38021795,2,Cool
0301577AR,432249.295,4581373.16,41.3810305,2.189737,Styphnolobium japonicum,28.39097969,2,Cool
0301578AR,432242.96,4581371.275,41.381013,2.1896614,Styphnolobium japonicum,28.41295499,2,Cool
0301638AR,430541.579,4580117.638,41.3695767,2.1694595,Styphnolobium japonicum,25.81248008,1,Coolest
0301733AR,429017.74,4584328.244,41.4073672,2.1507469,Styphnolobium japonicum,29.00143883,3,Warm
0302376AR,427785.274,4579837.666,41.3668126,2.1365382,Styphnolobium japonicum,28.21827385,2,Cool
0302406AR,428517.153,4579976.315,41.3681267,2.1452719,Styphnolobium japonicum,27.43067588,1,Coolest
0302748AR,430015.048,4586812.518,41.4298296,2.1623903,Styphnolobium japonicum,29.1496871,3,Warm
0302981AR,429601.302,4585601.181,41.4188834,2.1575799,Styphnolobium japonicum,27.46174699,1,Coolest
0303104AR,433110.927,4585175.554,41.4153497,2.1996206,Styphnolobium japonicum,28.53131485,2,Cool
0303168AR,429120.516,4579927.852,41.3677435,2.1524913,Styphnolobium japonicum,27.44097967,1,Coolest
0303169AR,429118.422,4579932.156,41.3677821,2.1524657,Styphnolobium japonicum,27.46334216,1,Coolest
0303171AR,429098.389,4579973.231,41.3681503,2.1522214,Styphnolobium japonicum,27.43120767,1,Coolest
0303172AR,429089.196,4579969.045,41.3681118,2.152112,Styphnolobium japonicum,27.33076814,1,Coolest
0303174AR,429071.631,4579960.084,41.3680295,2.151903,Styphnolobium japonicum,27.21489575,1,Coolest
0303175AR,429062.476,4579955.879,41.3679908,2.1517941,Styphnolobium japonicum,27.14358347,1,Coolest
0303176AR,429053.71,4579951.357,41.3679493,2.1516898,Styphnolobium japonicum,27.09539435,1,Coolest
0303177AR,429044.789,4579946.76,41.3679071,2.1515837,Styphnolobium japonicum,27.09338128,1,Coolest
0303178AR,429035.791,4579942.398,41.3678671,2.1514766,Styphnolobium japonicum,27.08076214,1,Coolest
0303189AR,429133.525,4579900.644,41.3674996,2.15265,Styphnolobium japonicum,27.35576208,1,Coolest
0303190AR,429131.462,4579904.995,41.3675386,2.1526248,Styphnolobium japonicum,27.37887047,1,Coolest
0303192AR,429122.323,4579900.376,41.3674962,2.1525161,Styphnolobium japonicum,27.28772265,1,Coolest
0303197AR,429127.203,4579913.956,41.3676189,2.1525728,Styphnolobium japonicum,27.42621294,1,Coolest
0303199AR,429100.533,4579900.452,41.367495,2.1522555,Styphnolobium japonicum,27.14531535,1,Coolest
0303200AR,429118.134,4579909.384,41.367577,2.1524649,Styphnolobium japonicum,27.31368704,1,Coolest
0303201AR,429113.865,4579941.566,41.3678664,2.1524101,Styphnolobium japonicum,27.44940888,1,Coolest
0303495AR,430317.948,4581332.2,41.3804966,2.1666461,Styphnolobium japonicum,29.08663607,3,Warm
0303500AR,431036.272,4580862.46,41.3763277,2.1752894,Styphnolobium japonicum,27.78043526,1,Coolest
0303501AR,431038.249,4580869.984,41.3763956,2.1753122,Styphnolobium japonicum,27.708914,1,Coolest
0303885AR,433990.548,4585915.437,41.4220864,2.2100642,Styphnolobium japonicum,28.45783112,2,Cool
0303929AR,427802.606,4585157.733,41.4147298,2.1361113,Styphnolobium japonicum,29.85129764,3,Warm
0303930AR,427814.387,4585119.071,41.4143827,2.1362568,Styphnolobium japonicum,29.53284556,3,Warm
0303931AR,427816.253,4585113.647,41.414334,2.1362798,Styphnolobium japonicum,29.47801225,3,Warm
0303932AR,427817.858,4585107.703,41.4142806,2.1362997,Styphnolobium japonicum,29.40345045,3,Warm
0303933AR,427804.017,4585131.437,41.4144931,2.1361313,Styphnolobium japonicum,29.59776036,3,Warm
0303934AR,427823.112,4585069.58,41.4139377,2.1363671,Styphnolobium japonicum,28.94312243,3,Warm
0303935AR,427842.495,4585026.192,41.4135487,2.1366042,Styphnolobium japonicum,28.53308208,2,Cool
0303936AR,427847.71,4585007.857,41.413384,2.1366688,Styphnolobium japonicum,28.39823489,2,Cool
0303937AR,427849.139,4584983.044,41.4131607,2.1366888,Styphnolobium japonicum,28.29364275,2,Cool
0303938AR,427855.283,4584984.854,41.4131775,2.1367621,Styphnolobium japonicum,28.29663062,2,Cool
0303939AR,427857.011,4584979.108,41.4131259,2.1367835,Styphnolobium japonicum,28.27324078,2,Cool
0303940AR,427850.687,4584977.663,41.4131123,2.136708,Styphnolobium japonicum,28.27637391,2,Cool
0303942AR,427869.3,4584936.871,41.4127466,2.1369355,Styphnolobium japonicum,28.12922527,2,Cool
0303943AR,427870.913,4584910.488,41.4125091,2.136958,Styphnolobium japonicum,28.05270648,2,Cool
0303944AR,427879.306,4584905.626,41.4124661,2.137059,Styphnolobium japonicum,28.02434531,2,Cool
0303950AR,427888.286,4584875.874,41.412199,2.13717,Styphnolobium japonicum,27.90624643,2,Cool
0303951AR,427892.079,4584861.65,41.4120712,2.137217,Styphnolobium japonicum,27.84039594,2,Cool
0303952AR,427887.648,4584855.305,41.4120136,2.1371648,Styphnolobium japonicum,27.83047245,2,Cool
0304022AR,429626.696,4580758.103,41.3752657,2.1584467,Styphnolobium japonicum,28.39743107,2,Cool
0304023AR,429634.956,4580773.886,41.3754086,2.1585436,Styphnolobium japonicum,28.43748489,2,Cool
0304024AR,429657.846,4580773.735,41.3754093,2.1588173,Styphnolobium japonicum,28.44350147,2,Cool
0304116AR,426938.505,4582229.724,41.3882805,2.1261263,Styphnolobium japonicum,28.83516315,2,Cool
0304168AR,426539.181,4582107.686,41.3871449,2.1213653,Styphnolobium japonicum,29.9747479,3,Warm
0304169AR,426520.12,4582101.518,41.3870877,2.1211381,Styphnolobium japonicum,30.09630965,3,Warm
0304170AR,426514.608,4582099.812,41.3870718,2.1210724,Styphnolobium japonicum,30.14943788,3,Warm
0304171AR,426510.713,4582098.759,41.3870619,2.121026,Styphnolobium japonicum,30.15194704,3,Warm
0304480AR,431399.158,4586771.896,41.4295831,2.1789589,Styphnolobium japonicum,28.40480828,2,Cool
0304874AR,429447.243,4580775.573,41.3754074,2.1562989,Styphnolobium japonicum,28.49248516,2,Cool
0304942AR,429000.0,4584286.0,41.4069852,2.1505396,Styphnolobium japonicum,28.95137415,3,Warm
0305215AR,429368.307,4580831.227,41.3759017,2.1553485,Styphnolobium japonicum,28.31982376,2,Cool
0305359AR,430652.0,4581437.0,41.3814694,2.1706288,Styphnolobium japonicum,29.30500822,3,Warm
0305360AR,430654.0,4581436.0,41.3814605,2.1706528,Styphnolobium japonicum,29.30050512,3,Warm
0305361AR,430652.0,4581432.0,41.3814243,2.1706293,Styphnolobium japonicum,29.31002027,3,Warm
0305362AR,430654.0,4581431.0,41.3814155,2.1706534,Styphnolobium japonicum,29.30652241,3,Warm
0305364AR,430665.0,4581427.0,41.3813804,2.1707854,Styphnolobium japonicum,29.26006,3,Warm
0305365AR,430665.0,4581430.0,41.3814074,2.170785,Styphnolobium japonicum,29.25013783,3,Warm
0305366AR,430664.0,4581438.0,41.3814794,2.1707721,Styphnolobium japonicum,29.25434641,3,Warm
0305367AR,430665.0,4581440.0,41.3814975,2.1707839,Styphnolobium japonicum,29.24557321,3,Warm
0305369AR,430678.0,4581424.0,41.3813545,2.1709412,Styphnolobium japonicum,29.20253169,3,Warm
0305370AR,430678.0,4581427.0,41.3813815,2.1709408,Styphnolobium japonicum,29.20035418,3,Warm
0305371AR,430659.00000000006,4581457.0,41.3816501,2.1707102,Styphnolobium japonicum,29.25947305,3,Warm
0305372AR,430661.0,4581456.0,41.3816413,2.1707342,Styphnolobium japonicum,29.24868284,3,Warm
0305373AR,430658.0,4581450.0,41.381587,2.170699,Styphnolobium japonicum,29.27254086,3,Warm
0305375AR,430670.0,4581448.0,41.38157,2.1708428,Styphnolobium japonicum,29.21768515,3,Warm
0305376AR,430670.0,4581446.0,41.381552,2.170843,Styphnolobium japonicum,29.22118205,3,Warm
0305392AR,431066.809,4585336.323,41.416625,2.1751452,Styphnolobium japonicum,29.45784874,3,Warm
0307676AR,434225.952,4585191.062,41.4155814,2.2129598,Styphnolobium japonicum,27.64802415,1,Coolest
0309172AR,430963.84799999994,4585217.644,41.4155472,2.1739269,Styphnolobium japonicum,31.09400358,4,Hottest
0309173AR,430976.85,4585230.479,41.4156639,2.174081,Styphnolobium japonicum,30.93191145,4,Hottest
0309225AR,429316.762,4587561.246,41.4365119,2.1539462,Styphnolobium japonicum,29.47145103,3,Warm
0309226AR,429322.389,4587564.576,41.4365424,2.1540132,Styphnolobium japonicum,29.41223602,3,Warm
0309275AR,428077.89700000006,4586160.209,41.4237834,2.1392857,Styphnolobium japonicum,29.3225343,3,Warm
0309276AR,428074.265,4586153.249,41.4237204,2.1392431,Styphnolobium japonicum,29.35594327,3,Warm
0309278AR,428067.058,4586139.069,41.423592,2.1391585,Styphnolobium japonicum,29.37473745,3,Warm
0309279AR,428063.537,4586131.732,41.4235256,2.1391173,Styphnolobium japonicum,29.37171268,3,Warm
0309281AR,428085.067,4586175.644,41.423923,2.1393697,Styphnolobium japonicum,29.23556138,3,Warm
0309297AR,428724.116,4579224.691,41.3613754,2.1478346,Styphnolobium japonicum,28.45119652,2,Cool
0309642AR,429359.966,4587518.938,41.4361346,2.1544682,Styphnolobium japonicum,29.20321047,3,Warm
0309766AR,430011.631,4586225.158,41.4245391,2.1624174,Styphnolobium japonicum,27.17554083,1,Coolest
0309945AR,429210.998,4586306.095,41.425198,2.1528274,Styphnolobium japonicum,28.47883049,2,Cool
0309979AR,429126.937,4580304.978,41.3711407,2.1525239,Styphnolobium japonicum,30.55731635,4,Hottest
0309980AR,429121.067,4580300.746,41.3711021,2.1524543,Styphnolobium japonicum,30.52868257,4,Hottest
0309998AR,430628.427,4584543.117,41.4094431,2.169991,Styphnolobium japonicum,28.4934329,2,Cool
0310017AR,426877.484,4584061.081,41.4047691,2.1251753,Styphnolobium japonicum,28.05176217,2,Cool
0310053AR,427642.691,4580669.618,41.3742928,2.1347342,Styphnolobium japonicum,29.13707222,3,Warm
0310054AR,427646.784,4580676.492,41.3743551,2.1347823,Styphnolobium japonicum,29.10265035,3,Warm
0310055AR,427650.8769999999,4580683.365,41.3744174,2.1348305,Styphnolobium japonicum,29.06809782,3,Warm
0310056AR,427654.97,4580690.239,41.3744797,2.1348786,Styphnolobium japonicum,29.05138523,3,Warm
0310129AR,430186.782,4585139.423,41.4147756,2.1646386,Styphnolobium japonicum,29.32767765,3,Warm
0310146AR,428141.856,4579229.167,41.3613639,2.1408734,Styphnolobium japonicum,29.83033637,3,Warm
0310147AR,428137.925,4579226.945,41.3613436,2.1408267,Styphnolobium japonicum,29.81291333,3,Warm
0310181AR,428212.455,4579414.171,41.3630365,2.1416955,Styphnolobium japonicum,29.60086341,3,Warm
0310182AR,428165.532,4579558.619,41.3643333,2.1411174,Styphnolobium japonicum,28.27595472,2,Cool
0310187AR,427181.39,4580819.576,41.3756018,2.1292005,Styphnolobium japonicum,29.91523913,3,Warm
0310251AR,429713.714,4580643.778,41.3742437,2.1595004,Styphnolobium japonicum,28.43847307,2,Cool
0311346AR,429606.751,4584721.791,41.4109635,2.1577475,Styphnolobium japonicum,28.39035871,2,Cool
0311347AR,429603.291,4584726.756,41.4110079,2.1577055,Styphnolobium japonicum,28.38839337,2,Cool
0311413AR,430473.668,4586596.703,41.4279256,2.1679035,Styphnolobium japonicum,28.2787028,2,Cool
0311415AR,430539.671,4586618.917,41.4281314,2.1686908,Styphnolobium japonicum,28.42292304,2,Cool
0311957AR,428365.041,4585441.941,41.4173399,2.1428068,Styphnolobium japonicum,27.8463723,2,Cool
0311977AR,428461.727,4585468.928,41.4175916,2.1439604,Styphnolobium japonicum,27.49127558,1,Coolest
0313919AR,429627.542,4586214.84,41.4244127,2.1578225,Styphnolobium japonicum,29.06628222,3,Warm
0314740AR,429338.916,4587546.514,41.4363812,2.1542131,Styphnolobium japonicum,29.28317017,3,Warm
0315355AR,428548.075,4586366.206,41.4256807,2.1448875,Styphnolobium japonicum,32.43630928,4,Hottest
0315356AR,428546.134,4586357.345,41.4256007,2.1448654,Styphnolobium japonicum,32.36053916,4,Hottest
0315357AR,428543.344,4586348.234,41.4255184,2.1448331,Styphnolobium japonicum,32.25936223,4,Hottest
0316056AR,427526.64,4580464.228,41.3724325,2.1333712,Styphnolobium japonicum,29.24354727,3,Warm
0317244AR,432013.896,4590803.745,41.4659487,2.1858617,Styphnolobium japonicum,29.29188736,3,Warm
0317348AR,432108.498,4588199.905,41.4425049,2.1872873,Styphnolobium japonicum,28.76843958,2,Cool
0317349AR,432121.83,4588198.367,41.4424922,2.187447,Styphnolobium japonicum,28.70170717,2,Cool
0317350AR,432133.248,4588197.916,41.4424891,2.1875837,Styphnolobium japonicum,28.77137906,2,Cool
0319339AR,428582.318,4580109.714,41.3693339,2.1460353,Styphnolobium japonicum,27.81066319,1,Coolest
0319817AR,429842.435,4581149.131,41.3788064,2.160981,Styphnolobium japonicum,29.20793801,3,Warm
0319818AR,429827.833,4581149.901,41.3788121,2.1608063,Styphnolobium japonicum,29.19436267,3,Warm
0319820AR,429847.849,4581110.206,41.3784563,2.1610503,Styphnolobium japonicum,29.32989198,3,Warm
0320706AR,429880.9,4586913.843,41.4307305,2.1607732,Styphnolobium japonicum,29.44679259,3,Warm
0320707AR,429876.685,4586919.842,41.4307841,2.160722,Styphnolobium japonicum,29.45574699,3,Warm
0320757AR,426917.828,4582927.481,41.394563,2.1257948,Styphnolobium japonicum,29.09113563,3,Warm
0320798AR,428539.046,4587243.533,41.4335816,2.1446758,Styphnolobium japonicum,28.7750977,2,Cool
0321089AR,429218.8680000001,4584138.289,41.4056741,2.1531752,Styphnolobium japonicum,29.42137235,3,Warm
0321140AR,429753.207,4581245.14,41.3796634,2.1599029,Styphnolobium japonicum,28.65762071,2,Cool
0321918AR,433742.221,4583325.276,41.398737,2.2073764,Styphnolobium japonicum,27.23288061,1,Coolest
0321919AR,433742.34,4583337.292,41.3988453,2.2073765,Styphnolobium japonicum,27.26916216,1,Coolest
0321979AR,427813.962,4581930.235,41.3856621,2.1366319,Styphnolobium japonicum,28.94954503,3,Warm
0321980AR,427813.962,4581930.235,41.3856621,2.1366319,Styphnolobium japonicum,28.94954503,3,Warm
0322061AR,428367.095,4585558.175,41.418387,2.1428176,Styphnolobium japonicum,27.68676586,1,Coolest
0322062AR,428374.139,4585566.989,41.418467,2.1429008,Styphnolobium japonicum,27.59154525,1,Coolest
0322063AR,428382.542,4585577.878,41.4185658,2.1430001,Styphnolobium japonicum,27.50635346,1,Coolest
0322064AR,428389.85,4585590.205,41.4186775,2.1430861,Styphnolobium japonicum,27.40036151,1,Coolest
0322864AR,429305.783,4586684.802,41.4286172,2.1539173,Styphnolobium japonicum,28.87152014,2,Cool
0322865AR,429292.499,4586638.975,41.4282033,2.1537637,Styphnolobium japonicum,28.6590303,2,Cool
0322866AR,429291.013,4586631.409,41.428135,2.1537468,Styphnolobium japonicum,28.62936243,2,Cool
0322867AR,429218.339,4586579.872,41.4276644,2.1528832,Styphnolobium japonicum,28.63140879,2,Cool
0322868AR,429208.689,4586569.73,41.4275722,2.1527689,Styphnolobium japonicum,28.64055164,2,Cool
0322869AR,429213.584,4586574.751,41.4276179,2.1528269,Styphnolobium japonicum,28.63567768,2,Cool
0322871AR,429193.9870000001,4586554.792,41.4274364,2.1525947,Styphnolobium japonicum,28.69046012,2,Cool
0322872AR,429151.285,4586503.437,41.4269701,2.1520897,Styphnolobium japonicum,28.73216173,2,Cool
0322873AR,429148.561,4586497.457,41.426916,2.1520578,Styphnolobium japonicum,28.72165627,2,Cool
0322874AR,429141.627,4586483.399,41.4267887,2.1519765,Styphnolobium japonicum,28.67968456,2,Cool
0322875AR,429145.416,4586490.717,41.426855,2.152021,Styphnolobium japonicum,28.69736735,2,Cool
0324138AR,428228.529,4585570.481,41.4184854,2.1411582,Styphnolobium japonicum,28.48079499,2,Cool
0324139AR,428236.219,4585562.675,41.4184158,2.1412511,Styphnolobium japonicum,28.4832235,2,Cool
0324140AR,428247.648,4585552.751,41.4183275,2.141389,Styphnolobium japonicum,28.46300534,2,Cool
0324141AR,428256.651,4585547.406,41.4182801,2.1414974,Styphnolobium japonicum,28.44070023,2,Cool
0324142AR,428270.501,4585541.201,41.4182255,2.1416638,Styphnolobium japonicum,28.38302409,2,Cool
0324143AR,428279.75,4585538.734,41.4182041,2.1417748,Styphnolobium japonicum,28.3347392,2,Cool
0324144AR,428291.418,4585537.021,41.4181897,2.1419146,Styphnolobium japonicum,28.26988961,2,Cool
0324145AR,428303.392,4585536.626,41.4181872,2.1420579,Styphnolobium japonicum,28.19854573,2,Cool
0324146AR,428316.912,4585537.64,41.4181975,2.1422196,Styphnolobium japonicum,28.10091473,2,Cool
0324147AR,428329.742,4585540.336,41.418223,2.1423728,Styphnolobium japonicum,28.00516968,2,Cool
0324148AR,428341.128,4585542.794,41.4182461,2.1425087,Styphnolobium japonicum,27.91688702,2,Cool
0324149AR,428353.341,4585461.541,41.4175154,2.1426645,Styphnolobium japonicum,27.90293328,2,Cool
0324150AR,428359.077,4585451.877,41.4174289,2.1427342,Styphnolobium japonicum,27.86333852,2,Cool
0324151AR,428468.526,4585365.724,41.4166627,2.144054,Styphnolobium japonicum,27.8939309,2,Cool
0324152AR,428406.795,4585613.526,41.418889,2.143286,Styphnolobium japonicum,27.21453884,1,Coolest
0324153AR,428412.643,4585622.482,41.4189702,2.143355,Styphnolobium japonicum,27.15050499,1,Coolest
0324154AR,428419.523,4585632.343,41.4190596,2.1434361,Styphnolobium japonicum,27.09659116,1,Coolest
0324155AR,428430.663,4585647.572,41.4191978,2.1435676,Styphnolobium japonicum,27.00407354,1,Coolest
0325342AR,427856.125,4586714.167,41.4287527,2.1365659,Styphnolobium japonicum,28.85845325,2,Cool
0329442AR,432043.024,4584127.92,41.4058244,2.1869612,Styphnolobium japonicum,29.21064034,3,Warm
0329503AR,432043.471,4584191.997,41.4064016,2.1869594,Styphnolobium japonicum,29.18243261,3,Warm
0329504AR,432043.429,4584187.498,41.406361,2.1869594,Styphnolobium japonicum,29.19721465,3,Warm
0329505AR,432042.98300000007,4584139.252,41.4059265,2.1869594,Styphnolobium japonicum,29.20963741,3,Warm
0329506AR,432042.942,4584134.753,41.4058859,2.1869595,Styphnolobium japonicum,29.21484559,3,Warm
0329617AR,428221.433,4579361.487,41.3625628,2.1418091,Styphnolobium japonicum,30.25770399,4,Hottest
0329618AR,428222.679,4579366.106,41.3626045,2.1418234,Styphnolobium japonicum,30.1982908,3,Warm
0329619AR,428221.637,4579370.383,41.3626429,2.1418104,Styphnolobium japonicum,30.16251578,3,Warm
0329620AR,428217.067,4579360.724,41.3625555,2.141757,Styphnolobium japonicum,30.24923453,4,Hottest
0329736AR,427902.293,4584806.65,41.4115767,2.1373458,Styphnolobium japonicum,27.61681511,1,Coolest
0329737AR,427910.295,4584801.655,41.4115325,2.1374421,Styphnolobium japonicum,27.60807133,1,Coolest
0329738AR,427909.667,4584782.435,41.4113593,2.1374369,Styphnolobium japonicum,27.56371772,1,Coolest
0329739AR,427915.772,4584783.67,41.411371,2.1375098,Styphnolobium japonicum,27.58006116,1,Coolest
0329740AR,427912.027,4584774.684,41.4112897,2.137466,Styphnolobium japonicum,27.54727865,1,Coolest
0329741AR,427918.709,4584774.026,41.4112844,2.1375461,Styphnolobium japonicum,27.57911831,1,Coolest
0329742AR,427914.089,4584767.913,41.4112289,2.1374915,Styphnolobium japonicum,27.55163609,1,Coolest
0329743AR,427924.863,4584732.533,41.4109112,2.1376246,Styphnolobium japonicum,27.64506147,1,Coolest
0329744AR,427930.949,4584733.83,41.4109234,2.1376973,Styphnolobium japonicum,27.68272931,1,Coolest
0329745AR,427927.776,4584722.966,41.4108253,2.1376606,Styphnolobium japonicum,27.69192149,1,Coolest
0329746AR,427930.735,4584713.25,41.4107381,2.1376972,Styphnolobium japonicum,27.76215207,1,Coolest
0329747AR,427936.642,4584715.134,41.4107556,2.1377676,Styphnolobium japonicum,27.80215197,1,Coolest
0331371AR,426580.037,4581565.161,41.3822624,2.1219197,Styphnolobium japonicum,29.34830301,3,Warm
0331372AR,426556.795,4581555.52,41.3821734,2.1216429,Styphnolobium japonicum,29.53501723,3,Warm
0331373AR,426549.89,4581546.957,41.3820957,2.1215614,Styphnolobium japonicum,29.63080941,3,Warm
0331374AR,426542.969,4581538.376,41.3820178,2.1214797,Styphnolobium japonicum,29.72251753,3,Warm
0331375AR,426593.344,4581582.938,41.3824237,2.1220767,Styphnolobium japonicum,29.27559441,3,Warm
0331376AR,426583.408,4581590.187,41.3824881,2.121957,Styphnolobium japonicum,29.3279388,3,Warm
0331377AR,426576.875,4581581.427,41.3824086,2.1218799,Styphnolobium japonicum,29.40964944,3,Warm
0331378AR,426570.302,4581572.697,41.3823294,2.1218024,Styphnolobium japonicum,29.40786642,3,Warm
0331379AR,426606.187,4581600.973,41.3825873,2.1222281,Styphnolobium japonicum,29.24625828,3,Warm
0331380AR,426589.797,4581599.045,41.3825685,2.1220323,Styphnolobium japonicum,29.27354851,3,Warm
0331381AR,426599.818,4581591.914,41.3825051,2.122153,Styphnolobium japonicum,29.23540294,3,Warm
0331382AR,426586.764,4581574.04,41.382343,2.1219991,Styphnolobium japonicum,29.27525129,3,Warm
0331383AR,426602.302,4581619.062,41.3827499,2.1221794,Styphnolobium japonicum,29.30202729,3,Warm
0331384AR,426595.994,4581608.01,41.3826498,2.1221053,Styphnolobium japonicum,29.28441468,3,Warm
0331385AR,426600.496,4581639.239,41.3829314,2.1221554,Styphnolobium japonicum,29.31870991,3,Warm
0331871AR,427999.525,4577889.382,41.3492842,2.1393309,Styphnolobium japonicum,30.50341607,4,Hottest
0331873AR,427990.686,4577901.194,41.3493898,2.1392238,Styphnolobium japonicum,30.41536038,4,Hottest
0331874AR,427986.114,4577905.385,41.3494272,2.1391687,Styphnolobium japonicum,30.41913713,4,Hottest
0331875AR,427983.3709999999,4577911.938,41.3494859,2.1391351,Styphnolobium japonicum,30.40351065,4,Hottest
0331876AR,427978.342,4577916.586,41.3495274,2.1390745,Styphnolobium japonicum,30.40784244,4,Hottest
0331877AR,427976.208,4577922.377,41.3495793,2.1390483,Styphnolobium japonicum,30.39174098,4,Hottest
0331878AR,427970.569,4577927.102,41.3496214,2.1389803,Styphnolobium japonicum,30.41944507,4,Hottest
0331880AR,427925.317,4577991.488,41.3501972,2.1384318,Styphnolobium japonicum,31.04713119,4,Hottest
0331881AR,427930.894,4577986.748,41.350155,2.138499,Styphnolobium japonicum,30.91780231,4,Hottest
0331882AR,427933.264,4577980.055,41.350095,2.1385281,Styphnolobium japonicum,30.84937661,4,Hottest
0331883AR,427938.5630000001,4577976.15,41.3500603,2.1385919,Styphnolobium japonicum,30.77868279,4,Hottest
0331884AR,427940.933,4577969.876,41.350004,2.138621,Styphnolobium japonicum,30.76614785,4,Hottest
0333424AR,431125.587,4585544.667,41.4185065,2.1758248,Styphnolobium japonicum,28.80629112,2,Cool
0333503AR,429016.258,4585874.598,41.4212945,2.1505477,Styphnolobium japonicum,25.44773256,1,Coolest
0333504AR,429008.35,4585869.521,41.421248,2.1504537,Styphnolobium japonicum,25.26484961,1,Coolest
0333505AR,429014.208,4585867.666,41.4212318,2.150524,Styphnolobium japonicum,25.35728434,1,Coolest
0333989AR,429266.321,4587383.717,41.4349085,2.1533633,Styphnolobium japonicum,28.95402631,3,Warm
0334258AR,429570.94,4579449.29,41.3634728,2.157932,Styphnolobium japonicum,27.61036185,1,Coolest
0334259AR,429570.94,4579449.29,41.3634728,2.157932,Styphnolobium japonicum,27.61036185,1,Coolest
0335489AR,430171.512,4584769.048,41.4114384,2.1644987,Styphnolobium japonicum,29.12700396,3,Warm
0335943AR,428496.493,4585331.6,41.4163578,2.1443926,Styphnolobium japonicum,28.04048917,2,Cool
0335944AR,428496.493,4585331.6,41.4163578,2.1443926,Styphnolobium japonicum,28.04048917,2,Cool
0338306AR,427836.989,4579404.177,41.3629129,2.137208,Styphnolobium japonicum,29.3888711,3,Warm
0338576AR,430538.699,4586612.016,41.4280692,2.16868,Styphnolobium japonicum,28.37608434,2,Cool
0340754AR,430110.797,4584407.216,41.4081743,2.1638141,Styphnolobium japonicum,28.88621648,2,Cool
0340767AR,430083.365,4584344.953,41.4076111,2.1634931,Styphnolobium japonicum,28.87202718,2,Cool
0340826AR,430095.415,4584472.972,41.4087652,2.1636225,Styphnolobium japonicum,28.7484095,2,Cool
0341368AR,427523.779,4583686.275,41.401452,2.1329515,Styphnolobium japonicum,28.48683032,2,Cool
0341369AR,427523.779,4583686.275,41.401452,2.1329515,Styphnolobium japonicum,28.48683032,2,Cool
0341631AR,427923.796,4578248.076,41.3525081,2.1383831,Styphnolobium japonicum,30.92491455,4,Hottest
0341632AR,427928.724,4578249.187,41.3525185,2.1384419,Styphnolobium japonicum,30.94326806,4,Hottest
0341633AR,427935.68,4578251.179,41.3525371,2.1385248,Styphnolobium japonicum,31.00338172,4,Hottest
0341634AR,428010.05,4578267.736,41.3526929,2.1394118,Styphnolobium japonicum,31.09481741,4,Hottest
0341635AR,428015.361,4578269.014,41.3527049,2.1394751,Styphnolobium japonicum,31.10539939,4,Hottest
0341636AR,428025.496,4578272.274,41.3527351,2.1395959,Styphnolobium japonicum,31.10852235,4,Hottest
0341842AR,427955.284,4578256.051,41.3525827,2.1387586,Styphnolobium japonicum,31.03641812,4,Hottest
0344050AR,431269.748,4583676.903,41.4016965,2.1777618,Styphnolobium japonicum,29.52207163,3,Warm
0344051AR,431260.376,4583667.754,41.4016133,2.1776508,Styphnolobium japonicum,29.61137155,3,Warm
0344052AR,431253.936,4583661.467,41.4015561,2.1775744,Styphnolobium japonicum,29.65536424,3,Warm
0344053AR,431247.495,4583655.181,41.401499,2.1774981,Styphnolobium japonicum,29.68648131,3,Warm
0344054AR,431241.055,4583648.894,41.4014418,2.1774218,Styphnolobium japonicum,29.72212112,3,Warm
0344055AR,431234.614,4583642.608,41.4013846,2.1773455,Styphnolobium japonicum,29.76383907,3,Warm
0344056AR,431228.174,4583636.321,41.4013274,2.1772691,Styphnolobium japonicum,29.78157424,3,Warm
0344057AR,431221.733,4583630.035,41.4012703,2.1771928,Styphnolobium japonicum,29.78582862,3,Warm
0344058AR,431215.293,4583623.748,41.4012131,2.1771165,Styphnolobium japonicum,29.78209617,3,Warm
0344059AR,431208.853,4583617.462,41.4011559,2.1770402,Styphnolobium japonicum,29.77564953,3,Warm
0344060AR,431202.412,4583611.175,41.4010987,2.1769638,Styphnolobium japonicum,29.76508678,3,Warm
0344061AR,431195.972,4583604.888,41.4010416,2.1768875,Styphnolobium japonicum,29.726837,3,Warm
0344062AR,431170.312,4583608.577,41.4010726,2.1765801,Styphnolobium japonicum,29.73000574,3,Warm
0344063AR,431177.89700000006,4583615.997,41.4011401,2.17667,Styphnolobium japonicum,29.7795787,3,Warm
0344064AR,431182.968,4583620.96,41.4011852,2.1767301,Styphnolobium japonicum,29.81001517,3,Warm
0344065AR,431188.287,4583626.164,41.4012325,2.1767932,Styphnolobium japonicum,29.84526202,3,Warm
0344887AR,431858.598,4583707.144,41.402019,2.1848023,Styphnolobium japonicum,27.48811085,1,Coolest
0345717AR,432042.391,4583682.727,41.4018146,2.1870036,Styphnolobium japonicum,28.93992994,3,Warm
0345722AR,432046.988,4583679.047,41.4017819,2.187059,Styphnolobium japonicum,28.98570477,3,Warm
0345728AR,431998.607,4583683.904,41.4018215,2.1864797,Styphnolobium japonicum,29.0847712,3,Warm
0345731AR,432177.829,4583845.751,41.4032944,2.1886055,Styphnolobium japonicum,27.89443644,2,Cool
0345814AR,433318.968,4585148.247,41.4151211,2.2021128,Styphnolobium japonicum,30.07481328,3,Warm
0345815AR,433316.74,4585144.015,41.4150827,2.2020866,Styphnolobium japonicum,30.04944582,3,Warm
0346077AR,430616.296,4588170.023,41.4421082,2.1694297,Styphnolobium japonicum,30.17282045,3,Warm
0346410AR,432428.675,4584250.122,41.4069575,2.1915611,Styphnolobium japonicum,27.76736867,1,Coolest
0346411AR,432428.294,4584255.837,41.407009,2.1915559,Styphnolobium japonicum,27.65538912,1,Coolest
0346412AR,432421.055,4584252.408,41.4069775,2.1914696,Styphnolobium japonicum,27.72931449,1,Coolest
0346413AR,432363.303,4584183.024,41.4063477,2.1907865,Styphnolobium japonicum,27.70717538,1,Coolest
0346414AR,432360.059,4584188.862,41.4064,2.190747,Styphnolobium japonicum,27.64590311,1,Coolest
0346415AR,432378.143,4584204.189,41.4065396,2.1909617,Styphnolobium japonicum,27.5834895,1,Coolest
0346416AR,432370.52,4584203.378,41.4065316,2.1908706,Styphnolobium japonicum,27.56679794,1,Coolest
0346417AR,432191.948,4584027.888,41.404936,2.188754,Styphnolobium japonicum,28.16672782,2,Cool
0346418AR,432179.135,4584016.21,41.4048298,2.188602,Styphnolobium japonicum,28.46666519,2,Cool
0346948AR,429553.783,4580933.725,41.3768411,2.1575544,Styphnolobium japonicum,28.17194681,2,Cool
0346949AR,429244.712,4580814.165,41.3757372,2.1538727,Styphnolobium japonicum,28.88552097,2,Cool
0346950AR,429544.562,4580929.784,41.3768048,2.1574446,Styphnolobium japonicum,28.18309133,2,Cool
0346951AR,429444.299,4580913.959,41.3766535,2.1562476,Styphnolobium japonicum,28.40057437,2,Cool
0346952AR,429420.635,4580893.431,41.3764665,2.155967,Styphnolobium japonicum,28.40371575,2,Cool
0346954AR,429281.154,4580854.617,41.3761047,2.1543037,Styphnolobium japonicum,28.3743451,2,Cool
0346955AR,429183.655,4580814.983,41.3757392,2.1531425,Styphnolobium japonicum,29.23604009,3,Warm
0346956AR,429162.187,4580781.197,41.375433,2.1528898,Styphnolobium japonicum,30.05086307,3,Warm
0346958AR,429588.702,4580972.14,41.3771902,2.1579675,Styphnolobium japonicum,28.069268,2,Cool
0346959AR,429545.863,4580955.805,41.3770393,2.1574572,Styphnolobium japonicum,28.15395438,2,Cool
0346960AR,429528.385,4580948.731,41.3769741,2.157249,Styphnolobium japonicum,28.21122972,2,Cool
0346961AR,429493.882,4580935.096,41.3768482,2.156838,Styphnolobium japonicum,28.31157311,2,Cool
0346962AR,429509.839,4580921.124,41.3767238,2.1570304,Styphnolobium japonicum,28.27702883,2,Cool
0346963AR,429482.302,4580905.638,41.3765819,2.156703,Styphnolobium japonicum,28.34092629,2,Cool
0346964AR,429452.501,4580896.262,41.3764948,2.1563477,Styphnolobium japonicum,28.39147788,2,Cool
0346965AR,429356.529,4580881.957,41.3763576,2.1552018,Styphnolobium japonicum,28.33070967,2,Cool
0346966AR,429334.425,4580849.417,41.3760626,2.1549413,Styphnolobium japonicum,28.26936999,2,Cool
0346967AR,429195.86400000006,4580794.648,41.3755571,2.1532909,Styphnolobium japonicum,29.60012263,3,Warm
