codi,LST_zone,SOS,POS,EOS,GSL
0019520AR,1,62.006003001500744,173.80190095047524,328.5392696348174,266.53326663331666
0019612AR,1,65.3376688344172,99.57978989494748,229.69984992496245,164.36218109054525
0019804AR,1,58.489244622311155,122.5312656328164,244.13706853426712,185.64782391195595
0020134AR,1,62.561280640320156,95.87793896948475,245.98799399699845,183.4267133566783
0020725AR,1,71.63081540770385,149.55477738869433,293.92696348174087,222.29614807403703
0020744AR,1,58.119059529764876,157.8839419709855,295.9629814907454,237.8439219609805
0023198AR,4,87.91895947973987,137.1535767883942,290.040020010005,202.1210605302651
0023199AR,4,72.9264632316158,147.8889444722361,300.0350175087544,227.10855427713858
0023206AR,4,60.89544772386192,140.48524262131065,329.83491745872936,268.93946973486743
0023240AR,4,61.45072536268133,158.25412706353174,303.55177588794396,242.10105052526262
0023260AR,1,73.29664832416208,127.52876438219108,253.57678839419705,180.28014007003497
0023261AR,4,81.81090545272636,149.18459229614805,351.86093046523257,270.05002501250624
0023446AR,4,54.23211605802901,146.77838919459728,336.6833416708354,282.45122561280635
0023524AR,4,65.89294647323662,137.89394697348675,321.320660330165,255.4277138569284
0023542AR,1,70.8904452226113,133.63681840920458,340.3851925962981,269.4947473736868
0023555AR,4,74.22211105552776,151.22061030515258,320.2101050525262,245.98799399699845
0023568AR,1,69.77988994497248,163.991995997999,339.2746373186593,269.49474737368683
0023597AR,1,76.07303651825913,144.3721860930465,340.7553776888444,264.6823411705853
0023726AR,1,71.26063031515757,177.68884442221108,332.79639819909954,261.53576788394196
0023739AR,4,72.74137068534267,142.52126063031514,351.12056028014007,278.37918959479737
0023898AR,1,72.74137068534267,146.59329664832416,340.200100050025,267.4587293646823
0024013AR,1,73.48174087043522,138.44922461230615,338.53426713356674,265.05252626313154
0024054AR,1,67.00350175087543,135.11755877938967,334.46223111555776,267.4587293646823
0024115AR,4,64.96748374187092,137.7088544272136,315.0275137568784,250.0600300150075
0024214AR,4,72.74137068534267,152.33116558279139,356.488244122061,283.7468734367184
0024321AR,4,72.74137068534267,147.3336668334167,310.2151075537769,237.4737368684342
0024426AR,4,83.84692346173087,149.18459229614805,336.12806403201597,252.28114057028512
0024489AR,1,78.84942471235617,215.26263131565779,345.9379689844922,267.08854427213606
0024516AR,4,74.59229614807403,222.85142571285638,347.4187093546773,272.82641320660326
0024858AR,1,69.77988994497248,177.50375187593795,339.8299149574787,270.05002501250624
0025020AR,1,74.40720360180089,173.80190095047524,334.64732366183085,260.24012006003
0025029AR,4,73.11155577788894,136.59829914957476,334.2771385692846,261.16558279139565
0025041AR,4,95.69284642321159,141.7808904452226,280.23011505752874,184.53726863431714
0025142AR,4,91.43571785892946,139.18959479739868,307.2536268134067,215.81790895447722
0025215AR,4,78.29414707353676,159.73486743371686,357.2286143071535,278.9344672336168
0025280AR,1,75.14757378689345,141.96598299149574,338.53426713356674,263.38669334667327
0025325AR,1,77.73886943471734,164.5472736368184,341.6808404202101,263.94197098549273
0025443AR,1,70.8904452226113,132.34117058529264,338.34917458729365,267.4587293646823
0025609AR,4,54.417208604302154,131.41570785392693,341.4957478739369,287.07853926963475
0025818AR,4,90.6953476738369,168.61930965482742,271.5307653826913,180.83541770885438
0026041AR,1,67.74387193596799,145.11255627813907,336.4982491245623,268.7543771885943
0026078AR,4,63.67183591795897,151.59079539769883,355.0075037518759,291.33566783391694
0030676AR,1,66.26313156578288,117.71885942971484,336.3131565782891,270.05002501250624
0030785AR,1,69.4097048524262,122.16108054027013,333.7218609304652,264.312156078039
0031240AR,1,65.89294647323662,117.34867433716857,347.7888944472236,281.89594797398695
0031690AR,1,65.89294647323662,116.97848924462231,334.64732366183085,268.7543771885942
0032587AR,1,68.8544272136068,122.34617308654326,332.79639819909954,263.94197098549273
0032973AR,1,68.48424212106053,122.5312656328164,335.01750875437716,266.53326663331666
0033052AR,1,66.81840920460229,121.05052526263131,357.7838919459729,290.96548274137064
0033123AR,1,67.55877938969483,121.42071035517758,346.30815407703847,278.7493746873436
0038491AR,1,60.525262631315655,109.75987993996998,324.0970485242621,263.5717858929464
0038505AR,1,62.561280640320156,118.4592296148074,341.86593296648323,279.3046523261631
0038853AR,1,63.48674337168584,123.27163581790894,335.57278639319657,272.0860430215107
0040785AR,1,53.1215607803902,109.01950975487743,275.6028014007003,222.48124062031007
0040876AR,1,68.8544272136068,178.05902951475736,336.4982491245623,267.64382191095547
0041832AR,1,60.525262631315655,170.28514257128563,331.5007503751876,270.9754877438719
0041888AR,1,67.74387193596799,159.54977488744373,331.3156578289144,263.5717858929464
0042055AR,1,68.11405702851425,173.2466233116558,338.53426713356674,270.4202101050525
0048724AR,1,64.22711355677838,232.66133066533263,353.3416708354177,289.1145572786393
0048732AR,1,72.55627813906953,216.37318659329662,340.200100050025,267.64382191095547
0048746AR,1,58.30415207603801,158.06903451725861,339.08954477238615,280.78539269634814
0048751AR,1,59.599799899949964,189.90495247623812,339.8299149574787,280.23011505752874
0048789AR,1,60.525262631315655,216.37318659329662,324.8374187093546,264.3121560780389
0048860AR,1,95.32266133066533,342.7913956978489,370.0,274.6773386693347
0048867AR,1,0.0,266.9034517258629,370.0,370.0
0048868AR,1,46.45822911455728,193.9769884942471,334.2771385692846,287.8189094547273
0048879AR,1,0.0,266.16308154077035,370.0,370.0
0048891AR,1,57.1935967983992,192.49624812406202,344.8274137068534,287.6338169084542
0048901AR,1,74.03701850925462,162.69634817408703,310.2151075537769,236.17808904452227
0048908AR,1,72.55627813906953,141.7808904452226,327.0585292646323,254.50225112556274
0048926AR,1,82.92146073036517,207.67383691845922,332.6113056528264,249.68984492246122
0048954AR,1,70.33516758379189,146.408204102051,368.70435217608804,298.36918459229616
0048971AR,1,63.85692846423211,156.9584792396198,332.2411205602801,268.38419209604797
0048975AR,1,76.81340670335167,193.05152576288143,370.0,293.1865932966483
0049014AR,1,70.52026013006503,198.97448724362178,368.5192596298149,297.99899949974986
0049026AR,1,74.40720360180089,204.8974487243622,370.0,295.5927963981991
0049043AR,1,76.07303651825913,151.59079539769883,366.48324162081036,290.41020510255123
0049063AR,1,80.88544272136068,165.28764382191093,345.3826913456728,264.49724862431214
0049066AR,1,76.4432216108054,175.83791895947974,370.0,293.5567783891946
0049077AR,1,82.92146073036517,147.3336668334167,370.0,287.0785392696348
0049095AR,1,69.22461230615308,198.60430215107553,353.52676338169084,284.3021510755378
0049123AR,1,53.86193096548274,205.26763381690844,325.2076038019009,271.3456728364182
0049124AR,1,68.11405702851425,157.69884942471234,364.81740870435215,296.7033516758379
0049137AR,1,66.26313156578288,119.93996998499249,370.0,303.7368684342171
0049140AR,1,74.59229614807403,145.48274137068535,367.4087043521761,292.81640820410206
0049151AR,1,79.58979489744871,178.61430715357676,370.0,290.4102051025513
0054131AR,4,71.26063031515757,139.7448724362181,325.5777888944472,254.31715857928964
0054163AR,4,73.11155577788894,123.27163581790894,327.79889944972484,254.6873436718359
0054249AR,4,76.25812906453226,126.048024012006,338.7193596798399,262.4612306153076
0054758AR,4,74.40720360180089,136.41320660330166,305.95797898949473,231.55077538769385
0059727AR,1,62.376188094047016,117.34867433716857,369.0745372686343,306.6983491745873
0059846AR,1,52.38119059529764,118.27413706853426,360.56028014007,308.17908954477235
0060071AR,1,52.196098049024506,144.00200100050023,310.9554777388694,258.7593796898449
0060158AR,1,49.23461730865433,123.27163581790894,313.17658829414705,263.94197098549273
0060756AR,4,74.40720360180089,132.52626313156577,348.8994497248624,274.4922461230615
0060766AR,4,67.74387193596799,97.54377188594297,370.0,302.256128064032
0060798AR,4,54.23211605802901,315.5827913956978,370.0,315.767883941971
0062333AR,4,63.67183591795897,193.4217108554277,370.0,306.32816408204104
0062459AR,4,52.75137568784392,254.13206603301649,370.0,317.2486243121561
0062547AR,4,65.70785392696347,131.78589294647324,370.0,304.2921460730365
0062581AR,4,57.37868934467233,202.49124562281136,370.0,312.62131065532765
0062638AR,4,70.70535267633817,204.712356178089,366.6683341670835,295.96298149074534
0062640AR,4,77.36868434217108,352.7863931965983,370.0,292.6313156578289
0062696AR,4,81.81090545272636,136.59829914957476,323.35667833916955,241.5457728864432
0062703AR,4,74.40720360180089,157.69884942471234,354.26713356678334,279.8599299649825
0062724AR,4,50.90045022511255,268.0140070035017,370.0,319.09954977488746
0062808AR,4,74.03701850925462,159.91995997998998,370.0,295.9629814907454
0062830AR,4,68.11405702851425,131.23061530765384,370.0,301.88594297148575
0062831AR,4,12.95647823911956,209.33966983491743,369.25962981490744,356.30315157578787
0062834AR,4,63.48674337168584,139.18959479739868,370.0,306.51325662831414
0062843AR,4,57.00850425212605,272.0860430215107,370.0,312.99149574787396
0062866AR,4,81.9959979989995,135.48774387193598,328.90945472736365,246.91345672836417
0062975AR,4,76.25812906453226,332.056028014007,370.0,293.7418709354678
0062981AR,4,96.24812406203101,122.34617308654326,370.0,273.751875937969
0063001AR,4,75.88794397198599,325.0225112556278,369.81490745372685,293.92696348174087
0063039AR,4,76.4432216108054,123.08654327163582,342.6063031515758,266.1630815407704
0063092AR,4,68.11405702851425,130.120060030015,359.81990995497745,291.7058529264632
0063112AR,4,69.59479739869934,174.91245622811405,370.0,300.40520260130063
0063155AR,4,77.55377688844422,217.1135567783892,370.0,292.4462231115558
0063179AR,4,38.12906453226613,279.1195597798899,343.7168584292146,305.5877938969485
0063193AR,4,9.809904952476238,299.66483241620807,357.4137068534267,347.60380190095043
0063208AR,4,94.39719859929964,131.23061530765384,343.7168584292146,249.31965982991494
0063226AR,4,73.11155577788894,259.3146573286643,332.4262131065533,259.31465732866434
0063263AR,4,65.3376688344172,218.7793896948474,339.64482241120555,274.3071535767883
0063272AR,4,19.619809904952476,133.82191095547773,370.0,350.3801900950475
0063285AR,4,54.417208604302154,242.65632816408203,337.42371185592793,283.00650325162576
0063587AR,4,83.84692346173087,134.00700350175086,322.80140070035014,238.9544772386193
0063632AR,4,93.6568284142071,148.07403701850924,356.30315157578787,262.64632316158077
0063662AR,4,67.18859429714857,143.07653826913457,370.0,302.8114057028514
0063859AR,4,47.93896948474237,114.0170085042521,370.0,322.06103051525764
0064580AR,1,72.55627813906953,200.08504252126062,326.68834417208603,254.13206603301649
0064627AR,1,63.48674337168584,154.18209104552275,301.1455727863932,237.65882941470736
0064640AR,1,32.57628814407204,175.65282641320658,303.9219609804902,271.3456728364182
0064651AR,1,59.2296148074037,158.80940470235117,294.11205602801397,234.88244122061027
0064654AR,1,88.65932966483241,141.7808904452226,327.4287143571786,238.7693846923462
0064673AR,1,60.89544772386192,146.408204102051,260.42521260630315,199.5297648824412
0064676AR,1,63.3016508254127,143.63181590795398,243.951975987994,180.65032516258128
0064691AR,1,12.95647823911956,155.29264632316156,280.9704852426213,268.0140070035017
0064695AR,1,71.63081540770385,141.59579789894948,275.4177088544272,203.78689344672335
0064717AR,1,69.96498249124562,150.11005502751374,264.49724862431214,194.5322661330665
0064722AR,1,68.8544272136068,142.33616808404201,291.33566783391694,222.48124062031013
0064726AR,1,66.44822411205602,208.78439219609803,269.49474737368683,203.0465232616308
0064736AR,1,74.40720360180089,166.21310655327665,278.19409704852427,203.78689344672338
0064745AR,1,61.2656328164082,139.55977988994496,273.3816908454227,212.11605802901454
0064755AR,1,65.52276138069034,136.7833916958479,287.44872436218105,221.92596298149073
0064759AR,1,68.8544272136068,130.86043021510756,316.3231615807904,247.46873436718357
0064763AR,1,49.97498749374687,148.99949974987493,263.94197098549273,213.96698349174585
0064764AR,1,65.3376688344172,152.5162581290645,281.71085542771385,216.37318659329665
0064771AR,1,56.63831915957979,150.66533266633317,303.9219609804902,247.28364182091042
0064776AR,1,74.22211105552776,143.2616308154077,300.96048024012003,226.73836918459227
0064777AR,1,64.04202101050525,138.264132066033,241.73086543271634,177.6888444222111
0064787AR,1,45.71785892946473,238.9544772386193,308.17908954477235,262.4612306153076
0064835AR,1,43.31165582791395,137.33866933466732,295.0375187593797,251.7258629314657
0064886AR,1,72.9264632316158,201.93596798399196,319.28464232116056,246.35817908954476
0064892AR,1,73.85192596298148,148.62931465732865,282.0810405202601,208.22911455727862
0064894AR,1,69.77988994497248,189.34967483741872,299.479739869935,229.6998499249625
0064906AR,1,52.011005502751374,233.40170085042521,305.2176088044022,253.2066033016508
0064918AR,1,30.170085042521258,168.24912456228114,277.82391195597796,247.6538269134567
0064919AR,1,52.93646823411705,203.97198599299648,304.8474237118559,251.91095547773887
0064943AR,1,68.66933466733366,135.6728364182091,300.0350175087544,231.36568284142072
0064960AR,1,61.45072536268133,149.36968484242118,324.2821410705352,262.83141570785386
0064985AR,1,45.53276638319159,145.8529264632316,287.6338169084542,242.10105052526262
0064994AR,1,67.74387193596799,123.08654327163582,279.8599299649825,212.11605802901448
0065000AR,1,40.90545272636318,144.55727863931966,293.92696348174087,253.02151075537768
0065004AR,1,68.11405702851425,150.48024012006002,296.88844422211105,228.7743871935968
0065006AR,1,79.77488744372187,143.44672336168082,294.11205602801397,214.3371685842921
0065011AR,1,68.8544272136068,158.25412706353174,296.1480740370185,227.29364682341168
0065021AR,1,64.7823911955978,228.95947973986992,305.7728864432216,240.99049524762378
0065037AR,1,65.89294647323662,191.38569284642318,288.92946473236617,223.03651825912954
0065043AR,1,19.2496248124062,159.91995997998998,291.5207603801901,272.2711355677839
0065044AR,1,55.34267133566783,143.07653826913457,294.2971485742871,238.9544772386193
0065059AR,1,56.63831915957979,185.09254627313655,279.8599299649825,223.2216108054027
0065069AR,1,77.73886943471734,141.41070535267633,273.751875937969,196.01300650325163
0065096AR,1,59.2296148074037,189.16458229114554,308.17908954477235,248.94947473736866
0065109AR,1,52.011005502751374,148.81440720360177,265.2376188094047,213.22661330665332
0065124AR,1,19.619809904952476,157.32866433216608,297.0735367683842,277.4537268634317
0065144AR,1,57.93396698349174,147.14857428714356,263.3866933466733,205.45272636318157
0065148AR,1,42.20110055027513,143.2616308154077,291.33566783391694,249.13456728364181
0065159AR,1,24.802401200600297,154.18209104552275,275.9729864932466,251.1705852926463
0065182AR,1,61.2656328164082,156.4032016008004,268.93946973486743,207.67383691845924
0065191AR,1,76.81340670335167,153.25662831415707,316.13806903451723,239.32466233116554
0065192AR,1,38.12906453226613,158.4392196098049,279.3046523261631,241.17558779389697
0065201AR,1,62.006003001500744,201.0105052526263,277.4537268634317,215.44772386193097
0065211AR,1,78.10905452726362,158.4392196098049,298.92446223111557,220.81540770385195
0065217AR,1,48.86443221610805,154.18209104552275,267.64382191095547,218.77938969484742
0065226AR,1,70.70535267633817,180.8354177088544,306.51325662831414,235.80790395197596
0065233AR,1,39.979989994997496,144.7423711855928,298.18409204602295,258.2041020510255
0065241AR,1,73.29664832416208,131.78589294647324,274.1220610305152,200.82541270635315
0065265AR,1,69.22461230615308,121.79089544772384,253.2066033016508,183.9819909954977
0065280AR,1,69.4097048524262,158.62431215607802,299.2946473236618,229.8849424712356
0065283AR,1,81.62581290645322,148.07403701850924,327.6138069034517,245.98799399699845
0065287AR,1,44.23711855927964,150.11005502751374,304.10705352676337,259.86993496748374
0065312AR,1,69.03951975987994,141.59579789894948,271.71585792896445,202.67633816908452
0065321AR,1,74.40720360180089,125.67783891945973,255.42771385692845,181.02051025512756
0065322AR,1,59.78489244622311,148.81440720360177,299.479739869935,239.69484742371185
0065346AR,1,66.81840920460229,159.73486743371686,295.5927963981991,228.7743871935968
0065360AR,1,65.15257628814408,146.408204102051,307.8089044522261,242.65632816408203
0065374AR,1,61.2656328164082,144.3721860930465,292.6313156578289,231.36568284142072
0065377AR,1,75.51775887943971,146.408204102051,295.0375187593797,219.51975987993995
0065383AR,1,63.67183591795897,168.61930965482742,282.6363181590795,218.96448224112055
0065403AR,1,58.489244622311155,141.04052026013005,258.5742871435718,200.08504252126062
0065409AR,1,73.48174087043522,179.7248624312156,297.2586293146573,223.7768884442221
0065412AR,1,59.969984992496244,230.07003501750873,310.40020010005003,250.43021510755378
0065419AR,1,71.26063031515757,169.17458729364682,314.10205102551276,242.84142071035518
0065423AR,1,72.55627813906953,161.40070035017507,287.0785392696348,214.52226113056525
0065442AR,1,78.84942471235617,127.34367183591795,246.91345672836417,168.064032016008
0065445AR,1,54.602301150575286,156.77338669334665,287.0785392696348,232.47623811905953
0065460AR,1,38.31415707853927,152.8864432216108,285.59779889944974,247.28364182091047
0065461AR,1,63.11655827913957,173.2466233116558,309.65982991495747,246.54327163581792
0065478AR,1,69.22461230615308,212.67133566783392,311.695847923962,242.47123561780893
0065480AR,1,60.155077538769376,218.96448224112055,306.14307153576783,245.98799399699845
0065481AR,1,16.103051525762883,152.70135067533766,283.19159579789897,267.08854427213606
0065488AR,1,56.083041520760375,241.54577288644322,303.3666833416708,247.28364182091042
0065489AR,1,67.37368684342171,185.2776388194097,288.5592796398199,221.18559279639823
0065492AR,1,76.25812906453226,157.8839419709855,292.44622311155575,216.1880940470235
0065505AR,1,71.44572286143071,216.92846423211603,272.6413206603301,201.1955977988994
0065517AR,1,77.9239619809905,175.46773386693346,276.15807903951975,198.23411705852925
0065527AR,1,58.119059529764876,210.26513256628314,307.06853426713354,248.94947473736866
0065529AR,1,55.712856428214096,254.13206603301649,302.44122061030515,246.72836418209107
0065547AR,1,80.88544272136068,152.5162581290645,334.64732366183085,253.76188094047018
0065564AR,1,51.45572786393196,128.45422711355675,301.88594297148575,250.43021510755378
0065579AR,1,58.30415207603801,192.3111555777889,317.4337168584292,259.1295647823912
0065583AR,1,69.22461230615308,142.15107553776886,330.57528764382187,261.3506753376688
0065592AR,1,68.66933466733366,153.4417208604302,300.96048024012003,232.29114557278638
0065601AR,1,67.55877938969483,123.64182091045522,370.0,302.44122061030515
0065624AR,1,64.59729864932466,252.6513256628314,309.65982991495747,245.0625312656328
0065626AR,1,58.30415207603801,158.25412706353174,298.73936968484236,240.43521760880435
0065660AR,1,66.26313156578288,197.30865432716354,296.88844422211105,230.62531265632816
0065661AR,1,57.563781890945464,133.82191095547773,296.7033516758379,239.13956978489244
0065663AR,1,63.48674337168584,174.54227113556777,296.7033516758379,233.21660830415206
0065689AR,1,75.88794397198599,210.45022511255627,370.0,294.112056028014
0065693AR,1,57.74887443721861,143.07653826913457,250.80040020010006,193.05152576288145
0065703AR,1,64.96748374187092,214.89244622311156,278.5642821410705,213.5967983991996
0065704AR,1,95.13756878439219,131.41570785392693,347.97398699349674,252.83641820910455
0065709AR,1,72.9264632316158,220.6303151575788,277.26863431715856,204.34217108554276
0065730AR,1,71.26063031515757,166.95347673836918,269.49474737368683,198.23411705852925
0065743AR,1,60.155077538769376,126.78839419709853,288.744372186093,228.58929464732364
0065745AR,1,61.63581790895447,131.78589294647324,288.744372186093,227.10855427713855
0065753AR,1,79.58979489744871,196.75337668834413,331.3156578289144,251.7258629314657
0065773AR,1,68.11405702851425,215.26263131565779,305.032516258129,236.91845922961477
0065775AR,1,66.07803901950975,159.73486743371686,311.14057028514253,245.0625312656328
0065776AR,1,66.07803901950975,167.87893946973486,305.95797898949473,239.879939969985
0065794AR,1,67.37368684342171,139.55977988994496,327.6138069034517,260.24012006003
0065805AR,1,58.30415207603801,148.44422211105552,370.0,311.695847923962
0065807AR,1,74.9624812406203,143.44672336168082,316.3231615807904,241.36068034017006
0065810AR,1,62.191095547773884,146.408204102051,282.6363181590795,220.4452226113056
0065816AR,1,66.07803901950975,137.1535767883942,280.4152076038019,214.33716858429216
0065820AR,1,59.599799899949964,163.80690345172584,311.8809404702351,252.28114057028512
0065823AR,1,75.70285142571285,183.05652826413206,278.0090045022511,202.30615307653827
0065845AR,1,68.11405702851425,164.5472736368184,291.5207603801901,223.40670335167584
0065855AR,1,67.18859429714857,145.48274137068535,302.256128064032,235.06753376688343
0065916AR,1,73.48174087043522,178.79939969984991,305.40270135067533,231.92096048024013
0065951AR,1,39.424712356178084,158.80940470235117,309.4747373686843,270.05002501250624
0065960AR,1,69.22461230615308,157.14357178589293,294.2971485742871,225.07253626813406
0065968AR,1,59.969984992496244,156.9584792396198,279.8599299649825,219.88994497248623
0065973AR,1,90.88044022011005,126.41820910455226,370.0,279.11955977989
0065977AR,1,53.676838419209595,137.7088544272136,319.83991995997997,266.16308154077035
0065992AR,1,73.48174087043522,164.91745872936468,322.24612306153074,248.76438219109554
0066019AR,1,56.083041520760375,156.58829414707353,291.5207603801901,235.4377188594297
0066027AR,1,68.8544272136068,180.46523261630816,299.10955477738867,230.25512756378185
0066028AR,1,73.48174087043522,170.6553276638319,302.8114057028514,229.3296648324162
0066032AR,1,67.55877938969483,176.208104052026,291.33566783391694,223.7768884442221
0066035AR,1,71.81590795397699,203.6018009004502,285.59779889944974,213.78189094547275
0066044AR,1,70.70535267633817,183.05652826413206,284.1170585292646,213.41170585292645
0066050AR,1,67.74387193596799,162.5112556278139,300.7753876938469,233.03151575787888
0066054AR,1,66.63331665832916,145.2976488244122,289.1145572786393,222.48124062031016
0066055AR,1,96.43321660830415,177.50375187593795,339.64482241120555,243.2116058029014
0066070AR,1,62.376188094047016,224.8874437218609,319.28464232116056,256.90845422711357
0066073AR,1,43.12656328164081,203.0465232616308,296.88844422211105,253.76188094047023
0066080AR,1,54.78739369684842,176.94847423711855,268.93946973486743,214.152076038019
0066086AR,1,71.07553776888443,175.28264132066033,281.5257628814407,210.45022511255627
0066089AR,1,66.63331665832916,137.7088544272136,260.42521260630315,193.79189594797398
0066092AR,1,70.52026013006503,168.61930965482742,304.66233116558277,234.14207103551774
0066099AR,1,48.86443221610805,142.70635317658827,307.62381190595295,258.7593796898449
0066103AR,1,52.75137568784392,174.1720860430215,293.0015007503752,240.2501250625313
0066105AR,1,59.78489244622311,187.3136568284142,289.4847423711856,229.69984992496245
0066124AR,1,57.74887443721861,147.51875937968984,300.5902951475738,242.84142071035518
0066131AR,1,94.58229114557277,180.46523261630816,337.42371185592793,242.84142071035518
0066140AR,1,69.77988994497248,135.11755877938967,285.96798399199594,216.18809404702347
0066144AR,1,47.19859929964982,170.47023511755876,327.0585292646323,279.8599299649825
0066145AR,1,53.30665332666333,215.26263131565779,299.10955477738867,245.80290145072533
0066161AR,1,88.84442221110554,233.77188594297147,340.7553776888444,251.91095547773887
0066173AR,1,65.70785392696347,172.87643821910956,293.1865932966483,227.47873936968483
0066178AR,1,65.15257628814408,168.24912456228114,297.44372186093045,232.29114557278638
0066181AR,1,39.60980490245122,251.35567783891946,307.62381190595295,268.0140070035017
0066194AR,1,67.55877938969483,153.62681340670335,297.8139069534767,230.25512756378185
0066195AR,1,70.52026013006503,151.9609804902451,291.7058529264632,221.18559279639817
0066204AR,1,69.77988994497248,162.32616308154076,303.9219609804902,234.14207103551774
0066221AR,1,56.26813406703351,136.41320660330166,268.93946973486743,212.67133566783392
0066224AR,1,73.11155577788894,192.49624812406202,291.7058529264632,218.59429714857424
0073926AR,1,61.2656328164082,99.20960480240119,345.1975987993997,283.9319659829915
0073930AR,1,40.5352676338169,147.3336668334167,291.89094547273635,251.35567783891946
0073958AR,1,63.85692846423211,151.9609804902451,331.8709354677339,268.0140070035018
0073992AR,1,51.0855427713857,119.75487743871935,298.18409204602295,247.09854927463726
0073998AR,1,62.561280640320156,151.77588794397198,335.57278639319657,273.0115057528764
0074009AR,1,52.566283141570786,129.37968984492244,316.5082541270635,263.9419709854927
0074010AR,1,34.05702851425713,219.14957478739368,267.08854427213606,233.03151575787894
0074011AR,1,65.52276138069034,92.91645822911455,370.0,304.4772386193097
0074066AR,1,52.011005502751374,143.8169084542271,324.4672336168084,272.456228114057
0074134AR,1,57.1935967983992,139.00450225112556,357.96898449224614,300.77538769384694
0074140AR,1,57.563781890945464,120.31015507753875,299.10955477738867,241.54577288644322
0074163AR,1,52.011005502751374,120.68034017008503,364.26213106553274,312.25112556278134
0074214AR,1,58.489244622311155,110.68534267133566,295.5927963981991,237.10355177588792
0074226AR,1,29.059529764882438,105.3176588294147,370.0,340.9404702351176
0074261AR,1,23.876938469234616,161.03051525762882,304.2921460730365,280.4152076038019
0074358AR,1,66.26313156578288,130.86043021510756,346.6783391695848,280.4152076038019
0074372AR,1,96.06303151575786,230.07003501750873,370.0,273.93696848424213
0074397AR,1,96.06303151575786,142.15107553776886,358.52426213106554,262.46123061530767
0074402AR,1,93.84192096048024,165.28764382191093,360.1900950475237,266.34817408704345
0074411AR,1,78.29414707353676,186.38819409704854,279.67483741870933,201.38069034517258
0074434AR,1,63.3016508254127,135.48774387193598,370.0,306.6983491745873
0074445AR,1,68.11405702851425,209.33966983491743,364.4472236118059,296.33316658329164
0074451AR,1,72.18609304652325,154.3671835917959,370.0,297.81390695347676
0074461AR,1,57.1935967983992,150.11005502751374,317.61880940470235,260.42521260630315
0074465AR,1,64.41220610305153,129.5647823911956,340.9404702351175,276.528264132066
0074475AR,1,92.91645822911455,141.41070535267633,304.2921460730365,211.37568784392198
0074476AR,1,70.33516758379189,157.5137568784392,370.0,299.6648324162081
0074528AR,1,89.5847923961981,144.18709354677338,370.0,280.4152076038019
0074540AR,1,76.62831415707853,139.00450225112556,370.0,293.37168584292147
0074541AR,1,82.18109054527262,155.4777388694347,370.0,287.81890945472736
0075733AR,1,69.22461230615308,157.14357178589293,331.6858429214607,262.4612306153076
0075874AR,1,68.66933466733366,177.68884442221108,325.39269634817407,256.7233616808404
0076185AR,1,72.55627813906953,146.59329664832416,306.51325662831414,233.9569784892446
0076194AR,1,72.55627813906953,224.14707353676837,329.83491745872936,257.2786393196598
0076205AR,1,76.25812906453226,177.68884442221108,345.9379689844922,269.67983991995993
0076247AR,1,67.00350175087543,130.49024512256128,370.0,302.99649824912456
0076260AR,1,66.81840920460229,254.6873436718359,332.6113056528264,265.7928964482241
0076446AR,1,75.70285142571285,154.552276138069,331.8709354677339,256.16808404202106
0076818AR,1,68.66933466733366,154.3671835917959,345.7528764382191,277.08354177088546
0077249AR,1,63.3016508254127,135.6728364182091,370.0,306.6983491745873
0077282AR,1,65.3376688344172,136.7833916958479,318.91445722861425,253.57678839419705
0077289AR,1,67.92896448224111,145.8529264632316,314.65732866433217,246.72836418209107
0077479AR,1,88.84442221110554,145.66783391695847,363.8919459729865,275.04752376188094
0077732AR,1,64.7823911955978,144.3721860930465,349.08454227113555,284.3021510755377
0077751AR,1,79.40470235117559,181.7608804402201,346.12306153076537,266.7183591795898
0077756AR,1,62.191095547773884,154.552276138069,367.4087043521761,305.2176088044022
0077929AR,1,67.92896448224111,165.6578289144572,325.7628814407203,257.8339169584792
0077959AR,1,66.63331665832916,139.55977988994496,327.983991995998,261.3506753376688
0078105AR,1,88.28914457228613,161.95597798899448,315.2126063031516,226.92346173086543
0078136AR,1,74.03701850925462,259.6848424212106,337.79389694847424,263.75687843921963
0078197AR,1,57.37868934467233,239.69484742371185,335.01750875437716,277.6388194097048
0078285AR,1,61.08054027013507,163.80690345172584,351.12056028014007,290.040020010005
0078611AR,1,72.74137068534267,175.46773386693346,333.90695347673835,261.16558279139565
0078708AR,1,70.70535267633817,229.69984992496245,331.8709354677339,261.1655827913957
0081744AR,4,74.9624812406203,186.38819409704854,343.7168584292146,268.7543771885943
0081746AR,4,72.18609304652325,144.3721860930465,352.2311155577789,280.04502251125564
0081756AR,4,65.70785392696347,145.66783391695847,344.08704352176085,278.37918959479737
0081766AR,4,44.60730365182591,157.69884942471234,297.2586293146573,252.6513256628314
0081768AR,4,75.70285142571285,178.42921460730363,343.53176588294144,267.8289144572286
0081771AR,4,70.15007503751875,166.21310655327665,360.9304652326163,290.78039019509754
0081772AR,4,60.89544772386192,105.68784392196098,370.0,309.10455227613807
0081773AR,4,64.59729864932466,101.24562281140568,361.4857428714357,296.88844422211105
0081791AR,4,70.52026013006503,134.37718859429714,357.59879939969983,287.0785392696348
0081794AR,4,67.55877938969483,131.04552276138068,293.3716858429214,225.81290645322656
0081807AR,4,73.85192596298148,127.15857928964482,370.0,296.14807403701855
0081809AR,4,57.74887443721861,118.64432216108052,355.19259629814906,297.44372186093045
0081811AR,4,68.8544272136068,107.72386193096548,337.60880440220103,268.7543771885942
0081815AR,4,70.15007503751875,168.43421710855426,338.1640820410205,268.0140070035018
0081816AR,4,78.84942471235617,206.00800400200097,340.9404702351175,262.09104552276136
0081824AR,4,67.74387193596799,139.92996498249124,320.9504752376188,253.20660330165077
0081835AR,4,64.04202101050525,160.84542271135567,292.44622311155575,228.4042021010505
0081836AR,4,67.92896448224111,121.975987993997,293.0015007503752,225.07253626813412
0081839AR,4,76.9984992496248,137.1535767883942,327.983991995998,250.9854927463732
0081850AR,4,76.4432216108054,211.00550275137567,347.97398699349674,271.53076538269136
0081862AR,4,76.07303651825913,144.55727863931966,318.35917958979485,242.28614307153572
0081865AR,4,69.4097048524262,120.68034017008503,263.7568784392196,194.34717358679336
0081871AR,4,76.9984992496248,216.37318659329662,275.4177088544272,198.4192096048024
0081872AR,4,54.78739369684842,110.13006503251626,348.7143571785893,293.92696348174087
0081877AR,4,59.78489244622311,116.79339669834917,318.544272136068,258.7593796898449
0081880AR,4,58.489244622311155,177.31865932966483,318.35917958979485,259.8699349674837
0081890AR,4,75.70285142571285,200.27013506753377,357.4137068534267,281.7108554277138
0081893AR,4,35.907953976988495,133.08154077038517,370.0,334.0920460230115
0081923AR,4,81.9959979989995,127.52876438219108,367.59379689844917,285.5977988994497
0081926AR,4,76.62831415707853,135.11755877938967,323.91195597798895,247.28364182091042
0081927AR,4,76.25812906453226,134.56228114057026,370.0,293.7418709354678
0081928AR,4,62.561280640320156,113.64682341170584,328.90945472736365,266.3481740870435
0081932AR,4,48.67933966983492,134.00700350175086,370.0,321.3206603301651
0081938AR,4,61.08054027013507,174.91245622811405,287.0785392696348,225.99799899949974
0081941AR,4,54.047023511755874,101.98599299649824,323.5417708854427,269.49474737368683
0081942AR,4,74.40720360180089,156.77338669334665,353.52676338169084,279.11955977989
0081955AR,4,79.95997998999499,130.49024512256128,325.39269634817407,245.43271635817908
0081957AR,4,48.86443221610805,124.01200600300149,309.4747373686843,260.61030515257625
0081958AR,4,59.599799899949964,116.97848924462231,370.0,310.40020010005003
0081964AR,4,68.66933466733366,135.30265132566282,286.70835417708855,218.0390195097549
0081967AR,4,68.66933466733366,124.38219109554777,323.72686343171586,255.0575287643822
0081972AR,4,73.85192596298148,131.23061530765384,284.4872436218109,210.6353176588294
0081973AR,4,72.74137068534267,142.33616808404201,286.70835417708855,213.96698349174588
0081976AR,4,68.8544272136068,141.04052026013005,317.9889944972486,249.1345672836418
0081981AR,4,74.40720360180089,151.4057028514257,345.7528764382191,271.3456728364182
0081987AR,4,87.91895947973987,181.57578789394697,346.30815407703847,258.38919459729857
0081991AR,4,40.90545272636318,135.48774387193598,255.98299149574788,215.07753876938472
0081993AR,4,63.85692846423211,146.03801900950475,297.99899949974986,234.14207103551774
0081996AR,4,63.48674337168584,98.83941970985492,370.0,306.51325662831414
0082014AR,4,51.0855427713857,101.24562281140568,342.0510255127563,290.96548274137064
0082022AR,4,73.11155577788894,158.06903451725861,352.97148574287144,279.8599299649825
0082023AR,4,68.11405702851425,127.34367183591795,312.8064032016008,244.69234617308655
0082033AR,4,63.85692846423211,155.10755377688844,344.08704352176085,280.23011505752874
0082036AR,4,79.58979489744871,119.38469234617308,370.0,290.4102051025513
0082048AR,4,71.07553776888443,160.6603301650825,325.0225112556278,253.9469734867434
0082050AR,4,68.11405702851425,123.82691345672835,282.82141070535266,214.7073536768384
0082059AR,4,73.85192596298148,272.0860430215107,351.4907453726863,277.63881940970487
0082067AR,4,57.93396698349174,142.33616808404201,370.0,312.06603301650824
0082074AR,4,73.29664832416208,214.89244622311156,359.81990995497745,286.52326163081534
0082079AR,4,75.14757378689345,146.408204102051,346.30815407703847,271.16058029014505
0082083AR,4,71.26063031515757,162.1410705352676,359.6348174087043,288.3741870935467
0082088AR,4,80.14507253626813,156.21810905452725,349.8249124562281,269.67983991996
0082089AR,4,55.52776388194096,127.34367183591795,324.6523261630815,269.1245622811405
0082090AR,4,81.0705352676338,183.42671335667833,349.08454227113555,268.0140070035018
0082095AR,4,57.00850425212605,169.72986493246623,314.10205102551276,257.0935467733867
0082112AR,4,54.047023511755874,148.62931465732865,350.56528264132066,296.5182591295648
0082113AR,4,60.525262631315655,158.4392196098049,285.96798399199594,225.44272136068028
0082115AR,4,62.561280640320156,148.81440720360177,290.41020510255123,227.84892446223108
0082116AR,4,62.191095547773884,174.35717858929465,317.80390195097544,255.61280640320155
0082125AR,4,59.599799899949964,113.09154577288643,302.44122061030515,242.84142071035518
0082134AR,4,69.03951975987994,237.4737368684342,339.2746373186593,270.2351175587794
0082136AR,4,78.29414707353676,201.5657828914457,340.01500750375186,261.7208604302151
0082137AR,4,69.59479739869934,149.55477738869433,341.4957478739369,271.90095047523755
0082145AR,4,51.27063531765883,144.7423711855928,304.2921460730365,253.02151075537768
0082147AR,4,78.10905452726362,123.64182091045522,353.71185592796394,275.6028014007003
0082148AR,4,66.26313156578288,109.3896948474237,330.2051025512756,263.94197098549273
0082149AR,4,74.77738869434717,132.89644822411205,370.0,295.22261130565283
0082150AR,4,67.92896448224111,140.3001500750375,328.90945472736365,260.98049024512255
0082151AR,4,45.16258129064532,107.72386193096548,370.0,324.83741870935467
0082158AR,4,66.81840920460229,229.69984992496245,333.1665832916458,266.3481740870435
0082163AR,4,62.376188094047016,128.6393196598299,343.7168584292146,281.3406703351676
0082169AR,4,70.52026013006503,102.1710855427714,355.0075037518759,284.4872436218109
0082171AR,4,55.1575787893947,103.83691845922961,351.4907453726863,296.33316658329164
0082172AR,4,53.676838419209595,163.25162581290644,291.5207603801901,237.8439219609805
0082184AR,4,74.77738869434717,189.71985992996497,344.272136068034,269.49474737368683
0082188AR,4,57.1935967983992,93.47173586793397,288.00400200100046,230.81040520260126
0082189AR,4,56.26813406703351,124.01200600300149,331.3156578289144,275.04752376188094
0082190AR,4,76.25812906453226,185.64782391195595,352.60130065032513,276.3431715857929
0082213AR,4,76.81340670335167,196.0130065032516,347.2336168084042,270.4202101050525
0082219AR,4,59.41470735367683,122.90145072536266,286.70835417708855,227.29364682341173
0082221AR,4,74.40720360180089,223.03651825912956,338.90445222611305,264.4972486243122
0082222AR,4,51.82591295647824,134.56228114057026,303.3666833416708,251.54077038519256
0082228AR,4,57.563781890945464,131.23061530765384,370.0,312.43621810905455
0082232AR,4,56.453226613306654,132.89644822411205,316.3231615807904,259.86993496748374
0082239AR,4,78.10905452726362,168.61930965482742,340.3851925962981,262.27613806903446
0082243AR,4,69.59479739869934,187.3136568284142,370.0,300.40520260130063
0082245AR,4,64.41220610305153,104.20710355177589,281.34067033516754,216.92846423211603
0082249AR,4,65.89294647323662,172.136068034017,353.3416708354177,287.44872436218105
0082254AR,4,58.119059529764876,116.4232116058029,370.0,311.88094047023515
0082256AR,4,93.47173586793397,126.048024012006,370.0,276.52826413206606
0082260AR,4,56.26813406703351,115.12756378189093,340.9404702351175,284.67233616808403
0082264AR,4,70.33516758379189,160.1050525262631,286.70835417708855,216.37318659329668
0082270AR,4,67.55877938969483,130.30515257628815,340.57028514257127,273.0115057528764
0082274AR,4,55.712856428214096,142.70635317658827,356.488244122061,300.77538769384694
0082275AR,4,55.34267133566783,217.66883441720861,370.0,314.65732866433217
0082290AR,4,71.26063031515757,142.70635317658827,344.8274137068534,273.5667833916958
0082292AR,4,47.38369184592296,134.00700350175086,254.50225112556276,207.1185592796398
0082294AR,4,63.11655827913957,106.7983991995998,370.0,306.88344172086045
0082303AR,4,59.599799899949964,122.34617308654326,284.4872436218109,224.8874437218609
0082306AR,4,58.119059529764876,150.8504252126063,280.78539269634814,222.66633316658326
0082307AR,4,60.525262631315655,107.90895447723861,370.0,309.4747373686844
0082308AR,4,70.70535267633817,117.903951975988,242.10105052526262,171.39569784892444
0082310AR,4,78.29414707353676,207.30365182591297,353.71185592796394,275.4177088544272
0082315AR,4,64.59729864932466,120.86543271635817,269.67983991995993,205.08254127063526
0082318AR,4,75.14757378689345,139.00450225112556,352.60130065032513,277.4537268634317
0082323AR,4,78.84942471235617,144.18709354677338,356.30315157578787,277.4537268634317
0082328AR,4,81.62581290645322,193.9769884942471,347.6038019009505,265.97798899449725
0082352AR,4,65.15257628814408,151.9609804902451,351.4907453726863,286.33816908454224
0082374AR,4,66.44822411205602,180.280140070035,370.0,303.55177588794396
0082382AR,4,73.11155577788894,157.8839419709855,356.30315157578787,283.1915957978989
0082387AR,4,67.92896448224111,227.10855427713855,345.9379689844922,278.0090045022511
0082392AR,4,68.66933466733366,102.3561780890445,293.55677838919456,224.8874437218609
0082393AR,4,73.11155577788894,190.64532266133065,345.56778389194596,272.456228114057
0082394AR,4,93.47173586793397,122.71635817908953,306.32816408204104,212.85642821410707
0082395AR,4,82.36618309154576,198.78939469734865,344.6423211605803,262.2761380690346
0082399AR,4,76.07303651825913,166.76838419209602,352.416208104052,276.34317158579285
0082400AR,4,81.62581290645322,126.97348674337168,358.52426213106554,276.8984492246123
0082406AR,4,73.48174087043522,239.13956978489244,354.4522261130565,280.9704852426213
0082411AR,4,54.047023511755874,119.01450725362682,359.07953976988495,305.0325162581291
0082413AR,4,62.93146573286643,146.77838919459728,352.7863931965983,289.8549274637319
0082418AR,4,64.59729864932466,174.7273636818409,359.26463231615804,294.6673336668334
0082425AR,4,83.47673836918459,119.01450725362682,370.0,286.5232616308154
0082426AR,4,72.18609304652325,131.23061530765384,289.8549274637318,217.6688344172086
0082436AR,4,70.70535267633817,142.33616808404201,330.02001000500246,259.3146573286643
0082447AR,4,70.15007503751875,101.61580790395197,337.97898949474734,267.8289144572286
0082450AR,4,76.9984992496248,108.09404702351175,291.89094547273635,214.89244622311156
0082456AR,4,74.03701850925462,166.39819909954977,339.8299149574787,265.7928964482241
0082459AR,4,49.604802401200594,112.90645322661331,338.7193596798399,289.1145572786393
0082466AR,4,69.77988994497248,118.4592296148074,352.60130065032513,282.82141070535266
0082480AR,4,84.21710855427713,148.07403701850924,302.99649824912456,218.77938969484742
0082492AR,4,51.45572786393196,99.94997498749375,327.6138069034517,276.15807903951975
0082496AR,4,62.191095547773884,96.61830915457728,274.49224612306153,212.30115057528764
0082497AR,4,81.62581290645322,136.41320660330166,336.86843421710853,255.2426213106553
0082499AR,4,72.55627813906953,142.33616808404201,306.51325662831414,233.9569784892446
0082500AR,4,81.81090545272636,249.87493746873434,343.7168584292146,261.90595297648827
0082509AR,4,72.74137068534267,129.74987493746872,307.4387193596798,234.69734867433712
0082510AR,4,59.969984992496244,92.36118059029513,370.0,310.0300150075038
0082523AR,4,69.03951975987994,95.87793896948475,315.767883941971,246.72836418209104
0082527AR,4,57.37868934467233,102.72636318159078,288.744372186093,231.3656828414207
0082534AR,4,79.58979489744871,108.09404702351175,294.2971485742871,214.7073536768384
0082537AR,4,67.00350175087543,202.12106053026514,341.4957478739369,274.4922461230615
0082545AR,4,60.525262631315655,92.73136568284141,308.3641820910455,247.83891945972985
0082552AR,4,60.89544772386192,117.34867433716857,361.85592796398197,300.96048024012003
0082555AR,4,67.00350175087543,144.18709354677338,318.17408704352175,251.1705852926463
0082556AR,4,45.53276638319159,244.32216108054027,317.80390195097544,272.27113556778386
0082575AR,4,73.66683341670834,102.1710855427714,370.0,296.33316658329164
0082578AR,4,55.1575787893947,105.50275137568784,307.06853426713354,251.91095547773884
0082583AR,4,62.561280640320156,141.04052026013005,360.0050025012506,297.44372186093045
0082585AR,4,70.70535267633817,106.42821410705352,369.6298149074537,298.9244622311155
0082586AR,4,71.44572286143071,125.12256128064031,315.39769884942467,243.95197598799396
0082589AR,4,67.37368684342171,108.09404702351175,304.66233116558277,237.28864432216108
0082599AR,4,78.10905452726362,139.18959479739868,370.0,291.89094547273635
0082615AR,4,81.62581290645322,124.38219109554777,370.0,288.37418709354677
0082617AR,4,73.85192596298148,131.04552276138068,370.0,296.14807403701855
0082621AR,4,67.74387193596799,107.35367683841919,339.45972986493246,271.71585792896445
0082627AR,4,82.36618309154576,226.55327663831915,336.4982491245623,254.1320660330165
0082630AR,4,59.2296148074037,164.17708854427212,330.39019509754877,271.16058029014505
0082642AR,4,58.119059529764876,145.11255627813907,294.8524262131065,236.73336668334164
0082658AR,4,59.04452226113056,94.2121060530265,275.23261630815404,216.18809404702347
0082660AR,4,68.66933466733366,142.70635317658827,342.6063031515758,273.93696848424213
0082664AR,4,72.00100050025011,179.7248624312156,348.7143571785893,276.7133566783392
0082669AR,4,71.63081540770385,139.18959479739868,359.4497248624312,287.81890945472736
0082670AR,4,75.14757378689345,154.552276138069,353.3416708354177,278.1940970485242
0082677AR,4,60.340170085042516,92.73136568284141,323.72686343171586,263.3866933466733
0082679AR,4,74.40720360180089,121.23561780890444,282.6363181590795,208.22911455727862
0082683AR,4,76.07303651825913,126.048024012006,299.479739869935,223.40670335167584
0082688AR,4,78.29414707353676,133.26663331665833,355.9329664832416,277.63881940970487
0082707AR,4,66.63331665832916,178.79939969984991,342.42121060530263,275.78789394697344
0082710AR,4,83.66183091545771,145.66783391695847,332.2411205602801,248.57928964482238
0082716AR,4,71.81590795397699,129.1945972986493,305.7728864432216,233.9569784892446
0082720AR,4,60.340170085042516,143.44672336168082,317.06353176588294,256.7233616808404
0082739AR,4,81.9959979989995,120.68034017008503,370.0,288.0040020010005
0083607AR,1,84.77238619309654,130.6753376688344,268.7543771885943,183.98199099549774
0083624AR,1,90.1400700350175,146.59329664832416,280.9704852426213,190.83041520760378
0083645AR,1,95.50775387693847,122.71635817908953,284.67233616808403,189.16458229114556
0083651AR,1,97.7288644322161,125.86293146573286,276.15807903951975,178.42921460730366
0083658AR,1,89.5847923961981,143.8169084542271,268.384192096048,178.79939969984991
0083676AR,1,65.70785392696347,140.67033516758377,313.5467733866933,247.83891945972982
0083687AR,1,73.29664832416208,136.41320660330166,243.21160580290146,169.91495747873938
0083693AR,1,94.76738369184592,122.5312656328164,277.26863431715856,182.50125062531265
0083703AR,1,76.81340670335167,155.29264632316156,297.44372186093045,220.63031515757876
0083722AR,1,77.9239619809905,146.59329664832416,270.23511755877934,192.31115557778884
0083726AR,4,73.29664832416208,155.66283141570784,307.62381190595295,234.32716358179087
0083736AR,1,68.66933466733366,129.1945972986493,269.3096548274137,200.64032016008002
0083766AR,1,95.69284642321159,124.56728364182091,295.7778889444722,200.0850425212606
0083769AR,1,72.9264632316158,138.8194097048524,274.67733866933463,201.75087543771883
0083770AR,1,49.604802401200594,143.63181590795398,370.0,320.3951975987994
0083795AR,1,97.17358679339668,125.12256128064031,296.5182591295648,199.34467233616812
0083804AR,1,94.95247623811906,120.86543271635817,320.7653826913456,225.81290645322656
0083814AR,4,74.40720360180089,163.43671835917957,284.67233616808403,210.26513256628314
0083849AR,1,63.48674337168584,151.03551775887942,297.99899949974986,234.51225612806402
0083851AR,1,96.98849424712355,119.56978489244622,291.33566783391694,194.3471735867934
0083871AR,1,69.22461230615308,146.77838919459728,277.82391195597796,208.5992996498249
0083883AR,1,81.44072036018008,144.18709354677338,321.320660330165,239.87993996998495
0083913AR,1,95.32266133066533,126.23311655827914,300.7753876938469,205.45272636318157
0083922AR,1,62.006003001500744,142.52126063031514,277.82391195597796,215.81790895447722
0083953AR,1,74.59229614807403,148.81440720360177,273.0115057528764,198.4192096048024
0083954AR,1,90.6953476738369,127.34367183591795,301.7008504252126,211.00550275137567
0083967AR,1,84.58729364682341,149.7398699349675,268.19909954977487,183.61180590295146
0083969AR,1,96.98849424712355,136.41320660330166,280.23011505752874,183.24162081040518
0083970AR,1,97.54377188594297,131.97098549274637,287.81890945472736,190.27513756878437
0083974AR,1,77.55377688844422,156.58829414707353,284.8574287143571,207.3036518259129
0083975AR,1,95.32266133066533,215.44772386193097,330.2051025512756,234.8824412206103
0083983AR,4,96.43321660830415,132.71135567783892,253.94697348674336,157.5137568784392
0083990AR,1,72.74137068534267,143.2616308154077,269.3096548274137,196.568284142071
0084002AR,4,97.54377188594297,134.00700350175086,269.8649324662331,172.3211605802901
0084012AR,1,70.33516758379189,137.33866933466732,282.0810405202601,211.74587293646823
0084013AR,1,78.84942471235617,134.192096048024,278.5642821410705,199.71485742871437
0084063AR,4,95.13756878439219,125.12256128064031,279.67483741870933,184.53726863431714
0084075AR,1,59.599799899949964,166.0280140070035,287.6338169084542,228.03401700850424
0084081AR,1,78.4792396198099,119.56978489244622,260.0550275137569,181.575787893947
0084087AR,1,71.26063031515757,139.00450225112556,254.31715857928964,183.05652826413206
0084088AR,1,79.03451725862931,149.7398699349675,285.59779889944974,206.56328164082043
0084093AR,1,96.24812406203101,130.30515257628815,296.3331665832916,200.08504252126056
0084098AR,1,82.18109054527262,164.36218109054525,283.7468734367184,201.56578289144574
0084110AR,4,67.18859429714857,145.8529264632316,289.4847423711856,222.296148074037
0084119AR,1,79.40470235117559,128.6393196598299,257.0935467733867,177.68884442221113
0084138AR,1,97.35867933966983,121.975987993997,274.1220610305152,176.7633816908454
0084149AR,1,60.71035517758879,143.07653826913457,370.0,309.2896448224112
0084155AR,1,79.58979489744871,164.73236618309153,292.6313156578289,213.0415207603802
0084160AR,4,78.84942471235617,148.2591295647824,308.5492746373186,229.69984992496245
0084170AR,1,64.7823911955978,211.37568784392195,349.08454227113555,284.3021510755377
0084173AR,1,92.91645822911455,145.11255627813907,319.28464232116056,226.36818409204602
0084175AR,4,94.95247623811906,137.52376188094047,258.2041020510255,163.2516258129064
0084187AR,1,67.55877938969483,158.25412706353174,365.5577788894447,297.99899949974986
0084188AR,1,70.15007503751875,126.78839419709853,283.37668834417207,213.22661330665332
0084190AR,1,73.85192596298148,183.42671335667833,270.23511755877934,196.38319159579785
0084201AR,1,67.55877938969483,132.89644822411205,284.4872436218109,216.92846423211603
0084205AR,1,84.03201600800399,151.22061030515258,275.4177088544272,191.38569284642318
0084236AR,1,96.80340170085042,134.00700350175086,320.7653826913456,223.9619809904952
0084267AR,4,95.32266133066533,119.19959979989993,276.71335667833915,181.39069534767384
0084278AR,1,70.8904452226113,177.68884442221108,287.6338169084542,216.7433716858429
0084285AR,1,95.13756878439219,123.45672836418208,317.24862431215604,222.11105552776385
0084287AR,1,75.88794397198599,139.7448724362181,324.2821410705352,248.39419709854923
0084290AR,1,94.39719859929964,128.6393196598299,335.7578789394697,241.36068034017006
0084298AR,4,82.73636818409204,164.73236618309153,278.9344672336168,196.19809904952473
0084311AR,1,79.03451725862931,127.15857928964482,256.9084542271135,177.8739369684842
0084333AR,4,75.33266633316659,141.22561280640318,307.4387193596798,232.10605302651322
0085294AR,4,55.1575787893947,190.09004502251125,370.0,314.8424212106053
0085511AR,1,74.59229614807403,126.78839419709853,337.0535267633817,262.46123061530767
0085549AR,4,77.55377688844422,221.92596298149073,339.2746373186593,261.7208604302151
0085629AR,1,42.38619309654827,148.2591295647824,298.55427713856926,256.168084042021
0085660AR,1,37.01850925462731,148.99949974987493,300.2201100550275,263.2016008004002
0085722AR,1,49.23461730865433,119.93996998499249,315.9529764882441,266.71835917958975
0085797AR,1,54.23211605802901,136.04302151075535,321.320660330165,267.088544272136
0085811AR,1,51.0855427713857,122.34617308654326,327.4287143571786,276.3431715857929
0085926AR,1,70.70535267633817,136.41320660330166,289.66983491745873,218.96448224112055
0085931AR,4,66.07803901950975,146.22311155577788,292.816408204102,226.73836918459227
0085963AR,4,88.47423711855927,178.79939969984991,348.52926463231614,260.05502751375684
0086017AR,1,55.34267133566783,103.09654827413706,370.0,314.65732866433217
0086018AR,4,84.21710855427713,171.5807903951976,330.9454727363682,246.72836418209104
0086093AR,1,72.55627813906953,151.03551775887942,287.81890945472736,215.2626313156578
0086111AR,4,83.10655327663832,144.55727863931966,336.4982491245623,253.39169584792396
0086185AR,1,57.00850425212605,138.63431715857928,299.2946473236618,242.28614307153578
0086322AR,4,95.87793896948475,137.7088544272136,331.3156578289144,235.43771885942968
0086588AR,4,60.525262631315655,143.2616308154077,281.89594797398695,221.3706853426713
0086601AR,1,75.88794397198599,151.9609804902451,290.9654827413707,215.07753876938472
0086603AR,1,53.86193096548274,134.00700350175086,271.9009504752376,218.03901950975487
0086631AR,4,72.9264632316158,126.41820910455226,258.94447223611803,186.01800900450223
0086728AR,1,50.90045022511255,120.4952476238119,313.9169584792396,263.0165082541271
0086787AR,1,65.89294647323662,136.96848424212106,272.8264132066033,206.93346673336669
0086924AR,4,86.99349674837418,188.79439719859928,334.2771385692846,247.28364182091042
0086929AR,4,40.90545272636318,155.66283141570784,370.0,329.0945472736368
0086934AR,1,62.74637318659329,137.33866933466732,278.5642821410705,215.81790895447722
0087092AR,4,55.1575787893947,114.3871935967984,317.06353176588294,261.90595297648827
0087102AR,1,53.1215607803902,112.16608304152075,292.0760380190095,238.9544772386193
0087126AR,1,53.30665332666333,129.5647823911956,301.7008504252126,248.39419709854926
0087127AR,4,62.006003001500744,136.04302151075535,359.07953976988495,297.0735367683842
0087148AR,4,74.03701850925462,132.34117058529264,316.3231615807904,242.28614307153578
0087256AR,1,64.22711355677838,139.00450225112556,312.2511255627814,248.02401200600303
0087296AR,4,44.60730365182591,125.30765382691344,343.1615807903952,298.55427713856926
0088196AR,4,59.599799899949964,102.54127063531766,370.0,310.40020010005003
0090210AR,4,58.30415207603801,108.09404702351175,370.0,311.695847923962
0105484AR,1,101.61580790395197,134.93246623311654,279.3046523261631,177.6888444222111
0105509AR,1,110.13006503251626,242.28614307153575,370.0,259.86993496748374
0105526AR,1,101.98599299649824,188.60930465232613,280.4152076038019,178.42921460730366
0105592AR,1,99.39469734867433,157.5137568784392,284.3021510755377,184.9074537268634
0105609AR,1,89.76988494247124,170.6553276638319,279.3046523261631,189.53476738369184
0105625AR,1,93.6568284142071,173.98699349674837,295.40770385192593,201.75087543771883
0105633AR,1,93.84192096048024,139.18959479739868,271.71585792896445,177.8739369684842
0105647AR,1,95.32266133066533,138.63431715857928,295.0375187593797,199.71485742871437
0105672AR,1,102.72636318159078,135.11755877938967,370.0,267.2736368184092
0105699AR,1,102.1710855427714,127.71385692846422,370.0,267.8289144572286
0105704AR,1,101.43071535767884,154.9224612306153,288.37418709354677,186.94347173586794
0105712AR,1,96.61830915457728,137.52376188094047,328.35417708854425,231.73586793396697
0105737AR,1,69.96498249124562,179.90995497748872,363.70685342671334,293.7418709354677
0105739AR,1,96.06303151575786,147.70385192596297,289.66983491745873,193.60680340170086
0105776AR,1,56.63831915957979,140.85542771385693,218.7793896948474,162.1410705352676
0105791AR,1,104.20710355177589,193.60680340170083,279.1195597798899,174.91245622811402
0105819AR,1,103.65182591295648,135.85792896448223,294.8524262131065,191.20060030015003
0105831AR,1,96.98849424712355,153.4417208604302,302.44122061030515,205.4527263631816
0105855AR,1,97.17358679339668,168.24912456228114,288.92946473236617,191.7558779389695
0105861AR,1,86.0680340170085,147.14857428714356,278.5642821410705,192.49624812406202
0105900AR,1,96.61830915457728,149.55477738869433,284.4872436218109,187.8689344672336
0105945AR,1,89.76988494247124,144.00200100050023,261.53576788394196,171.76588294147072
0105966AR,1,88.47423711855927,151.9609804902451,308.3641820910455,219.88994497248623
0105976AR,1,39.979989994997496,209.70985492746374,276.15807903951975,236.17808904452227
0105985AR,1,97.35867933966983,132.52626313156577,278.37918959479737,181.02051025512753
0106014AR,1,110.50025012506252,169.54477238619307,281.34067033516754,170.84042021010504
0106032AR,1,109.9449724862431,134.56228114057026,370.0,260.0550275137569
0106034AR,1,76.62831415707853,145.66783391695847,271.16058029014505,194.5322661330665
0106040AR,1,101.98599299649824,181.57578789394697,274.8624312156078,172.87643821910956
0106092AR,1,82.36618309154576,149.18459229614805,261.53576788394196,179.1695847923962
0106099AR,1,79.40470235117559,183.42671335667833,275.6028014007003,196.1980990495247
0106142AR,1,82.73636818409204,141.59579789894948,275.4177088544272,192.68134067033515
0106179AR,1,73.11155577788894,147.51875937968984,270.97548774387195,197.863931965983
0106180AR,1,83.10655327663832,166.95347673836918,277.26863431715856,194.16208104052023
0106304AR,1,96.43321660830415,131.23061530765384,343.1615807903952,246.72836418209104
0106307AR,1,99.39469734867433,165.1025512756378,298.18409204602295,198.78939469734863
0106319AR,1,71.07553776888443,154.9224612306153,282.26613306653326,211.19059529764883
0106347AR,1,109.01950975487743,146.22311155577788,370.0,260.98049024512255
0106358AR,1,79.77488744372187,155.847923961981,270.7903951975988,191.01550775387693
0106400AR,1,109.01950975487743,134.93246623311654,370.0,260.98049024512255
0106425AR,1,89.02951475737868,144.3721860930465,268.93946973486743,179.90995497748875
0106450AR,1,86.25312656328163,151.77588794397198,258.3891945972986,172.136068034017
0106463AR,1,85.32766383191596,151.59079539769883,280.23011505752874,194.90245122561277
0106499AR,1,109.75987993996998,151.22061030515258,308.7343671835918,198.97448724362184
0106534AR,1,0.0,132.34117058529264,370.0,370.0
0106537AR,1,85.88294147073536,148.62931465732865,331.8709354677339,245.9879939969985
0106538AR,1,97.17358679339668,175.83791895947974,307.9939969984992,210.82041020510252
0106586AR,1,99.02451225612806,141.04052026013005,335.01750875437716,235.9929964982491
0106680AR,1,96.80340170085042,124.75237618809403,370.0,273.19659829914957
0106682AR,1,98.65432716358177,192.8664332166083,274.1220610305152,175.46773386693346
0106692AR,1,101.24562281140568,143.8169084542271,303.55177588794396,202.3061530765383
0106707AR,1,84.40220110055026,144.7423711855928,291.7058529264632,207.30365182591294
0106757AR,1,78.4792396198099,202.86143071535767,277.26863431715856,198.78939469734865
0106774AR,1,84.03201600800399,164.17708854427212,334.46223111555776,250.43021510755375
0106855AR,1,99.02451225612806,129.0095047523762,370.0,270.97548774387195
0106947AR,1,86.80840420210104,155.10755377688844,295.40770385192593,208.5992996498249
0106962AR,1,96.43321660830415,129.74987493746872,348.52926463231614,252.096048024012
0106976AR,1,94.39719859929964,135.6728364182091,313.17658829414705,218.7793896948474
0106987AR,1,105.50275137568784,131.97098549274637,307.4387193596798,201.93596798399196
0107041AR,1,91.99099549774887,131.04552276138068,268.5692846423211,176.57828914457224
0107043AR,1,87.54877438719359,145.11255627813907,277.4537268634317,189.90495247623812
0107056AR,1,81.25562781390695,125.49274637318658,236.3631815907954,155.10755377688844
0107072AR,1,91.25062531265633,129.93496748374184,285.78289144572284,194.5322661330665
0107078AR,1,81.0705352676338,146.96348174087044,277.82391195597796,196.75337668834416
0107092AR,1,98.46923461730866,147.70385192596297,330.57528764382187,232.10605302651322
0107097AR,1,86.43821910955478,143.44672336168082,290.41020510255123,203.97198599299645
0107104AR,1,84.21710855427713,163.62181090545272,292.6313156578289,208.41420710355177
0107114AR,1,111.05552776388193,191.20060030015006,271.3456728364182,160.2901450725363
0107157AR,1,82.92146073036517,144.18709354677338,269.3096548274137,186.3881940970485
0107175AR,1,92.36118059029513,134.56228114057026,314.84242121060527,222.48124062031013
0107180AR,1,93.84192096048024,138.264132066033,272.8264132066033,178.98449224612307
0107190AR,1,94.76738369184592,168.06403201600799,297.0735367683842,202.3061530765383
0107260AR,1,98.46923461730866,151.59079539769883,307.4387193596798,208.96948474237115
0107264AR,1,88.104052026013,144.3721860930465,284.67233616808403,196.56828414207104
0107273AR,1,0.0,137.7088544272136,370.0,370.0
0109147AR,1,73.29664832416208,139.55977988994496,325.7628814407203,252.46623311655824
0109182AR,1,88.84442221110554,184.53726863431714,337.0535267633817,248.20910455227613
0109206AR,1,81.62581290645322,134.56228114057026,341.86593296648323,260.24012006003
0109242AR,1,77.73886943471734,131.6008004002001,281.15557778889445,203.4167083541771
0109253AR,1,63.85692846423211,162.32616308154076,363.8919459729865,300.0350175087544
0109318AR,1,96.98849424712355,184.90745372686342,352.0460230115057,255.05752876438217
0109331AR,1,72.74137068534267,120.68034017008503,259.49974987493744,186.75837918959476
0109554AR,1,84.03201600800399,142.52126063031514,279.3046523261631,195.27263631815907
0109611AR,1,80.51525762881441,136.04302151075535,279.8599299649825,199.34467233616806
0109623AR,1,49.23461730865433,118.82941470735366,328.35417708854425,279.1195597798899
0109765AR,1,66.63331665832916,165.4727363681841,353.52676338169084,286.89344672336165
0109868AR,1,71.81590795397699,122.16108054027013,370.0,298.184092046023
0109881AR,1,76.25812906453226,131.04552276138068,338.1640820410205,261.90595297648827
0109982AR,1,81.81090545272636,140.48524262131065,363.5217608804402,281.7108554277138
0110029AR,1,80.88544272136068,136.96848424212106,359.07953976988495,278.19409704852427
0110032AR,1,80.14507253626813,146.22311155577788,315.9529764882441,235.80790395197596
0110054AR,1,68.66933466733366,162.69634817408703,281.71085542771385,213.0415207603802
0110253AR,1,83.66183091545771,132.71135567783892,285.22761380690343,201.56578289144574
0110314AR,1,80.14507253626813,132.89644822411205,305.032516258129,224.8874437218609
0110348AR,1,92.36118059029513,236.9184592296148,341.3106553276638,248.9494747373687
0110360AR,1,64.41220610305153,139.92996498249124,362.4112056028014,297.99899949974986
0110361AR,1,65.15257628814408,108.27913956978489,283.7468734367184,218.5942971485743
0110399AR,1,78.10905452726362,137.52376188094047,349.63981990995495,271.53076538269136
0110403AR,1,94.58229114557277,226.92346173086543,335.57278639319657,240.9904952476238
0110454AR,1,80.33016508254126,128.6393196598299,250.06003001500747,169.72986493246623
0110487AR,1,76.4432216108054,207.67383691845922,366.48324162081036,290.040020010005
0110532AR,1,77.18359179589795,134.56228114057026,318.91445722861425,241.7308654327163
0110639AR,1,64.59729864932466,127.34367183591795,361.6708354177088,297.07353676838414
0110641AR,1,69.77988994497248,141.41070535267633,264.8674337168584,195.08754377188592
0110705AR,1,79.58979489744871,131.04552276138068,312.4362181090545,232.84642321160578
0110777AR,1,78.66433216608304,261.9059529764882,348.8994497248624,270.23511755877934
0110846AR,1,60.89544772386192,131.6008004002001,307.62381190595295,246.728364182091
0110886AR,1,84.03201600800399,135.11755877938967,259.8699349674837,175.83791895947968
0110903AR,1,70.52026013006503,209.52476238119056,329.6498249124562,259.1295647823912
0110906AR,1,78.29414707353676,132.34117058529264,326.5032516258129,248.20910455227613
0127426AR,1,63.11655827913957,123.27163581790894,304.2921460730365,241.17558779389697
0127506AR,1,66.44822411205602,193.23661830915455,367.4087043521761,300.96048024012003
0127572AR,1,67.37368684342171,134.192096048024,332.2411205602801,264.8674337168584
0127646AR,1,65.52276138069034,117.71885942971484,323.5417708854427,258.0190095047524
0127881AR,1,60.525262631315655,168.98949474737367,313.9169584792396,253.39169584792396
0128023AR,1,62.376188094047016,177.87393696848423,330.9454727363682,268.5692846423212
0136337AR,4,62.191095547773884,98.83941970985492,321.50575287643824,259.31465732866434
0137092AR,4,83.29164582291145,164.91745872936468,311.8809404702351,228.58929464732364
0137509AR,4,30.170085042521258,142.70635317658827,284.67233616808403,254.50225112556276
0137560AR,4,42.20110055027513,107.90895447723861,339.8299149574787,297.62881440720355
0138288AR,4,37.57378689344672,119.56978489244622,283.00650325162576,245.43271635817905
0145755AR,1,71.26063031515757,121.05052526263131,266.16308154077035,194.90245122561277
0146838AR,1,66.63331665832916,128.0840420210105,272.8264132066033,206.19309654827416
0148056AR,1,67.37368684342171,128.0840420210105,314.10205102551276,246.72836418209107
0149191AR,1,63.85692846423211,129.74987493746872,301.51575787893944,237.65882941470733
0161024AR,1,80.33016508254126,143.63181590795398,331.5007503751876,251.1705852926463
0162487AR,4,40.72036018009004,137.1535767883942,370.0,329.27963981990996
0172221AR,1,74.03701850925462,128.26913456728363,259.6848424212106,185.64782391195598
0172343AR,1,70.52026013006503,134.192096048024,257.6488244122061,187.1285642821411
0172399AR,1,77.18359179589795,127.34367183591795,271.71585792896445,194.5322661330665
0172454AR,1,76.07303651825913,259.49974987493744,370.0,293.92696348174087
0172465AR,1,79.03451725862931,154.3671835917959,314.28714357178586,235.25262631315655
0172626AR,1,70.33516758379189,135.48774387193598,279.67483741870933,209.33966983491746
0172639AR,1,32.57628814407204,137.33866933466732,270.05002501250624,237.4737368684342
0172796AR,1,74.59229614807403,139.37468734367184,282.45122561280635,207.85892946473234
0172831AR,1,64.7823911955978,134.00700350175086,250.98549274637315,186.20310155077536
0172857AR,1,70.8904452226113,148.44422211105552,278.7493746873437,207.85892946473237
0172872AR,1,77.9239619809905,130.86043021510756,258.3891945972986,180.46523261630813
0172881AR,1,74.59229614807403,129.74987493746872,265.42271135567785,190.83041520760383
0172920AR,1,40.35017508754377,129.37968984492244,262.46123061530767,222.1110555277639
0172958AR,1,74.03701850925462,135.85792896448223,266.3481740870435,192.3111555777889
0173010AR,1,48.30915457728864,133.82191095547773,256.53826913456726,208.22911455727862
0173035AR,1,79.03451725862931,129.1945972986493,242.65632816408203,163.62181090545272
0173079AR,1,42.75637818909454,137.33866933466732,274.1220610305152,231.3656828414207
0173120AR,1,65.3376688344172,136.04302151075535,314.10205102551276,248.76438219109556
0173131AR,1,73.29664832416208,142.70635317658827,270.60530265132564,197.30865432716357
0173146AR,1,82.18109054527262,186.01800900450223,283.19159579789897,201.01050525262633
0173174AR,1,30.540270135067534,134.192096048024,269.8649324662331,239.32466233116554
0175340AR,1,67.00350175087543,195.27263631815907,334.09204602301145,267.088544272136
0175354AR,1,68.48424212106053,239.69484742371185,327.24362181090544,258.7593796898449
0175358AR,1,148.44422211105552,344.6423211605803,370.0,221.55577788894448
0175366AR,1,80.88544272136068,135.48774387193598,370.0,289.1145572786393
0175393AR,4,81.44072036018008,124.93746873436717,370.0,288.5592796398199
0175418AR,1,77.55377688844422,131.78589294647324,370.0,292.4462231115558
0175423AR,1,76.07303651825913,191.7558779389695,342.0510255127563,265.9779889944972
0175483AR,1,60.89544772386192,137.1535767883942,339.45972986493246,278.5642821410705
0175493AR,1,70.33516758379189,152.8864432216108,341.4957478739369,271.16058029014505
0175508AR,1,72.3711855927964,129.74987493746872,307.4387193596798,235.0675337668834
0175547AR,1,74.03701850925462,133.26663331665833,314.10205102551276,240.06503251625816
0175553AR,4,47.01350675337668,150.2951475737869,277.6388194097048,230.62531265632813
0175578AR,1,82.92146073036517,174.1720860430215,364.26213106553274,281.3406703351676
0175636AR,1,88.104052026013,191.57078539269637,315.5827913956978,227.47873936968483
0175643AR,1,60.71035517758879,214.52226113056525,327.4287143571786,266.7183591795898
0175669AR,1,70.15007503751875,119.56978489244622,370.0,299.8499249624813
0175679AR,4,79.95997998999499,131.97098549274637,347.2336168084042,267.27363681840916
0175726AR,1,76.07303651825913,167.50875437718858,319.83991995997997,243.76688344172084
0175747AR,1,67.55877938969483,257.6488244122061,370.0,302.44122061030515
0175755AR,1,79.03451725862931,171.02551275637816,322.80140070035014,243.76688344172084
0175771AR,4,94.76738369184592,142.15107553776886,276.3431715857929,181.575787893947
0175821AR,1,79.58979489744871,203.97198599299648,321.13556778389193,241.54577288644322
0175851AR,1,55.712856428214096,133.63681840920458,319.83991995997997,264.1270635317659
0175881AR,1,78.84942471235617,151.22061030515258,342.0510255127563,263.2016008004002
0175882AR,1,81.9959979989995,131.41570785392693,351.4907453726863,269.49474737368683
0175893AR,1,75.88794397198599,194.71735867933967,331.6858429214607,255.7978989494747
0176001AR,1,83.47673836918459,226.36818409204602,325.7628814407203,242.28614307153572
0176019AR,1,68.11405702851425,188.23911955977988,370.0,301.88594297148575
0176032AR,1,76.25812906453226,139.92996498249124,313.3616808404202,237.10355177588795
0176038AR,1,78.66433216608304,249.31965982991494,325.7628814407203,247.09854927463726
0176058AR,1,78.66433216608304,186.20310155077536,335.57278639319657,256.9084542271135
0176078AR,1,55.34267133566783,136.96848424212106,288.5592796398199,233.2166083041521
0176106AR,1,56.453226613306654,105.3176588294147,335.57278639319657,279.1195597798899
0176146AR,4,95.50775387693847,135.85792896448223,322.61630815407705,227.10855427713858
0176153AR,4,77.18359179589795,131.04552276138068,329.46473236618306,252.28114057028512
0176156AR,1,56.453226613306654,116.60830415207602,335.9429714857429,279.48974487243623
0176167AR,1,80.14507253626813,248.02401200600298,327.0585292646323,246.91345672836417
0176184AR,1,84.40220110055026,134.37718859429714,315.0275137568784,230.62531265632816
0176188AR,1,114.20210105052526,352.416208104052,370.0,255.79789894947476
0176198AR,1,71.44572286143071,183.42671335667833,310.7703851925963,239.32466233116557
0176207AR,1,58.85942971485742,216.55827913956978,370.0,311.1405702851426
0176210AR,1,71.81590795397699,212.3011505752876,337.23861930965484,265.42271135567785
0176213AR,4,42.75637818909454,156.4032016008004,285.96798399199594,243.2116058029014
0176227AR,1,86.0680340170085,172.136068034017,325.0225112556278,238.95447723861932
0176228AR,1,70.8904452226113,149.7398699349675,346.86343171585787,275.9729864932466
0176237AR,4,77.9239619809905,122.90145072536266,370.0,292.0760380190095
0176241AR,4,94.2121060530265,145.66783391695847,292.0760380190095,197.863931965983
0176267AR,1,87.36368184092045,164.5472736368184,321.69084542271133,234.3271635817909
0176283AR,1,83.10655327663832,354.26713356678334,370.0,286.89344672336165
0176297AR,1,54.97248624312155,145.8529264632316,301.7008504252126,246.72836418209104
0176334AR,4,70.70535267633817,122.16108054027013,278.9344672336168,208.2291145572786
0176336AR,1,79.03451725862931,146.96348174087044,344.4572286143071,265.4227113556778
0176340AR,1,65.89294647323662,198.60430215107553,340.200100050025,274.3071535767884
0176366AR,1,88.47423711855927,171.21060530265132,337.23861930965484,248.76438219109556
0176373AR,1,71.07553776888443,118.27413706853426,370.0,298.92446223111557
0176399AR,1,86.80840420210104,139.18959479739868,298.55427713856926,211.74587293646823
0176400AR,1,69.59479739869934,125.30765382691344,352.0460230115057,282.4512256128064
0176402AR,1,79.77488744372187,196.0130065032516,328.35417708854425,248.57928964482238
0176428AR,1,62.74637318659329,182.3161580790395,294.8524262131065,232.10605302651322
0176437AR,1,94.95247623811906,332.056028014007,370.0,275.04752376188094
0176446AR,1,75.33266633316659,143.44672336168082,286.5232616308154,211.19059529764883
0176448AR,1,86.80840420210104,243.39669834917459,370.0,283.19159579789897
0176458AR,4,74.77738869434717,142.15107553776886,294.6673336668334,219.8899449724862
0176467AR,1,70.15007503751875,134.93246623311654,370.0,299.8499249624813
0176470AR,4,95.50775387693847,144.9274637318659,291.1505752876438,195.64282141070532
0176487AR,1,53.1215607803902,132.34117058529264,313.73186593296646,260.61030515257625
0176497AR,1,70.33516758379189,188.424212106053,335.7578789394697,265.42271135567785
0176535AR,1,71.26063031515757,120.31015507753875,370.0,298.7393696848424
0176549AR,4,83.10655327663832,191.7558779389695,337.97898949474734,254.87243621810902
0176558AR,1,101.24562281140568,173.98699349674837,370.0,268.75437718859433
0176580AR,1,81.62581290645322,154.3671835917959,370.0,288.37418709354677
0176587AR,4,72.74137068534267,136.96848424212106,370.0,297.25862931465736
0176588AR,1,77.18359179589795,236.9184592296148,327.24362181090544,250.0600300150075
0176592AR,1,76.4432216108054,148.62931465732865,334.64732366183085,258.2041020510255
0176611AR,1,79.21960980490245,124.19709854927464,333.53676838419204,254.31715857928958
0176653AR,1,73.29664832416208,146.77838919459728,307.2536268134067,233.95697848924462
0176697AR,1,63.67183591795897,133.82191095547773,325.0225112556278,261.35067533766886
0176699AR,1,86.25312656328163,130.6753376688344,370.0,283.7468734367184
0176700AR,1,53.49174587293646,139.92996498249124,299.8499249624812,246.35817908954476
0176711AR,1,72.3711855927964,134.74737368684342,370.0,297.6288144072036
0176720AR,1,73.11155577788894,158.25412706353174,352.2311155577789,279.1195597798899
0176733AR,1,75.88794397198599,161.03051525762882,340.01500750375186,264.1270635317659
0176742AR,1,77.55377688844422,136.59829914957476,370.0,292.4462231115558
0176750AR,1,91.43571785892946,142.15107553776886,343.1615807903952,251.7258629314657
0176799AR,1,75.14757378689345,133.63681840920458,370.0,294.8524262131066
0176820AR,1,76.25812906453226,137.52376188094047,297.2586293146573,221.00050025012504
0176850AR,1,83.84692346173087,136.59829914957476,322.24612306153074,238.39919959979989
0176868AR,1,62.561280640320156,181.2056028014007,324.8374187093546,262.27613806903446
0176886AR,1,44.0520260130065,314.84242121060527,358.8944472236118,314.84242121060527
0176958AR,1,76.62831415707853,127.71385692846422,370.0,293.37168584292147
0176964AR,4,87.91895947973987,144.3721860930465,319.4697348674337,231.55077538769385
0176982AR,1,97.54377188594297,327.79889944972484,370.0,272.456228114057
0177020AR,1,70.33516758379189,177.31865932966483,332.2411205602801,261.9059529764882
0177027AR,1,81.9959979989995,155.66283141570784,330.760380190095,248.76438219109554
0177041AR,1,90.51025512756378,342.7913956978489,370.0,279.48974487243623
0177060AR,4,69.96498249124562,144.9274637318659,290.5952976488244,220.63031515757876
0177104AR,1,82.5512756378189,182.13106553276637,326.3181590795397,243.76688344172084
0177126AR,1,92.17608804402201,136.96848424212106,317.06353176588294,224.88744372186093
0177135AR,1,61.2656328164082,183.24162081040518,325.2076038019009,263.94197098549273
0177158AR,1,59.04452226113056,190.27513756878437,332.79639819909954,273.751875937969
0177183AR,1,57.563781890945464,115.49774887443722,326.68834417208603,269.1245622811406
0177192AR,1,71.44572286143071,187.3136568284142,329.46473236618306,258.0190095047524
0177194AR,1,92.91645822911455,162.88144072036016,320.5802901450725,227.66383191595799
0177242AR,1,9.994997498749374,213.5967983991996,303.55177588794396,293.55677838919456
0177271AR,1,69.03951975987994,157.8839419709855,328.90945472736365,259.8699349674837
0177298AR,1,93.84192096048024,272.27113556778386,370.0,276.15807903951975
0177307AR,1,79.40470235117559,158.25412706353174,326.13306653326663,246.72836418209104
0177328AR,1,53.49174587293646,215.26263131565779,267.64382191095547,214.152076038019
0177335AR,1,82.92146073036517,149.55477738869433,331.3156578289144,248.39419709854926
0177343AR,1,59.04452226113056,106.7983991995998,317.80390195097544,258.7593796898449
0177359AR,1,51.82591295647824,140.3001500750375,295.9629814907454,244.13706853426714
0177395AR,1,77.18359179589795,161.21560780390195,360.0050025012506,282.82141070535266
0177399AR,4,79.95997998999499,140.3001500750375,291.7058529264632,211.7458729364682
0177419AR,1,77.73886943471734,139.7448724362181,340.7553776888444,263.0165082541271
0177449AR,1,68.8544272136068,234.51225612806402,327.4287143571786,258.5742871435718
0177465AR,1,71.07553776888443,149.9249624812406,310.40020010005003,239.3246623311656
0177473AR,1,72.55627813906953,192.8664332166083,321.320660330165,248.76438219109548
0177503AR,1,69.77988994497248,141.41070535267633,337.42371185592793,267.64382191095547
0177548AR,4,81.62581290645322,153.9969984992496,291.1505752876438,209.52476238119056
0177554AR,1,65.52276138069034,190.46023011505753,327.6138069034517,262.09104552276136
0177577AR,1,76.07303651825913,212.67133566783392,333.35167583791895,257.2786393196598
0177590AR,1,85.88294147073536,339.2746373186593,370.0,284.1170585292646
0177591AR,1,70.52026013006503,188.23911955977988,324.4672336168084,253.9469734867434
0177609AR,4,81.62581290645322,124.38219109554777,370.0,288.37418709354677
0177657AR,1,74.03701850925462,146.59329664832416,334.64732366183085,260.61030515257625
0177687AR,1,78.4792396198099,170.84042021010504,335.9429714857429,257.46373186593297
0177690AR,1,83.29164582291145,160.1050525262631,329.2796398199099,245.98799399699845
0177691AR,1,101.06053026513257,351.4907453726863,370.0,268.93946973486743
0177718AR,1,67.92896448224111,193.23661830915455,327.4287143571786,259.4997498749375
0177730AR,4,92.73136568284141,135.11755877938967,300.40520260130063,207.67383691845922
0177735AR,1,69.4097048524262,152.33116558279139,309.104552276138,239.6948474237118
0177737AR,1,75.33266633316659,135.48774387193598,370.0,294.66733366683343
0177754AR,1,66.63331665832916,135.85792896448223,352.2311155577789,285.5977988994497
0177809AR,1,96.80340170085042,132.34117058529264,370.0,273.19659829914957
0177813AR,1,70.52026013006503,160.84542271135567,326.5032516258129,255.98299149574785
0177852AR,1,65.52276138069034,149.36968484242118,316.69334667333663,251.1705852926463
0177881AR,1,70.70535267633817,144.00200100050023,311.14057028514253,240.43521760880435
0177891AR,1,78.29414707353676,180.46523261630816,370.0,291.70585292646325
0177907AR,1,68.48424212106053,205.26763381690844,320.0250125062531,251.5407703851926
0177910AR,1,70.33516758379189,132.1560780390195,370.0,299.6648324162081
0177925AR,4,86.0680340170085,145.2976488244122,287.6338169084542,201.5657828914457
0177932AR,4,60.71035517758879,127.52876438219108,330.760380190095,270.05002501250624
0177935AR,1,76.07303651825913,168.06403201600799,317.06353176588294,240.9904952476238
0177983AR,1,72.18609304652325,139.00450225112556,348.1590795397699,275.97298649324665
0177999AR,1,68.11405702851425,178.42921460730363,278.0090045022511,209.89494747373686
0178008AR,4,67.00350175087543,192.3111555777889,370.0,302.99649824912456
0178030AR,1,77.18359179589795,183.42671335667833,351.30565282641317,274.1220610305152
0178040AR,1,56.453226613306654,128.6393196598299,268.93946973486743,212.4862431215608
0178043AR,1,77.73886943471734,174.35717858929465,350.01000500250126,272.2711355677839
0178057AR,1,79.77488744372187,136.04302151075535,370.0,290.22511255627813
0178073AR,1,99.76488244122059,189.16458229114554,370.0,270.2351175587794
0178082AR,1,89.5847923961981,146.408204102051,368.33416708354173,278.7493746873436
0178108AR,1,81.9959979989995,195.82791395697848,347.7888944472236,265.7928964482241
0178136AR,1,124.19709854927464,350.3801900950475,370.0,245.80290145072536
0178142AR,4,79.40470235117559,136.04302151075535,347.6038019009505,268.1990995497749
0178164AR,1,71.63081540770385,112.72136068034017,364.4472236118059,292.81640820410206
0182286AR,1,61.82091045522761,123.82691345672835,370.0,308.1790895447724
0182557AR,4,66.63331665832916,214.70735367683838,325.9479739869935,259.31465732866434
0183289AR,1,40.5352676338169,151.59079539769883,281.5257628814407,240.9904952476238
0184114AR,1,70.8904452226113,206.37818909454725,308.3641820910455,237.4737368684342
0185746AR,4,84.40220110055026,159.73486743371686,336.86843421710853,252.46623311655827
0188343AR,1,23.69184592296148,136.04302151075535,361.4857428714357,337.79389694847424
0188734AR,1,86.43821910955478,147.14857428714356,309.4747373686843,223.03651825912954
0188740AR,1,78.10905452726362,151.22061030515258,322.06103051525764,243.95197598799402
0188848AR,1,31.280640320160078,122.16108054027013,322.24612306153074,290.96548274137064
0189018AR,1,79.95997998999499,142.15107553776886,337.23861930965484,257.2786393196599
0189119AR,1,56.63831915957979,105.13256628314157,312.06603301650824,255.42771385692845
0189166AR,1,84.77238619309654,143.2616308154077,310.40020010005003,225.6278139069535
0189668AR,1,63.67183591795897,148.81440720360177,270.7903951975988,207.11855927963984
0190293AR,1,54.047023511755874,110.3151575787894,300.96048024012003,246.91345672836417
0190361AR,1,83.84692346173087,153.25662831415707,322.80140070035014,238.9544772386193
0190493AR,1,75.33266633316659,139.37468734367184,315.39769884942467,240.0650325162581
0190561AR,1,62.93146573286643,95.13756878439219,370.0,307.0685342671336
0190609AR,1,35.16758379189594,144.3721860930465,290.040020010005,254.87243621810904
0190667AR,1,93.84192096048024,147.14857428714356,324.6523261630815,230.81040520260126
0191381AR,1,81.81090545272636,208.78439219609803,334.2771385692846,252.46623311655824
0191493AR,1,28.689344672336166,136.96848424212106,332.6113056528264,303.9219609804902
0191564AR,1,66.81840920460229,139.55977988994496,340.7553776888444,273.93696848424213
0192421AR,1,91.80590295147573,159.73486743371686,313.73186593296646,221.92596298149073
0192652AR,1,90.88044022011005,176.39319659829914,319.83991995997997,228.95947973986992
0192966AR,1,90.32516258129064,190.83041520760378,301.1455727863932,210.82041020510255
0193220AR,1,68.8544272136068,162.88144072036016,288.5592796398199,219.7048524262131
0193251AR,1,82.73636818409204,181.57578789394697,315.9529764882441,233.21660830415203
0193305AR,1,81.25562781390695,166.95347673836918,288.5592796398199,207.30365182591297
0197702AR,1,57.00850425212605,133.82191095547773,273.5667833916958,216.55827913956978
0198542AR,4,91.25062531265633,147.3336668334167,316.5082541270635,225.25762881440716
0199300AR,1,94.95247623811906,342.6063031515758,370.0,275.04752376188094
0199372AR,4,93.47173586793397,132.1560780390195,317.80390195097544,224.33216608304147
0199475AR,1,57.00850425212605,216.1880940470235,300.7753876938469,243.76688344172084
0206210AR,1,72.3711855927964,132.34117058529264,265.05252626313154,192.68134067033515
0206240AR,1,64.59729864932466,156.03301650825412,370.0,305.40270135067533
0206335AR,1,70.52026013006503,184.90745372686342,346.86343171585787,276.34317158579285
0206417AR,1,62.74637318659329,113.46173086543271,370.0,307.2536268134067
0206431AR,1,68.11405702851425,201.75087543771883,356.85842921460727,288.744372186093
0206564AR,1,68.11405702851425,131.6008004002001,261.3506753376688,193.23661830915455
0206579AR,1,55.34267133566783,127.15857928964482,369.0745372686343,313.73186593296646
0206593AR,1,67.00350175087543,124.56728364182091,342.42121060530263,275.4177088544272
0206705AR,1,64.59729864932466,230.62531265632816,325.9479739869935,261.3506753376688
0206969AR,1,71.63081540770385,126.41820910455226,352.0460230115057,280.4152076038019
0207014AR,1,65.52276138069034,136.7833916958479,292.816408204102,227.29364682341168
0207019AR,1,59.969984992496244,158.25412706353174,348.8994497248624,288.92946473236617
0207048AR,1,57.37868934467233,104.94747373686842,370.0,312.62131065532765
0207076AR,1,71.07553776888443,130.6753376688344,370.0,298.92446223111557
0207156AR,1,67.92896448224111,120.86543271635817,350.01000500250126,282.08104052026016
0207301AR,1,63.11655827913957,144.18709354677338,306.51325662831414,243.39669834917459
0207310AR,1,45.71785892946473,127.71385692846422,319.6548274137068,273.9369684842421
0207368AR,1,78.10905452726362,178.2441220610305,370.0,291.89094547273635
0207383AR,1,58.489244622311155,116.05302651325661,370.0,311.51075537768884
0207412AR,1,65.52276138069034,155.66283141570784,356.6733366683341,291.1505752876438
0207522AR,1,66.63331665832916,153.9969984992496,327.79889944972484,261.16558279139565
0207634AR,1,70.15007503751875,136.41320660330166,299.10955477738867,228.95947973986992
0207698AR,1,72.18609304652325,192.1260630315157,363.3366683341671,291.15057528764385
0207724AR,1,61.63581790895447,138.8194097048524,333.90695347673835,272.27113556778386
0207791AR,1,59.41470735367683,166.39819909954977,332.6113056528264,273.19659829914957
0207845AR,1,62.006003001500744,148.81440720360177,326.5032516258129,264.49724862431214
0207847AR,1,54.97248624312155,186.01800900450223,308.17908954477235,253.2066033016508
0207853AR,1,73.48174087043522,192.3111555777889,359.07953976988495,285.59779889944974
0207915AR,1,66.07803901950975,100.13506753376689,350.75037518759376,284.67233616808403
0207917AR,1,67.92896448224111,136.2281140570285,243.76688344172086,175.83791895947974
0207947AR,1,3.516758379189594,155.4777388694347,266.3481740870435,262.8314157078539
0209096AR,4,81.81090545272636,196.0130065032516,260.98049024512255,179.1695847923962
0209276AR,4,71.63081540770385,169.72986493246623,361.6708354177088,290.040020010005
0209391AR,4,77.73886943471734,165.1025512756378,337.23861930965484,259.4997498749375
0209427AR,4,54.417208604302154,153.81190595297647,298.73936968484236,244.3221610805402
0209433AR,4,62.376188094047016,113.27663831915957,302.44122061030515,240.06503251625813
0209440AR,4,77.36868434217108,161.40070035017507,351.30565282641317,273.9369684842421
0209461AR,4,71.26063031515757,137.52376188094047,361.6708354177088,290.41020510255123
0209561AR,4,76.4432216108054,147.70385192596297,309.65982991495747,233.2166083041521
0209627AR,4,78.10905452726362,141.96598299149574,320.0250125062531,241.9159579789895
0209747AR,4,63.67183591795897,146.59329664832416,325.2076038019009,261.53576788394196
0209774AR,4,71.44572286143071,162.69634817408703,335.01750875437716,263.5717858929464
0209846AR,4,70.70535267633817,118.64432216108052,339.8299149574787,269.1245622811405
0209899AR,4,83.84692346173087,155.4777388694347,308.3641820910455,224.51725862931465
0209928AR,4,72.00100050025011,149.18459229614805,332.2411205602801,260.24012006003
0209979AR,4,84.77238619309654,150.11005502751374,343.3466733366683,258.5742871435717
0210032AR,4,71.44572286143071,133.08154077038517,292.0760380190095,220.6303151575788
0210115AR,4,71.44572286143071,129.74987493746872,332.056028014007,260.6103051525763
0210164AR,4,69.03951975987994,193.79189594797396,327.79889944972484,258.7593796898449
0210238AR,4,82.73636818409204,135.85792896448223,297.0735367683842,214.33716858429216
0210249AR,4,67.55877938969483,131.23061530765384,329.6498249124562,262.09104552276136
0210285AR,4,87.91895947973987,114.75737868934466,370.0,282.0810405202601
0210309AR,4,92.36118059029513,119.75487743871935,283.5617808904452,191.20060030015009
0210329AR,4,61.63581790895447,194.16208104052023,342.0510255127563,280.41520760380183
0210363AR,4,67.55877938969483,238.21410705352676,322.24612306153074,254.6873436718359
0210378AR,4,73.66683341670834,136.59829914957476,300.5902951475738,226.92346173086543
0210442AR,4,58.85942971485742,133.82191095547773,312.9914957478739,254.13206603301649
0210537AR,4,71.44572286143071,141.41070535267633,359.81990995497745,288.37418709354677
0210603AR,4,76.62831415707853,173.80190095047524,362.7813906953476,286.1530765382691
0210624AR,4,72.18609304652325,133.08154077038517,321.87593796898443,249.6898449224612
0210640AR,4,63.3016508254127,144.55727863931966,328.7243621810905,265.4227113556778
0210649AR,4,62.376188094047016,139.18959479739868,304.4772386193096,242.1010505252626
0210720AR,4,81.9959979989995,136.2281140570285,284.1170585292646,202.12106053026514
0210746AR,4,71.07553776888443,137.89394697348675,312.06603301650824,240.9904952476238
0210751AR,4,62.006003001500744,164.5472736368184,334.64732366183085,272.6413206603301
0210767AR,4,65.89294647323662,205.82291145572785,327.0585292646323,261.16558279139565
0210914AR,4,73.29664832416208,157.69884942471234,329.83491745872936,256.53826913456726
0210922AR,4,80.51525762881441,180.280140070035,326.68834417208603,246.1730865432716
0210942AR,4,69.59479739869934,220.0750375187594,306.6983491745873,237.10355177588795
0210958AR,4,75.33266633316659,171.5807903951976,324.6523261630815,249.31965982991494
0211070AR,4,71.07553776888443,130.120060030015,315.9529764882441,244.87743871935965
0211152AR,4,90.88044022011005,144.55727863931966,354.08204102051025,263.20160080040023
0211188AR,4,63.48674337168584,142.52126063031514,289.2996498249124,225.8129064532266
0211223AR,4,61.2656328164082,158.80940470235117,298.92446223111557,237.65882941470738
0211253AR,4,71.81590795397699,227.66383191595799,326.68834417208603,254.87243621810904
0211293AR,4,73.48174087043522,161.40070035017507,314.84242121060527,241.36068034017006
0211379AR,4,65.70785392696347,125.30765382691344,330.9454727363682,265.2376188094047
0211386AR,4,42.38619309654827,142.52126063031514,284.3021510755377,241.91595797898947
0211419AR,4,83.10655327663832,225.99799899949974,319.4697348674337,236.3631815907954
0211502AR,4,68.66933466733366,142.70635317658827,300.40520260130063,231.73586793396697
0211540AR,4,76.4432216108054,161.21560780390195,333.1665832916458,256.7233616808404
0211578AR,4,55.1575787893947,126.78839419709853,301.51575787893944,246.35817908954473
0211619AR,4,67.55877938969483,243.02651325662828,323.17158579289645,255.6128064032016
0211651AR,4,71.81590795397699,146.96348174087044,336.6833416708354,264.8674337168584
0211717AR,4,70.70535267633817,234.69734867433715,325.2076038019009,254.50225112556274
0211803AR,4,69.4097048524262,120.4952476238119,335.9429714857429,266.53326663331666
0211816AR,4,72.18609304652325,196.19809904952473,323.72686343171586,251.54077038519262
0211819AR,4,61.45072536268133,168.43421710855426,336.86843421710853,275.4177088544272
0211871AR,4,79.40470235117559,152.33116558279139,356.85842921460727,277.4537268634317
0211912AR,4,53.30665332666333,125.67783891945973,282.6363181590795,229.32966483241617
0211921AR,4,73.11155577788894,137.89394697348675,327.6138069034517,254.50225112556274
0212641AR,4,56.63831915957979,144.7423711855928,291.5207603801901,234.8824412206103
0212759AR,4,62.561280640320156,137.33866933466732,370.0,307.43871935967985
0212829AR,4,63.3016508254127,172.50625312656325,310.0300150075037,246.728364182091
0212945AR,4,93.28664332166083,164.73236618309153,347.2336168084042,253.94697348674333
0212947AR,4,63.48674337168584,134.192096048024,294.11205602801397,230.62531265632813
0213021AR,4,74.77738869434717,199.71485742871437,354.82241120560275,280.0450225112556
0213061AR,4,70.52026013006503,163.43671835917957,370.0,299.479739869935
0213063AR,4,60.525262631315655,131.78589294647324,284.1170585292646,223.59179589794897
0213127AR,4,56.083041520760375,114.75737868934466,280.4152076038019,224.3321660830415
0213211AR,4,72.00100050025011,128.6393196598299,327.4287143571786,255.42771385692848
0213325AR,4,82.92146073036517,199.52976488244119,360.9304652326163,278.0090045022512
0213391AR,4,59.599799899949964,109.75987993996998,315.2126063031516,255.6128064032016
0213417AR,4,87.54877438719359,166.95347673836918,349.8249124562281,262.2761380690345
0213442AR,4,76.9984992496248,121.05052526263131,364.4472236118059,287.4487243621811
0213519AR,4,62.376188094047016,144.18709354677338,283.93196598299147,221.55577788894445
0213564AR,4,63.67183591795897,121.60580290145073,356.1180590295147,292.44622311155575
0213633AR,4,70.33516758379189,116.4232116058029,351.6758379189595,281.3406703351676
0213637AR,4,66.07803901950975,133.45172586293145,355.0075037518759,288.92946473236617
0213641AR,4,94.2121060530265,159.54977488744373,363.3366683341671,269.1245622811406
0213715AR,4,49.04952476238118,120.86543271635817,294.11205602801397,245.0625312656328
0213755AR,4,74.9624812406203,190.83041520760378,366.1130565282641,291.1505752876438
0213764AR,4,75.88794397198599,127.89894947473735,292.816408204102,216.92846423211603
0213875AR,4,72.18609304652325,143.63181590795398,351.86093046523257,279.67483741870933
0213876AR,4,87.54877438719359,125.67783891945973,365.37268634317155,277.82391195597796
0213879AR,4,67.18859429714857,173.43171585792894,341.6808404202101,274.4922461230615
0213929AR,4,84.77238619309654,188.60930465232613,360.1900950475237,275.41770885442713
0214107AR,4,63.85692846423211,171.95097548774385,298.3691845922961,234.512256128064
0214203AR,4,81.0705352676338,183.61180590295146,359.81990995497745,278.7493746873437
0214334AR,4,74.40720360180089,122.5312656328164,285.22761380690343,210.82041020510255
0214351AR,4,66.26313156578288,110.50025012506252,276.15807903951975,209.89494747373686
0214365AR,4,73.11155577788894,142.15107553776886,370.0,296.88844422211105
0214373AR,4,89.5847923961981,284.8574287143571,343.53176588294144,253.94697348674333
0214407AR,4,78.10905452726362,201.38069034517255,351.30565282641317,273.1965982991495
0214480AR,4,92.91645822911455,182.50125062531265,352.416208104052,259.49974987493744
0214596AR,4,71.26063031515757,145.2976488244122,370.0,298.7393696848424
0214660AR,4,60.155077538769376,113.09154577288643,333.1665832916458,273.0115057528764
0214725AR,4,65.89294647323662,133.26663331665833,364.81740870435215,298.9244622311155
0214868AR,4,88.104052026013,158.80940470235117,349.4547273636818,261.3506753376688
0215039AR,4,81.9959979989995,201.38069034517255,357.7838919459729,275.78789394697344
0215058AR,4,59.599799899949964,136.04302151075535,302.07103551775884,242.47123561780887
0215069AR,4,62.93146573286643,119.93996998499249,300.2201100550275,237.28864432216105
0215079AR,4,48.30915457728864,124.01200600300149,311.8809404702351,263.5717858929464
0215427AR,1,91.43571785892946,125.49274637318658,306.32816408204104,214.89244622311156
0215434AR,1,61.82091045522761,154.552276138069,300.2201100550275,238.39919959979986
0215447AR,1,67.55877938969483,121.05052526263131,370.0,302.44122061030515
0215455AR,1,74.9624812406203,158.80940470235117,305.40270135067533,230.440220110055
0215459AR,1,93.6568284142071,126.6033016508254,321.69084542271133,228.03401700850424
0215462AR,1,116.79339669834917,215.81790895447722,265.05252626313154,148.25912956478237
0215471AR,1,63.48674337168584,137.7088544272136,273.5667833916958,210.08004002001
0215475AR,1,90.51025512756378,152.14607303651826,339.8299149574787,249.31965982991494
0215481AR,1,67.74387193596799,115.68284142071035,370.0,302.256128064032
0215492AR,1,59.969984992496244,120.86543271635817,288.92946473236617,228.95947973986992
0215498AR,1,118.64432216108052,200.4552276138069,267.4587293646823,148.81440720360177
0215502AR,1,65.3376688344172,129.93496748374184,317.4337168584292,252.096048024012
0215504AR,1,69.77988994497248,144.18709354677338,300.7753876938469,230.9954977488744
0215526AR,1,48.49424712356178,188.9794897448724,309.8449224612306,261.35067533766886
0215527AR,1,83.66183091545771,176.94847423711855,315.39769884942467,231.73586793396697
0215536AR,1,61.08054027013507,127.71385692846422,286.15307653826915,225.0725362681341
0215541AR,1,70.33516758379189,159.36468234117058,282.45122561280635,212.11605802901448
0215553AR,1,55.712856428214096,226.36818409204602,274.1220610305152,218.40920460230114
0215580AR,1,85.51275637818908,141.59579789894948,326.3181590795397,240.80540270135066
0215584AR,1,74.59229614807403,120.31015507753875,294.11205602801397,219.51975987993995
0215593AR,1,71.07553776888443,143.63181590795398,314.472236118059,243.39669834917459
0215613AR,1,42.94147073536768,153.62681340670335,270.60530265132564,227.66383191595796
0215688AR,1,92.91645822911455,134.74737368684342,315.9529764882441,223.03651825912954
0215709AR,1,93.84192096048024,125.67783891945973,326.87343671835913,233.03151575787888
0215742AR,1,33.686843421710854,147.3336668334167,301.88594297148575,268.19909954977487
0215795AR,1,97.91395697848924,124.38219109554777,304.8474237118559,206.93346673336669
0215815AR,1,76.62831415707853,165.6578289144572,289.1145572786393,212.4862431215608
0215825AR,1,77.9239619809905,150.48024012006002,338.53426713356674,260.61030515257625
0215852AR,1,92.91645822911455,156.03301650825412,312.4362181090545,219.51975987993995
0215855AR,1,61.82091045522761,158.9944972486243,330.39019509754877,268.5692846423212
0215881AR,1,64.96748374187092,143.44672336168082,282.45122561280635,217.48374187093543
0215884AR,1,91.99099549774887,117.53376688344173,353.52676338169084,261.53576788394196
0215892AR,1,69.59479739869934,128.0840420210105,296.5182591295648,226.92346173086545
0215922AR,1,89.5847923961981,195.64282141070535,301.88594297148575,212.30115057528764
0215939AR,1,97.7288644322161,126.23311655827914,303.73686843421706,206.00800400200097
0215963AR,1,70.52026013006503,144.7423711855928,268.0140070035017,197.4937468734367
0215980AR,1,79.77488744372187,200.64032016008002,292.6313156578289,212.85642821410704
0215981AR,1,65.89294647323662,162.32616308154076,320.39519759879937,254.50225112556274
0215994AR,1,74.59229614807403,128.26913456728363,281.5257628814407,206.93346673336669
0215995AR,1,96.24812406203101,125.67783891945973,340.9404702351175,244.6923461730865
0216611AR,4,53.676838419209595,99.76488244122059,303.3666833416708,249.68984492246122
0216652AR,4,52.196098049024506,101.8009004502251,303.18159079539765,250.98549274637315
0224451AR,1,58.85942971485742,112.90645322661331,315.9529764882441,257.09354677338666
0224458AR,1,47.38369184592296,147.70385192596297,292.6313156578289,245.24762381190595
0224467AR,1,45.902951475737865,115.86793396698349,305.5877938969484,259.68484242121053
0224472AR,1,51.27063531765883,116.60830415207602,291.7058529264632,240.43521760880435
0224474AR,1,35.722861430715355,163.43671835917957,280.4152076038019,244.69234617308655
0224488AR,1,52.566283141570786,186.01800900450223,287.44872436218105,234.88244122061027
0224493AR,1,54.602301150575286,198.41920960480238,304.2921460730365,249.68984492246125
0224498AR,1,47.93896948474237,122.90145072536266,295.7778889444722,247.83891945972982
0224507AR,1,63.48674337168584,133.82191095547773,331.3156578289144,267.82891445722856
0224518AR,1,42.94147073536768,161.58579289644823,322.61630815407705,279.6748374187094
0224533AR,1,50.90045022511255,120.4952476238119,259.49974987493744,208.5992996498249
0224553AR,1,49.04952476238118,120.31015507753875,313.17658829414705,264.1270635317659
0224574AR,1,46.643321660830416,140.3001500750375,301.88594297148575,255.24262131065532
0224598AR,1,51.45572786393196,115.86793396698349,301.88594297148575,250.43021510755378
0224615AR,1,48.49424712356178,164.73236618309153,289.2996498249124,240.80540270135066
0224636AR,1,17.953976988494247,166.0280140070035,299.66483241620807,281.7108554277138
0224643AR,1,59.2296148074037,195.4577288644322,336.4982491245623,277.26863431715856
0224649AR,1,63.67183591795897,129.37968984492244,328.1690845422711,264.49724862431214
0224663AR,1,60.89544772386192,159.17958979489742,308.3641820910455,247.46873436718357
0224687AR,1,60.89544772386192,167.50875437718858,288.1890945472736,227.29364682341168
0224690AR,1,67.92896448224111,149.9249624812406,305.5877938969484,237.65882941470733
0224728AR,1,70.33516758379189,128.26913456728363,312.8064032016008,242.47123561780893
0224742AR,1,16.65832916458229,146.59329664832416,279.8599299649825,263.2016008004002
0224772AR,1,61.08054027013507,151.9609804902451,366.1130565282641,305.032516258129
0224782AR,1,56.63831915957979,143.07653826913457,295.2226113056528,238.58429214607298
0224805AR,1,71.44572286143071,135.6728364182091,332.2411205602801,260.79539769884934
0224816AR,1,35.537768884442215,244.13706853426712,300.40520260130063,264.8674337168584
0224846AR,1,66.26313156578288,126.23311655827914,320.39519759879937,254.13206603301649
0224847AR,1,79.03451725862931,129.37968984492244,324.6523261630815,245.6178089044522
0224908AR,1,71.44572286143071,152.33116558279139,308.9194597298649,237.4737368684342
0224912AR,1,62.561280640320156,150.2951475737869,325.5777888944472,263.0165082541271
0224942AR,1,53.49174587293646,131.97098549274637,326.3181590795397,272.82641320660326
0224963AR,1,74.77738869434717,134.00700350175086,370.0,295.22261130565283
0224976AR,1,53.30665332666333,114.0170085042521,305.95797898949473,252.6513256628314
0224978AR,1,39.424712356178084,167.69384692346173,297.8139069534767,258.3891945972986
0225005AR,1,61.82091045522761,134.74737368684342,293.0015007503752,231.1805902951476
0225075AR,1,52.196098049024506,113.09154577288643,293.92696348174087,241.73086543271637
0225078AR,1,56.453226613306654,142.70635317658827,332.98149074537264,276.528264132066
0225082AR,1,68.8544272136068,134.74737368684342,317.06353176588294,248.20910455227613
0225102AR,1,49.97498749374687,118.08904452226112,273.1965982991495,223.22161080540263
0225110AR,1,48.67933966983492,131.04552276138068,265.97798899449725,217.29864932466234
0225116AR,1,77.36868434217108,141.04052026013005,314.472236118059,237.10355177588792
0225117AR,1,52.566283141570786,103.09654827413706,314.472236118059,261.9059529764882
0225133AR,1,62.376188094047016,123.08654327163582,316.3231615807904,253.94697348674336
0225157AR,1,48.86443221610805,146.77838919459728,315.5827913956978,266.71835917958975
0225181AR,1,58.119059529764876,162.1410705352676,303.55177588794396,245.43271635817908
0225200AR,1,48.86443221610805,128.45422711355675,276.8984492246123,228.03401700850426
0225213AR,1,55.34267133566783,113.09154577288643,370.0,314.65732866433217
0225216AR,1,56.26813406703351,105.8729364682341,318.72936468234116,262.46123061530767
0225227AR,1,51.640820410205095,128.6393196598299,309.2896448224112,257.6488244122061
0225230AR,1,49.04952476238118,147.70385192596297,310.2151075537769,261.1655827913957
0225237AR,1,51.0855427713857,114.9424712356178,307.62381190595295,256.53826913456726
0225287AR,1,67.00350175087543,143.07653826913457,312.2511255627814,245.24762381190595
0225307AR,1,51.640820410205095,103.46673336668333,321.87593796898443,270.23511755877934
0225318AR,1,62.376188094047016,102.3561780890445,336.6833416708354,274.3071535767884
0225322AR,1,55.89794897448724,118.82941470735366,301.51575787893944,245.6178089044522
0225325AR,1,66.07803901950975,153.4417208604302,341.12556278139067,275.04752376188094
0225373AR,1,66.26313156578288,138.44922461230615,296.3331665832916,230.0700350175087
0225385AR,1,58.119059529764876,157.8839419709855,281.89594797398695,223.77688844422207
0225390AR,1,47.56878439219609,155.66283141570784,287.44872436218105,239.87993996998495
0225392AR,1,60.155077538769376,151.9609804902451,284.4872436218109,224.3321660830415
0225397AR,1,44.0520260130065,173.06153076538268,292.2611305652826,248.2091045522761
0225411AR,1,48.49424712356178,158.06903451725861,299.8499249624812,251.35567783891946
0225421AR,1,68.29914957478738,123.82691345672835,315.0275137568784,246.72836418209104
0225435AR,1,62.006003001500744,146.59329664832416,316.8784392196098,254.87243621810904
0225477AR,1,42.016008004001996,163.62181090545272,299.2946473236618,257.2786393196598
0225478AR,1,62.191095547773884,114.57228614307152,310.5852926463231,248.39419709854923
0225520AR,1,36.64832416208104,149.9249624812406,305.40270135067533,268.7543771885943
0225528AR,1,70.52026013006503,141.41070535267633,288.37418709354677,217.85392696348174
0225533AR,1,59.969984992496244,136.41320660330166,351.86093046523257,291.89094547273635
0225563AR,1,69.59479739869934,168.24912456228114,303.18159079539765,233.5867933966983
0225567AR,1,56.083041520760375,170.6553276638319,321.50575287643824,265.42271135567785
0225634AR,1,61.63581790895447,178.05902951475736,305.5877938969484,243.95197598799396
0225666AR,1,58.67433716858429,146.59329664832416,283.00650325162576,224.33216608304147
0225684AR,1,63.3016508254127,114.3871935967984,308.5492746373186,245.2476238119059
0225736AR,1,62.006003001500744,143.07653826913457,309.2896448224112,247.28364182091047
0227561AR,4,79.77488744372187,204.8974487243622,338.34917458729365,258.5742871435718
0227580AR,4,79.77488744372187,204.8974487243622,338.34917458729365,258.5742871435718
0228915AR,4,81.0705352676338,225.99799899949974,338.90445222611305,257.8339169584792
0231074AR,4,65.89294647323662,111.79589794897448,290.22511255627813,224.3321660830415
0231475AR,4,63.85692846423211,100.87543771885942,307.9939969984992,244.1370685342671
0231835AR,4,73.29664832416208,124.19709854927464,290.9654827413707,217.66883441720861
0232246AR,4,75.14757378689345,122.5312656328164,287.44872436218105,212.3011505752876
0233081AR,4,66.44822411205602,130.120060030015,280.0450225112556,213.59679839919954
0233242AR,4,77.9239619809905,125.49274637318658,301.51575787893944,223.59179589794894
0233568AR,4,71.07553776888443,118.08904452226112,304.8474237118559,233.7718859429715
0233647AR,4,69.59479739869934,113.83191595797899,309.4747373686843,239.87993996998497
0233970AR,4,40.72036018009004,154.9224612306153,309.4747373686843,268.7543771885943
0235912AR,1,53.30665332666333,154.3671835917959,291.33566783391694,238.0290145072536
0236512AR,1,54.97248624312155,157.8839419709855,318.91445722861425,263.94197098549273
0236964AR,1,38.12906453226613,170.1000500250125,286.89344672336165,248.76438219109554
0237114AR,1,49.97498749374687,148.07403701850924,308.3641820910455,258.3891945972986
0237904AR,1,65.70785392696347,139.37468734367184,327.4287143571786,261.7208604302151
0238006AR,1,45.53276638319159,179.35467733866932,284.8574287143571,239.32466233116554
0238480AR,1,48.49424712356178,148.07403701850924,284.1170585292646,235.62281140570286
0238555AR,1,59.599799899949964,139.7448724362181,261.3506753376688,201.75087543771883
0238984AR,1,41.09054527263631,146.96348174087044,287.44872436218105,246.35817908954473
0239033AR,1,50.71535767883942,170.47023511755876,282.82141070535266,232.10605302651325
0241473AR,4,77.18359179589795,236.73336668334164,333.7218609304652,256.53826913456726
0241508AR,4,86.25312656328163,136.2281140570285,359.26463231615804,273.0115057528764
0241579AR,4,82.18109054527262,168.61930965482742,337.23861930965484,255.0575287643822
0241597AR,4,72.3711855927964,155.66283141570784,335.2026013006503,262.8314157078539
0241632AR,4,73.85192596298148,155.10755377688844,340.200100050025,266.3481740870435
0241644AR,4,67.00350175087543,143.44672336168082,370.0,302.99649824912456
0241742AR,4,73.11155577788894,171.39569784892444,347.97398699349674,274.8624312156078
0241787AR,4,59.599799899949964,187.49874937468732,370.0,310.40020010005003
0241880AR,4,72.00100050025011,203.0465232616308,355.0075037518759,283.00650325162576
0241936AR,4,90.6953476738369,161.03051525762882,335.7578789394697,245.0625312656328
0241943AR,4,22.211105552776385,246.35817908954476,370.0,347.78889444722364
0242005AR,4,78.10905452726362,255.05752876438217,341.6808404202101,263.5717858929464
0242031AR,4,65.89294647323662,132.34117058529264,293.3716858429214,227.47873936968477
0242081AR,1,69.4097048524262,141.59579789894948,287.81890945472736,218.40920460230114
0242098AR,4,70.70535267633817,151.4057028514257,370.0,299.2946473236618
0242111AR,1,84.58729364682341,113.46173086543271,370.0,285.4127063531766
0242137AR,4,76.9984992496248,132.1560780390195,370.0,293.0015007503752
0242197AR,4,70.33516758379189,173.06153076538268,370.0,299.6648324162081
0242369AR,4,74.59229614807403,165.4727363681841,368.88944472236113,294.2971485742871
0242434AR,4,67.18859429714857,138.264132066033,370.0,302.8114057028514
0242500AR,4,82.73636818409204,164.17708854427212,366.1130565282641,283.37668834417207
0242546AR,1,91.99099549774887,227.10855427713855,370.0,278.0090045022511
0242614AR,4,62.93146573286643,116.05302651325661,335.2026013006503,272.27113556778386
0242628AR,4,82.18109054527262,297.44372186093045,370.0,287.81890945472736
0242648AR,1,66.07803901950975,148.44422211105552,288.37418709354677,222.29614807403703
0242662AR,1,73.66683341670834,138.63431715857928,356.1180590295147,282.45122561280635
0242748AR,4,68.48424212106053,233.0315157578789,335.9429714857429,267.4587293646823
0242786AR,1,60.89544772386192,158.06903451725861,370.0,309.10455227613807
0242818AR,4,63.11655827913957,98.83941970985492,316.3231615807904,253.20660330165083
0242920AR,4,64.22711355677838,259.1295647823912,334.2771385692846,270.05002501250624
0242939AR,4,73.11155577788894,96.80340170085042,370.0,296.88844422211105
0242955AR,4,71.26063031515757,107.35367683841919,303.73686843421706,232.47623811905947
0243021AR,4,21.285642821410704,228.58929464732364,370.0,348.7143571785893
0243044AR,4,88.65932966483241,168.80440220110052,343.9019509754877,255.2426213106553
0243107AR,1,86.99349674837418,114.75737868934466,370.0,283.0065032516258
0243126AR,4,67.92896448224111,98.46923461730866,352.97148574287144,285.04252126063034
0243141AR,1,79.77488744372187,125.86293146573286,370.0,290.22511255627813
0243220AR,4,80.88544272136068,169.54477238619307,352.0460230115057,271.16058029014505
0243237AR,4,47.75387693846923,120.31015507753875,327.0585292646323,279.304652326163
0243304AR,4,77.55377688844422,118.64432216108052,285.41270635317653,207.8589294647323
0243368AR,4,86.80840420210104,149.18459229614805,330.57528764382187,243.76688344172084
0243397AR,1,85.51275637818908,134.56228114057026,370.0,284.48724362181093
0243417AR,4,87.17858929464732,337.60880440220103,370.0,282.82141070535266
0243454AR,4,74.59229614807403,171.02551275637816,335.7578789394697,261.1655827913957
0243500AR,4,75.14757378689345,169.72986493246623,359.07953976988495,283.9319659829915
0243547AR,4,68.11405702851425,127.52876438219108,350.9354677338669,282.82141070535266
0243601AR,1,43.866933466733364,141.7808904452226,307.2536268134067,263.3866933466733
0243728AR,4,88.65932966483241,166.76838419209602,351.30565282641317,262.64632316158077
0243856AR,4,80.33016508254126,133.26663331665833,370.0,289.66983491745873
0243912AR,4,85.69784892446222,321.69084542271133,370.0,284.3021510755378
0243940AR,1,75.33266633316659,124.38219109554777,370.0,294.66733366683343
0243990AR,4,52.566283141570786,95.87793896948475,294.2971485742871,241.73086543271634
0244011AR,4,65.3376688344172,244.32216108054027,370.0,304.6623311655828
0244016AR,4,71.07553776888443,196.75337668834413,265.7928964482241,194.71735867933967
0244038AR,4,57.00850425212605,196.93846923461732,366.48324162081036,309.4747373686843
0244057AR,4,60.525262631315655,110.50025012506252,346.12306153076537,285.5977988994497
0244103AR,4,83.84692346173087,127.89894947473735,347.6038019009505,263.75687843921963
0244128AR,1,88.28914457228613,112.53626813406702,370.0,281.71085542771385
0244183AR,4,96.06303151575786,225.81290645322662,358.15407703851923,262.09104552276136
0244237AR,4,85.69784892446222,274.8624312156078,331.3156578289144,245.6178089044522
0244257AR,4,73.29664832416208,142.15107553776886,348.8994497248624,275.6028014007003
0244268AR,1,79.77488744372187,129.5647823911956,368.5192596298149,288.744372186093
0244330AR,4,59.78489244622311,313.3616808404202,370.0,310.2151075537769
0244399AR,4,64.41220610305153,119.93996998499249,355.37768884442215,290.96548274137064
0244425AR,1,84.40220110055026,180.46523261630816,363.3366683341671,278.93446723361683
0244429AR,4,93.6568284142071,304.2921460730365,350.19509754877436,256.53826913456726
0244446AR,4,92.54627313656827,165.4727363681841,369.0745372686343,276.528264132066
0247181AR,1,67.00350175087543,137.7088544272136,337.0535267633817,270.05002501250624
0247286AR,1,65.15257628814408,165.4727363681841,338.34917458729365,273.19659829914957
0247411AR,1,74.77738869434717,156.03301650825412,338.34917458729365,263.5717858929465
0247480AR,1,67.55877938969483,225.99799899949974,347.97398699349674,280.4152076038019
0247483AR,1,63.48674337168584,143.8169084542271,324.0970485242621,260.61030515257625
0247663AR,1,71.81590795397699,134.00700350175086,327.983991995998,256.168084042021
0247742AR,1,91.99099549774887,147.3336668334167,357.2286143071535,265.23761880940464
0247803AR,1,68.48424212106053,134.56228114057026,345.0125062531265,276.52826413206594
0248345AR,1,53.86193096548274,152.70135067533766,334.2771385692846,280.41520760380183
0248479AR,1,54.602301150575286,131.41570785392693,321.87593796898443,267.27363681840916
0248568AR,1,51.0855427713857,156.03301650825412,297.2586293146573,246.1730865432716
0248626AR,1,3.146573286643321,158.80940470235117,306.14307153576783,302.9964982491245
0248651AR,1,20.730365182591292,174.91245622811405,284.8574287143571,264.1270635317658
0248719AR,1,61.2656328164082,144.7423711855928,343.3466733366683,282.0810405202601
0248780AR,1,0.0,184.72236118059027,288.744372186093,288.744372186093
0248842AR,1,53.676838419209595,150.11005502751374,274.67733866933463,221.00050025012504
0248895AR,1,64.04202101050525,136.04302151075535,288.00400200100046,223.9619809904952
0250121AR,1,74.40720360180089,127.15857928964482,249.50475237618807,175.09754877438718
0250285AR,1,73.29664832416208,126.6033016508254,247.6538269134567,174.35717858929462
0265230AR,1,55.34267133566783,131.04552276138068,337.42371185592793,282.0810405202601
0267164AR,4,0.0,176.02301150575286,311.14057028514253,311.14057028514253
0267619AR,4,68.29914957478738,179.53976988494247,269.49474737368683,201.19559779889946
0267669AR,4,22.02601300650325,268.5692846423211,305.2176088044022,283.1915957978989
0267703AR,4,0.0,165.84292146073034,317.24862431215604,317.24862431215604
0267788AR,4,0.0,239.13956978489244,270.05002501250624,270.05002501250624
0268060AR,4,65.52276138069034,147.3336668334167,229.3296648324162,163.80690345172587
0268375AR,4,57.1935967983992,223.03651825912956,303.18159079539765,245.98799399699845
0268757AR,1,55.52776388194096,136.96848424212106,280.0450225112556,224.51725862931463
0271347AR,1,31.835917958979486,136.2281140570285,312.2511255627814,280.4152076038019
0271421AR,1,15.362681340670333,161.03051525762882,307.4387193596798,292.07603801900945
0271564AR,1,26.653326663331665,126.6033016508254,341.3106553276638,314.65732866433217
0285747AR,1,74.03701850925462,234.69734867433715,370.0,295.9629814907454
0285748AR,1,89.39969984992496,186.94347173586794,370.0,280.60030015007504
0285749AR,1,93.28664332166083,161.77088544272135,370.0,276.71335667833915
0286654AR,1,50.160080040020006,177.68884442221108,321.320660330165,271.16058029014505
0289284AR,1,88.65932966483241,143.8169084542271,312.06603301650824,223.40670335167584
0289285AR,1,96.98849424712355,125.67783891945973,302.8114057028514,205.82291145572785
0289286AR,1,95.32266133066533,124.01200600300149,314.65732866433217,219.33466733366686
0289287AR,1,94.58229114557277,125.49274637318658,330.2051025512756,235.62281140570286
0289288AR,1,80.33016508254126,141.96598299149574,307.9939969984992,227.66383191595793
0289289AR,1,76.4432216108054,141.22561280640318,288.00400200100046,211.56078039019508
0290147AR,4,74.22211105552776,125.30765382691344,285.41270635317653,211.19059529764877
0290148AR,4,67.18859429714857,225.2576288144072,370.0,302.8114057028514
0290151AR,4,83.47673836918459,204.712356178089,370.0,286.5232616308154
0290211AR,1,66.63331665832916,149.9249624812406,295.5927963981991,228.95947973986992
0290332AR,1,46.45822911455728,149.18459229614805,329.46473236618306,283.00650325162576
0290716AR,1,72.00100050025011,131.78589294647324,288.1890945472736,216.1880940470235
0290723AR,1,23.321660830415208,137.52376188094047,296.88844422211105,273.5667833916958
0290724AR,1,21.655827913956976,138.264132066033,291.7058529264632,270.05002501250624
0290725AR,1,27.76388194097048,138.07903951975987,285.59779889944974,257.8339169584793
0290726AR,1,40.16508254127063,132.1560780390195,283.00650325162576,242.84142071035512
0290728AR,1,40.16508254127063,144.9274637318659,295.2226113056528,255.05752876438214
0290729AR,1,31.65082541270635,147.8889444722361,299.10955477738867,267.4587293646823
0290730AR,1,33.13156578289144,142.33616808404201,294.11205602801397,260.9804902451225
0290732AR,1,40.90545272636318,173.2466233116558,296.7033516758379,255.7978989494747
0290734AR,1,62.006003001500744,158.25412706353174,291.1505752876438,229.14457228614305
0290735AR,1,58.119059529764876,148.2591295647824,302.99649824912456,244.87743871935967
0290736AR,1,50.530265132566285,153.4417208604302,298.73936968484236,248.20910455227607
0290737AR,1,55.52776388194096,168.98949474737367,310.0300150075037,254.50225112556276
0290738AR,1,68.29914957478738,147.3336668334167,302.44122061030515,234.14207103551777
0290739AR,1,73.48174087043522,150.8504252126063,296.7033516758379,223.2216108054027
0290740AR,1,81.0705352676338,152.14607303651826,299.479739869935,218.40920460230117
0290742AR,1,96.06303151575786,139.18959479739868,343.3466733366683,247.28364182091042
0290743AR,1,98.46923461730866,244.5072536268134,370.0,271.53076538269136
0290748AR,1,88.84442221110554,121.42071035517758,370.0,281.15557778889445
0290750AR,1,63.3016508254127,125.67783891945973,370.0,306.6983491745873
0290751AR,1,67.00350175087543,137.7088544272136,370.0,302.99649824912456
0290752AR,1,63.85692846423211,183.61180590295146,370.0,306.1430715357679
0290753AR,1,68.66933466733366,105.50275137568784,370.0,301.33066533266634
0290754AR,1,67.55877938969483,111.42571285642819,370.0,302.44122061030515
0291413AR,4,84.03201600800399,148.99949974987493,337.60880440220103,253.57678839419702
0291547AR,4,0.0,158.06903451725861,328.35417708854425,328.35417708854425
0292429AR,1,70.15007503751875,149.36968484242118,305.40270135067533,235.25262631315658
0293732AR,1,70.70535267633817,187.8689344672336,370.0,299.2946473236618
0293733AR,1,70.52026013006503,178.98449224612307,370.0,299.479739869935
0293734AR,1,60.71035517758879,295.5927963981991,370.0,309.2896448224112
0293735AR,1,59.78489244622311,256.53826913456726,370.0,310.2151075537769
0294248AR,4,48.86443221610805,134.00700350175086,354.26713356678334,305.4027013506753
0294249AR,4,39.979989994997496,115.31265632816408,340.57028514257127,300.5902951475738
0294250AR,4,49.04952476238118,110.8704352176088,336.3131565782891,287.26363181590796
0294251AR,4,40.72036018009004,112.53626813406702,335.01750875437716,294.2971485742871
0301638AR,1,41.645822911455724,151.03551775887942,297.0735367683842,255.42771385692848
0302406AR,1,0.0,240.0650325162581,302.256128064032,302.256128064032
0302981AR,1,71.44572286143071,215.81790895447722,266.3481740870435,194.9024512256128
0303168AR,1,59.969984992496244,139.00450225112556,334.64732366183085,274.67733866933463
0303169AR,1,59.2296148074037,109.57478739369684,347.2336168084042,288.00400200100046
0303171AR,1,59.599799899949964,124.01200600300149,320.9504752376188,261.3506753376688
0303172AR,1,63.3016508254127,172.136068034017,327.79889944972484,264.49724862431214
0303174AR,1,79.77488744372187,201.19559779889943,319.28464232116056,239.5097548774387
0303175AR,1,77.55377688844422,189.16458229114554,327.983991995998,250.43021510755378
0303176AR,1,79.21960980490245,169.17458729364682,326.87343671835913,247.65382691345667
0303177AR,1,80.33016508254126,156.21810905452725,327.983991995998,247.65382691345673
0303178AR,1,89.39969984992496,188.60930465232613,319.4697348674337,230.07003501750876
0303189AR,1,73.11155577788894,258.0190095047524,327.79889944972484,254.6873436718359
0303190AR,1,69.22461230615308,241.17558779389694,328.5392696348174,259.31465732866434
0303192AR,1,70.8904452226113,189.90495247623812,327.6138069034517,256.7233616808404
0303197AR,1,68.11405702851425,233.21660830415203,329.83491745872936,261.7208604302151
0303199AR,1,67.92896448224111,161.77088544272135,348.7143571785893,280.7853926963482
0303200AR,1,71.44572286143071,207.85892946473237,328.1690845422711,256.7233616808404
0303201AR,1,57.93396698349174,121.05052526263131,334.46223111555776,276.528264132066
0303500AR,1,93.84192096048024,179.90995497748872,357.4137068534267,263.5717858929464
0303501AR,1,97.17358679339668,150.8504252126063,370.0,272.8264132066033
0307676AR,1,58.30415207603801,135.11755877938967,310.2151075537769,251.91095547773887
0309172AR,4,48.30915457728864,133.45172586293145,314.10205102551276,265.79289644822416
0309173AR,4,46.088044022011005,135.11755877938967,299.8499249624812,253.76188094047023
0309766AR,1,64.22711355677838,138.264132066033,317.61880940470235,253.39169584792398
0309979AR,4,56.453226613306654,162.1410705352676,351.6758379189595,295.22261130565283
0309980AR,4,55.1575787893947,187.68384192096048,350.75037518759376,295.5927963981991
0311977AR,1,60.71035517758879,140.3001500750375,339.2746373186593,278.5642821410705
0315355AR,4,0.0,201.93596798399196,284.67233616808403,284.67233616808403
0315356AR,4,65.3376688344172,110.50025012506252,278.5642821410705,213.22661330665332
0315357AR,4,0.0,160.6603301650825,313.17658829414705,313.17658829414705
0319339AR,1,83.10655327663832,151.9609804902451,370.0,286.89344672336165
0321918AR,1,57.93396698349174,188.9794897448724,370.0,312.06603301650824
0321919AR,1,63.48674337168584,88.65932966483241,370.0,306.51325662831414
0322061AR,1,62.376188094047016,218.224112056028,302.99649824912456,240.62031015507753
0322062AR,1,60.525262631315655,143.44672336168082,334.09204602301145,273.5667833916958
0322063AR,1,60.155077538769376,158.9944972486243,308.5492746373186,248.39419709854923
0322064AR,1,57.93396698349174,101.61580790395197,340.3851925962981,282.45122561280635
0324152AR,1,56.82341170585292,174.35717858929465,306.14307153576783,249.3196598299149
0324153AR,1,56.82341170585292,154.9224612306153,318.544272136068,261.7208604302151
0324154AR,1,56.083041520760375,153.4417208604302,320.5802901450725,264.49724862431214
0324155AR,1,54.047023511755874,164.5472736368184,323.72686343171586,269.67983991996
0329617AR,4,60.525262631315655,128.6393196598299,336.6833416708354,276.15807903951975
0329620AR,4,63.11655827913957,139.18959479739868,305.032516258129,241.91595797898947
0329736AR,1,76.25812906453226,145.2976488244122,357.96898449224614,281.7108554277139
0329737AR,1,0.0,179.53976988494247,336.3131565782891,336.3131565782891
0329738AR,1,69.77988994497248,206.93346673336666,370.0,300.22011005502753
0329739AR,1,85.51275637818908,234.14207103551774,344.8274137068534,259.31465732866434
0329740AR,1,73.85192596298148,203.97198599299648,339.2746373186593,265.42271135567785
0329741AR,1,62.376188094047016,152.33116558279139,366.1130565282641,303.7368684342171
0329742AR,1,71.63081540770385,144.3721860930465,337.0535267633817,265.42271135567785
0329743AR,1,71.26063031515757,194.71735867933967,370.0,298.7393696848424
0329744AR,1,55.1575787893947,173.6168084042021,367.4087043521761,312.2511255627814
0329745AR,1,66.81840920460229,144.3721860930465,370.0,303.1815907953977
0329746AR,1,74.77738869434717,141.04052026013005,347.2336168084042,272.456228114057
0329747AR,1,70.8904452226113,186.94347173586794,337.97898949474734,267.088544272136
0331871AR,4,40.16508254127063,183.61180590295146,370.0,329.83491745872936
0331873AR,4,43.31165582791395,308.7343671835918,370.0,326.68834417208603
0331874AR,4,67.92896448224111,100.13506753376689,370.0,302.0710355177589
0331875AR,4,64.7823911955978,201.93596798399196,370.0,305.2176088044022
0331876AR,4,37.01850925462731,69.96498249124562,370.0,332.9814907453727
0331880AR,4,61.08054027013507,115.12756378189093,342.6063031515758,281.5257628814407
0331881AR,4,61.08054027013507,160.4752376188094,370.0,308.9194597298649
0331882AR,4,61.63581790895447,223.03651825912956,370.0,308.3641820910455
0331883AR,4,21.285642821410704,301.88594297148575,370.0,348.7143571785893
0331884AR,4,58.119059529764876,172.6913456728364,370.0,311.88094047023515
0333503AR,1,5.92296148074037,144.00200100050023,277.82391195597796,271.9009504752376
0333504AR,1,38.68434217108554,167.32366183091543,322.24612306153074,283.5617808904452
0334258AR,1,39.979989994997496,137.1535767883942,370.0,330.0200100050025
0334259AR,1,39.979989994997496,137.1535767883942,370.0,330.0200100050025
0341631AR,4,61.45072536268133,171.39569784892444,313.73186593296646,252.28114057028512
0341632AR,4,59.41470735367683,154.18209104552275,317.4337168584292,258.0190095047524
0341633AR,4,57.74887443721861,100.87543771885942,336.3131565782891,278.5642821410705
0341634AR,4,42.75637818909454,101.61580790395197,370.0,327.24362181090544
0341635AR,4,50.160080040020006,102.72636318159078,370.0,319.83991995997997
0341636AR,4,58.30415207603801,81.81090545272636,370.0,311.695847923962
0341842AR,4,45.71785892946473,118.27413706853426,370.0,324.28214107053526
0344887AR,1,62.561280640320156,181.3906953476738,300.7753876938469,238.21410705352673
0346410AR,1,73.11155577788894,247.46873436718357,276.8984492246123,203.78689344672335
0346413AR,1,0.0,207.4887443721861,281.5257628814407,281.5257628814407
0346416AR,1,0.0,251.7258629314657,277.26863431715856,277.26863431715856
