codi,LST_zone,SOS,POS,EOS,GSL
0019317AR,1,51.142618849040865,120.24603836530441,289.80817347789826,238.6655546288574
0019319AR,1,57.23102585487906,100.45871559633028,298.0275229357798,240.79649708090076
0019346AR,1,62.40617180984153,108.67806505421184,289.80817347789826,227.40200166805673
0019380AR,1,70.6255212677231,121.15929941618013,259.9749791492911,189.34945788156796
0019384AR,1,50.83819849874895,128.16096747289407,271.84737281067555,221.00917431192659
0019391AR,1,60.88407005838198,106.54712260216847,282.5020850708924,221.61801501251043
0019397AR,1,60.27522935779816,173.51959966638864,358.91159299416177,298.6363636363636
0019415AR,1,45.35863219349458,113.24437030859049,277.93577981651373,232.57714762301916
0019419AR,1,69.40783986655546,115.37531276063386,365.0,295.5921601334445
0019422AR,1,41.40116763969974,123.89908256880733,266.3678065054212,224.96663886572145
0019461AR,1,52.0558798999166,101.98081734778982,293.15679733110926,241.10091743119267
0019471AR,1,56.31776480400334,142.16430358632195,234.09924937447872,177.78148457047538
0019546AR,1,58.4487072560467,160.1251042535446,302.28940783986656,243.84070058381985
0019580AR,1,62.710592160133444,112.93994995829857,327.86071726438695,265.1501251042535
0019595AR,1,52.3603002502085,121.76814011676396,284.3286071726439,231.9683069224354
0019600AR,1,54.18682235195996,93.76146788990826,365.0,310.81317764804004
0019614AR,1,38.05254378648874,145.81734778982485,284.93744787322765,246.8849040867389
0019648AR,1,60.579649708090066,161.03836530442035,346.7347789824854,286.15512927439534
0019654AR,1,48.402835696413675,117.50625521267723,276.1092577147623,227.70642201834863
0019659AR,1,43.83653044203503,117.20183486238531,309.8999165971643,266.06338615512925
0019674AR,1,45.35863219349458,122.07256046705588,312.33527939949954,266.97664720600494
0019678AR,1,52.0558798999166,92.54378648874062,319.94578815679733,267.88990825688074
0019682AR,1,59.05754795663052,128.16096747289407,233.7948290241868,174.7372810675563
0019700AR,1,0.0,114.15763135946622,268.49874895746456,268.49874895746456
0019742AR,1,61.4929107589658,112.33110925771476,267.8899082568807,206.3969974979149
0019744AR,1,23.440366972477065,155.25437864887405,210.65888240200167,187.2185154295246
0019749AR,1,27.39783152627189,113.24437030859049,262.10592160133444,234.70809007506256
0019760AR,1,5.479566305254378,120.24603836530441,277.02251876563804,271.5429524603837
0019805AR,1,48.09841534612176,112.33110925771476,263.628023352794,215.52960800667225
0019832AR,1,67.27689741451209,115.98415346121769,354.34528773978315,287.068390325271
0019833AR,1,49.011676396997494,120.55045871559632,284.93744787322765,235.92577147623015
0019841AR,1,63.62385321100917,103.50291909924937,281.8932443703086,218.26939115929943
0019846AR,1,49.62051709758132,111.1134278565471,271.84737281067555,222.22685571309424
0019864AR,1,52.0558798999166,108.67806505421184,357.08507089241033,305.02919099249374
0019886AR,1,59.05754795663052,115.07089241034194,290.4170141784821,231.35946622185156
0019891AR,1,55.70892410341951,118.41951626355295,303.5070892410342,247.79816513761466
0019920AR,1,52.96914095079233,91.9349457881568,282.5020850708924,229.53294412010007
0019924AR,1,56.622185154295245,119.3327773144287,365.0,308.37781484570473
0019931AR,1,51.751459549624684,97.41451209341118,270.93411175979986,219.18265221017518
0019949AR,1,69.40783986655546,101.371976647206,365.0,295.5921601334445
0019954AR,1,57.23102585487906,87.67306088407005,289.1993327773144,231.96830692243535
0019958AR,1,63.928273561301076,119.94161801501251,241.40533778148458,177.4770642201835
0019980AR,1,1.5221017514595496,125.11676396997497,249.92910758965803,248.40700583819847
0019986AR,1,51.751459549624684,120.85487906588824,267.28106755629693,215.52960800667225
0020028AR,1,56.622185154295245,117.50625521267723,305.9424520433695,249.32026688907425
0020082AR,1,62.101751459549625,100.76313594662219,298.0275229357798,235.92577147623018
0020087AR,1,54.18682235195996,121.15929941618013,277.3269391159299,223.14011676396996
0020093AR,1,90.10842368640533,259.36613844870726,301.9849874895746,211.8765638031693
0020094AR,1,51.751459549624684,126.94328607172643,324.207673060884,272.4562135112593
0020095AR,1,67.581317764804,122.6814011676397,259.36613844870726,191.78482068390326
0020105AR,1,54.79566305254378,105.02502085070891,365.0,310.2043369474562
0020124AR,1,66.05921601334445,124.81234361968306,236.8390325271059,170.77981651376143
0020154AR,1,53.273561301084236,106.54712260216847,319.3369474562135,266.0633861551293
0020166AR,1,0.0,226.18432026688905,305.02919099249374,305.02919099249374
0020170AR,1,59.66638865721435,107.7648040033361,310.81317764804,251.14678899082563
0020194AR,1,34.09507923269391,95.89241034195163,316.9015846538782,282.8065054211843
0020208AR,1,56.31776480400334,109.89574645537948,275.5004170141785,219.18265221017515
0020216AR,1,60.88407005838198,102.28523769808173,320.2502085070892,259.36613844870726
0020218AR,1,59.970809007506254,121.76814011676396,280.97998331943285,221.00917431192659
0020219AR,1,59.970809007506254,121.46371976647205,328.46955796497076,268.4987489574645
0020222AR,1,48.70725604670559,110.50458715596329,288.2860717264387,239.5788156797331
0020226AR,1,60.579649708090066,112.93994995829857,300.4628857381151,239.88323603002505
0020229AR,1,56.622185154295245,117.81067556296912,256.01751459549627,199.39532944120103
0020231AR,1,55.40450375312761,104.720600500417,301.68056713928274,246.27606338615513
0020253AR,1,61.18849040867389,117.81067556296912,350.0834028356964,288.8949124270225
0020262AR,1,35.92160133444537,95.2835696413678,315.98832360300247,280.0667222685571
0020267AR,1,45.9674728940784,116.8974145120934,260.5838198498749,214.61634695579647
0020282AR,1,62.101751459549625,106.24270225187655,255.10425354462052,193.0025020850709
0020344AR,1,52.96914095079233,110.80900750625521,266.976647206005,214.00750625521266
0020349AR,1,60.27522935779816,133.94495412844034,304.7247706422018,244.44954128440364
0020363AR,1,49.011676396997494,133.33611342785653,277.63135946622185,228.61968306922435
0020364AR,1,52.96914095079233,114.76647206005003,268.1943286071726,215.22518765638029
0020373AR,1,76.10508757297748,103.50291909924937,351.90992493744784,275.80483736447036
0020375AR,1,44.445371142618846,140.64220183486236,320.8590492076731,276.4136780650542
0020407AR,1,63.01501251042536,126.63886572143451,276.1092577147623,213.09424520433694
0020412AR,1,65.75479566305255,129.98748957464554,344.603836530442,278.8490408673894
0020444AR,1,55.70892410341951,98.93661384487072,365.0,309.2910758965805
0020468AR,1,37.13928273561301,93.45704753961634,326.0341951626355,288.8949124270225
0020480AR,1,47.18515429524603,126.03002502085072,282.19766472060047,235.01251042535444
0020511AR,1,53.273561301084236,110.50458715596329,333.9491242702252,280.67556296914097
0020513AR,1,65.14595496246872,118.72393661384487,250.84236864053378,185.69641367806506
0020519AR,1,53.57798165137615,94.06588824020017,302.28940783986656,248.7114261884904
0020522AR,1,49.62051709758132,121.46371976647205,271.84737281067555,222.22685571309424
0020528AR,1,33.790658882402,243.84070058381982,299.5496246872394,265.7589658048374
0020538AR,1,46.57631359466222,112.63552960800668,290.4170141784821,243.84070058381985
0020539AR,1,55.10008340283569,208.83236030025017,302.28940783986656,247.18932443703085
0020584AR,1,50.22935779816514,92.84820683903251,365.0,314.77064220183485
0020600AR,1,63.62385321100917,123.89908256880733,256.6263552960801,193.00250208507092
0020617AR,1,57.83986655546288,114.76647206005003,272.7606338615513,214.9207673060884
0020619AR,1,52.0558798999166,112.93994995829857,273.3694745621351,221.31359466221852
0020626AR,1,56.92660550458715,106.85154295246038,365.0,308.07339449541286
0020633AR,1,46.57631359466222,116.8974145120934,270.325271059216,223.74895746455377
0020643AR,1,44.445371142618846,94.97914929107588,294.67889908256876,250.2335279399499
0020653AR,1,0.0,282.8065054211843,315.0750625521267,315.0750625521267
0020672AR,1,55.40450375312761,91.63052543786488,303.2026688907423,247.7981651376147
0020685AR,1,53.273561301084236,108.98248540450375,365.0,311.7264386989158
0020687AR,1,68.79899916597164,114.76647206005003,365.0,296.2010008340284
0020690AR,1,66.97247706422017,205.1793160967473,326.94745621351126,259.9749791492911
0020692AR,1,42.61884904086739,104.41618015012509,291.6346955796497,249.0158465387823
0020701AR,1,56.013344453711426,117.81067556296912,317.81484570475396,261.8015012510425
0020707AR,1,56.622185154295245,127.85654712260215,263.32360300250207,206.70141784820683
0020712AR,1,53.273561301084236,90.41284403669724,338.5154295246038,285.2418682235196
0020713AR,1,67.8857381150959,123.29024186822352,237.75229357798165,169.86655546288574
0020737AR,1,59.970809007506254,119.63719766472059,287.9816513761468,228.0108423686405
0020772AR,1,58.14428690575479,106.54712260216847,271.23853211009174,213.09424520433694
0020803AR,1,51.142618849040865,90.71726438698916,323.59883236030026,272.4562135112594
0020809AR,1,49.011676396997494,126.63886572143451,264.5412844036697,215.5296080066722
0020810AR,1,13.698915763135945,167.12677231025856,281.2844036697247,267.58548790658875
0020861AR,1,61.18849040867389,120.24603836530441,259.0617180984153,197.87322768974144
0020873AR,1,57.83986655546288,98.02335279399499,298.6363636363636,240.79649708090074
0020882AR,1,50.53377814845704,113.8532110091743,317.81484570475396,267.28106755629693
0020892AR,1,45.35863219349458,222.2268557130942,298.9407839866555,253.58215179316093
0020923AR,1,56.622185154295245,100.15429524603836,311.72643869891573,255.1042535446205
0020944AR,1,55.70892410341951,113.5487906588824,301.68056713928274,245.97164303586322
0020948AR,1,58.4487072560467,122.37698081734779,274.58715596330273,216.13844870725603
0020950AR,1,38.05254378648874,98.02335279399499,349.4745621351126,311.42201834862385
0020963AR,1,52.0558798999166,104.720600500417,291.6346955796497,239.5788156797331
0020992AR,1,52.3603002502085,90.10842368640533,281.8932443703086,229.5329441201001
0020994AR,1,68.79899916597164,107.1559633027523,365.0,296.2010008340284
0020998AR,1,54.79566305254378,98.02335279399499,323.29441201000833,268.49874895746456
0021000AR,1,92.2393661384487,253.58215179316096,274.58715596330273,182.34778982485403
0021023AR,1,60.27522935779816,88.58632193494579,365.0,304.72477064220186
0021030AR,1,48.402835696413675,113.24437030859049,275.80483736447036,227.4020016680567
0021041AR,1,46.57631359466222,133.94495412844034,258.1484570475396,211.57214345287736
0021043AR,1,50.53377814845704,121.46371976647205,245.3628023352794,194.82902418682238
0021044AR,1,41.09674728940784,96.80567139282735,365.0,323.90325271059214
0021055AR,1,57.53544620517097,100.76313594662219,265.1501251042535,207.61467889908255
0021070AR,1,54.79566305254378,158.29858215179317,340.3419516263553,285.5462885738115
0021089AR,1,54.79566305254378,85.8465387823186,344.603836530442,289.8081734778982
0021102AR,1,53.88240200166805,110.50458715596329,284.6330275229358,230.75062552126772
0021122AR,1,42.9232693911593,96.50125104253544,312.03085904920766,269.10758965804837
0021921AR,1,32.57297748123436,123.59466221851542,277.3269391159299,244.75396163469554
0023192AR,4,59.361968306922435,98.93661384487072,341.5596330275229,282.19766472060047
0023218AR,4,45.054211843202665,109.59132610508756,365.0,319.94578815679733
0023221AR,1,57.23102585487906,84.93327773144287,301.9849874895746,244.75396163469557
0023223AR,4,59.361968306922435,158.90742285237698,281.8932443703086,222.53127606338614
0023224AR,4,55.40450375312761,89.19516263552961,324.8165137614679,269.4120100083403
0023236AR,1,42.314428690575475,102.28523769808173,365.0,322.6855713094245
0023238AR,4,53.57798165137615,90.71726438698916,311.117597998332,257.5396163469558
0023244AR,4,59.05754795663052,93.45704753961634,340.3419516263553,281.2844036697248
0023247AR,4,57.53544620517097,91.63052543786488,303.8115095913261,246.27606338615516
0023250AR,4,54.491242702251874,90.41284403669724,358.30275229357795,303.81150959132606
0023256AR,1,51.142618849040865,109.59132610508756,264.8457047539616,213.70308590492075
0023258AR,4,63.31943286071726,102.28523769808173,336.08006672226855,272.7606338615513
0023268AR,1,21.613844870725604,128.46538782318598,269.10758965804837,247.49374478732275
0023276AR,1,53.273561301084236,82.80233527939949,299.24520433694744,245.9716430358632
0023289AR,4,55.70892410341951,107.4603836530442,326.94745621351126,271.23853211009174
0023296AR,4,53.273561301084236,98.3277731442869,301.3761467889908,248.10258548790657
0023305AR,4,56.013344453711426,88.58632193494579,282.19766472060047,226.18432026688905
0023320AR,1,38.965804837364466,104.720600500417,305.02919099249374,266.06338615512925
0023322AR,4,60.88407005838198,98.93661384487072,331.20934111759794,270.325271059216
0023325AR,4,61.79733110925771,92.2393661384487,365.0,303.2026688907423
0023332AR,1,51.44703919933277,128.7698081734779,241.10091743119264,189.65387823185986
0023337AR,4,54.79566305254378,103.50291909924937,322.0767306088407,267.28106755629693
0023338AR,4,56.92660550458715,87.97748123436196,357.998331943286,301.0717264386989
0023341AR,4,62.710592160133444,117.81067556296912,343.6905754795663,280.97998331943285
0023342AR,1,47.18515429524603,87.97748123436196,299.85404503753125,252.6688907422852
0023345AR,1,48.70725604670559,99.84987489574645,283.71976647206003,235.01251042535444
0023355AR,1,44.74979149291075,117.81067556296912,295.5921601334445,250.84236864053375
0023358AR,4,60.88407005838198,99.54545454545453,365.0,304.115929941618
0023359AR,4,56.31776480400334,100.15429524603836,310.5087572977481,254.19099249374477
0023365AR,4,60.88407005838198,116.28857381150958,356.78065054211845,295.89658048373644
0023376AR,1,54.18682235195996,115.67973311092577,236.2301918265221,182.04336947456213
0023378AR,1,37.13928273561301,122.9858215179316,257.8440366972477,220.7047539616347
0023382AR,1,54.79566305254378,227.7064220183486,345.21267723102585,290.4170141784821
0023385AR,4,58.4487072560467,104.41618015012509,327.86071726438695,269.41201000834025
0023414AR,4,56.013344453711426,89.4995829858215,284.6330275229358,228.61968306922435
0023438AR,4,44.14095079232694,101.6763969974979,365.0,320.8590492076731
0023439AR,1,40.79232693911593,105.02502085070891,308.98665554628855,268.1943286071726
0023448AR,4,54.79566305254378,130.90075062552125,339.42869057547955,284.6330275229358
0023450AR,4,50.83819849874895,96.80567139282735,294.070058381985,243.23185988323604
0023454AR,4,55.70892410341951,93.45704753961634,292.8523769808173,237.1434528773978
0023456AR,4,57.53544620517097,90.10842368640533,322.9899916597164,265.45454545454544
0023469AR,4,59.361968306922435,91.63052543786488,365.0,305.63803169307755
0023486AR,4,56.013344453711426,126.03002502085072,304.7247706422018,248.71142618849038
0023488AR,1,14.003336113427856,122.07256046705588,280.67556296914097,266.6722268557131
0023499AR,4,55.10008340283569,142.46872393661383,229.83736447039198,174.7372810675563
0023504AR,1,32.26855713094245,115.07089241034194,284.93744787322765,252.6688907422852
0023508AR,4,44.14095079232694,143.38198498748957,278.54462051709754,234.4036697247706
0023510AR,4,55.40450375312761,88.28190158465388,277.93577981651373,222.53127606338612
0023517AR,1,63.31943286071726,107.1559633027523,365.0,301.68056713928274
0023523AR,4,46.27189324437031,95.89241034195163,320.8590492076731,274.5871559633028
0023529AR,1,58.14428690575479,103.50291909924937,289.1993327773144,231.0550458715596
0023540AR,4,58.14428690575479,90.71726438698916,327.55629691409507,269.4120100083403
0023550AR,1,44.14095079232694,112.93994995829857,292.8523769808173,248.71142618849038
0023558AR,1,88.58632193494579,332.4270225187656,365.0,276.4136780650542
0023569AR,1,35.31276063386155,102.89407839866554,298.9407839866555,263.62802335279395
0023571AR,4,52.0558798999166,95.58798999165971,289.50375312760633,237.44787322768974
0023584AR,4,60.579649708090066,170.17097581317765,279.7623019182652,219.18265221017515
0023600AR,1,67.27689741451209,107.1559633027523,255.7130942452043,188.4361968306922
0023601AR,1,40.48790658882402,119.3327773144287,292.54795663052545,252.06005004170143
0023602AR,4,57.83986655546288,166.82235195996662,308.0733944954128,250.2335279399499
0023604AR,4,59.05754795663052,105.32944120100083,291.0258548790659,231.96830692243537
0023606AR,4,60.27522935779816,105.02502085070891,365.0,304.72477064220186
0023607AR,4,50.22935779816514,111.1134278565471,268.49874895746456,218.2693911592994
0023609AR,4,46.88073394495413,80.97581317764804,323.59883236030026,276.71809841534616
0023640AR,1,42.01000834028357,92.84820683903251,345.82151793160966,303.8115095913261
0023642AR,1,49.011676396997494,107.7648040033361,292.8523769808173,243.84070058381982
0023651AR,4,53.57798165137615,80.67139282735613,341.8640533778148,288.28607172643865
0023652AR,4,56.622185154295245,95.2835696413678,335.7756463719766,279.15346121768135
0023654AR,1,49.31609674728941,114.46205170975811,274.2827356130108,224.9666388657214
0023658AR,4,55.70892410341951,101.98081734778982,281.8932443703086,226.18432026688907
0023673AR,4,59.66638865721435,138.2068390325271,298.6363636363636,238.96997497914927
0023683AR,4,57.83986655546288,90.10842368640533,315.6839032527106,257.8440366972477
0023693AR,4,50.83819849874895,134.8582151793161,259.9749791492911,209.1367806505421
0023694AR,4,59.361968306922435,109.89574645537948,297.41868223519594,238.0567139282735
0023695AR,1,43.22768974145121,105.02502085070891,290.72143452877395,247.49374478732275
0023696AR,4,57.83986655546288,193.0025020850709,324.512093411176,266.6722268557131
0023697AR,4,55.70892410341951,87.67306088407005,341.5596330275229,285.8507089241034
0023702AR,4,52.96914095079233,98.63219349457881,348.56130108423685,295.5921601334445
0023719AR,1,68.79899916597164,132.1184320266889,214.9207673060884,146.12176814011679
0023723AR,4,59.66638865721435,106.54712260216847,347.3436196830692,287.6772310258549
0023731AR,4,53.273561301084236,95.2835696413678,335.7756463719766,282.5020850708924
0023735AR,4,52.96914095079233,98.3277731442869,277.3269391159299,224.35779816513758
0023736AR,4,57.83986655546288,102.58965804837365,325.7297748123436,267.8899082568807
0023748AR,4,59.970809007506254,93.45704753961634,305.63803169307755,245.6672226855713
0023749AR,4,57.23102585487906,106.24270225187655,301.9849874895746,244.75396163469557
0023762AR,4,55.10008340283569,100.76313594662219,335.7756463719766,280.6755629691409
0023767AR,1,46.57631359466222,110.20016680567139,280.67556296914097,234.09924937447875
0023769AR,4,52.0558798999166,114.46205170975811,316.2927439532944,264.2368640533778
0023779AR,1,41.09674728940784,89.80400333611342,365.0,323.90325271059214
0023781AR,4,53.88240200166805,94.37030859049206,349.17014178482066,295.28773978315263
0023794AR,1,55.70892410341951,92.54378648874062,343.6905754795663,287.9816513761468
0023795AR,1,35.00834028356964,114.15763135946622,284.6330275229358,249.62468723936615
0023796AR,4,60.88407005838198,130.59633027522935,357.69391159299414,296.80984153461213
0023807AR,4,58.14428690575479,98.93661384487072,304.7247706422018,246.580483736447
0023808AR,4,59.361968306922435,84.62885738115095,353.73644703919933,294.3744787322769
0023828AR,1,63.31943286071726,133.33611342785653,310.5087572977481,247.18932443703085
0023845AR,4,48.70725604670559,98.3277731442869,302.89824854045037,254.19099249374477
0023861AR,1,56.013344453711426,113.5487906588824,365.0,308.9866555462886
0023862AR,4,56.92660550458715,103.80733944954129,310.5087572977481,253.58215179316096
0023864AR,4,58.753127606338616,102.89407839866554,343.9949958298582,285.2418682235196
0023873AR,1,52.96914095079233,126.03002502085072,297.41868223519594,244.4495412844036
0023878AR,4,56.92660550458715,90.41284403669724,312.6396997497915,255.71309424520433
0023882AR,1,40.48790658882402,103.80733944954129,293.15679733110926,252.66889074228524
0023895AR,1,57.53544620517097,153.73227689741452,218.2693911592994,160.73394495412845
0023902AR,4,54.491242702251874,99.24103419516264,287.9816513761468,233.4904086738949
0023908AR,1,66.36363636363636,110.20016680567139,344.2994161801501,277.93577981651373
0023914AR,4,59.05754795663052,91.63052543786488,330.6005004170142,271.5429524603837
0023916AR,1,33.790658882402,110.80900750625521,280.37114261884903,246.58048373644704
0023927AR,4,61.4929107589658,128.7698081734779,341.255212677231,279.76230191826517
0023932AR,4,50.53377814845704,99.24103419516264,322.9899916597164,272.45621351125936
0023933AR,1,59.05754795663052,178.39032527105923,319.3369474562135,260.279399499583
0023937AR,4,59.361968306922435,105.93828190158466,360.4336947456213,301.0717264386989
0023948AR,4,50.22935779816514,107.4603836530442,326.94745621351126,276.7180984153461
0023954AR,4,61.79733110925771,107.1559633027523,306.8557130942452,245.05838198498748
0023955AR,1,44.74979149291075,101.371976647206,303.8115095913261,259.0617180984154
0023969AR,1,47.18515429524603,113.24437030859049,254.19099249374477,207.00583819849874
0023978AR,1,56.31776480400334,89.19516263552961,294.070058381985,237.75229357798167
0023999AR,4,56.622185154295245,101.06755629691408,339.1242702251876,282.50208507089235
0024007AR,4,54.79566305254378,88.28190158465388,308.98665554628855,254.19099249374477
0024009AR,1,56.31776480400334,89.4995829858215,270.93411175979986,214.61634695579653
0024012AR,4,57.83986655546288,124.81234361968306,310.2043369474562,252.36447039199334
0024014AR,1,66.36363636363636,107.1559633027523,341.5596330275229,275.19599666388655
0024015AR,4,59.970809007506254,103.50291909924937,359.8248540450375,299.85404503753125
0024042AR,1,42.61884904086739,111.1134278565471,308.0733944954128,265.4545454545454
0024067AR,1,58.14428690575479,84.02001668056714,308.37781484570473,250.23352793994994
0024073AR,1,52.0558798999166,109.59132610508756,285.5462885738115,233.49040867389493
0024075AR,1,68.19015846538782,159.2118432026689,365.0,296.8098415346122
0024081AR,1,60.579649708090066,110.80900750625521,354.34528773978315,293.7656380316931
0024088AR,4,59.66638865721435,118.72393661384487,346.7347789824854,287.0683903252711
0024096AR,4,59.66638865721435,100.15429524603836,329.07839866555463,269.4120100083403
0024098AR,4,55.40450375312761,95.58798999165971,300.1584653878232,244.75396163469557
0024120AR,4,61.79733110925771,138.81567973311093,330.29608006672225,268.49874895746456
0024129AR,4,57.53544620517097,98.63219349457881,329.9916597164304,272.4562135112594
0024132AR,4,53.88240200166805,108.98248540450375,307.1601334445371,253.27773144286905
0024133AR,4,57.83986655546288,95.89241034195163,358.30275229357795,300.46288573811506
0024135AR,4,42.01000834028357,128.7698081734779,299.85404503753125,257.8440366972477
0024140AR,1,49.924937447873226,123.29024186822352,290.4170141784821,240.49207673060886
0024144AR,4,56.013344453711426,89.80400333611342,299.5496246872394,243.53628023352795
0024159AR,4,51.751459549624684,89.4995829858215,365.0,313.24854045037534
0024164AR,1,46.88073394495413,120.55045871559632,289.80817347789826,242.92743953294413
0024169AR,4,57.83986655546288,95.58798999165971,307.7689741451209,249.92910758965803
0024174AR,1,50.22935779816514,162.56046705587988,229.2285237698082,178.99916597164304
0024178AR,4,53.57798165137615,83.41117597998331,341.8640533778148,288.28607172643865
0024182AR,4,57.83986655546288,104.41618015012509,322.9899916597164,265.1501251042535
0024189AR,4,56.622185154295245,90.41284403669724,295.5921601334445,238.96997497914927
0024197AR,4,54.18682235195996,103.80733944954129,296.50542118432026,242.3185988323603
0024219AR,4,51.142618849040865,112.33110925771476,264.2368640533778,213.09424520433694
0024220AR,1,57.23102585487906,84.93327773144287,344.9082568807339,287.67723102585484
0024221AR,4,61.79733110925771,102.58965804837365,287.37281067556296,225.57547956630526
0024222AR,1,61.79733110925771,108.67806505421184,363.47789824854044,301.68056713928274
0024238AR,1,39.57464553794829,107.1559633027523,306.24687239366136,266.67222685571306
0024241AR,4,55.10008340283569,123.59466221851542,296.8098415346122,241.70975813177648
0024247AR,4,56.013344453711426,108.06922435362802,306.8557130942452,250.84236864053375
0024248AR,1,47.793994995829856,125.11676396997497,222.53127606338617,174.73728106755632
0024259AR,4,57.53544620517097,93.45704753961634,288.5904920767306,231.05504587155963
0024263AR,1,44.74979149291075,99.24103419516264,365.0,320.25020850708927
0024272AR,4,52.66472060050042,96.19683069224352,292.2435362802335,239.5788156797331
0024274AR,4,58.4487072560467,94.97914929107588,278.54462051709754,220.09591326105084
0024283AR,4,59.970809007506254,116.5929941618015,351.60550458715596,291.6346955796497
0024288AR,4,56.013344453711426,96.19683069224352,311.72643869891573,255.7130942452043
0024295AR,4,60.27522935779816,106.24270225187655,300.767306088407,240.49207673060883
0024300AR,4,53.57798165137615,85.8465387823186,328.7739783152627,275.19599666388655
0024303AR,1,62.710592160133444,115.67973311092577,297.11426188490407,234.40366972477062
0024305AR,4,55.10008340283569,167.73561301084237,315.37948290241866,260.27939949958295
0024310AR,4,54.18682235195996,84.62885738115095,354.649708090075,300.46288573811506
0024314AR,4,56.013344453711426,116.8974145120934,305.9424520433695,249.92910758965806
0024317AR,4,44.14095079232694,100.76313594662219,365.0,320.8590492076731
0024320AR,4,53.273561301084236,91.9349457881568,322.3811509591326,269.10758965804837
0024331AR,4,56.622185154295245,130.29190992493744,314.77064220183485,258.1484570475396
0024334AR,4,61.79733110925771,116.28857381150958,364.39115929941613,302.59382819015843
0024338AR,4,53.273561301084236,126.03002502085072,309.59549624687236,256.32193494578814
0024340AR,1,22.527105921601333,123.29024186822352,259.36613844870726,236.83903252710593
0024347AR,4,60.579649708090066,112.63552960800668,365.0,304.4203502919099
0024362AR,4,54.79566305254378,101.6763969974979,309.2910758965805,254.4954128440367
0024375AR,1,44.74979149291075,117.50625521267723,292.8523769808173,248.10258548790657
0024380AR,1,55.70892410341951,144.2952460383653,232.88156797331106,177.17264386989154
0024388AR,4,60.579649708090066,91.02168473728106,296.2010008340283,235.62135112593825
0024399AR,4,60.579649708090066,99.24103419516264,335.1668056713928,274.58715596330273
0024401AR,4,60.579649708090066,90.41284403669724,289.1993327773144,228.61968306922432
0024410AR,4,55.70892410341951,126.3344453711426,270.62969140950787,214.92076730608835
0024415AR,4,53.57798165137615,94.06588824020017,303.5070892410342,249.92910758965803
0024418AR,1,43.22768974145121,113.8532110091743,294.9833194328607,251.7556296914095
0024431AR,1,42.61884904086739,97.71893244370307,287.67723102585484,245.05838198498745
0024434AR,4,52.3603002502085,90.71726438698916,319.94578815679733,267.5854879065888
0024438AR,1,34.70391993327773,122.37698081734779,282.19766472060047,247.49374478732273
0024443AR,4,60.27522935779816,87.06422018348623,316.2927439532944,256.01751459549627
0024453AR,1,38.965804837364466,98.3277731442869,334.8623853211009,295.8965804837364
0024457AR,1,40.48790658882402,109.28690575479567,290.72143452877395,250.23352793994994
0024464AR,4,53.57798165137615,112.02668890742285,323.59883236030026,270.0208507089241
0024467AR,4,61.79733110925771,124.20350291909925,300.767306088407,238.9699749791493
0024472AR,4,52.96914095079233,136.68473728106756,295.89658048373644,242.9274395329441
0024477AR,4,48.402835696413675,116.5929941618015,364.69557964970807,316.2927439532944
0024482AR,1,115.37531276063386,313.5529608006672,365.0,249.62468723936615
0024501AR,4,54.18682235195996,99.54545454545453,310.2043369474562,256.01751459549627
0024505AR,1,41.705587989991656,112.63552960800668,309.59549624687236,267.8899082568807
0024512AR,1,49.011676396997494,104.720600500417,359.2160133444537,310.2043369474562
0024517AR,1,27.09341117597998,123.59466221851542,282.5020850708924,255.40867389491243
0024519AR,1,36.53044203502919,107.7648040033361,284.0241868223519,247.49374478732273
0024520AR,4,60.579649708090066,119.94161801501251,320.55462885738115,259.9749791492911
0024522AR,1,40.48790658882402,109.28690575479567,298.6363636363636,258.14845704753964
0024524AR,1,55.40450375312761,108.67806505421184,260.5838198498749,205.17931609674727
0024526AR,4,59.05754795663052,87.06422018348623,313.2485404503753,254.19099249374477
0024535AR,4,62.710592160133444,139.12010008340283,353.4320266889074,290.72143452877395
0024536AR,4,60.27522935779816,94.97914929107588,325.4253544620517,265.15012510425356
0024538AR,1,57.83986655546288,120.24603836530441,272.45621351125936,214.61634695579647
0024546AR,4,54.491242702251874,90.10842368640533,320.8590492076731,266.3678065054212
0024557AR,1,46.27189324437031,116.5929941618015,277.02251876563804,230.75062552126772
0024559AR,1,56.92660550458715,129.37864887406172,288.8949124270225,231.96830692243537
0024576AR,1,56.013344453711426,87.36864053377815,309.59549624687236,253.58215179316093
0024579AR,4,43.83653044203503,177.17264386989157,288.8949124270225,245.05838198498748
0024585AR,4,59.970809007506254,132.4228523769808,345.5170975813177,285.54628857381147
0024586AR,1,57.83986655546288,97.41451209341118,332.73144286905756,274.89157631359467
0024587AR,4,49.31609674728941,115.67973311092577,365.0,315.6839032527106
0024607AR,4,58.14428690575479,108.06922435362802,317.81484570475396,259.6705587989992
0024627AR,1,62.710592160133444,128.7698081734779,360.7381150959132,298.02752293577976
0024632AR,4,55.70892410341951,98.3277731442869,308.98665554628855,253.27773144286903
0024633AR,4,55.40450375312761,90.71726438698916,297.11426188490407,241.70975813177645
0024634AR,1,56.31776480400334,107.7648040033361,312.6396997497915,256.32193494578814
0024644AR,1,45.663052543786485,102.58965804837365,365.0,319.3369474562135
0024648AR,4,57.23102585487906,90.41284403669724,320.2502085070892,263.01918265221013
0024660AR,4,60.27522935779816,101.98081734778982,309.2910758965805,249.0158465387823
0024662AR,4,55.40450375312761,92.2393661384487,305.02919099249374,249.62468723936612
0024664AR,4,57.23102585487906,97.41451209341118,281.58882402001666,224.3577981651376
0024668AR,1,54.79566305254378,141.85988323603002,295.28773978315263,240.49207673060886
0024670AR,1,43.83653044203503,99.84987489574645,348.2568807339449,304.42035029190987
0024674AR,1,43.532110091743114,95.58798999165971,280.97998331943285,237.44787322768974
0024681AR,4,59.970809007506254,108.67806505421184,328.1651376146789,268.1943286071726
0024691AR,1,45.054211843202665,93.15262718932443,365.0,319.94578815679733
0024694AR,1,71.84320266889074,271.5429524603836,365.0,293.15679733110926
0024701AR,4,54.18682235195996,98.93661384487072,306.24687239366136,252.0600500417014
0024710AR,1,36.22602168473728,108.98248540450375,275.19599666388655,238.96997497914927
0024715AR,4,59.361968306922435,91.32610508757297,291.0258548790659,231.66388657214344
0024716AR,4,55.40450375312761,98.93661384487072,307.1601334445371,251.7556296914095
0024718AR,1,52.96914095079233,84.62885738115095,322.6855713094245,269.7164303586322
0024722AR,4,43.532110091743114,139.42452043369474,289.80817347789826,246.27606338615516
0024738AR,4,53.88240200166805,96.50125104253544,333.64470391993325,279.7623019182652
0024743AR,4,58.14428690575479,121.46371976647205,301.68056713928274,243.53628023352795
0024751AR,4,57.53544620517097,88.89074228523769,313.85738115095916,256.3219349457882
0024752AR,4,55.10008340283569,94.97914929107588,287.67723102585484,232.57714762301913
0024758AR,4,57.23102585487906,86.45537948290242,357.998331943286,300.76730608840694
0024764AR,4,58.4487072560467,88.58632193494579,301.68056713928274,243.23185988323604
0024778AR,4,60.579649708090066,101.98081734778982,294.070058381985,233.49040867389493
0024785AR,1,57.23102585487906,127.24770642201834,237.1434528773978,179.91242702251876
0024786AR,4,63.01501251042536,91.63052543786488,265.7589658048374,202.74395329441202
0024791AR,1,52.3603002502085,95.89241034195163,333.64470391993325,281.2844036697247
0024792AR,4,47.48957464553794,103.19849874895746,274.89157631359467,227.40200166805673
0024794AR,1,44.14095079232694,112.63552960800668,244.75396163469557,200.61301084236862
0024796AR,4,57.83986655546288,134.55379482902418,309.8999165971643,252.0600500417014
0024807AR,4,57.53544620517097,97.41451209341118,346.1259382819016,288.59049207673064
0024821AR,4,58.14428690575479,106.85154295246038,332.73144286905756,274.5871559633028
0024837AR,4,56.013344453711426,100.76313594662219,293.7656380316931,237.75229357798165
0024838AR,4,52.0558798999166,89.80400333611342,350.6922435362802,298.6363636363636
0024845AR,4,53.88240200166805,84.02001668056714,306.5512927439533,252.66889074228524
0024859AR,1,38.35696413678065,98.63219349457881,365.0,326.6430358632193
0024865AR,4,45.9674728940784,122.37698081734779,290.11259382819014,244.14512093411173
0024867AR,1,38.35696413678065,126.63886572143451,275.19599666388655,236.8390325271059
0024899AR,1,53.88240200166805,116.5929941618015,258.1484570475396,204.26605504587152
0024902AR,4,52.96914095079233,101.06755629691408,330.29608006672225,277.3269391159299
0024934AR,4,46.88073394495413,99.24103419516264,303.5070892410342,256.6263552960801
0024942AR,1,39.8790658882402,101.98081734778982,305.02919099249374,265.15012510425356
0024946AR,4,54.18682235195996,110.20016680567139,272.1517931609675,217.96497080900753
0024948AR,1,49.924937447873226,112.63552960800668,286.15512927439534,236.23019182652212
0024951AR,1,36.53044203502919,119.63719766472059,290.72143452877395,254.19099249374477
0024968AR,4,54.491242702251874,78.54045037531276,365.0,310.5087572977481
0024973AR,1,54.79566305254378,87.67306088407005,303.2026688907423,248.40700583819853
0024984AR,4,59.970809007506254,94.06588824020017,312.33527939949954,252.36447039199328
0024989AR,4,56.622185154295245,90.41284403669724,307.7689741451209,251.14678899082568
0024994AR,1,42.01000834028357,122.07256046705588,244.14512093411176,202.13511259382818
0025005AR,4,56.622185154295245,97.11009174311927,346.4303586321935,289.8081734778982
0025009AR,1,33.18181818181818,130.90075062552125,276.7180984153461,243.53628023352792
0025019AR,4,60.27522935779816,115.07089241034194,312.6396997497915,252.3644703919933
0025023AR,4,60.579649708090066,91.9349457881568,317.51042535446203,256.93077564637196
0025027AR,1,59.361968306922435,138.51125938281902,365.0,305.63803169307755
0025028AR,1,69.10341951626356,137.59799833194327,225.57547956630526,156.4720600500417
0025037AR,4,61.4929107589658,98.93661384487072,365.0,303.5070892410342
0025042AR,1,69.71226021684737,130.90075062552125,231.66388657214344,161.95162635529607
0025053AR,4,56.31776480400334,104.720600500417,339.42869057547955,283.1109257714762
0025056AR,4,58.4487072560467,96.50125104253544,304.4203502919099,245.97164303586322
0025058AR,1,62.710592160133444,114.46205170975811,365.0,302.28940783986656
0025060AR,1,46.27189324437031,133.03169307756463,268.49874895746456,222.22685571309424
0025064AR,4,55.70892410341951,99.84987489574645,282.5020850708924,226.7931609674729
0025066AR,1,56.92660550458715,95.2835696413678,326.33861551292745,269.4120100083403
0025075AR,4,55.70892410341951,93.15262718932443,287.0683903252711,231.35946622185156
0025080AR,4,59.970809007506254,89.4995829858215,327.55629691409507,267.5854879065888
0025099AR,1,63.31943286071726,130.59633027522935,299.24520433694744,235.92577147623018
0025103AR,1,45.054211843202665,113.5487906588824,283.71976647206003,238.66555462885736
0025106AR,4,55.70892410341951,102.58965804837365,330.29608006672225,274.58715596330273
0025107AR,1,46.57631359466222,111.1134278565471,263.0191826522102,216.44286905754797
0025117AR,1,68.19015846538782,339.42869057547955,365.0,296.8098415346122
0025123AR,4,57.23102585487906,103.19849874895746,290.72143452877395,233.4904086738949
0025124AR,1,73.06088407005838,123.89908256880733,365.0,291.93911592994164
0025129AR,4,59.361968306922435,109.89574645537948,290.11259382819014,230.7506255212677
0025133AR,1,105.32944120100083,131.20517097581316,365.0,259.6705587989992
0025135AR,1,71.23436196830691,105.63386155129274,331.5137614678899,260.27939949958295
0025138AR,1,62.40617180984153,129.98748957464554,225.87989991659714,163.4737281067556
0025146AR,4,52.66472060050042,92.54378648874062,286.76396997497915,234.09924937447875
0025150AR,1,52.96914095079233,99.54545454545453,365.0,312.03085904920766
0025160AR,4,57.53544620517097,91.9349457881568,315.37948290241866,257.8440366972477
0025172AR,1,28.311092577147623,107.1559633027523,281.58882402001666,253.27773144286903
0025174AR,4,55.40450375312761,94.37030859049206,285.2418682235196,229.83736447039198
0025186AR,1,48.09841534612176,103.19849874895746,365.0,316.9015846538782
0025191AR,1,41.09674728940784,109.59132610508756,291.6346955796497,250.53794829024187
0025198AR,1,43.83653044203503,99.84987489574645,291.9391159299416,248.10258548790654
0025205AR,4,52.96914095079233,184.1743119266055,320.8590492076731,267.88990825688074
0025207AR,1,43.22768974145121,99.84987489574645,316.9015846538782,273.673894912427
0025216AR,1,62.710592160133444,101.98081734778982,326.94745621351126,264.2368640533778
0025224AR,4,56.622185154295245,105.02502085070891,322.0767306088407,265.45454545454544
0025236AR,1,30.44203502919099,126.3344453711426,264.8457047539616,234.40366972477062
0025238AR,4,56.622185154295245,93.76146788990826,312.6396997497915,256.0175145954962
0025241AR,1,57.53544620517097,96.80567139282735,352.51876563803165,294.9833194328607
0025247AR,4,59.361968306922435,87.36864053377815,334.557964970809,275.19599666388655
0025260AR,4,55.10008340283569,106.85154295246038,319.6413678065054,264.5412844036697
0025265AR,4,51.44703919933277,95.2835696413678,320.55462885738115,269.10758965804837
0025269AR,4,48.09841534612176,100.45871559633028,365.0,316.9015846538782
0025286AR,1,56.92660550458715,92.2393661384487,332.1226021684737,275.19599666388655
0025288AR,4,46.88073394495413,122.07256046705588,270.93411175979986,224.05337781484573
0025292AR,1,50.53377814845704,104.41618015012509,340.9507923269391,290.4170141784821
0025305AR,4,56.92660550458715,107.7648040033361,315.98832360300247,259.0617180984153
0025338AR,4,58.753127606338616,97.11009174311927,309.8999165971643,251.14678899082568
0025348AR,4,52.96914095079233,189.04503753127608,321.16346955796496,268.1943286071726
0025359AR,4,57.23102585487906,183.8698915763136,319.6413678065054,262.4103419516263
0025360AR,4,50.22935779816514,95.58798999165971,305.63803169307755,255.4086738949124
0025361AR,4,54.491242702251874,130.90075062552125,267.5854879065888,213.09424520433694
0025366AR,4,59.361968306922435,93.15262718932443,306.24687239366136,246.8849040867389
0025375AR,4,55.70892410341951,112.02668890742285,336.38448707256043,280.6755629691409
0025392AR,4,43.83653044203503,137.90241868223518,271.23853211009174,227.4020016680567
0025394AR,1,113.24437030859049,346.7347789824854,365.0,251.75562969140952
0025396AR,4,57.83986655546288,99.54545454545453,365.0,307.1601334445371
0025402AR,1,26.788990825688074,105.93828190158466,288.5904920767306,261.8015012510425
0025410AR,1,42.61884904086739,123.29024186822352,297.41868223519594,254.79983319432856
0025411AR,4,59.361968306922435,87.36864053377815,365.0,305.63803169307755
0025422AR,4,63.928273561301076,96.50125104253544,313.5529608006672,249.62468723936615
0025430AR,4,59.970809007506254,125.11676396997497,309.59549624687236,249.6246872393661
0025434AR,4,56.622185154295245,109.28690575479567,272.7606338615513,216.13844870725606
0025436AR,4,56.31776480400334,102.58965804837365,325.7297748123436,269.41201000834025
0025438AR,4,56.013344453711426,104.41618015012509,301.9849874895746,245.9716430358632
0025439AR,1,51.751459549624684,124.81234361968306,310.81317764804,259.0617180984153
0025442AR,4,45.054211843202665,110.20016680567139,293.7656380316931,248.7114261884904
0025447AR,4,57.53544620517097,118.11509591326104,313.5529608006672,256.01751459549627
0025472AR,1,62.40617180984153,97.71893244370307,363.7823185988324,301.37614678899087
0025473AR,4,68.19015846538782,105.93828190158466,365.0,296.8098415346122
0025479AR,4,56.31776480400334,128.16096747289407,348.8657214345288,292.54795663052545
0025484AR,4,57.53544620517097,105.32944120100083,354.34528773978315,296.8098415346122
0025486AR,4,57.83986655546288,91.32610508757297,289.80817347789826,231.96830692243537
0025487AR,4,55.10008340283569,89.80400333611342,288.2860717264387,233.185988323603
0025491AR,4,54.491242702251874,90.71726438698916,324.512093411176,270.0208507089241
0025493AR,4,57.53544620517097,105.02502085070891,359.52043369474563,301.9849874895747
0025494AR,4,57.83986655546288,90.41284403669724,361.65137614678895,303.81150959132606
0025499AR,4,59.66638865721435,85.23769808173478,348.8657214345288,289.19933277731445
0025506AR,4,53.88240200166805,89.4995829858215,336.38448707256043,282.5020850708924
0025512AR,4,52.0558798999166,96.80567139282735,326.6430358632193,274.58715596330273
0025517AR,1,43.532110091743114,108.98248540450375,305.9424520433695,262.4103419516264
0025520AR,4,59.66638865721435,145.20850708924104,350.9966638865721,291.33027522935777
0025528AR,1,57.53544620517097,109.89574645537948,329.3828190158465,271.84737281067555
0025531AR,4,61.4929107589658,100.76313594662219,302.28940783986656,240.79649708090076
0025586AR,1,54.18682235195996,83.41117597998331,278.24020016680566,224.0533778148457
0025590AR,4,60.579649708090066,117.81067556296912,342.16847372810673,281.58882402001666
0025598AR,4,54.491242702251874,88.89074228523769,347.95246038365303,293.46121768140114
0025613AR,4,47.48957464553794,100.45871559633028,365.0,317.5104253544621
0025614AR,1,43.22768974145121,115.98415346121769,297.11426188490407,253.88657214345287
0025615AR,4,52.96914095079233,112.02668890742285,365.0,312.03085904920766
0025617AR,1,46.27189324437031,117.20183486238531,273.0650542118432,226.79316096747286
0025628AR,4,53.57798165137615,99.54545454545453,298.0275229357798,244.44954128440367
0025634AR,4,53.273561301084236,98.3277731442869,327.86071726438695,274.58715596330273
0025635AR,4,53.57798165137615,110.20016680567139,365.0,311.42201834862385
0025651AR,4,48.70725604670559,131.20517097581316,304.4203502919099,255.71309424520433
0025653AR,1,41.705587989991656,121.46371976647205,287.37281067556296,245.6672226855713
0025658AR,4,55.70892410341951,99.24103419516264,318.11926605504584,262.4103419516263
0025662AR,4,61.18849040867389,98.63219349457881,266.976647206005,205.7881567973311
0025665AR,4,56.622185154295245,114.46205170975811,312.6396997497915,256.0175145954962
0025681AR,4,60.579649708090066,135.162635529608,305.3336113427856,244.75396163469554
0025693AR,4,59.970809007506254,103.50291909924937,305.3336113427856,245.36280233527935
0025694AR,4,58.753127606338616,95.2835696413678,317.20600500417015,258.4528773978315
0025705AR,1,50.83819849874895,109.28690575479567,279.7623019182652,228.92410341951626
0025709AR,1,31.65971643035863,123.59466221851542,277.93577981651373,246.2760633861551
0025720AR,1,33.18181818181818,107.4603836530442,285.2418682235196,252.0600500417014
0025738AR,1,45.9674728940784,113.8532110091743,286.76396997497915,240.79649708090074
0025741AR,4,49.62051709758132,139.42452043369474,289.50375312760633,239.88323603002502
0025749AR,4,58.4487072560467,105.93828190158466,346.4303586321935,287.9816513761468
0025759AR,4,47.18515429524603,94.06588824020017,300.4628857381151,253.27773144286908
0025770AR,1,35.92160133444537,151.29691409507922,228.01084236864054,192.08924103419517
0025779AR,1,71.53878231859883,131.20517097581316,252.36447039199334,180.8256880733945
0025795AR,4,42.61884904086739,94.97914929107588,365.0,322.3811509591326
0025797AR,1,53.57798165137615,101.371976647206,292.8523769808173,239.27439532944118
0025798AR,4,62.710592160133444,120.85487906588824,345.82151793160966,283.1109257714762
0025799AR,4,53.273561301084236,105.63386155129274,296.8098415346122,243.53628023352795
0025802AR,1,69.71226021684737,100.76313594662219,365.0,295.28773978315263
0025806AR,1,87.97748123436196,309.8999165971643,365.0,277.02251876563804
0025811AR,4,55.70892410341951,100.15429524603836,301.68056713928274,245.97164303586322
0025816AR,4,57.53544620517097,97.11009174311927,307.7689741451209,250.23352793994997
0025830AR,4,55.40450375312761,84.02001668056714,294.3744787322769,238.96997497914927
0025855AR,4,59.970809007506254,125.42118432026689,347.64804003336116,287.6772310258549
0025860AR,4,41.705587989991656,93.76146788990826,365.0,323.29441201000833
0025869AR,1,34.70391993327773,111.1134278565471,279.7623019182652,245.05838198498748
0025889AR,4,52.96914095079233,87.36864053377815,313.5529608006672,260.5838198498749
0025893AR,4,57.23102585487906,102.58965804837365,334.8623853211009,277.6313594662218
0025903AR,4,58.14428690575479,100.15429524603836,284.0241868223519,225.8798999165971
0025917AR,1,64.5371142618849,132.72727272727272,231.96830692243537,167.4311926605505
0025919AR,4,58.4487072560467,119.63719766472059,336.38448707256043,277.93577981651373
0025926AR,4,52.0558798999166,93.15262718932443,312.6396997497915,260.5838198498749
0025935AR,1,52.96914095079233,145.81734778982485,365.0,312.03085904920766
0025941AR,4,61.4929107589658,95.89241034195163,328.7739783152627,267.2810675562969
0025949AR,4,58.753127606338616,111.1134278565471,315.0750625521267,256.3219349457881
0025957AR,4,51.44703919933277,97.71893244370307,365.0,313.5529608006672
0025963AR,1,57.23102585487906,274.2827356130108,365.0,307.7689741451209
0025966AR,4,54.79566305254378,89.19516263552961,280.67556296914097,225.8798999165972
0025987AR,4,56.92660550458715,95.2835696413678,271.84737281067555,214.9207673060884
0026003AR,4,46.27189324437031,182.65221017514594,287.9816513761468,241.70975813177645
0026019AR,4,58.4487072560467,104.1117597998332,315.98832360300247,257.53961634695577
0026042AR,4,58.4487072560467,105.02502085070891,287.37281067556296,228.92410341951626
0026047AR,1,45.35863219349458,112.63552960800668,304.7247706422018,259.3661384487072
0026063AR,1,38.66138448707256,114.76647206005003,241.70975813177648,203.04837364470393
0026065AR,1,44.445371142618846,99.24103419516264,286.4595496246872,242.01417848206836
0026068AR,1,56.31776480400334,126.94328607172643,289.50375312760633,233.185988323603
0026071AR,4,56.31776480400334,137.90241868223518,306.8557130942452,250.53794829024184
0026091AR,4,62.101751459549625,96.80567139282735,332.4270225187656,270.325271059216
0026095AR,4,60.579649708090066,98.63219349457881,276.4136780650542,215.83402835696415
0026107AR,4,57.83986655546288,92.84820683903251,292.54795663052545,234.70809007506256
0026108AR,1,43.22768974145121,97.71893244370307,303.5070892410342,260.27939949958295
0026118AR,4,54.491242702251874,107.4603836530442,335.47122602168474,280.97998331943285
0026121AR,1,55.10008340283569,105.63386155129274,361.34695579649707,306.24687239366136
0026122AR,4,56.013344453711426,109.59132610508756,339.42869057547955,283.41534612176815
0026128AR,4,43.22768974145121,126.03002502085072,277.93577981651373,234.70809007506253
0026149AR,1,42.61884904086739,109.59132610508756,253.88657214345287,211.26772310258548
0026750AR,1,46.27189324437031,104.41618015012509,253.27773144286903,207.0058381984987
0026756AR,1,57.53544620517097,148.86155129274397,309.2910758965805,251.75562969140952
0026763AR,1,43.83653044203503,154.64553794829024,307.1601334445371,263.32360300250207
0026764AR,1,53.273561301084236,93.76146788990826,284.3286071726439,231.05504587155966
0026765AR,1,58.4487072560467,95.58798999165971,352.8231859883236,294.3744787322769
0026768AR,1,55.40450375312761,100.76313594662219,265.45454545454544,210.05004170141783
0026790AR,1,46.88073394495413,95.89241034195163,294.9833194328607,248.10258548790657
0026794AR,1,51.44703919933277,107.7648040033361,259.36613844870726,207.91909924937448
0026840AR,1,61.18849040867389,111.72226855713093,295.5921601334445,234.40366972477062
0026854AR,1,42.61884904086739,123.59466221851542,232.57714762301916,189.95829858215177
0026883AR,4,51.44703919933277,102.28523769808173,326.6430358632193,275.19599666388655
0026921AR,4,57.23102585487906,90.10842368640533,355.8673894912427,298.6363636363636
0026934AR,1,61.18849040867389,100.15429524603836,284.93744787322765,223.74895746455377
0026945AR,1,50.83819849874895,93.76146788990826,283.1109257714762,232.27272727272725
0026946AR,1,57.23102585487906,91.32610508757297,307.7689741451209,250.53794829024187
0026949AR,1,61.18849040867389,105.93828190158466,316.2927439532944,255.10425354462052
0026952AR,1,42.61884904086739,115.07089241034194,236.8390325271059,194.2201834862385
0026957AR,1,60.27522935779816,111.72226855713093,270.0208507089241,209.74562135112595
0026961AR,1,58.4487072560467,111.1134278565471,365.0,306.5512927439533
0026962AR,1,55.40450375312761,100.76313594662219,310.5087572977481,255.1042535446205
0026963AR,4,47.18515429524603,98.93661384487072,266.06338615512925,218.87823185988321
0026969AR,1,52.96914095079233,99.54545454545453,352.2143452877398,299.24520433694744
0026993AR,4,44.74979149291075,101.371976647206,280.0667222685571,235.31693077564634
0027020AR,1,47.18515429524603,99.24103419516264,275.80483736447036,228.61968306922432
0027024AR,4,56.622185154295245,96.50125104253544,365.0,308.37781484570473
0027027AR,1,55.10008340283569,121.76814011676396,230.14178482068388,175.04170141784817
0027050AR,4,59.66638865721435,116.8974145120934,354.95412844036696,295.28773978315263
0027053AR,1,39.57464553794829,152.81901584653878,246.2760633861551,206.7014178482068
0027057AR,4,54.18682235195996,82.80233527939949,312.9441201000834,258.75729774812345
0027064AR,4,52.96914095079233,88.58632193494579,299.85404503753125,246.8849040867389
0027072AR,1,52.66472060050042,113.8532110091743,256.32193494578814,203.65721434528774
0027073AR,4,48.402835696413675,97.71893244370307,289.50375312760633,241.10091743119267
0027077AR,4,48.402835696413675,107.4603836530442,292.54795663052545,244.1451209341118
0027085AR,1,57.23102585487906,100.15429524603836,314.4662218515429,257.23519599666383
0027097AR,4,55.40450375312761,137.90241868223518,308.37781484570473,252.97331109257712
0027105AR,1,46.27189324437031,117.20183486238531,243.53628023352792,197.2643869891576
0027121AR,1,48.70725604670559,106.54712260216847,254.19099249374477,205.48373644703918
0027133AR,4,57.53544620517097,87.97748123436196,312.33527939949954,254.79983319432858
0027138AR,1,44.445371142618846,104.41618015012509,258.1484570475396,213.70308590492073
0027144AR,4,56.013344453711426,101.06755629691408,342.47289407839867,286.45954962468727
0027153AR,1,49.62051709758132,107.1559633027523,265.7589658048374,216.13844870725606
0027171AR,4,55.10008340283569,95.58798999165971,314.4662218515429,259.3661384487072
0027184AR,4,60.579649708090066,89.19516263552961,305.9424520433695,245.3628023352794
0027188AR,1,56.013344453711426,127.55212677231026,249.62468723936612,193.6113427856547
0027200AR,1,50.83819849874895,107.4603836530442,277.93577981651373,227.09758131776476
0027205AR,1,62.40617180984153,95.58798999165971,286.4595496246872,224.05337781484567
0027228AR,1,59.66638865721435,111.1134278565471,260.279399499583,200.61301084236865
0027233AR,4,57.23102585487906,84.93327773144287,328.7739783152627,271.5429524603836
0027238AR,4,54.18682235195996,85.23769808173478,264.5412844036697,210.35446205170973
0027264AR,1,40.183486238532105,127.55212677231026,231.96830692243537,191.78482068390326
0027267AR,4,52.3603002502085,87.97748123436196,365.0,312.6396997497915
0027282AR,1,48.09841534612176,126.3344453711426,238.05671392827355,189.9582985821518
0027301AR,4,52.96914095079233,115.37531276063386,354.34528773978315,301.3761467889908
0027308AR,1,60.579649708090066,119.63719766472059,301.3761467889908,240.79649708090074
0027329AR,1,57.53544620517097,105.63386155129274,296.50542118432026,238.9699749791493
0027335AR,4,59.970809007506254,113.8532110091743,256.6263552960801,196.65554628857382
0027341AR,1,55.70892410341951,96.80567139282735,365.0,309.2910758965805
0027348AR,1,44.14095079232694,100.45871559633028,267.28106755629693,223.14011676396998
0027353AR,1,42.314428690575475,99.24103419516264,265.7589658048374,223.4445371142619
0027358AR,4,55.40450375312761,94.06588824020017,318.4236864053378,263.0191826522102
0027359AR,1,56.31776480400334,161.03836530442035,295.89658048373644,239.5788156797331
0027399AR,1,57.83986655546288,115.98415346121769,244.14512093411176,186.30525437864887
0027402AR,1,61.79733110925771,103.80733944954129,285.8507089241034,224.0533778148457
0027425AR,4,50.22935779816514,102.58965804837365,263.0191826522102,212.78982485404504
0027435AR,1,52.3603002502085,94.67472894078398,284.3286071726439,231.9683069224354
0027446AR,4,54.79566305254378,120.55045871559632,322.9899916597164,268.1943286071726
0027448AR,1,51.142618849040865,108.37364470391992,253.27773144286903,202.13511259382815
0027459AR,4,55.40450375312761,95.2835696413678,281.2844036697247,225.8798999165971
0027502AR,4,51.751459549624684,100.45871559633028,252.6688907422852,200.91743119266053
0027504AR,1,58.14428690575479,118.11509591326104,244.44954128440367,186.30525437864887
0027515AR,1,52.3603002502085,122.37698081734779,239.27439532944118,186.91409507923268
0027519AR,1,56.92660550458715,95.89241034195163,310.5087572977481,253.58215179316096
0027549AR,1,60.88407005838198,119.63719766472059,357.69391159299414,296.80984153461213
0027576AR,1,43.22768974145121,97.11009174311927,277.93577981651373,234.70809007506253
0027581AR,1,61.18849040867389,110.20016680567139,343.6905754795663,282.5020850708924
0027601AR,4,59.66638865721435,113.8532110091743,365.0,305.3336113427857
0027602AR,1,61.79733110925771,98.3277731442869,312.6396997497915,250.84236864053378
0027605AR,1,60.88407005838198,119.63719766472059,287.67723102585484,226.79316096747286
0027617AR,1,47.48957464553794,117.81067556296912,241.40533778148458,193.91576313594663
0027631AR,1,50.53377814845704,100.76313594662219,267.28106755629693,216.7472894078399
0027636AR,4,51.751459549624684,92.54378648874062,266.3678065054212,214.6163469557965
0027638AR,1,58.753127606338616,94.06588824020017,342.77731442869054,284.0241868223519
0027671AR,4,59.05754795663052,88.28190158465388,294.9833194328607,235.92577147623018
0027673AR,1,43.532110091743114,100.15429524603836,254.49541284403668,210.96330275229357
0027694AR,1,60.88407005838198,96.19683069224352,312.33527939949954,251.45120934111756
0027709AR,4,43.22768974145121,103.19849874895746,270.325271059216,227.0975813177648
0027712AR,1,47.793994995829856,115.67973311092577,240.18765638031692,192.39366138448707
0027719AR,1,49.924937447873226,93.45704753961634,294.070058381985,244.1451209341118
0027726AR,1,58.4487072560467,93.15262718932443,319.94578815679733,261.49708090075063
0027732AR,1,56.31776480400334,105.63386155129274,255.10425354462052,198.7864887406172
0027733AR,4,58.14428690575479,83.71559633027522,289.80817347789826,231.66388657214347
0027734AR,4,53.273561301084236,84.02001668056714,365.0,311.7264386989158
0027747AR,1,46.57631359466222,94.37030859049206,299.85404503753125,253.27773144286903
0027755AR,1,54.79566305254378,124.81234361968306,249.32026688907425,194.52460383653047
0027761AR,1,46.57631359466222,92.84820683903251,288.8949124270225,242.3185988323603
0027766AR,1,53.273561301084236,95.89241034195163,306.5512927439533,253.27773144286905
0027769AR,1,63.62385321100917,101.371976647206,260.88824020016676,197.2643869891576
0027772AR,1,48.402835696413675,109.28690575479567,263.628023352794,215.22518765638034
0027778AR,4,57.53544620517097,93.15262718932443,316.2927439532944,258.75729774812345
0027795AR,1,55.10008340283569,105.32944120100083,252.36447039199334,197.26438698915763
0027818AR,4,50.22935779816514,108.98248540450375,283.71976647206003,233.49040867389488
0027827AR,4,54.18682235195996,111.41784820683903,326.94745621351126,272.7606338615513
0027829AR,4,52.96914095079233,108.37364470391992,320.2502085070892,267.2810675562969
0027854AR,4,52.66472060050042,96.50125104253544,363.1734778982485,310.5087572977481
0027859AR,1,62.40617180984153,96.50125104253544,365.0,302.5938281901585
0027888AR,1,45.35863219349458,105.93828190158466,262.10592160133444,216.74728940783987
0027904AR,1,57.53544620517097,98.3277731442869,317.20600500417015,259.6705587989992
0027909AR,4,53.88240200166805,119.02835696413678,362.5646371976647,308.68223519599667
0027919AR,1,59.66638865721435,95.89241034195163,287.37281067556296,227.7064220183486
0027925AR,1,57.83986655546288,101.371976647206,253.58215179316096,195.74228523769807
0027951AR,1,49.31609674728941,135.162635529608,238.05671392827355,188.74061718098415
0027958AR,4,54.18682235195996,142.16430358632195,345.21267723102585,291.0258548790659
0027961AR,4,54.79566305254378,116.28857381150958,335.7756463719766,280.97998331943285
0027970AR,1,51.751459549624684,108.98248540450375,271.84737281067555,220.09591326105087
0027971AR,1,38.35696413678065,102.58965804837365,269.10758965804837,230.75062552126772
0027994AR,4,55.10008340283569,90.41284403669724,318.11926605504584,263.01918265221013
0028022AR,1,45.9674728940784,130.90075062552125,234.40366972477062,188.4361968306922
0028040AR,1,38.35696413678065,118.41951626355295,240.49207673060883,202.13511259382818
0028043AR,4,54.18682235195996,87.36864053377815,298.9407839866555,244.75396163469554
0028046AR,4,56.31776480400334,83.41117597998331,304.4203502919099,248.1025854879066
0028055AR,4,53.88240200166805,102.28523769808173,284.6330275229358,230.75062552126772
0028059AR,1,56.622185154295245,128.16096747289407,232.88156797331106,176.25938281901583
0028060AR,4,52.3603002502085,145.20850708924104,303.2026688907423,250.8423686405338
0028066AR,4,57.23102585487906,86.75979983319432,327.2518765638032,270.0208507089241
0028070AR,4,55.40450375312761,121.76814011676396,363.47789824854044,308.07339449541286
0028113AR,4,49.31609674728941,118.72393661384487,260.88824020016676,211.57214345287736
0028118AR,4,52.96914095079233,93.15262718932443,273.9783152627189,221.00917431192659
0028134AR,4,52.0558798999166,87.06422018348623,316.59716430358634,264.54128440366975
0028139AR,4,57.23102585487906,94.37030859049206,306.5512927439533,249.32026688907425
0028168AR,4,57.53544620517097,90.10842368640533,280.67556296914097,223.14011676397
0028169AR,1,56.92660550458715,95.58798999165971,305.9424520433695,249.01584653878234
0028177AR,4,55.70892410341951,139.12010008340283,357.08507089241033,301.3761467889908
0028183AR,1,54.491242702251874,100.45871559633028,256.32193494578814,201.83069224353628
0028184AR,4,55.70892410341951,88.28190158465388,365.0,309.2910758965805
0028190AR,1,47.48957464553794,105.02502085070891,250.53794829024184,203.0483736447039
0028207AR,1,49.62051709758132,102.28523769808173,256.93077564637196,207.31025854879064
0028208AR,1,53.273561301084236,115.67973311092577,250.84236864053378,197.56880733944953
0028209AR,4,51.751459549624684,99.24103419516264,317.20600500417015,265.4545454545455
0028217AR,4,56.013344453711426,95.2835696413678,300.4628857381151,244.4495412844037
0028237AR,1,45.054211843202665,107.1559633027523,262.71476230191826,217.6605504587156
0028250AR,1,52.66472060050042,98.63219349457881,277.93577981651373,225.27105921601333
0028257AR,1,56.622185154295245,94.97914929107588,314.77064220183485,258.1484570475396
0028264AR,1,55.10008340283569,95.89241034195163,302.89824854045037,247.79816513761466
0028267AR,4,54.79566305254378,83.1067556296914,306.5512927439533,251.75562969140952
0028275AR,4,60.579649708090066,108.67806505421184,344.603836530442,284.0241868223519
0028279AR,4,54.79566305254378,127.24770642201834,318.11926605504584,263.32360300250207
0028293AR,4,52.0558798999166,170.17097581317765,324.207673060884,272.15179316096743
0028298AR,4,52.0558798999166,94.67472894078398,291.6346955796497,239.5788156797331
0028314AR,4,55.70892410341951,87.06422018348623,300.4628857381151,244.7539616346956
0028336AR,4,40.48790658882402,108.37364470391992,279.7623019182652,239.2743953294412
0028337AR,1,38.05254378648874,109.89574645537948,256.93077564637196,218.87823185988321
0028341AR,1,63.31943286071726,91.02168473728106,281.8932443703086,218.57381150959134
0028344AR,1,58.753127606338616,106.85154295246038,295.28773978315263,236.53461217681402
0028345AR,1,58.14428690575479,175.0417014178482,292.2435362802335,234.09924937447872
0028368AR,1,44.445371142618846,112.33110925771476,257.23519599666383,212.78982485404498
0028395AR,1,57.53544620517097,102.58965804837365,300.767306088407,243.23185988323604
0028403AR,4,54.491242702251874,112.63552960800668,285.5462885738115,231.05504587155966
0028409AR,1,45.9674728940784,124.81234361968306,283.41534612176815,237.44787322768974
0028410AR,1,58.14428690575479,99.24103419516264,313.5529608006672,255.40867389491243
0028413AR,1,52.3603002502085,115.98415346121769,254.7998331943286,202.43953294412012
0028421AR,1,40.48790658882402,110.50458715596329,254.19099249374477,213.70308590492075
0028441AR,1,55.70892410341951,123.29024186822352,234.70809007506256,178.99916597164304
0028446AR,1,63.01501251042536,98.3277731442869,280.37114261884903,217.35613010842368
0028447AR,1,45.054211843202665,95.2835696413678,266.06338615512925,221.00917431192659
0028462AR,1,50.53377814845704,95.58798999165971,277.93577981651373,227.4020016680567
0028488AR,1,54.79566305254378,101.371976647206,289.50375312760633,234.70809007506256
0028499AR,1,60.88407005838198,113.24437030859049,346.1259382819016,285.24186822351965
0028509AR,1,52.3603002502085,103.50291909924937,250.23352793994994,197.87322768974144
0028512AR,1,58.753127606338616,123.29024186822352,229.53294412010007,170.77981651376146
0028534AR,1,51.142618849040865,124.81234361968306,256.01751459549627,204.8748957464554
0028542AR,4,46.88073394495413,108.98248540450375,275.80483736447036,228.92410341951623
0028550AR,1,51.142618849040865,93.15262718932443,314.4662218515429,263.32360300250207
0028571AR,1,61.4929107589658,110.50458715596329,351.90992493744784,290.417014178482
0028579AR,1,44.14095079232694,98.3277731442869,275.80483736447036,231.6638865721434
0028586AR,4,55.40450375312761,120.55045871559632,268.80316930775643,213.39866555462882
0028599AR,1,49.62051709758132,116.5929941618015,230.44620517097582,180.8256880733945
0028617AR,4,56.013344453711426,89.19516263552961,365.0,308.9866555462886
0028655AR,1,36.22602168473728,117.81067556296912,266.3678065054212,230.1417848206839
0028669AR,4,52.96914095079233,88.89074228523769,365.0,312.03085904920766
0028681AR,1,57.23102585487906,136.38031693077565,301.3761467889908,244.14512093411176
0028693AR,4,56.92660550458715,99.54545454545453,302.28940783986656,245.3628023352794
0028698AR,1,50.83819849874895,122.6814011676397,231.05504587155963,180.21684737281066
0028710AR,1,61.4929107589658,109.28690575479567,284.6330275229358,223.14011676396998
0028727AR,4,54.491242702251874,82.80233527939949,292.8523769808173,238.36113427856546
0028741AR,1,46.57631359466222,105.02502085070891,261.8015012510425,215.22518765638029
0028776AR,4,56.013344453711426,93.45704753961634,364.39115929941613,308.37781484570473
0028783AR,1,58.4487072560467,118.11509591326104,242.62301918265223,184.17431192660553
0028787AR,1,53.88240200166805,120.85487906588824,233.4904086738949,179.60800667222685
0028794AR,1,61.4929107589658,98.3277731442869,251.7556296914095,190.2627189324437
0028807AR,4,43.22768974145121,101.98081734778982,265.45454545454544,222.22685571309424
0028810AR,1,42.01000834028357,128.16096747289407,261.8015012510425,219.79149291075893
0028836AR,1,53.57798165137615,89.80400333611342,288.2860717264387,234.70809007506256
0028865AR,1,53.88240200166805,105.63386155129274,256.6263552960801,202.74395329441202
0028869AR,4,55.70892410341951,87.36864053377815,273.3694745621351,217.6605504587156
0028875AR,4,45.9674728940784,107.4603836530442,284.93744787322765,238.96997497914924
0028896AR,1,62.710592160133444,115.67973311092577,341.8640533778148,279.15346121768135
0028913AR,4,51.142618849040865,120.85487906588824,280.0667222685571,228.92410341951623
0028916AR,4,49.31609674728941,100.15429524603836,337.60216847372806,288.28607172643865
0028927AR,1,55.70892410341951,94.06588824020017,287.67723102585484,231.96830692243532
0028933AR,4,54.491242702251874,93.15262718932443,283.71976647206003,229.22852376980816
0028956AR,4,52.66472060050042,112.33110925771476,262.10592160133444,209.44120100083404
0028974AR,4,49.31609674728941,93.76146788990826,277.93577981651373,228.61968306922432
0028977AR,4,56.31776480400334,82.19349457881567,309.2910758965805,252.97331109257715
0028981AR,4,50.83819849874895,90.71726438698916,332.4270225187656,281.58882402001666
0029025AR,4,57.83986655546288,96.80567139282735,280.37114261884903,222.53127606338614
0029039AR,4,63.62385321100917,154.94995829858215,365.0,301.3761467889908
0029042AR,1,49.62051709758132,124.81234361968306,242.62301918265223,193.00250208507092
0029045AR,4,53.57798165137615,80.97581317764804,342.47289407839867,288.8949124270225
0029047AR,4,60.27522935779816,104.41618015012509,283.1109257714762,222.83569641367805
0029053AR,1,52.0558798999166,102.28523769808173,279.4578815679733,227.4020016680567
0029058AR,4,55.70892410341951,84.02001668056714,328.46955796497076,272.76063386155124
0029065AR,4,55.70892410341951,97.41451209341118,294.67889908256876,238.96997497914924
0030359AR,1,55.10008340283569,98.93661384487072,278.54462051709754,223.44453711426183
0030360AR,1,56.31776480400334,95.89241034195163,306.8557130942452,250.53794829024184
0030439AR,1,54.79566305254378,92.54378648874062,329.9916597164304,275.1959966638866
0030450AR,1,51.142618849040865,137.29357798165137,239.88323603002502,188.74061718098415
0030453AR,1,50.22935779816514,94.97914929107588,307.7689741451209,257.53961634695577
0030493AR,1,48.402835696413675,96.19683069224352,328.7739783152627,280.37114261884903
0030525AR,1,46.88073394495413,98.93661384487072,305.63803169307755,258.7572977481234
0030528AR,1,45.663052543786485,101.371976647206,270.93411175979986,225.27105921601338
0030557AR,1,46.57631359466222,95.89241034195163,313.85738115095916,267.28106755629693
0030572AR,1,49.31609674728941,102.89407839866554,304.7247706422018,255.4086738949124
0030593AR,1,41.09674728940784,110.80900750625521,285.8507089241034,244.75396163469557
0030602AR,1,49.31609674728941,128.16096747289407,270.0208507089241,220.7047539616347
0030671AR,1,51.142618849040865,108.67806505421184,268.49874895746456,217.35613010842368
0030715AR,1,59.970809007506254,119.02835696413678,256.6263552960801,196.65554628857382
0030718AR,1,62.710592160133444,121.15929941618013,357.08507089241033,294.3744787322769
0030723AR,1,55.70892410341951,103.50291909924937,300.1584653878232,244.44954128440367
0030724AR,1,46.57631359466222,97.41451209341118,313.5529608006672,266.976647206005
0030771AR,1,59.05754795663052,116.5929941618015,243.53628023352792,184.4787322768974
0030824AR,1,59.66638865721435,125.11676396997497,357.998331943286,298.3319432860717
0030919AR,1,53.88240200166805,108.37364470391992,339.1242702251876,285.2418682235196
0030929AR,1,55.10008340283569,105.93828190158466,276.1092577147623,221.00917431192659
0030959AR,1,53.88240200166805,104.41618015012509,272.7606338615513,218.87823185988324
0031017AR,1,54.79566305254378,94.37030859049206,286.76396997497915,231.96830692243537
0031047AR,1,64.23269391159299,117.20183486238531,240.79649708090074,176.56380316930773
0031107AR,1,60.88407005838198,112.93994995829857,260.279399499583,199.39532944120103
0031180AR,1,56.013344453711426,96.50125104253544,283.41534612176815,227.40200166805673
0031196AR,1,48.09841534612176,125.11676396997497,274.89157631359467,226.79316096747291
0031220AR,1,49.62051709758132,109.89574645537948,311.117597998332,261.49708090075063
0031256AR,1,60.27522935779816,95.2835696413678,346.7347789824854,286.45954962468727
0031337AR,1,49.62051709758132,106.24270225187655,299.24520433694744,249.62468723936612
0031357AR,1,51.751459549624684,113.5487906588824,271.5429524603836,219.79149291075893
0031372AR,1,54.18682235195996,104.41618015012509,263.9324437030859,209.74562135112592
0031432AR,1,55.40450375312761,95.58798999165971,285.2418682235196,229.83736447039198
0031469AR,1,54.491242702251874,93.76146788990826,274.89157631359467,220.4003336113428
0031470AR,1,56.622185154295245,99.24103419516264,273.3694745621351,216.74728940783987
0031526AR,1,62.40617180984153,117.50625521267723,240.49207673060883,178.0859049207673
0031539AR,1,58.4487072560467,115.67973311092577,271.23853211009174,212.78982485404504
0031542AR,1,61.79733110925771,125.42118432026689,365.0,303.2026688907423
0031569AR,1,57.83986655546288,98.93661384487072,309.59549624687236,251.75562969140947
0031606AR,1,49.62051709758132,104.720600500417,280.0667222685571,230.4462051709758
0031710AR,1,49.31609674728941,105.02502085070891,285.5462885738115,236.23019182652212
0031778AR,1,49.62051709758132,93.15262718932443,323.90325271059214,274.2827356130108
0031779AR,1,55.10008340283569,100.45871559633028,309.59549624687236,254.49541284403665
0031792AR,1,63.62385321100917,89.4995829858215,309.59549624687236,245.9716430358632
0031852AR,1,49.011676396997494,94.97914929107588,325.12093411175977,276.1092577147623
0031885AR,1,53.57798165137615,99.24103419516264,325.7297748123436,272.15179316096743
0032006AR,1,63.01501251042536,134.24937447873228,364.08673894912425,301.0717264386989
0032073AR,1,59.361968306922435,92.2393661384487,266.976647206005,207.61467889908255
0032187AR,1,57.53544620517097,106.85154295246038,282.8065054211843,225.27105921601333
0032218AR,1,63.01501251042536,113.8532110091743,356.4762301918265,293.46121768140114
0032228AR,1,49.62051709758132,94.97914929107588,312.9441201000834,263.32360300250207
0032249AR,1,53.57798165137615,103.80733944954129,322.0767306088407,268.49874895746456
0032269AR,1,53.273561301084236,101.98081734778982,298.0275229357798,244.75396163469557
0032272AR,1,57.83986655546288,95.2835696413678,318.72810675562965,260.88824020016676
0032297AR,1,55.40450375312761,124.50792326939114,281.58882402001666,226.18432026688905
0032309AR,1,59.361968306922435,104.41618015012509,330.6005004170142,271.23853211009174
0032371AR,1,59.970809007506254,114.76647206005003,281.58882402001666,221.6180150125104
0032407AR,4,55.70892410341951,123.59466221851542,343.3861551292744,287.6772310258549
0032434AR,1,58.753127606338616,95.2835696413678,315.0750625521267,256.3219349457881
0032448AR,1,57.23102585487906,91.32610508757297,326.0341951626355,268.80316930775643
0032473AR,1,51.751459549624684,112.02668890742285,263.9324437030859,212.1809841534612
0032539AR,1,49.62051709758132,99.84987489574645,315.6839032527106,266.06338615512925
0032543AR,1,56.622185154295245,93.76146788990826,325.7297748123436,269.1075896580483
0032606AR,1,63.928273561301076,114.46205170975811,365.0,301.07172643869893
0032613AR,1,61.18849040867389,115.67973311092577,236.534612176814,175.3461217681401
0032691AR,1,55.10008340283569,97.71893244370307,288.2860717264387,233.185988323603
0032729AR,1,49.924937447873226,105.32944120100083,287.0683903252711,237.14345287739786
0032766AR,1,52.0558798999166,94.37030859049206,293.15679733110926,241.10091743119267
0032789AR,1,50.22935779816514,109.59132610508756,268.49874895746456,218.2693911592994
0032811AR,1,57.83986655546288,93.76146788990826,349.4745621351126,291.6346955796497
0032819AR,4,53.88240200166805,86.1509591326105,351.301084236864,297.418682235196
0032839AR,1,64.23269391159299,113.24437030859049,238.9699749791493,174.7372810675563
0032844AR,1,44.74979149291075,108.67806505421184,272.45621351125936,227.7064220183486
0032874AR,1,63.01501251042536,108.37364470391992,365.0,301.9849874895746
0032875AR,1,56.622185154295245,112.93994995829857,276.4136780650542,219.791492910759
0032922AR,1,59.66638865721435,109.28690575479567,296.8098415346122,237.14345287739783
0032960AR,1,56.92660550458715,91.9349457881568,313.2485404503753,256.32193494578814
0032974AR,1,44.14095079232694,110.50458715596329,277.02251876563804,232.8815679733111
0032991AR,1,47.793994995829856,90.71726438698916,277.63135946622185,229.837364470392
0033018AR,1,43.22768974145121,109.28690575479567,281.2844036697247,238.05671392827352
0033027AR,1,62.710592160133444,113.8532110091743,241.40533778148458,178.69474562135113
0033029AR,1,58.4487072560467,136.38031693077565,236.2301918265221,177.78148457047538
0033043AR,1,41.40116763969974,112.63552960800668,249.62468723936612,208.2235195996664
0033046AR,1,62.40617180984153,112.93994995829857,240.18765638031692,177.78148457047538
0033092AR,1,51.142618849040865,109.89574645537948,262.4103419516263,211.26772310258545
0034523AR,4,44.14095079232694,103.50291909924937,254.7998331943286,210.65888240200167
0034600AR,4,57.83986655546288,100.15429524603836,365.0,307.1601334445371
0034639AR,4,45.663052543786485,106.24270225187655,269.10758965804837,223.4445371142619
0034668AR,4,58.753127606338616,98.3277731442869,303.8115095913261,245.0583819849875
0034692AR,4,62.40617180984153,92.2393661384487,306.8557130942452,244.44954128440364
0034703AR,4,57.53544620517097,103.19849874895746,263.0191826522102,205.48373644703923
0034715AR,4,55.10008340283569,88.28190158465388,330.6005004170142,275.5004170141785
0034739AR,4,56.31776480400334,93.15262718932443,353.4320266889074,297.11426188490407
0034747AR,4,31.964136780650538,123.89908256880733,279.7623019182652,247.7981651376147
0034763AR,1,50.22935779816514,108.06922435362802,290.4170141784821,240.18765638031692
0034881AR,4,53.273561301084236,88.89074228523769,300.767306088407,247.49374478732275
0034884AR,4,46.27189324437031,87.06422018348623,287.9816513761468,241.70975813177645
0034923AR,1,51.142618849040865,99.54545454545453,292.8523769808173,241.70975813177645
0034925AR,4,55.10008340283569,84.32443703085904,303.5070892410342,248.40700583819847
0034993AR,4,53.88240200166805,93.45704753961634,280.37114261884903,226.48874061718098
0035017AR,4,59.66638865721435,91.9349457881568,307.7689741451209,248.10258548790657
0035037AR,4,48.70725604670559,127.24770642201834,253.88657214345287,205.17931609674727
0035092AR,1,42.01000834028357,119.63719766472059,281.8932443703086,239.88323603002502
0035263AR,4,56.31776480400334,119.3327773144287,245.9716430358632,189.65387823185986
0035379AR,4,38.965804837364466,108.37364470391992,276.4136780650542,237.44787322768977
0035395AR,4,59.66638865721435,100.76313594662219,298.6363636363636,238.96997497914927
0035481AR,4,59.361968306922435,88.58632193494579,344.603836530442,285.24186822351953
0035521AR,4,52.0558798999166,99.54545454545453,301.9849874895746,249.92910758965803
0035620AR,4,44.14095079232694,116.28857381150958,345.5170975813177,301.3761467889908
0035627AR,4,43.22768974145121,111.1134278565471,293.46121768140114,250.23352793994994
0035666AR,4,60.579649708090066,89.19516263552961,325.7297748123436,265.1501251042535
0035735AR,4,50.83819849874895,88.58632193494579,270.62969140950787,219.7914929107589
0035807AR,4,59.970809007506254,91.63052543786488,358.30275229357795,298.3319432860717
0035835AR,4,45.9674728940784,98.02335279399499,277.3269391159299,231.3594662218515
0036074AR,4,47.18515429524603,118.72393661384487,250.23352793994994,203.0483736447039
0036102AR,4,51.142618849040865,101.06755629691408,301.3761467889908,250.23352793994994
0036110AR,4,55.40450375312761,92.2393661384487,359.8248540450375,304.4203502919099
0036183AR,4,40.48790658882402,110.50458715596329,269.7164303586322,229.22852376980816
0036189AR,4,56.92660550458715,91.9349457881568,350.9966638865721,294.07005838198495
0036225AR,4,58.753127606338616,97.41451209341118,302.89824854045037,244.14512093411176
0036226AR,4,59.66638865721435,94.97914929107588,306.8557130942452,247.18932443703082
0036312AR,4,62.710592160133444,106.54712260216847,341.5596330275229,278.8490408673895
0036586AR,4,45.35863219349458,104.41618015012509,282.8065054211843,237.4478732276897
0036606AR,4,52.96914095079233,96.50125104253544,340.3419516263553,287.37281067556296
0036709AR,4,43.22768974145121,101.6763969974979,262.4103419516263,219.18265221017512
0036710AR,4,57.83986655546288,100.45871559633028,323.90325271059214,266.06338615512925
0036819AR,1,51.44703919933277,94.97914929107588,280.67556296914097,229.2285237698082
0036915AR,4,50.53377814845704,93.45704753961634,286.76396997497915,236.23019182652212
0037040AR,4,44.74979149291075,113.24437030859049,312.03085904920766,267.28106755629693
0037047AR,4,45.054211843202665,126.03002502085072,254.7998331943286,209.74562135112595
0037052AR,4,51.44703919933277,123.59466221851542,261.8015012510425,210.35446205170973
0037165AR,4,53.273561301084236,94.97914929107588,320.2502085070892,266.976647206005
0037364AR,4,59.970809007506254,96.80567139282735,359.2160133444537,299.24520433694744
0037418AR,4,50.22935779816514,102.89407839866554,271.84737281067555,221.6180150125104
0037420AR,4,55.70892410341951,100.15429524603836,282.5020850708924,226.7931609674729
0037425AR,1,52.66472060050042,97.71893244370307,295.28773978315263,242.62301918265223
0037439AR,1,49.31609674728941,101.371976647206,286.4595496246872,237.1434528773978
0037478AR,4,39.8790658882402,115.07089241034194,270.93411175979986,231.05504587155966
0037711AR,4,60.88407005838198,89.19516263552961,310.2043369474562,249.32026688907425
0037726AR,4,56.622185154295245,97.11009174311927,293.15679733110926,236.53461217681402
0037771AR,4,46.27189324437031,105.63386155129274,267.28106755629693,221.0091743119266
0037873AR,4,40.79232693911593,112.33110925771476,274.89157631359467,234.09924937447875
0037906AR,4,56.622185154295245,90.10842368640533,294.3744787322769,237.75229357798165
0037938AR,4,59.970809007506254,91.32610508757297,318.72810675562965,258.7572977481234
0037962AR,4,39.27022518765638,110.20016680567139,283.71976647206003,244.44954128440367
0037969AR,4,57.23102585487906,90.41284403669724,365.0,307.7689741451209
0037981AR,4,59.970809007506254,90.41284403669724,334.2535446205171,274.28273561301086
0038001AR,1,49.011676396997494,105.02502085070891,294.9833194328607,245.9716430358632
0038095AR,1,50.53377814845704,111.41784820683903,296.2010008340283,245.6672226855713
0038126AR,1,54.18682235195996,104.41618015012509,280.67556296914097,226.488740617181
0038144AR,4,49.62051709758132,100.15429524603836,292.2435362802335,242.6230191826522
0038145AR,4,42.314428690575475,120.24603836530441,259.9749791492911,217.6605504587156
0038467AR,4,55.10008340283569,94.37030859049206,287.37281067556296,232.27272727272725
0038475AR,4,56.013344453711426,105.93828190158466,348.2568807339449,292.24353628023346
0038479AR,4,48.70725604670559,110.20016680567139,281.8932443703086,233.185988323603
0038487AR,4,59.970809007506254,86.75979983319432,335.1668056713928,275.19599666388655
0038495AR,4,57.53544620517097,100.15429524603836,344.9082568807339,287.37281067556296
0038501AR,4,40.79232693911593,108.98248540450375,271.5429524603836,230.7506255212677
0038502AR,1,45.35863219349458,117.81067556296912,270.62969140950787,225.2710592160133
0038506AR,4,56.622185154295245,87.67306088407005,341.255212677231,284.6330275229357
0038514AR,1,53.88240200166805,104.720600500417,270.62969140950787,216.74728940783982
0038518AR,4,55.10008340283569,89.80400333611342,317.20600500417015,262.10592160133444
0038521AR,4,52.3603002502085,94.06588824020017,285.2418682235196,232.8815679733111
0038522AR,4,56.013344453711426,110.20016680567139,340.3419516263553,284.32860717264384
0038527AR,4,56.013344453711426,86.75979983319432,293.7656380316931,237.75229357798165
0038536AR,4,56.622185154295245,88.89074228523769,269.10758965804837,212.48540450375313
0038537AR,4,52.66472060050042,103.80733944954129,281.8932443703086,229.2285237698082
0038542AR,4,57.83986655546288,86.45537948290242,299.5496246872394,241.70975813177648
0038543AR,4,56.92660550458715,104.1117597998332,335.7756463719766,278.8490408673895
0038554AR,4,54.491242702251874,95.2835696413678,277.3269391159299,222.83569641367805
0038559AR,4,56.013344453711426,87.06422018348623,262.10592160133444,206.09257714762302
0038568AR,4,57.83986655546288,91.63052543786488,310.81317764804,252.9733110925771
0038571AR,4,50.53377814845704,97.11009174311927,257.23519599666383,206.7014178482068
0038579AR,4,56.92660550458715,108.37364470391992,327.2518765638032,270.32527105921605
0038583AR,4,57.53544620517097,84.62885738115095,303.8115095913261,246.27606338615516
0038584AR,4,55.70892410341951,94.06588824020017,282.5020850708924,226.7931609674729
0038595AR,4,45.663052543786485,105.02502085070891,275.80483736447036,230.14178482068388
0038596AR,4,55.40450375312761,87.36864053377815,290.11259382819014,234.70809007506253
0038597AR,4,55.40450375312761,101.06755629691408,334.557964970809,279.1534612176814
0038602AR,1,40.48790658882402,127.85654712260215,266.67222685571306,226.18432026688905
0038603AR,4,53.88240200166805,100.15429524603836,283.71976647206003,229.83736447039198
0038615AR,4,56.31776480400334,111.72226855713093,352.8231859883236,296.50542118432026
0038624AR,4,55.70892410341951,87.36864053377815,300.1584653878232,244.44954128440367
0038625AR,4,57.53544620517097,87.67306088407005,307.1601334445371,249.62468723936615
0038628AR,4,56.013344453711426,92.54378648874062,277.63135946622185,221.61801501251043
0038629AR,4,55.40450375312761,91.63052543786488,276.4136780650542,221.0091743119266
0038637AR,4,55.40450375312761,89.19516263552961,293.46121768140114,238.05671392827352
0038642AR,4,53.57798165137615,83.71559633027522,286.15512927439534,232.5771476230192
0038644AR,1,49.31609674728941,110.20016680567139,275.19599666388655,225.87989991659714
0038657AR,4,54.18682235195996,80.67139282735613,300.767306088407,246.58048373644704
0038658AR,4,53.88240200166805,95.89241034195163,274.89157631359467,221.0091743119266
0038667AR,4,54.491242702251874,95.2835696413678,298.6363636363636,244.14512093411176
0038669AR,4,52.66472060050042,88.28190158465388,277.63135946622185,224.96663886572145
0038674AR,4,56.622185154295245,94.06588824020017,267.8899082568807,211.26772310258545
0038678AR,4,56.92660550458715,86.75979983319432,323.29441201000833,266.3678065054212
0038681AR,4,53.88240200166805,98.02335279399499,274.2827356130108,220.40033361134275
0038685AR,4,55.40450375312761,92.54378648874062,274.2827356130108,218.8782318598832
0038693AR,4,55.70892410341951,96.19683069224352,290.4170141784821,234.70809007506256
0038698AR,4,54.79566305254378,93.45704753961634,281.2844036697247,226.48874061718095
0038701AR,4,54.491242702251874,87.06422018348623,293.7656380316931,239.2743953294412
0038708AR,4,55.40450375312761,94.67472894078398,297.11426188490407,241.70975813177645
0038710AR,4,56.92660550458715,86.75979983319432,276.7180984153461,219.79149291075896
0038722AR,4,60.88407005838198,87.97748123436196,324.207673060884,263.32360300250207
0038728AR,4,56.92660550458715,97.11009174311927,293.7656380316931,236.83903252710593
0038729AR,4,44.74979149291075,116.5929941618015,269.10758965804837,224.3577981651376
0038749AR,4,57.83986655546288,92.2393661384487,326.94745621351126,269.10758965804837
0038755AR,4,51.751459549624684,97.41451209341118,280.67556296914097,228.92410341951629
0038758AR,4,56.92660550458715,93.45704753961634,286.15512927439534,229.2285237698082
0038761AR,4,60.27522935779816,91.32610508757297,311.117597998332,250.8423686405338
0038773AR,4,55.70892410341951,95.2835696413678,296.2010008340283,240.4920767306088
0038774AR,4,48.402835696413675,105.02502085070891,270.93411175979986,222.5312760633862
0038780AR,1,51.751459549624684,111.1134278565471,269.7164303586322,217.9649708090075
0038782AR,4,44.74979149291075,110.50458715596329,289.80817347789826,245.0583819849875
0038788AR,4,56.31776480400334,127.24770642201834,328.1651376146789,271.84737281067555
0038795AR,4,52.0558798999166,87.06422018348623,329.07839866555463,277.02251876563804
0038798AR,4,52.96914095079233,94.06588824020017,277.02251876563804,224.0533778148457
0038806AR,4,52.96914095079233,93.15262718932443,316.59716430358634,263.628023352794
0038809AR,4,54.491242702251874,90.41284403669724,286.15512927439534,231.66388657214347
0038815AR,4,56.013344453711426,172.301918265221,299.24520433694744,243.231859883236
0038817AR,4,52.3603002502085,100.45871559633028,295.5921601334445,243.231859883236
0038827AR,4,56.92660550458715,94.67472894078398,289.80817347789826,232.88156797331112
0038828AR,4,55.40450375312761,98.3277731442869,336.38448707256043,280.97998331943285
0038835AR,4,57.53544620517097,92.54378648874062,342.77731442869054,285.2418682235196
0038837AR,4,57.23102585487906,89.80400333611342,340.64637197664723,283.41534612176815
0038839AR,4,55.70892410341951,108.37364470391992,298.0275229357798,242.3185988323603
0038840AR,4,53.88240200166805,102.58965804837365,340.64637197664723,286.7639699749792
0038841AR,4,55.10008340283569,106.85154295246038,323.59883236030026,268.49874895746456
0038861AR,4,52.96914095079233,98.02335279399499,284.3286071726439,231.35946622185156
0038867AR,4,55.70892410341951,111.1134278565471,339.42869057547955,283.71976647206003
0038879AR,4,56.31776480400334,96.19683069224352,302.28940783986656,245.97164303586322
0038881AR,4,55.40450375312761,94.97914929107588,324.512093411176,269.1075896580484
0038882AR,4,55.10008340283569,94.37030859049206,306.8557130942452,251.75562969140947
0038886AR,4,56.31776480400334,122.07256046705588,310.2043369474562,253.8865721434529
0038898AR,4,54.491242702251874,115.37531276063386,309.8999165971643,255.40867389491243
0038919AR,4,55.70892410341951,87.06422018348623,335.47122602168474,279.7623019182652
0038928AR,4,54.18682235195996,104.1117597998332,344.9082568807339,290.72143452877395
0038937AR,4,53.88240200166805,99.24103419516264,305.02919099249374,251.14678899082568
0044517AR,4,50.53377814845704,112.33110925771476,294.3744787322769,243.84070058381985
0044541AR,4,38.66138448707256,108.06922435362802,302.59382819015843,263.9324437030859
0044639AR,4,44.445371142618846,107.7648040033361,298.6363636363636,254.19099249374477
0044695AR,4,54.79566305254378,110.20016680567139,301.9849874895746,247.18932443703085
0044791AR,4,49.924937447873226,102.58965804837365,316.2927439532944,266.3678065054212
0044817AR,4,50.83819849874895,111.1134278565471,312.03085904920766,261.1926605504587
0044827AR,4,50.22935779816514,104.41618015012509,298.0275229357798,247.79816513761466
0044880AR,4,46.57631359466222,106.54712260216847,304.115929941618,257.53961634695577
0044893AR,4,52.96914095079233,113.5487906588824,307.46455379482904,254.4954128440367
0045013AR,4,51.751459549624684,111.41784820683903,365.0,313.24854045037534
0045079AR,4,49.31609674728941,105.63386155129274,333.3402835696414,284.02418682235196
0045123AR,4,53.57798165137615,98.3277731442869,317.51042535446203,263.9324437030859
0045161AR,4,45.9674728940784,115.67973311092577,289.50375312760633,243.53628023352792
0045226AR,4,53.273561301084236,117.20183486238531,284.0241868223519,230.75062552126766
0047034AR,4,54.79566305254378,95.89241034195163,249.92910758965803,195.13344453711426
0047054AR,4,53.273561301084236,97.71893244370307,255.7130942452043,202.43953294412006
0047064AR,4,59.05754795663052,87.67306088407005,303.8115095913261,244.7539616346956
0047070AR,4,56.622185154295245,92.84820683903251,293.46121768140114,236.8390325271059
0047105AR,4,53.88240200166805,92.54378648874062,292.2435362802335,238.36113427856546
0047280AR,4,54.491242702251874,94.97914929107588,270.62969140950787,216.138448707256
0047334AR,4,55.10008340283569,89.4995829858215,296.50542118432026,241.40533778148455
0047547AR,4,48.09841534612176,86.1509591326105,275.19599666388655,227.0975813177648
0047551AR,4,54.491242702251874,98.3277731442869,294.67889908256876,240.1876563803169
0047781AR,4,54.18682235195996,97.71893244370307,273.67389491242704,219.48707256046708
0047903AR,4,56.622185154295245,95.89241034195163,266.3678065054212,209.74562135112595
0047989AR,4,58.14428690575479,91.02168473728106,268.1943286071726,210.05004170141783
0048011AR,4,55.10008340283569,100.45871559633028,254.19099249374477,199.09090909090907
0048254AR,4,57.53544620517097,79.7581317764804,304.4203502919099,246.88490408673897
0048368AR,4,57.53544620517097,98.3277731442869,308.98665554628855,251.4512093411176
0048538AR,4,57.83986655546288,88.58632193494579,249.92910758965803,192.08924103419514
0048586AR,4,56.92660550458715,95.89241034195163,264.8457047539616,207.91909924937448
0049634AR,4,57.53544620517097,105.02502085070891,290.72143452877395,233.185988323603
0049750AR,4,57.53544620517097,105.32944120100083,283.41534612176815,225.8798999165972
0049898AR,4,57.23102585487906,116.8974145120934,339.42869057547955,282.19766472060047
0049959AR,4,52.66472060050042,96.19683069224352,325.7297748123436,273.0650542118432
0051095AR,4,49.62051709758132,105.02502085070891,338.2110091743119,288.5904920767306
0051108AR,4,63.62385321100917,150.0792326939116,309.2910758965805,245.66722268557132
0051139AR,4,61.4929107589658,86.45537948290242,365.0,303.5070892410342
0051200AR,4,51.142618849040865,101.06755629691408,292.2435362802335,241.10091743119264
0051271AR,4,53.57798165137615,98.3277731442869,327.86071726438695,274.2827356130108
0051337AR,4,51.142618849040865,94.37030859049206,326.94745621351126,275.8048373644704
0051357AR,4,52.96914095079233,85.23769808173478,365.0,312.03085904920766
0051362AR,4,60.27522935779816,87.97748123436196,365.0,304.72477064220186
0051422AR,4,59.361968306922435,99.84987489574645,360.7381150959132,301.37614678899075
0051454AR,4,60.27522935779816,101.371976647206,365.0,304.72477064220186
0051511AR,4,55.10008340283569,97.41451209341118,324.512093411176,269.4120100083403
0051570AR,4,51.44703919933277,106.24270225187655,351.301084236864,299.85404503753125
0051590AR,4,60.579649708090066,86.45537948290242,365.0,304.4203502919099
0051613AR,4,56.622185154295245,93.76146788990826,339.42869057547955,282.8065054211843
0051623AR,4,50.22935779816514,95.58798999165971,286.76396997497915,236.534612176814
0051726AR,4,59.361968306922435,97.11009174311927,365.0,305.63803169307755
0051755AR,4,49.31609674728941,100.45871559633028,302.28940783986656,252.97331109257715
0051759AR,4,61.18849040867389,101.06755629691408,307.46455379482904,246.27606338615516
0051770AR,4,61.4929107589658,93.45704753961634,365.0,303.5070892410342
0051841AR,4,58.14428690575479,94.06588824020017,291.33027522935777,233.18598832360297
0051846AR,4,59.66638865721435,124.20350291909925,365.0,305.3336113427857
0051871AR,4,55.70892410341951,100.76313594662219,365.0,309.2910758965805
0051873AR,4,62.101751459549625,105.63386155129274,365.0,302.89824854045037
0051904AR,4,53.273561301084236,124.50792326939114,324.512093411176,271.2385321100918
0051906AR,4,57.53544620517097,108.67806505421184,336.68890742285237,279.1534612176814
0051930AR,4,52.96914095079233,111.41784820683903,316.2927439532944,263.32360300250207
0052004AR,4,54.79566305254378,99.24103419516264,318.72810675562965,263.9324437030859
0052010AR,4,56.013344453711426,148.25271059216013,301.9849874895746,245.9716430358632
0052027AR,4,51.44703919933277,98.63219349457881,289.1993327773144,237.75229357798162
0052031AR,4,57.83986655546288,121.46371976647205,310.81317764804,252.9733110925771
0052032AR,4,44.14095079232694,116.5929941618015,268.1943286071726,224.05337781484567
0052058AR,4,49.924937447873226,120.55045871559632,320.2502085070892,270.325271059216
0052072AR,4,55.40450375312761,102.58965804837365,333.3402835696414,277.9357798165138
0052319AR,4,56.013344453711426,104.1117597998332,333.9491242702252,277.9357798165138
0052349AR,4,57.53544620517097,107.7648040033361,347.95246038365303,290.4170141784821
0052384AR,4,52.66472060050042,93.15262718932443,312.6396997497915,259.9749791492911
0052405AR,4,62.40617180984153,101.6763969974979,365.0,302.5938281901585
0052438AR,4,56.92660550458715,94.37030859049206,365.0,308.07339449541286
0052574AR,4,53.57798165137615,107.1559633027523,347.3436196830692,293.7656380316931
0052579AR,4,58.753127606338616,84.62885738115095,365.0,306.24687239366136
0052814AR,4,56.31776480400334,100.15429524603836,340.03753127606336,283.71976647206003
0052831AR,4,59.361968306922435,96.19683069224352,365.0,305.63803169307755
0052850AR,4,59.970809007506254,85.54211843202668,365.0,305.02919099249374
0052951AR,4,60.579649708090066,123.29024186822352,300.767306088407,240.18765638031692
0052979AR,4,56.31776480400334,89.19516263552961,365.0,308.68223519599667
0053877AR,4,59.66638865721435,131.814011676397,323.90325271059214,264.2368640533778
0053949AR,4,51.751459549624684,98.93661384487072,324.8165137614679,273.0650542118432
0054015AR,4,52.96914095079233,95.89241034195163,332.1226021684737,279.15346121768135
0054053AR,4,58.753127606338616,106.85154295246038,328.1651376146789,269.41201000834025
0054151AR,4,54.491242702251874,134.24937447873228,303.2026688907423,248.71142618849044
0054189AR,4,54.18682235195996,94.67472894078398,320.8590492076731,266.6722268557131
0054195AR,4,54.491242702251874,96.80567139282735,295.5921601334445,241.10091743119264
0054247AR,4,56.31776480400334,98.02335279399499,324.207673060884,267.8899082568807
0054248AR,4,54.79566305254378,93.15262718932443,292.54795663052545,237.75229357798167
0054294AR,4,55.40450375312761,109.59132610508756,321.46788990825684,266.06338615512925
0054298AR,4,43.532110091743114,104.1117597998332,365.0,321.4678899082569
0054327AR,4,53.273561301084236,98.93661384487072,314.77064220183485,261.49708090075063
0054370AR,4,55.70892410341951,94.67472894078398,337.2977481234362,281.58882402001666
0054440AR,4,54.79566305254378,92.2393661384487,341.8640533778148,287.068390325271
0054485AR,4,57.23102585487906,106.54712260216847,312.6396997497915,255.40867389491243
0054620AR,4,55.10008340283569,98.02335279399499,294.67889908256876,239.57881567973305
0054639AR,4,51.44703919933277,91.32610508757297,355.56296914095077,304.115929941618
0054644AR,4,56.31776480400334,97.11009174311927,348.2568807339449,291.9391159299416
0054650AR,4,60.88407005838198,100.45871559633028,323.29441201000833,262.4103419516264
0054651AR,4,57.53544620517097,102.58965804837365,324.8165137614679,267.28106755629693
0054656AR,4,52.96914095079233,92.84820683903251,341.5596330275229,288.5904920767306
0054742AR,4,54.18682235195996,90.71726438698916,309.2910758965805,255.10425354462052
0054762AR,4,55.10008340283569,103.80733944954129,301.3761467889908,246.2760633861551
0054770AR,4,57.23102585487906,91.32610508757297,310.5087572977481,253.27773144286905
0054771AR,4,54.491242702251874,100.45871559633028,305.02919099249374,250.53794829024187
0054806AR,4,48.402835696413675,91.32610508757297,365.0,316.59716430358634
0054823AR,4,49.62051709758132,95.2835696413678,306.8557130942452,257.23519599666383
0054835AR,4,52.96914095079233,99.54545454545453,286.76396997497915,233.7948290241868
0054908AR,4,56.31776480400334,97.11009174311927,319.6413678065054,263.32360300250207
0054910AR,4,55.10008340283569,99.84987489574645,305.63803169307755,250.53794829024184
0054965AR,4,55.10008340283569,95.89241034195163,291.9391159299416,236.83903252710587
0054988AR,4,54.491242702251874,90.71726438698916,360.12927439532945,305.63803169307755
0054989AR,4,54.491242702251874,104.1117597998332,365.0,310.5087572977481
0054996AR,4,51.751459549624684,101.6763969974979,296.2010008340283,244.44954128440364
0055045AR,4,40.48790658882402,100.15429524603836,340.3419516263553,299.85404503753125
0055051AR,4,56.013344453711426,94.67472894078398,307.7689741451209,251.7556296914095
0055058AR,4,60.27522935779816,94.67472894078398,365.0,304.72477064220186
0062323AR,4,61.79733110925771,91.9349457881568,365.0,303.2026688907423
0062332AR,4,46.88073394495413,95.58798999165971,327.86071726438695,280.9799833194328
0062389AR,4,55.40450375312761,89.80400333611342,322.0767306088407,266.6722268557131
0062559AR,4,59.66638865721435,93.76146788990826,326.0341951626355,266.3678065054212
0062564AR,4,59.05754795663052,109.59132610508756,365.0,305.9424520433695
0062570AR,4,40.183486238532105,112.02668890742285,294.3744787322769,254.19099249374477
0062598AR,4,41.40116763969974,143.07756463719767,326.33861551292745,284.9374478732277
0062625AR,4,47.18515429524603,79.45371142618849,365.0,317.81484570475396
0062769AR,4,57.83986655546288,95.89241034195163,292.8523769808173,235.01251042535444
0062780AR,4,45.663052543786485,136.98915763135946,293.7656380316931,248.1025854879066
0062785AR,4,46.57631359466222,98.02335279399499,347.95246038365303,301.3761467889908
0062792AR,4,50.22935779816514,101.6763969974979,354.0408673894912,303.81150959132606
0062865AR,4,57.83986655546288,111.1134278565471,365.0,307.1601334445371
0062970AR,4,58.753127606338616,147.94829024186822,329.68723936613844,270.9341117597998
0062997AR,4,42.314428690575475,123.89908256880733,283.71976647206003,241.40533778148455
0063014AR,4,52.3603002502085,95.2835696413678,329.07839866555463,276.7180984153461
0063067AR,4,49.31609674728941,97.71893244370307,346.4303586321935,297.11426188490407
0063095AR,4,49.62051709758132,100.45871559633028,365.0,315.37948290241866
0063197AR,4,48.09841534612176,175.95496246872392,300.767306088407,252.66889074228524
0063252AR,4,64.23269391159299,128.16096747289407,328.46955796497076,264.23686405337776
0063332AR,4,52.3603002502085,96.80567139282735,365.0,312.6396997497915
0063341AR,4,50.83819849874895,101.371976647206,300.1584653878232,249.32026688907422
0063372AR,4,50.53377814845704,102.58965804837365,299.85404503753125,249.32026688907422
0063389AR,4,63.928273561301076,104.41618015012509,351.60550458715596,287.6772310258549
0063417AR,4,59.970809007506254,93.76146788990826,365.0,305.02919099249374
0063535AR,4,45.054211843202665,91.32610508757297,365.0,319.94578815679733
0063551AR,4,45.663052543786485,107.1559633027523,347.95246038365303,302.28940783986656
0063552AR,4,56.013344453711426,93.76146788990826,296.50542118432026,240.49207673060883
0063639AR,4,49.31609674728941,104.41618015012509,365.0,315.6839032527106
0063640AR,4,61.79733110925771,91.63052543786488,331.5137614678899,269.7164303586322
0063657AR,4,59.970809007506254,94.06588824020017,365.0,305.02919099249374
0063688AR,4,61.18849040867389,87.97748123436196,365.0,303.8115095913261
0063712AR,4,54.79566305254378,98.3277731442869,296.2010008340283,241.40533778148455
0063719AR,4,55.10008340283569,105.63386155129274,365.0,309.8999165971643
0063724AR,4,55.40450375312761,87.06422018348623,332.1226021684737,276.7180984153461
0063767AR,4,60.579649708090066,105.32944120100083,319.0325271059216,258.4528773978315
0063773AR,4,39.57464553794829,136.07589658048374,280.37114261884903,240.79649708090074
0063799AR,4,49.011676396997494,101.6763969974979,310.81317764804,261.8015012510425
0063806AR,4,33.790658882402,171.9974979149291,298.0275229357798,264.2368640533778
0063822AR,4,42.01000834028357,128.16096747289407,289.1993327773144,247.18932443703082
0063829AR,4,51.751459549624684,102.58965804837365,336.68890742285237,284.9374478732277
0063844AR,4,47.48957464553794,159.2118432026689,296.8098415346122,249.32026688907425
0063864AR,4,47.793994995829856,91.63052543786488,300.1584653878232,252.36447039199334
0063894AR,4,57.23102585487906,105.32944120100083,355.56296914095077,298.3319432860717
0064612AR,1,49.924937447873226,126.03002502085072,311.117597998332,261.19266055045875
0064647AR,1,59.05754795663052,114.46205170975811,277.63135946622185,218.57381150959134
0064862AR,1,48.402835696413675,113.24437030859049,291.0258548790659,242.62301918265223
0065067AR,1,49.924937447873226,108.98248540450375,285.5462885738115,235.6213511259383
0065089AR,1,52.3603002502085,104.1117597998332,282.5020850708924,230.1417848206839
0065113AR,1,51.142618849040865,105.32944120100083,282.8065054211843,231.6638865721434
0065205AR,1,56.92660550458715,99.24103419516264,288.8949124270225,231.96830692243537
0065231AR,1,46.27189324437031,112.33110925771476,290.4170141784821,244.14512093411176
0065254AR,1,49.62051709758132,112.33110925771476,271.5429524603836,221.9224353628023
0065418AR,1,52.96914095079233,98.63219349457881,296.2010008340283,243.23185988323598
0065468AR,1,49.62051709758132,108.06922435362802,296.2010008340283,246.580483736447
0066021AR,1,49.31609674728941,113.24437030859049,275.5004170141785,226.18432026688907
0066152AR,1,50.22935779816514,104.720600500417,291.0258548790659,240.79649708090074
0068014AR,4,66.36363636363636,113.8532110091743,274.89157631359467,208.5279399499583
0068046AR,4,63.62385321100917,112.02668890742285,365.0,301.3761467889908
0068064AR,4,68.49457881567973,113.5487906588824,245.05838198498748,176.56380316930773
0068797AR,4,67.581317764804,116.28857381150958,287.67723102585484,220.09591326105084
0069038AR,4,67.581317764804,110.50458715596329,365.0,297.418682235196
0069171AR,4,69.10341951626356,113.5487906588824,365.0,295.89658048373644
0073904AR,1,52.0558798999166,102.28523769808173,316.9015846538782,264.8457047539616
0073920AR,1,52.96914095079233,101.371976647206,295.89658048373644,242.9274395329441
0073991AR,1,53.57798165137615,98.3277731442869,312.03085904920766,258.4528773978315
0074002AR,1,56.92660550458715,102.58965804837365,282.5020850708924,225.57547956630526
0074026AR,1,49.62051709758132,103.19849874895746,306.24687239366136,256.62635529608
0074028AR,1,61.79733110925771,89.4995829858215,365.0,303.2026688907423
0074049AR,1,55.10008340283569,98.02335279399499,280.67556296914097,225.57547956630526
0074067AR,1,57.53544620517097,99.84987489574645,307.46455379482904,249.9291075896581
0074076AR,1,49.011676396997494,108.67806505421184,291.0258548790659,242.0141784820684
0074112AR,1,47.48957464553794,117.20183486238531,322.3811509591326,274.89157631359467
0074133AR,1,56.622185154295245,108.67806505421184,302.28940783986656,245.66722268557132
0074136AR,1,52.3603002502085,105.32944120100083,297.72310258548794,245.36280233527944
0074194AR,1,54.79566305254378,99.84987489574645,336.38448707256043,281.58882402001666
0074213AR,1,39.27022518765638,110.20016680567139,297.41868223519594,258.1484570475396
0074244AR,1,54.79566305254378,103.19849874895746,303.5070892410342,248.7114261884904
0074258AR,1,51.751459549624684,99.84987489574645,312.6396997497915,260.8882402001668
0075740AR,4,42.61884904086739,103.50291909924937,298.6363636363636,256.0175145954962
0075827AR,4,58.14428690575479,85.54211843202668,308.0733944954128,249.929107589658
0075831AR,4,94.67472894078398,350.38782318598834,365.0,270.325271059216
0076001AR,4,59.66638865721435,252.36447039199334,365.0,305.3336113427857
0076100AR,4,57.83986655546288,108.06922435362802,365.0,307.1601334445371
0076156AR,4,134.55379482902418,343.0817347789825,365.0,230.44620517097582
0076323AR,4,93.15262718932443,351.301084236864,365.0,271.84737281067555
0076333AR,4,65.75479566305255,92.2393661384487,280.67556296914097,214.9207673060884
0076362AR,4,55.40450375312761,94.06588824020017,356.78065054211845,301.37614678899087
0076461AR,4,59.66638865721435,231.66388657214344,365.0,305.3336113427857
0076534AR,4,68.79899916597164,325.4253544620517,365.0,296.2010008340284
0076585AR,4,57.83986655546288,90.71726438698916,286.76396997497915,228.92410341951626
0076645AR,4,62.40617180984153,197.56880733944953,365.0,302.5938281901585
0076697AR,4,56.92660550458715,98.02335279399499,323.59883236030026,266.6722268557131
0076831AR,4,58.753127606338616,87.36864053377815,319.94578815679733,261.1926605504587
0076886AR,4,61.4929107589658,123.29024186822352,365.0,303.5070892410342
0076896AR,4,58.14428690575479,100.45871559633028,365.0,306.85571309424523
0076961AR,4,82.4979149291076,354.34528773978315,365.0,282.5020850708924
0077062AR,4,93.15262718932443,353.1276063386155,365.0,271.84737281067555
0077097AR,4,62.710592160133444,249.92910758965803,365.0,302.28940783986656
0077231AR,4,56.31776480400334,126.94328607172643,365.0,308.68223519599667
0077259AR,4,62.40617180984153,89.80400333611342,256.32193494578814,193.9157631359466
0077355AR,4,59.05754795663052,92.2393661384487,365.0,305.9424520433695
0077658AR,4,64.84153461217682,111.1134278565471,365.0,300.1584653878232
0077702AR,4,68.49457881567973,314.16180150125103,365.0,296.50542118432026
0077874AR,4,123.29024186822352,350.6922435362802,365.0,241.70975813177648
0077906AR,4,53.273561301084236,101.98081734778982,277.02251876563804,223.7489574645538
0077909AR,4,43.83653044203503,111.1134278565471,312.9441201000834,269.10758965804837
0077925AR,4,57.53544620517097,90.71726438698916,357.38949124270226,299.8540450375313
0077954AR,4,89.80400333611342,348.8657214345288,365.0,275.1959966638866
0077988AR,4,64.23269391159299,327.2518765638032,365.0,300.767306088407
0078018AR,4,60.579649708090066,98.63219349457881,270.93411175979986,210.3544620517098
0078092AR,4,60.579649708090066,160.42952460383654,264.5412844036697,203.96163469557962
0078110AR,4,63.01501251042536,90.10842368640533,271.84737281067555,208.8323603002502
0078252AR,4,59.66638865721435,110.80900750625521,308.37781484570473,248.71142618849038
0078268AR,4,54.18682235195996,91.63052543786488,298.9407839866555,244.75396163469554
0078305AR,4,0.0,350.0834028356964,365.0,365.0
0078351AR,4,55.10008340283569,97.71893244370307,272.1517931609675,217.05170975813178
0078399AR,4,61.79733110925771,98.02335279399499,268.49874895746456,206.70141784820686
0078402AR,4,91.63052543786488,355.25854879065884,365.0,273.3694745621351
0078622AR,4,60.88407005838198,111.1134278565471,321.46788990825684,260.5838198498749
0078686AR,4,64.23269391159299,317.81484570475396,365.0,300.767306088407
0078744AR,4,59.361968306922435,250.84236864053378,365.0,305.63803169307755
0079745AR,1,55.70892410341951,93.45704753961634,318.4236864053378,262.71476230191826
0079898AR,1,54.491242702251874,90.10842368640533,365.0,310.5087572977481
0079908AR,1,52.0558798999166,103.80733944954129,304.115929941618,252.0600500417014
0079975AR,1,52.3603002502085,99.24103419516264,287.67723102585484,235.31693077564634
0080092AR,1,48.70725604670559,99.54545454545453,301.3761467889908,252.6688907422852
0080097AR,1,55.40450375312761,94.67472894078398,328.7739783152627,273.3694745621351
0080110AR,1,55.70892410341951,89.19516263552961,365.0,309.2910758965805
0080137AR,1,52.3603002502085,98.3277731442869,292.54795663052545,240.18765638031695
0080140AR,1,56.013344453711426,96.50125104253544,290.72143452877395,234.70809007506253
0080194AR,1,52.96914095079233,98.93661384487072,264.8457047539616,211.8765638031693
0080209AR,1,52.96914095079233,90.71726438698916,302.28940783986656,249.32026688907422
0080234AR,1,59.05754795663052,93.45704753961634,365.0,305.9424520433695
0080283AR,1,52.96914095079233,94.97914929107588,299.85404503753125,246.8849040867389
0080465AR,1,58.4487072560467,104.41618015012509,365.0,306.5512927439533
0080498AR,1,57.23102585487906,91.02168473728106,365.0,307.7689741451209
0080525AR,1,56.92660550458715,98.63219349457881,306.8557130942452,249.92910758965803
0080538AR,1,55.70892410341951,105.93828190158466,365.0,309.2910758965805
0080540AR,1,55.70892410341951,94.97914929107588,333.9491242702252,278.24020016680566
0080567AR,1,52.3603002502085,96.19683069224352,309.59549624687236,257.23519599666383
0080657AR,1,50.83819849874895,96.19683069224352,308.37781484570473,257.53961634695577
0080667AR,1,51.44703919933277,96.50125104253544,293.15679733110926,241.70975813177648
0080810AR,1,53.88240200166805,100.76313594662219,365.0,311.117597998332
0080858AR,1,54.491242702251874,94.06588824020017,351.90992493744784,297.41868223519594
0080873AR,1,54.79566305254378,90.41284403669724,365.0,310.2043369474562
0080914AR,1,55.10008340283569,94.06588824020017,317.51042535446203,262.4103419516263
0080925AR,1,50.22935779816514,99.54545454545453,300.1584653878232,249.92910758965803
0080957AR,1,50.53377814845704,97.71893244370307,292.2435362802335,241.70975813177648
0080979AR,1,52.3603002502085,93.15262718932443,307.1601334445371,254.7998331943286
0081030AR,1,54.79566305254378,98.93661384487072,365.0,310.2043369474562
0081103AR,1,55.70892410341951,95.2835696413678,324.8165137614679,269.10758965804837
0081167AR,1,56.31776480400334,92.2393661384487,365.0,308.68223519599667
0081249AR,1,55.40450375312761,95.58798999165971,307.1601334445371,251.7556296914095
0081273AR,1,51.142618849040865,96.80567139282735,320.2502085070892,269.10758965804837
0081288AR,1,51.44703919933277,95.89241034195163,291.6346955796497,240.18765638031692
0081398AR,1,52.3603002502085,95.89241034195163,305.3336113427856,252.97331109257712
0081419AR,1,54.491242702251874,94.67472894078398,361.9557964970809,307.464553794829
0081437AR,1,51.751459549624684,108.98248540450375,305.63803169307755,253.88657214345287
0081510AR,1,55.10008340283569,89.19516263552961,295.89658048373644,240.79649708090074
0081527AR,1,52.0558798999166,99.24103419516264,295.5921601334445,243.53628023352792
0081741AR,4,50.83819849874895,107.1559633027523,348.8657214345288,298.0275229357798
0081742AR,4,56.92660550458715,91.63052543786488,363.1734778982485,306.24687239366136
0081748AR,4,61.18849040867389,96.80567139282735,345.21267723102585,284.02418682235196
0081751AR,4,43.83653044203503,81.58465387823186,365.0,321.16346955796496
0081752AR,4,49.31609674728941,114.15763135946622,345.82151793160966,296.50542118432026
0081758AR,4,45.663052543786485,111.72226855713093,285.8507089241034,240.18765638031692
0081759AR,4,58.4487072560467,129.98748957464554,365.0,306.5512927439533
0081770AR,4,52.3603002502085,94.37030859049206,279.7623019182652,227.40200166805673
0081778AR,4,56.31776480400334,91.32610508757297,301.9849874895746,245.6672226855713
0081781AR,4,60.27522935779816,96.19683069224352,334.8623853211009,274.58715596330273
0081786AR,4,56.013344453711426,105.63386155129274,297.72310258548794,241.7097581317765
0081788AR,4,50.22935779816514,101.06755629691408,269.10758965804837,218.87823185988321
0081792AR,4,53.57798165137615,107.7648040033361,333.64470391993325,280.0667222685571
0081793AR,4,58.4487072560467,110.50458715596329,354.649708090075,296.2010008340283
0081795AR,4,55.10008340283569,94.97914929107588,365.0,309.8999165971643
0081796AR,4,54.491242702251874,97.71893244370307,295.5921601334445,241.10091743119264
0081798AR,4,55.40450375312761,98.02335279399499,346.7347789824854,291.3302752293578
0081799AR,4,59.05754795663052,94.37030859049206,282.5020850708924,223.4445371142619
0081802AR,4,56.013344453711426,98.02335279399499,339.7331109257715,283.7197664720601
0081808AR,4,51.142618849040865,98.02335279399499,319.6413678065054,268.49874895746456
0081817AR,4,55.10008340283569,86.75979983319432,340.03753127606336,284.93744787322765
0081819AR,4,51.751459549624684,108.37364470391992,333.9491242702252,282.1976647206005
0081820AR,4,52.3603002502085,108.06922435362802,300.4628857381151,248.10258548790662
0081821AR,4,49.31609674728941,107.4603836530442,293.15679733110926,243.84070058381985
0081826AR,4,52.96914095079233,96.50125104253544,298.9407839866555,245.97164303586317
0081827AR,4,49.924937447873226,96.19683069224352,277.02251876563804,227.09758131776482
0081829AR,4,46.57631359466222,98.02335279399499,286.76396997497915,240.18765638031692
0081830AR,4,55.10008340283569,102.58965804837365,274.89157631359467,219.79149291075896
0081831AR,4,52.0558798999166,101.371976647206,319.6413678065054,267.5854879065888
0081832AR,4,50.53377814845704,101.98081734778982,288.2860717264387,237.75229357798167
0081834AR,4,53.88240200166805,105.93828190158466,285.5462885738115,231.66388657214347
0081837AR,4,53.88240200166805,106.24270225187655,305.02919099249374,251.14678899082568
0081842AR,4,49.924937447873226,105.32944120100083,284.93744787322765,235.01251042535444
0081843AR,4,57.53544620517097,101.6763969974979,339.7331109257715,282.1976647206005
0081848AR,4,14.003336113427856,178.69474562135113,261.49708090075063,247.49374478732278
0081849AR,4,54.491242702251874,97.71893244370307,307.1601334445371,252.66889074228524
0081851AR,4,54.79566305254378,92.54378648874062,300.4628857381151,245.66722268557135
0081854AR,4,51.44703919933277,108.06922435362802,328.46955796497076,277.022518765638
0081855AR,4,49.31609674728941,102.89407839866554,322.0767306088407,272.7606338615513
0081858AR,4,54.18682235195996,99.24103419516264,301.68056713928274,247.49374478732278
0081860AR,4,55.40450375312761,92.54378648874062,332.1226021684737,276.7180984153461
0081863AR,4,61.18849040867389,84.93327773144287,365.0,303.8115095913261
0081866AR,4,62.710592160133444,92.2393661384487,279.7623019182652,217.05170975813178
0081869AR,4,52.66472060050042,96.80567139282735,297.41868223519594,244.75396163469554
0081874AR,4,53.57798165137615,90.10842368640533,303.2026688907423,249.62468723936615
0081875AR,4,56.622185154295245,117.20183486238531,353.4320266889074,296.80984153461213
0081882AR,4,51.44703919933277,116.8974145120934,290.4170141784821,238.9699749791493
0081883AR,4,60.27522935779816,127.85654712260215,343.3861551292744,283.1109257714763
0081888AR,4,54.18682235195996,92.54378648874062,302.28940783986656,248.1025854879066
0081891AR,4,57.23102585487906,94.67472894078398,282.5020850708924,225.27105921601336
0081892AR,4,54.491242702251874,97.41451209341118,345.21267723102585,290.72143452877395
0081896AR,4,54.18682235195996,92.84820683903251,299.5496246872394,245.3628023352794
0081903AR,4,43.22768974145121,120.24603836530441,317.20600500417015,273.9783152627189
0081905AR,4,47.18515429524603,107.7648040033361,296.8098415346122,249.62468723936615
0081909AR,4,52.3603002502085,103.50291909924937,284.0241868223519,231.6638865721434
0081912AR,4,54.18682235195996,96.50125104253544,315.98832360300247,261.8015012510425
0081913AR,4,49.011676396997494,96.19683069224352,286.76396997497915,237.75229357798165
0081916AR,4,57.23102585487906,92.84820683903251,365.0,307.7689741451209
0081920AR,4,54.18682235195996,100.76313594662219,292.8523769808173,238.66555462885736
0081921AR,4,65.75479566305255,100.15429524603836,332.4270225187656,266.67222685571306
0081922AR,4,49.924937447873226,103.50291909924937,294.3744787322769,244.44954128440367
0081924AR,4,37.44370308590492,113.8532110091743,295.28773978315263,257.8440366972477
0081925AR,4,60.88407005838198,98.02335279399499,365.0,304.115929941618
0081930AR,4,11.872393661384486,119.94161801501251,265.1501251042535,253.27773144286903
0081937AR,4,59.970809007506254,95.2835696413678,264.5412844036697,204.57047539616343
0081943AR,4,55.40450375312761,102.28523769808173,326.33861551292745,270.93411175979986
0081949AR,4,52.0558798999166,101.06755629691408,310.81317764804,258.7572977481234
0081960AR,4,52.66472060050042,97.11009174311927,305.02919099249374,252.36447039199334
0081968AR,4,62.101751459549625,88.58632193494579,295.5921601334445,233.49040867389488
0081970AR,4,63.928273561301076,133.94495412844034,347.95246038365303,284.02418682235196
0081971AR,4,58.4487072560467,101.6763969974979,287.67723102585484,229.22852376980813
0081982AR,4,57.23102585487906,94.97914929107588,336.9933277731443,279.7623019182652
0081989AR,4,52.0558798999166,98.3277731442869,317.51042535446203,265.45454545454544
0081994AR,4,54.18682235195996,100.45871559633028,304.7247706422018,250.53794829024184
0081995AR,4,59.05754795663052,98.3277731442869,365.0,305.9424520433695
0082002AR,4,58.14428690575479,90.41284403669724,305.3336113427856,247.18932443703082
0082005AR,4,55.10008340283569,89.19516263552961,308.98665554628855,253.88657214345284
0082007AR,4,52.96914095079233,93.15262718932443,302.59382819015843,249.6246872393661
0082011AR,4,49.62051709758132,99.24103419516264,281.8932443703086,232.27272727272728
0082018AR,4,55.10008340283569,105.93828190158466,337.2977481234362,282.19766472060047
0082020AR,4,56.622185154295245,87.36864053377815,333.3402835696414,276.7180984153461
0082028AR,4,57.53544620517097,98.02335279399499,297.11426188490407,239.5788156797331
0082029AR,4,48.402835696413675,99.24103419516264,308.0733944954128,259.67055879899914
0082040AR,4,55.70892410341951,105.02502085070891,332.4270225187656,276.7180984153461
0082046AR,4,49.924937447873226,94.67472894078398,270.93411175979986,221.00917431192664
0082047AR,4,47.18515429524603,100.15429524603836,266.3678065054212,219.18265221017515
0082052AR,4,52.3603002502085,94.67472894078398,279.7623019182652,227.40200166805673
0082053AR,4,53.88240200166805,93.15262718932443,295.89658048373644,242.0141784820684
0082054AR,4,51.44703919933277,108.98248540450375,261.49708090075063,210.05004170141785
0082057AR,4,45.054211843202665,107.7648040033361,284.3286071726439,239.27439532944123
0082058AR,4,53.57798165137615,93.76146788990826,316.59716430358634,263.0191826522102
0082075AR,4,53.57798165137615,95.58798999165971,312.9441201000834,259.36613844870726
0082078AR,4,0.0,129.68306922435363,279.7623019182652,279.7623019182652
0082086AR,4,51.142618849040865,98.3277731442869,298.9407839866555,247.79816513761463
0082091AR,4,45.9674728940784,98.3277731442869,347.95246038365303,301.9849874895746
0082098AR,4,40.48790658882402,127.24770642201834,329.68723936613844,289.19933277731445
0082099AR,4,54.491242702251874,112.93994995829857,332.4270225187656,277.93577981651373
0082100AR,4,51.44703919933277,105.32944120100083,287.37281067556296,235.92577147623018
0082101AR,4,49.31609674728941,109.89574645537948,298.6363636363636,249.32026688907422
0082104AR,4,44.74979149291075,111.41784820683903,292.8523769808173,248.10258548790657
0082108AR,4,49.62051709758132,102.58965804837365,271.5429524603836,221.9224353628023
0082109AR,4,50.83819849874895,101.98081734778982,307.7689741451209,256.93077564637196
0082111AR,4,51.142618849040865,99.84987489574645,301.0717264386989,249.929107589658
0082121AR,4,46.27189324437031,117.20183486238531,365.0,318.7281067556297
0082123AR,4,58.753127606338616,89.80400333611342,265.7589658048374,207.00583819849876
0082124AR,4,48.70725604670559,105.32944120100083,310.5087572977481,261.8015012510425
0082126AR,4,54.491242702251874,98.63219349457881,293.7656380316931,239.2743953294412
0082127AR,4,50.83819849874895,104.41618015012509,310.81317764804,259.974979149291
0082128AR,4,53.88240200166805,101.06755629691408,292.54795663052545,238.6655546288574
0082130AR,4,55.40450375312761,111.1134278565471,365.0,309.5954962468724
0082135AR,4,57.53544620517097,87.36864053377815,314.16180150125103,256.6263552960801
0082138AR,4,48.402835696413675,98.3277731442869,294.67889908256876,246.2760633861551
0082139AR,4,58.753127606338616,110.50458715596329,365.0,306.24687239366136
0082140AR,4,54.18682235195996,97.11009174311927,315.6839032527106,261.49708090075063
0082143AR,4,53.88240200166805,94.67472894078398,295.28773978315263,241.40533778148458
0082144AR,4,57.53544620517097,91.9349457881568,279.7623019182652,222.22685571309427
0082168AR,4,48.70725604670559,163.47372810675563,318.72810675562965,270.02085070892406
0082173AR,4,63.31943286071726,102.89407839866554,247.49374478732275,184.1743119266055
0082178AR,4,50.53377814845704,179.30358632193494,360.12927439532945,309.5954962468724
0082179AR,4,56.92660550458715,88.89074228523769,287.37281067556296,230.44620517097582
0082181AR,4,51.44703919933277,102.58965804837365,275.5004170141785,224.0533778148457
0082187AR,4,46.27189324437031,103.80733944954129,321.77231025854877,275.5004170141785
0082191AR,4,61.18849040867389,89.4995829858215,278.8490408673895,217.6605504587156
0082193AR,4,61.4929107589658,108.67806505421184,272.7606338615513,211.2677231025855
0082196AR,4,58.753127606338616,100.15429524603836,365.0,306.24687239366136
0082197AR,4,51.142618849040865,101.06755629691408,309.59549624687236,258.4528773978315
0082206AR,4,51.751459549624684,100.45871559633028,329.9916597164304,278.2402001668057
0082207AR,4,57.83986655546288,106.24270225187655,365.0,307.1601334445371
0082208AR,4,54.18682235195996,91.63052543786488,365.0,310.81317764804004
0082211AR,4,53.88240200166805,94.06588824020017,312.9441201000834,259.0617180984154
0082214AR,4,60.27522935779816,151.60133444537115,361.34695579649707,301.07172643869893
0082223AR,4,61.79733110925771,111.1134278565471,365.0,303.2026688907423
0082229AR,4,44.445371142618846,100.76313594662219,333.3402835696414,288.8949124270225
0082230AR,4,54.18682235195996,94.97914929107588,305.9424520433695,251.75562969140952
0082234AR,4,54.18682235195996,102.58965804837365,319.94578815679733,265.7589658048374
0082236AR,4,52.0558798999166,101.06755629691408,303.2026688907423,251.1467889908257
0082241AR,4,53.88240200166805,103.50291909924937,312.03085904920766,258.14845704753964
0082246AR,4,58.753127606338616,117.81067556296912,365.0,306.24687239366136
0082252AR,4,53.57798165137615,96.50125104253544,311.72643869891573,258.1484570475396
0082255AR,4,65.45037531276063,105.32944120100083,275.19599666388655,209.74562135112592
0082257AR,4,54.79566305254378,141.5554628857381,351.90992493744784,297.11426188490407
0082261AR,4,47.793994995829856,140.33778148457048,253.58215179316096,205.7881567973311
0082262AR,4,56.92660550458715,88.89074228523769,331.8181818181818,274.89157631359467
0082265AR,4,53.57798165137615,93.15262718932443,319.3369474562135,265.7589658048374
0082267AR,4,58.14428690575479,102.89407839866554,337.90658882402,279.7623019182652
0082268AR,4,59.05754795663052,91.32610508757297,270.62969140950787,211.57214345287736
0082280AR,4,30.7464553794829,143.9908256880734,365.0,334.2535446205171
0082283AR,4,53.88240200166805,105.93828190158466,319.94578815679733,266.0633861551293
0082284AR,4,56.622185154295245,86.45537948290242,342.77731442869054,286.1551292743953
0082286AR,4,57.53544620517097,89.4995829858215,318.72810675562965,261.1926605504587
0082289AR,4,54.79566305254378,96.19683069224352,288.2860717264387,233.49040867389493
0082296AR,4,36.53044203502919,176.56380316930776,365.0,328.4695579649708
0082299AR,4,67.8857381150959,107.7648040033361,272.7606338615513,204.8748957464554
0082300AR,4,56.622185154295245,88.58632193494579,299.24520433694744,242.6230191826522
0082302AR,4,47.48957464553794,108.37364470391992,325.7297748123436,278.2402001668056
0082305AR,4,55.10008340283569,106.54712260216847,365.0,309.8999165971643
0082311AR,4,47.793994995829856,100.45871559633028,289.50375312760633,241.70975813177648
0082320AR,4,52.0558798999166,102.58965804837365,301.9849874895746,249.92910758965803
0082321AR,4,56.013344453711426,97.11009174311927,296.2010008340283,240.1876563803169
0082325AR,4,52.0558798999166,93.76146788990826,289.1993327773144,237.1434528773978
0082326AR,4,17.351959966638866,102.28523769808173,300.1584653878232,282.80650542118434
0082330AR,4,41.09674728940784,109.28690575479567,286.15512927439534,245.0583819849875
0082338AR,4,54.18682235195996,109.59132610508756,338.2110091743119,284.02418682235196
0082340AR,4,52.3603002502085,98.3277731442869,307.46455379482904,255.10425354462055
0082346AR,4,54.491242702251874,104.41618015012509,320.2502085070892,265.7589658048373
0082355AR,4,53.273561301084236,97.11009174311927,298.9407839866555,245.66722268557126
0082361AR,4,95.58798999165971,235.62135112593825,255.40867389491243,159.8206839032527
0082364AR,4,56.622185154295245,97.71893244370307,365.0,308.37781484570473
0082366AR,4,42.9232693911593,94.97914929107588,322.6855713094245,279.7623019182652
0082368AR,4,49.62051709758132,108.06922435362802,286.15512927439534,236.53461217681402
0082369AR,4,58.753127606338616,96.19683069224352,305.63803169307755,246.88490408673894
0082378AR,4,51.751459549624684,98.63219349457881,315.37948290241866,263.628023352794
0082380AR,4,58.753127606338616,93.45704753961634,318.11926605504584,259.3661384487072
0082381AR,4,57.53544620517097,93.15262718932443,268.1943286071726,210.65888240200167
0082384AR,4,57.53544620517097,99.84987489574645,365.0,307.46455379482904
0082386AR,4,55.40450375312761,87.67306088407005,281.2844036697247,225.8798999165971
0082388AR,4,68.19015846538782,116.5929941618015,234.70809007506256,166.51793160967475
0082396AR,4,35.31276063386155,112.93994995829857,309.8999165971643,274.58715596330273
0082397AR,4,56.013344453711426,97.11009174311927,310.5087572977481,254.49541284403668
0082404AR,4,52.96914095079233,99.24103419516264,313.5529608006672,260.5838198498749
0082405AR,4,38.35696413678065,108.37364470391992,264.2368640533778,225.87989991659717
0082408AR,4,49.62051709758132,102.28523769808173,284.0241868223519,234.4036697247706
0082409AR,4,45.054211843202665,107.4603836530442,266.67222685571306,221.6180150125104
0082412AR,4,54.491242702251874,101.371976647206,264.8457047539616,210.35446205170976
0082415AR,4,49.924937447873226,104.41618015012509,307.46455379482904,257.5396163469558
0082416AR,4,50.22935779816514,103.50291909924937,294.070058381985,243.84070058381985
0082417AR,4,50.22935779816514,99.54545454545453,313.85738115095916,263.628023352794
0082419AR,4,55.10008340283569,95.2835696413678,298.0275229357798,242.9274395329441
0082422AR,4,50.53377814845704,98.93661384487072,299.85404503753125,249.32026688907422
0082423AR,4,50.22935779816514,99.24103419516264,311.117597998332,260.8882402001668
0082424AR,4,45.054211843202665,106.85154295246038,365.0,319.94578815679733
0082434AR,4,49.62051709758132,128.46538782318598,330.6005004170142,280.97998331943285
0082435AR,4,56.92660550458715,96.80567139282735,303.5070892410342,246.58048373644704
0082438AR,4,56.013344453711426,100.76313594662219,347.95246038365303,291.93911592994164
0082439AR,4,50.83819849874895,105.63386155129274,315.98832360300247,265.1501251042535
0082441AR,4,53.88240200166805,104.41618015012509,365.0,311.117597998332
0082443AR,4,48.70725604670559,98.3277731442869,269.10758965804837,220.40033361134277
0082444AR,4,56.622185154295245,91.02168473728106,353.73644703919933,297.11426188490407
0082448AR,4,54.18682235195996,98.63219349457881,294.67889908256876,240.4920767306088
0082449AR,4,45.054211843202665,140.33778148457048,356.1718098415346,311.1175979983319
0082452AR,4,58.753127606338616,118.72393661384487,365.0,306.24687239366136
0082454AR,4,50.83819849874895,90.10842368640533,296.50542118432026,245.6672226855713
0082458AR,4,53.57798165137615,96.80567139282735,301.0717264386989,247.49374478732273
0082461AR,4,46.27189324437031,107.4603836530442,285.2418682235196,238.96997497914927
0082464AR,4,48.09841534612176,115.67973311092577,365.0,316.9015846538782
0082465AR,4,45.9674728940784,107.1559633027523,288.5904920767306,242.62301918265217
0082470AR,4,51.44703919933277,98.93661384487072,322.0767306088407,270.6296914095079
0082474AR,4,59.361968306922435,89.4995829858215,299.5496246872394,240.18765638031692
0082475AR,4,46.88073394495413,111.1134278565471,289.80817347789826,242.92743953294413
0082476AR,4,51.142618849040865,96.80567139282735,303.8115095913261,252.66889074228524
0082479AR,4,57.83986655546288,90.71726438698916,292.8523769808173,235.01251042535444
0082482AR,4,49.31609674728941,99.24103419516264,329.3828190158465,280.0667222685571
0082484AR,4,49.31609674728941,104.41618015012509,304.4203502919099,255.10425354462052
0082485AR,4,47.48957464553794,101.371976647206,302.59382819015843,255.1042535446205
0082490AR,4,54.491242702251874,96.50125104253544,282.19766472060047,227.7064220183486
0082498AR,4,57.23102585487906,106.54712260216847,315.6839032527106,258.4528773978315
0082502AR,4,54.18682235195996,95.58798999165971,303.2026688907423,249.01584653878234
0082505AR,4,50.83819849874895,101.6763969974979,306.8557130942452,256.0175145954962
0082507AR,4,62.40617180984153,109.89574645537948,349.17014178482066,286.76396997497915
0082514AR,4,51.142618849040865,105.32944120100083,326.33861551292745,275.1959966638866
0082515AR,4,51.142618849040865,97.11009174311927,339.7331109257715,288.59049207673064
0082517AR,4,56.31776480400334,95.2835696413678,309.8999165971643,253.58215179316096
0082518AR,4,61.4929107589658,99.54545454545453,276.7180984153461,215.2251876563803
0082520AR,4,50.53377814845704,98.02335279399499,261.8015012510425,211.26772310258548
0082525AR,4,56.622185154295245,96.19683069224352,304.4203502919099,247.7981651376147
0082529AR,4,60.27522935779816,83.41117597998331,365.0,304.72477064220186
0082531AR,4,54.79566305254378,95.2835696413678,365.0,310.2043369474562
0082532AR,4,55.10008340283569,91.02168473728106,311.42201834862385,256.32193494578814
0082533AR,4,51.142618849040865,104.720600500417,295.5921601334445,244.44954128440364
0082536AR,4,49.011676396997494,106.54712260216847,291.0258548790659,242.0141784820684
0082540AR,4,53.273561301084236,85.8465387823186,352.8231859883236,299.5496246872394
0082547AR,4,56.31776480400334,96.50125104253544,274.89157631359467,218.57381150959134
0082548AR,4,52.0558798999166,96.50125104253544,284.6330275229358,232.5771476230192
0082550AR,4,47.793994995829856,108.37364470391992,285.8507089241034,238.05671392827355
0082554AR,4,63.62385321100917,100.45871559633028,363.1734778982485,299.5496246872393
0082557AR,4,57.83986655546288,98.63219349457881,278.8490408673895,221.00917431192659
0082572AR,4,58.4487072560467,103.19849874895746,314.16180150125103,255.71309424520433
0082574AR,4,60.27522935779816,97.11009174311927,339.1242702251876,278.8490408673895
0082576AR,4,53.57798165137615,88.28190158465388,362.2602168473728,308.68223519599667
0082582AR,4,55.40450375312761,96.50125104253544,288.5904920767306,233.18598832360297
0082590AR,4,51.44703919933277,97.11009174311927,308.37781484570473,256.93077564637196
0082600AR,4,51.751459549624684,92.54378648874062,301.9849874895746,250.23352793994994
0082601AR,4,56.013344453711426,105.32944120100083,365.0,308.9866555462886
0082612AR,4,58.753127606338616,85.23769808173478,351.90992493744784,293.1567973311092
0082613AR,4,60.88407005838198,92.54378648874062,327.2518765638032,266.3678065054212
0082620AR,4,56.92660550458715,100.45871559633028,295.5921601334445,238.66555462885736
0082628AR,4,50.22935779816514,92.84820683903251,306.5512927439533,256.32193494578814
0082629AR,4,56.92660550458715,95.58798999165971,281.8932443703086,224.96663886572145
0082632AR,4,53.273561301084236,105.63386155129274,341.5596330275229,288.2860717264387
0082635AR,4,51.142618849040865,95.58798999165971,294.67889908256876,243.5362802335279
0082636AR,4,44.74979149291075,104.720600500417,288.5904920767306,243.84070058381982
0082649AR,4,52.66472060050042,99.54545454545453,365.0,312.3352793994996
0082652AR,4,53.88240200166805,96.80567139282735,317.20600500417015,263.3236030025021
0082653AR,4,52.66472060050042,103.50291909924937,302.28940783986656,249.62468723936615
0082654AR,4,0.3044203502919099,121.76814011676396,276.4136780650542,276.1092577147623
0082655AR,4,57.53544620517097,130.90075062552125,316.2927439532944,258.75729774812345
0082661AR,4,56.31776480400334,100.45871559633028,284.6330275229358,228.31526271893244
0082675AR,4,57.23102585487906,100.15429524603836,303.8115095913261,246.58048373644706
0082686AR,4,64.5371142618849,127.55212677231026,346.7347789824854,282.1976647206005
0082687AR,4,58.4487072560467,101.371976647206,336.68890742285237,278.24020016680566
0082689AR,4,55.70892410341951,95.2835696413678,259.0617180984153,203.3527939949958
0082690AR,4,46.88073394495413,102.89407839866554,276.7180984153461,229.83736447039198
0082691AR,4,56.31776480400334,93.76146788990826,284.0241868223519,227.70642201834858
0082694AR,4,57.23102585487906,89.19516263552961,258.1484570475396,200.91743119266053
0082700AR,4,56.92660550458715,96.50125104253544,324.8165137614679,267.88990825688074
0082705AR,4,44.14095079232694,143.9908256880734,328.1651376146789,284.02418682235196
0082706AR,4,56.92660550458715,126.03002502085072,331.8181818181818,274.89157631359467
0082708AR,4,53.88240200166805,143.68640533778148,295.89658048373644,242.0141784820684
0082712AR,4,53.57798165137615,101.371976647206,286.4595496246872,232.88156797331106
0082715AR,4,54.491242702251874,99.84987489574645,268.1943286071726,213.70308590492075
0082719AR,4,56.92660550458715,113.5487906588824,317.20600500417015,260.279399499583
0082729AR,4,52.66472060050042,95.2835696413678,309.8999165971643,257.2351959966639
0082731AR,4,51.142618849040865,102.89407839866554,309.8999165971643,258.75729774812345
0082733AR,4,61.4929107589658,117.50625521267723,365.0,303.5070892410342
0082746AR,4,53.88240200166805,94.37030859049206,325.4253544620517,271.5429524603837
0085348AR,1,48.402835696413675,102.58965804837365,332.4270225187656,284.02418682235196
0085371AR,1,49.62051709758132,105.02502085070891,279.7623019182652,230.1417848206839
0085381AR,1,43.22768974145121,96.50125104253544,274.2827356130108,231.0550458715596
0085391AR,1,48.70725604670559,110.50458715596329,277.3269391159299,228.61968306922432
0085401AR,1,52.0558798999166,102.28523769808173,337.90658882402,285.8507089241034
0085409AR,1,54.491242702251874,96.19683069224352,336.9933277731443,282.5020850708924
0085413AR,1,38.05254378648874,114.15763135946622,284.93744787322765,246.8849040867389
0085425AR,1,45.9674728940784,112.33110925771476,288.5904920767306,242.62301918265217
0085450AR,1,49.924937447873226,103.50291909924937,277.63135946622185,227.70642201834863
0085462AR,1,57.23102585487906,87.67306088407005,310.81317764804,253.58215179316093
0085463AR,1,59.66638865721435,91.63052543786488,295.89658048373644,236.2301918265221
0085464AR,1,52.96914095079233,100.45871559633028,286.15512927439534,233.185988323603
0085483AR,1,58.753127606338616,93.45704753961634,289.80817347789826,231.05504587155966
0085498AR,1,52.0558798999166,107.7648040033361,279.7623019182652,227.70642201834863
0085525AR,4,61.18849040867389,113.5487906588824,243.53628023352792,182.34778982485403
0085527AR,1,29.52877397831526,120.85487906588824,307.1601334445371,277.63135946622185
0085529AR,1,36.834862385321095,102.28523769808173,278.8490408673895,242.0141784820684
0085533AR,1,55.70892410341951,93.15262718932443,280.97998331943285,225.27105921601333
0085564AR,4,50.22935779816514,95.2835696413678,316.59716430358634,266.3678065054212
0085565AR,4,55.70892410341951,101.371976647206,318.4236864053378,262.71476230191826
0085566AR,1,41.09674728940784,98.93661384487072,259.9749791492911,218.87823185988324
0085579AR,4,53.273561301084236,114.76647206005003,256.6263552960801,203.35279399499584
0085595AR,1,35.00834028356964,95.2835696413678,273.0650542118432,238.05671392827355
0085600AR,1,50.83819849874895,100.45871559633028,290.72143452877395,239.883236030025
0085632AR,4,56.31776480400334,113.5487906588824,259.0617180984153,202.743953294412
0085669AR,1,52.0558798999166,96.19683069224352,334.2535446205171,282.1976647206005
0085695AR,1,56.31776480400334,94.97914929107588,304.7247706422018,248.40700583819847
0085719AR,4,53.57798165137615,115.37531276063386,255.40867389491243,201.83069224353628
0085721AR,4,56.92660550458715,116.5929941618015,270.325271059216,213.39866555462885
0085747AR,1,34.70391993327773,92.54378648874062,262.10592160133444,227.4020016680567
0085761AR,1,57.53544620517097,101.98081734778982,327.2518765638032,269.71643035863224
0085766AR,1,51.44703919933277,100.76313594662219,336.38448707256043,284.93744787322765
0085769AR,1,38.05254378648874,105.32944120100083,265.45454545454544,227.4020016680567
0085781AR,1,38.965804837364466,92.84820683903251,263.32360300250207,224.3577981651376
0085795AR,1,37.44370308590492,118.72393661384487,295.28773978315263,257.8440366972477
0085802AR,4,52.0558798999166,96.50125104253544,335.47122602168474,283.41534612176815
0085804AR,1,35.61718098415346,125.11676396997497,279.1534612176814,243.53628023352795
0085805AR,1,50.22935779816514,100.45871559633028,355.25854879065884,305.0291909924937
0085819AR,1,52.3603002502085,94.67472894078398,321.16346955796496,268.80316930775643
0085828AR,1,51.751459549624684,109.89574645537948,317.20600500417015,265.4545454545455
0085838AR,1,45.663052543786485,114.15763135946622,277.63135946622185,231.96830692243537
0085849AR,1,54.18682235195996,95.58798999165971,316.2927439532944,262.10592160133444
0085861AR,4,52.3603002502085,97.11009174311927,312.6396997497915,260.27939949958295
0085862AR,1,39.27022518765638,118.41951626355295,283.71976647206003,244.44954128440367
0085878AR,4,56.31776480400334,112.63552960800668,243.231859883236,186.91409507923268
0085895AR,1,53.57798165137615,95.58798999165971,282.8065054211843,229.22852376980813
0085904AR,1,45.9674728940784,104.41618015012509,329.9916597164304,284.02418682235196
0085907AR,1,58.14428690575479,94.06588824020017,299.24520433694744,241.10091743119264
0085914AR,1,49.31609674728941,103.50291909924937,326.94745621351126,277.63135946622185
0085929AR,1,47.18515429524603,101.98081734778982,268.49874895746456,221.31359466221852
0085947AR,4,60.27522935779816,125.42118432026689,332.1226021684737,271.84737281067555
0085956AR,1,49.924937447873226,97.41451209341118,277.93577981651373,228.0108423686405
0085983AR,1,48.09841534612176,102.28523769808173,273.0650542118432,224.96663886572142
0085997AR,4,59.361968306922435,110.80900750625521,364.39115929941613,305.0291909924937
0086055AR,1,40.48790658882402,105.02502085070891,365.0,324.512093411176
0086056AR,1,51.44703919933277,94.37030859049206,302.89824854045037,251.4512093411176
0086059AR,4,50.53377814845704,102.58965804837365,365.0,314.46622185154297
0086060AR,1,56.92660550458715,100.15429524603836,308.37781484570473,251.4512093411176
0086067AR,1,42.314428690575475,140.33778148457048,329.9916597164304,287.6772310258549
0086076AR,1,55.10008340283569,98.02335279399499,329.07839866555463,273.9783152627189
0086096AR,1,50.22935779816514,99.24103419516264,292.2435362802335,242.01417848206836
0086105AR,1,49.924937447873226,107.1559633027523,315.37948290241866,265.45454545454544
0086121AR,1,49.31609674728941,105.32944120100083,303.2026688907423,253.8865721434529
0086167AR,1,56.92660550458715,92.2393661384487,362.2602168473728,305.3336113427857
0086169AR,1,53.273561301084236,95.58798999165971,309.59549624687236,256.32193494578814
0086175AR,1,54.491242702251874,101.98081734778982,260.279399499583,205.78815679733114
0086186AR,1,50.22935779816514,100.76313594662219,360.7381150959132,310.50875729774805
0086189AR,1,58.753127606338616,94.97914929107588,308.0733944954128,249.3202668890742
0086209AR,1,52.3603002502085,98.02335279399499,283.1109257714762,230.75062552126772
0086219AR,1,53.273561301084236,107.1559633027523,274.89157631359467,221.61801501251043
0086220AR,1,45.35863219349458,112.63552960800668,301.9849874895746,256.62635529608
0086228AR,1,50.83819849874895,103.80733944954129,365.0,314.16180150125103
0086247AR,1,57.53544620517097,96.19683069224352,336.68890742285237,279.1534612176814
0086251AR,1,51.142618849040865,99.84987489574645,280.97998331943285,229.83736447039198
0086262AR,1,45.9674728940784,99.24103419516264,365.0,319.0325271059216
0086269AR,1,49.924937447873226,100.45871559633028,306.24687239366136,256.32193494578814
0086279AR,1,53.273561301084236,101.06755629691408,272.7606338615513,219.48707256046706
0086301AR,1,56.622185154295245,95.58798999165971,344.9082568807339,288.28607172643865
0086303AR,1,47.48957464553794,100.45871559633028,318.11926605504584,270.6296914095079
0086306AR,1,52.96914095079233,96.50125104253544,332.73144286905756,279.7623019182652
0086316AR,1,53.57798165137615,94.97914929107588,331.5137614678899,277.93577981651373
0086344AR,1,38.66138448707256,100.76313594662219,271.5429524603836,232.88156797331106
0086353AR,1,52.66472060050042,99.24103419516264,325.4253544620517,272.7606338615513
0086358AR,1,55.10008340283569,116.5929941618015,321.16346955796496,266.06338615512925
0086365AR,1,38.965804837364466,110.80900750625521,281.8932443703086,242.92743953294413
0086396AR,1,54.79566305254378,99.54545454545453,264.8457047539616,210.05004170141785
0086401AR,1,52.96914095079233,94.67472894078398,341.8640533778148,288.89491242702246
0086414AR,1,53.273561301084236,94.97914929107588,343.6905754795663,290.4170141784821
0086422AR,1,30.7464553794829,119.02835696413678,308.37781484570473,277.63135946622185
0086440AR,1,51.751459549624684,90.71726438698916,294.3744787322769,242.6230191826522
0086451AR,1,53.88240200166805,98.02335279399499,315.6839032527106,261.80150125104257
0086457AR,1,52.66472060050042,96.50125104253544,313.2485404503753,260.5838198498749
0086459AR,1,55.10008340283569,102.89407839866554,240.49207673060883,185.39199332777315
0086460AR,1,43.83653044203503,111.41784820683903,315.98832360300247,272.15179316096743
0086464AR,1,38.66138448707256,100.45871559633028,264.5412844036697,225.87989991659714
0086475AR,1,48.402835696413675,100.76313594662219,317.51042535446203,269.10758965804837
0086482AR,1,56.013344453711426,92.54378648874062,332.4270225187656,276.4136780650542
0086498AR,1,54.491242702251874,98.93661384487072,307.7689741451209,253.27773144286905
0086504AR,1,54.18682235195996,96.19683069224352,281.58882402001666,227.4020016680567
0086524AR,1,55.40450375312761,89.19516263552961,293.7656380316931,238.36113427856546
0086536AR,1,53.88240200166805,100.45871559633028,272.45621351125936,218.5738115095913
0086539AR,1,45.663052543786485,96.50125104253544,270.325271059216,224.66221851542952
0086549AR,1,45.054211843202665,99.54545454545453,289.80817347789826,244.7539616346956
0086554AR,1,35.92160133444537,110.80900750625521,310.81317764804,274.8915763135946
0086562AR,4,54.18682235195996,110.50458715596329,305.63803169307755,251.4512093411176
0086567AR,1,39.27022518765638,100.15429524603836,276.4136780650542,237.14345287739786
0086573AR,1,56.013344453711426,95.2835696413678,311.42201834862385,255.40867389491243
0086629AR,4,60.579649708090066,86.75979983319432,343.9949958298582,283.41534612176815
0086643AR,4,60.579649708090066,99.24103419516264,365.0,304.4203502919099
0086691AR,1,48.09841534612176,96.50125104253544,280.67556296914097,232.57714762301921
0086705AR,1,49.011676396997494,101.98081734778982,292.2435362802335,243.231859883236
0086721AR,1,51.142618849040865,105.02502085070891,356.78065054211845,305.6380316930776
0086753AR,1,45.663052543786485,102.28523769808173,289.1993327773144,243.53628023352792
0086784AR,1,59.361968306922435,93.76146788990826,365.0,305.63803169307755
0086815AR,1,38.05254378648874,111.72226855713093,266.3678065054212,228.31526271893244
0086818AR,1,41.40116763969974,100.15429524603836,270.62969140950787,229.22852376980813
0086835AR,1,54.18682235195996,94.06588824020017,302.89824854045037,248.7114261884904
0086848AR,1,53.88240200166805,95.58798999165971,308.0733944954128,254.19099249374474
0086857AR,1,49.924937447873226,99.24103419516264,313.85738115095916,263.93244370308594
0086878AR,4,44.445371142618846,119.94161801501251,252.6688907422852,208.22351959966636
0086899AR,1,48.402835696413675,101.6763969974979,281.58882402001666,233.185988323603
0086918AR,1,51.142618849040865,103.50291909924937,365.0,313.85738115095916
0086935AR,1,47.48957464553794,112.63552960800668,293.7656380316931,246.27606338615513
0086967AR,1,43.532110091743114,101.6763969974979,268.49874895746456,224.96663886572145
0086977AR,1,54.79566305254378,139.12010008340283,314.77064220183485,259.9749791492911
0086987AR,1,51.751459549624684,102.89407839866554,327.86071726438695,276.1092577147623
0086996AR,1,56.31776480400334,101.6763969974979,281.8932443703086,225.57547956630526
0087000AR,4,56.31776480400334,99.54545454545453,365.0,308.68223519599667
0087003AR,1,52.0558798999166,99.54545454545453,317.81484570475396,265.7589658048374
0087035AR,1,44.74979149291075,98.3277731442869,273.0650542118432,228.31526271893242
0087049AR,1,52.96914095079233,100.45871559633028,312.03085904920766,259.0617180984153
0087077AR,1,56.013344453711426,105.02502085070891,270.0208507089241,214.0075062552127
0087079AR,1,41.40116763969974,105.93828190158466,287.37281067556296,245.97164303586322
0087110AR,1,54.491242702251874,94.97914929107588,342.77731442869054,288.28607172643865
0087160AR,1,47.18515429524603,102.28523769808173,353.73644703919933,306.5512927439533
0087167AR,1,48.70725604670559,106.85154295246038,315.37948290241866,266.67222685571306
0087168AR,1,51.44703919933277,102.89407839866554,305.3336113427856,253.88657214345284
0087180AR,1,54.491242702251874,96.19683069224352,270.325271059216,215.83402835696413
0087186AR,4,51.44703919933277,115.98415346121769,246.88490408673894,195.43786488740616
0087198AR,1,54.18682235195996,97.11009174311927,273.0650542118432,218.87823185988321
0087212AR,1,50.83819849874895,98.63219349457881,336.68890742285237,285.8507089241034
0087222AR,1,45.9674728940784,145.20850708924104,322.9899916597164,277.022518765638
0087228AR,1,57.23102585487906,91.32610508757297,348.56130108423685,291.33027522935777
0087252AR,1,54.18682235195996,98.02335279399499,337.60216847372806,283.4153461217681
0087265AR,1,45.35863219349458,98.63219349457881,299.24520433694744,253.88657214345287
0087291AR,1,51.751459549624684,103.50291909924937,275.19599666388655,223.44453711426186
0087303AR,4,49.011676396997494,94.97914929107588,307.1601334445371,258.14845704753964
0087312AR,1,55.70892410341951,98.63219349457881,336.9933277731443,281.2844036697248
0087324AR,1,43.83653044203503,117.20183486238531,300.767306088407,256.93077564637196
0087360AR,1,54.18682235195996,94.37030859049206,327.55629691409507,273.3694745621351
0087386AR,1,39.57464553794829,103.50291909924937,287.9816513761468,248.40700583819847
0087387AR,1,51.751459549624684,103.50291909924937,365.0,313.24854045037534
0087501AR,4,48.09841534612176,257.5396163469558,356.4762301918265,308.37781484570473
0087570AR,4,60.27522935779816,90.41284403669724,291.33027522935777,231.0550458715596
0087582AR,4,53.88240200166805,100.76313594662219,296.2010008340283,242.31859883236027
0088199AR,4,46.57631359466222,115.07089241034194,285.8507089241034,239.27439532944118
0088331AR,4,47.48957464553794,122.6814011676397,256.6263552960801,209.13678065054214
0088391AR,4,53.273561301084236,89.4995829858215,291.33027522935777,238.05671392827352
0088422AR,4,52.96914095079233,83.1067556296914,285.5462885738115,232.5771476230192
0088431AR,4,48.09841534612176,101.06755629691408,272.1517931609675,224.05337781484573
0088551AR,4,61.4929107589658,91.02168473728106,298.3319432860717,236.8390325271059
0088616AR,4,52.3603002502085,117.81067556296912,253.27773144286903,200.91743119266053
0088627AR,4,58.14428690575479,98.02335279399499,300.4628857381151,242.31859883236032
0088741AR,4,49.62051709758132,103.50291909924937,267.8899082568807,218.26939115929937
0088818AR,4,43.532110091743114,118.11509591326104,265.45454545454544,221.92243536280233
0088898AR,4,49.31609674728941,106.54712260216847,293.46121768140114,244.14512093411173
0089039AR,4,37.13928273561301,112.93994995829857,255.7130942452043,218.57381150959128
0089149AR,4,52.66472060050042,90.41284403669724,325.4253544620517,272.7606338615513
0089175AR,4,60.579649708090066,93.15262718932443,304.4203502919099,243.84070058381985
0089191AR,4,52.66472060050042,110.50458715596329,291.0258548790659,238.3611342785655
0089209AR,4,56.013344453711426,142.77314428690576,304.4203502919099,248.4070058381985
0089225AR,4,41.09674728940784,121.76814011676396,268.49874895746456,227.40200166805673
0089272AR,4,45.35863219349458,149.16597164303585,309.8999165971643,264.5412844036697
0089292AR,4,48.09841534612176,101.6763969974979,266.976647206005,218.87823185988324
0089336AR,4,58.14428690575479,115.98415346121769,300.1584653878232,242.0141784820684
0089415AR,4,53.88240200166805,101.6763969974979,279.4578815679733,225.57547956630523
0089517AR,4,50.53377814845704,91.32610508757297,300.4628857381151,249.9291075896581
0089612AR,4,57.23102585487906,98.02335279399499,272.1517931609675,214.92076730608844
0089696AR,4,44.14095079232694,105.32944120100083,263.9324437030859,219.79149291075893
0089700AR,4,51.44703919933277,96.19683069224352,290.11259382819014,238.66555462885736
0089709AR,4,57.83986655546288,94.37030859049206,287.0683903252711,229.2285237698082
0089726AR,4,52.66472060050042,103.50291909924937,287.67723102585484,235.01251042535444
0089728AR,4,49.31609674728941,101.98081734778982,241.40533778148458,192.08924103419517
0089729AR,4,51.751459549624684,98.63219349457881,275.5004170141785,223.7489574645538
0089788AR,4,50.53377814845704,93.45704753961634,292.2435362802335,241.70975813177648
0089797AR,4,50.83819849874895,94.97914929107588,285.5462885738115,234.70809007506256
0089802AR,4,55.70892410341951,107.4603836530442,264.8457047539616,209.1367806505421
0089980AR,4,50.22935779816514,88.58632193494579,276.4136780650542,226.18432026688907
0090024AR,4,57.23102585487906,101.98081734778982,257.23519599666383,200.00417014178478
0090029AR,4,54.79566305254378,97.71893244370307,305.63803169307755,250.84236864053378
0090077AR,4,57.83986655546288,100.45871559633028,301.9849874895746,244.14512093411173
0090096AR,4,56.31776480400334,93.76146788990826,323.90325271059214,267.5854879065888
0090105AR,4,54.491242702251874,87.67306088407005,271.5429524603836,217.05170975813175
0090278AR,4,52.0558798999166,96.19683069224352,307.46455379482904,255.40867389491245
0090305AR,4,49.011676396997494,112.63552960800668,263.628023352794,214.6163469557965
0090344AR,4,58.14428690575479,92.2393661384487,294.9833194328607,236.8390325271059
0090372AR,4,45.9674728940784,111.41784820683903,277.3269391159299,231.3594662218515
0090404AR,4,51.44703919933277,90.71726438698916,335.1668056713928,283.71976647206003
0090511AR,4,54.79566305254378,102.28523769808173,266.3678065054212,211.5721434528774
0090563AR,4,56.622185154295245,96.19683069224352,271.5429524603836,214.92076730608838
0090588AR,4,61.4929107589658,109.89574645537948,272.1517931609675,210.6588824020017
0090596AR,4,47.793994995829856,118.11509591326104,286.4595496246872,238.66555462885736
0090677AR,4,39.57464553794829,119.02835696413678,259.67055879899914,220.09591326105084
0090749AR,4,49.31609674728941,112.33110925771476,259.9749791492911,210.65888240200167
0090839AR,4,46.57631359466222,87.06422018348623,250.84236864053378,204.26605504587155
0091189AR,4,60.88407005838198,99.54545454545453,289.50375312760633,228.61968306922435
0091402AR,4,52.3603002502085,88.58632193494579,308.68223519599667,256.32193494578814
0091516AR,4,59.361968306922435,104.1117597998332,302.59382819015843,243.23185988323598
0091664AR,4,56.31776480400334,99.24103419516264,275.5004170141785,219.18265221017515
0091667AR,4,48.09841534612176,99.84987489574645,259.0617180984153,210.96330275229357
0091703AR,4,35.31276063386155,108.98248540450375,276.7180984153461,241.40533778148455
0091766AR,4,64.84153461217682,95.89241034195163,284.93744787322765,220.09591326105084
0092003AR,4,55.70892410341951,87.67306088407005,329.68723936613844,273.9783152627189
0092730AR,4,55.10008340283569,88.58632193494579,267.28106755629693,212.18098415346122
0092783AR,4,55.40450375312761,84.32443703085904,344.9082568807339,289.50375312760633
0092855AR,4,58.753127606338616,88.28190158465388,362.86905754795663,304.115929941618
0093237AR,4,54.491242702251874,90.71726438698916,305.9424520433695,251.45120934111762
0093318AR,4,54.18682235195996,95.2835696413678,361.9557964970809,307.7689741451209
0093358AR,4,60.27522935779816,104.41618015012509,329.07839866555463,268.8031693077565
0093710AR,4,63.31943286071726,107.4603836530442,343.6905754795663,280.37114261884903
0093761AR,4,59.66638865721435,101.98081734778982,365.0,305.3336113427857
0093776AR,4,55.70892410341951,87.67306088407005,365.0,309.2910758965805
0094073AR,4,60.579649708090066,140.03336113427855,365.0,304.4203502919099
0094075AR,4,63.31943286071726,88.89074228523769,365.0,301.68056713928274
0094171AR,4,61.18849040867389,84.02001668056714,365.0,303.8115095913261
0094257AR,4,62.40617180984153,109.59132610508756,365.0,302.5938281901585
0094309AR,4,54.79566305254378,93.76146788990826,339.7331109257715,284.9374478732277
0094312AR,4,53.273561301084236,91.63052543786488,365.0,311.7264386989158
0094318AR,4,55.40450375312761,90.10842368640533,343.3861551292744,287.98165137614683
0094355AR,4,61.4929107589658,92.2393661384487,350.9966638865721,289.5037531276063
0094449AR,4,65.75479566305255,103.50291909924937,365.0,299.24520433694744
0102448AR,4,48.70725604670559,97.41451209341118,365.0,316.2927439532944
0102541AR,4,61.18849040867389,112.02668890742285,348.2568807339449,287.068390325271
0102936AR,4,52.3603002502085,112.02668890742285,339.42869057547955,287.068390325271
0102960AR,4,51.142618849040865,98.93661384487072,365.0,313.85738115095916
0103010AR,4,52.0558798999166,84.32443703085904,365.0,312.9441201000834
0103134AR,4,52.3603002502085,90.71726438698916,365.0,312.6396997497915
0103212AR,4,51.142618849040865,90.41284403669724,365.0,313.85738115095916
0103323AR,4,48.70725604670559,102.89407839866554,269.7164303586322,221.00917431192659
0103330AR,4,53.273561301084236,97.11009174311927,270.0208507089241,216.74728940783987
0103488AR,4,53.57798165137615,100.76313594662219,266.3678065054212,212.78982485404504
0103490AR,4,54.79566305254378,100.45871559633028,365.0,310.2043369474562
0103504AR,4,56.622185154295245,99.24103419516264,295.28773978315263,238.6655546288574
0103507AR,4,56.622185154295245,84.62885738115095,322.0767306088407,265.45454545454544
0103544AR,4,55.40450375312761,93.15262718932443,349.17014178482066,293.7656380316931
0103657AR,4,52.66472060050042,98.63219349457881,266.67222685571306,214.00750625521266
0103744AR,4,56.31776480400334,94.67472894078398,288.8949124270225,232.5771476230192
0103787AR,4,55.40450375312761,84.62885738115095,365.0,309.5954962468724
0103794AR,4,58.4487072560467,89.19516263552961,282.5020850708924,224.0533778148457
0103798AR,4,61.18849040867389,112.33110925771476,258.1484570475396,196.9599666388657
0103850AR,4,52.3603002502085,89.80400333611342,365.0,312.6396997497915
0103893AR,4,42.9232693911593,120.55045871559632,299.5496246872394,256.6263552960801
0103930AR,4,57.53544620517097,97.41451209341118,279.7623019182652,222.22685571309427
0103952AR,4,54.491242702251874,97.71893244370307,258.1484570475396,203.6572143452877
0104070AR,4,50.22935779816514,120.24603836530441,263.9324437030859,213.70308590492073
0104098AR,4,49.924937447873226,101.06755629691408,305.63803169307755,255.71309424520433
0104152AR,4,58.4487072560467,87.36864053377815,285.5462885738115,227.09758131776482
0104253AR,4,50.53377814845704,94.97914929107588,365.0,314.46622185154297
0104393AR,4,52.3603002502085,96.80567139282735,282.5020850708924,230.1417848206839
0104509AR,4,52.0558798999166,93.45704753961634,365.0,312.9441201000834
0104540AR,4,56.92660550458715,92.84820683903251,283.71976647206003,226.7931609674729
0104605AR,4,55.10008340283569,92.84820683903251,316.9015846538782,261.8015012510425
0104631AR,4,51.44703919933277,91.32610508757297,333.03586321934944,281.58882402001666
0104688AR,4,59.970809007506254,83.71559633027522,350.38782318598834,290.4170141784821
0106827AR,1,56.92660550458715,88.58632193494579,313.2485404503753,256.32193494578814
0109101AR,1,53.273561301084236,103.50291909924937,347.64804003336116,294.37447873227694
0109108AR,1,59.361968306922435,91.32610508757297,272.1517931609675,212.78982485404504
0109113AR,1,58.4487072560467,90.71726438698916,326.6430358632193,268.1943286071726
0109116AR,1,52.3603002502085,93.15262718932443,365.0,312.6396997497915
0109120AR,1,55.70892410341951,89.80400333611342,305.02919099249374,249.32026688907422
0109127AR,1,58.14428690575479,90.41284403669724,357.998331943286,299.85404503753125
0109129AR,1,59.66638865721435,98.63219349457881,365.0,305.3336113427857
0109141AR,1,59.361968306922435,91.63052543786488,338.2110091743119,278.8490408673895
0109163AR,1,46.57631359466222,116.28857381150958,282.5020850708924,235.92577147623018
0109165AR,1,58.753127606338616,106.54712260216847,365.0,306.24687239366136
0109183AR,1,61.79733110925771,85.23769808173478,365.0,303.2026688907423
0109189AR,1,61.79733110925771,87.06422018348623,365.0,303.2026688907423
0109208AR,1,65.14595496246872,98.63219349457881,251.14678899082568,186.00083402835696
0109217AR,1,60.88407005838198,90.10842368640533,248.7114261884904,187.82735613010843
0109221AR,1,62.710592160133444,114.15763135946622,265.45454545454544,202.743953294412
0109230AR,1,54.18682235195996,107.1559633027523,365.0,310.81317764804004
0109246AR,1,54.79566305254378,134.8582151793161,362.86905754795663,308.07339449541286
0109247AR,1,55.10008340283569,101.06755629691408,365.0,309.8999165971643
0109271AR,1,60.88407005838198,87.67306088407005,337.90658882402,277.022518765638
0109283AR,1,57.53544620517097,107.4603836530442,338.81984987489574,281.2844036697248
0109287AR,1,59.970809007506254,100.15429524603836,365.0,305.02919099249374
0109303AR,1,58.753127606338616,92.54378648874062,343.9949958298582,285.2418682235196
0109306AR,1,56.92660550458715,96.50125104253544,365.0,308.07339449541286
0109310AR,1,61.4929107589658,98.93661384487072,365.0,303.5070892410342
0109314AR,1,56.622185154295245,93.45704753961634,354.95412844036696,298.3319432860717
0109323AR,1,26.788990825688074,149.16597164303585,267.28106755629693,240.49207673060886
0109343AR,1,59.66638865721435,90.41284403669724,335.1668056713928,275.5004170141785
0109355AR,1,57.23102585487906,92.2393661384487,314.77064220183485,257.53961634695577
0109356AR,1,53.57798165137615,101.6763969974979,365.0,311.42201834862385
0109363AR,1,57.23102585487906,105.63386155129274,365.0,307.7689741451209
0109366AR,1,60.579649708090066,94.06588824020017,365.0,304.4203502919099
0109370AR,1,62.101751459549625,91.32610508757297,365.0,302.89824854045037
0109374AR,1,60.579649708090066,95.2835696413678,355.56296914095077,294.9833194328607
0109416AR,1,57.23102585487906,90.10842368640533,305.9424520433695,248.71142618849044
0109430AR,1,59.361968306922435,90.71726438698916,359.2160133444537,299.85404503753125
0109441AR,1,57.53544620517097,99.54545454545453,365.0,307.46455379482904
0109460AR,1,56.622185154295245,95.89241034195163,359.52043369474563,302.89824854045037
0109471AR,1,59.66638865721435,95.2835696413678,296.2010008340283,236.53461217681397
0109487AR,1,55.70892410341951,101.98081734778982,365.0,309.2910758965805
0109505AR,1,64.23269391159299,93.76146788990826,365.0,300.767306088407
0109518AR,1,59.66638865721435,95.2835696413678,331.8181818181818,272.1517931609675
0109520AR,1,62.40617180984153,130.90075062552125,353.73644703919933,291.3302752293578
0109521AR,1,62.101751459549625,99.54545454545453,313.85738115095916,251.75562969140952
0109522AR,1,53.273561301084236,97.71893244370307,359.52043369474563,306.2468723936614
0109525AR,1,61.4929107589658,133.33611342785653,358.91159299416177,297.41868223519594
0109551AR,1,60.579649708090066,122.07256046705588,258.1484570475396,197.5688073394495
0109564AR,1,56.31776480400334,104.1117597998332,365.0,308.68223519599667
0109586AR,1,60.27522935779816,105.63386155129274,365.0,304.72477064220186
0109590AR,1,59.970809007506254,101.98081734778982,365.0,305.02919099249374
0109592AR,1,57.23102585487906,89.80400333611342,344.9082568807339,287.67723102585484
0109594AR,1,70.92994161801501,121.46371976647205,225.87989991659714,154.94995829858215
0109596AR,1,58.753127606338616,88.28190158465388,289.80817347789826,231.05504587155966
0109602AR,1,33.790658882402,134.55379482902418,261.49708090075063,227.70642201834863
0109606AR,1,46.27189324437031,280.37114261884903,365.0,318.7281067556297
0109614AR,1,62.101751459549625,96.50125104253544,365.0,302.89824854045037
0109615AR,1,56.92660550458715,90.71726438698916,325.12093411175977,268.1943286071726
0109635AR,1,54.18682235195996,98.93661384487072,298.3319432860717,244.14512093411173
0109644AR,1,60.27522935779816,95.2835696413678,301.68056713928274,241.40533778148458
0109655AR,1,51.44703919933277,105.32944120100083,348.2568807339449,296.80984153461213
0109676AR,1,59.66638865721435,93.15262718932443,365.0,305.3336113427857
0109687AR,1,59.361968306922435,94.67472894078398,285.5462885738115,226.18432026688907
0109691AR,1,64.23269391159299,102.58965804837365,246.58048373644704,182.34778982485403
0109701AR,1,58.4487072560467,93.76146788990826,365.0,306.5512927439533
0109723AR,1,60.579649708090066,88.58632193494579,295.28773978315263,234.70809007506256
0109743AR,1,56.013344453711426,90.41284403669724,327.2518765638032,271.2385321100918
0109744AR,1,59.05754795663052,109.59132610508756,365.0,305.9424520433695
0109757AR,1,56.31776480400334,87.06422018348623,335.1668056713928,278.8490408673895
0109761AR,1,56.622185154295245,90.41284403669724,353.1276063386155,296.50542118432026
0109772AR,1,60.88407005838198,94.97914929107588,289.50375312760633,228.61968306922435
0109782AR,1,59.05754795663052,88.58632193494579,312.6396997497915,253.58215179316096
0109787AR,1,59.05754795663052,89.19516263552961,365.0,305.9424520433695
0109810AR,1,61.4929107589658,84.93327773144287,333.64470391993325,272.15179316096743
0109832AR,1,56.013344453711426,104.41618015012509,365.0,308.9866555462886
0109833AR,1,61.18849040867389,88.58632193494579,333.9491242702252,272.7606338615513
0109837AR,1,61.18849040867389,86.75979983319432,315.6839032527106,254.4954128440367
0109841AR,1,63.928273561301076,96.19683069224352,365.0,301.07172643869893
0109849AR,1,50.83819849874895,101.98081734778982,365.0,314.16180150125103
0109859AR,1,56.013344453711426,102.28523769808173,329.68723936613844,273.67389491242704
0109867AR,1,48.70725604670559,114.46205170975811,324.8165137614679,276.1092577147623
0109877AR,1,57.83986655546288,90.41284403669724,301.9849874895746,244.14512093411173
0109890AR,1,57.53544620517097,85.54211843202668,336.38448707256043,278.8490408673895
0109893AR,1,55.70892410341951,94.06588824020017,365.0,309.2910758965805
0109905AR,1,59.66638865721435,101.371976647206,325.7297748123436,266.06338615512925
0109906AR,1,63.01501251042536,112.02668890742285,281.58882402001666,218.5738115095913
0109918AR,1,61.18849040867389,86.75979983319432,365.0,303.8115095913261
0109923AR,1,62.40617180984153,85.54211843202668,365.0,302.5938281901585
0109929AR,1,59.361968306922435,125.7256046705588,361.0425354462052,301.68056713928274
0109930AR,1,57.83986655546288,87.67306088407005,290.4170141784821,232.5771476230192
0109933AR,1,51.44703919933277,110.80900750625521,365.0,313.5529608006672
0109944AR,1,52.96914095079233,97.41451209341118,365.0,312.03085904920766
0109949AR,1,62.710592160133444,105.32944120100083,365.0,302.28940783986656
0109976AR,1,58.753127606338616,94.97914929107588,365.0,306.24687239366136
0109978AR,1,58.4487072560467,87.97748123436196,312.6396997497915,254.19099249374477
0109979AR,1,59.361968306922435,120.55045871559632,258.4528773978315,199.09090909090907
0110016AR,1,55.70892410341951,97.41451209341118,307.7689741451209,252.0600500417014
0110019AR,1,59.361968306922435,92.54378648874062,344.2994161801501,284.93744787322765
0110021AR,1,61.18849040867389,112.63552960800668,365.0,303.8115095913261
0110028AR,1,59.05754795663052,95.58798999165971,365.0,305.9424520433695
0110059AR,1,60.579649708090066,100.15429524603836,365.0,304.4203502919099
0110060AR,1,46.27189324437031,111.72226855713093,289.1993327773144,242.92743953294408
0110062AR,1,64.23269391159299,121.46371976647205,254.49541284403668,190.2627189324437
0110064AR,1,66.05921601334445,121.15929941618013,227.4020016680567,161.34278565471226
0110065AR,1,58.753127606338616,98.02335279399499,365.0,306.24687239366136
0110074AR,1,59.970809007506254,87.06422018348623,315.37948290241866,255.4086738949124
0110075AR,1,55.70892410341951,138.51125938281902,362.2602168473728,306.5512927439533
0110076AR,1,61.79733110925771,91.63052543786488,302.28940783986656,240.49207673060886
0110093AR,1,54.79566305254378,89.4995829858215,362.86905754795663,308.07339449541286
0110095AR,1,52.0558798999166,184.1743119266055,362.5646371976647,310.5087572977481
0110104AR,1,61.4929107589658,105.93828190158466,251.4512093411176,189.9582985821518
0110105AR,1,57.23102585487906,110.80900750625521,365.0,307.7689741451209
0110107AR,1,62.101751459549625,88.89074228523769,311.117597998332,249.01584653878234
0110114AR,1,56.013344453711426,96.19683069224352,309.59549624687236,253.58215179316093
0110118AR,1,59.66638865721435,90.71726438698916,289.80817347789826,230.1417848206839
0110119AR,1,59.361968306922435,113.24437030859049,365.0,305.63803169307755
0110131AR,1,59.66638865721435,97.41451209341118,302.28940783986656,242.6230191826522
0110133AR,1,63.62385321100917,87.97748123436196,324.8165137614679,261.1926605504587
0110139AR,1,55.10008340283569,112.93994995829857,292.54795663052545,237.44787322768974
0110147AR,1,68.49457881567973,120.55045871559632,224.96663886572142,156.4720600500417
0110162AR,1,69.71226021684737,123.59466221851542,220.09591326105087,150.3836530442035
0110173AR,1,67.581317764804,105.93828190158466,231.96830692243537,164.38698915763138
0110178AR,1,62.40617180984153,101.98081734778982,261.1926605504587,198.78648874061716
0110181AR,1,63.01501251042536,88.58632193494579,364.08673894912425,301.0717264386989
0110187AR,1,59.361968306922435,99.54545454545453,365.0,305.63803169307755
0110189AR,1,60.88407005838198,93.76146788990826,273.3694745621351,212.48540450375313
0110215AR,1,71.53878231859883,110.50458715596329,171.9974979149291,100.45871559633028
0110223AR,1,61.4929107589658,87.97748123436196,297.41868223519594,235.92577147623015
0110251AR,1,61.79733110925771,88.58632193494579,365.0,303.2026688907423
0110268AR,1,58.4487072560467,90.10842368640533,312.03085904920766,253.58215179316096
0110281AR,1,57.53544620517097,91.63052543786488,365.0,307.46455379482904
0110288AR,1,60.88407005838198,109.89574645537948,365.0,304.115929941618
0110289AR,1,63.31943286071726,93.76146788990826,359.2160133444537,295.89658048373644
0110290AR,1,59.05754795663052,93.76146788990826,319.0325271059216,259.9749791492911
0110300AR,1,53.273561301084236,98.02335279399499,365.0,311.7264386989158
0110308AR,1,61.18849040867389,87.36864053377815,354.34528773978315,293.15679733110926
0110310AR,1,54.79566305254378,102.89407839866554,365.0,310.2043369474562
0110349AR,1,59.970809007506254,90.41284403669724,346.1259382819016,286.15512927439534
0110372AR,1,60.88407005838198,98.3277731442869,365.0,304.115929941618
0110379AR,1,59.970809007506254,87.36864053377815,303.8115095913261,243.84070058381985
0110394AR,1,54.18682235195996,99.24103419516264,346.1259382819016,291.93911592994164
0110400AR,1,57.53544620517097,116.8974145120934,279.1534612176814,221.61801501251045
0110418AR,1,63.62385321100917,159.5162635529608,351.301084236864,287.67723102585484
0110420AR,1,56.013344453711426,97.71893244370307,317.51042535446203,261.4970809007506
0110425AR,1,50.83819849874895,108.37364470391992,365.0,314.16180150125103
0110437AR,1,55.40450375312761,97.41451209341118,365.0,309.5954962468724
0110440AR,1,54.79566305254378,94.67472894078398,359.52043369474563,304.72477064220186
0110450AR,1,62.710592160133444,97.11009174311927,365.0,302.28940783986656
0110452AR,1,49.31609674728941,111.41784820683903,365.0,315.6839032527106
0110464AR,1,58.4487072560467,92.54378648874062,297.11426188490407,238.66555462885736
0110465AR,1,60.579649708090066,89.80400333611342,335.7756463719766,275.19599666388655
0110484AR,1,66.05921601334445,101.371976647206,236.2301918265221,170.17097581317762
0110495AR,1,56.92660550458715,94.37030859049206,365.0,308.07339449541286
0110500AR,1,63.62385321100917,89.19516263552961,365.0,301.3761467889908
0110506AR,1,56.31776480400334,94.97914929107588,256.01751459549627,199.69974979149293
0110516AR,1,41.40116763969974,135.7714762301918,365.0,323.59883236030026
0110526AR,1,51.44703919933277,100.76313594662219,365.0,313.5529608006672
0110536AR,1,63.31943286071726,88.58632193494579,330.29608006672225,266.976647206005
0110544AR,1,62.101751459549625,87.06422018348623,365.0,302.89824854045037
0110562AR,1,49.62051709758132,98.63219349457881,320.8590492076731,271.23853211009174
0110581AR,1,60.579649708090066,88.28190158465388,365.0,304.4203502919099
0110592AR,1,52.3603002502085,107.7648040033361,365.0,312.6396997497915
0110596AR,1,67.581317764804,121.15929941618013,228.92410341951623,161.34278565471223
0110598AR,1,61.18849040867389,87.06422018348623,365.0,303.8115095913261
0110605AR,1,56.92660550458715,89.4995829858215,328.7739783152627,271.84737281067555
0110617AR,1,60.579649708090066,96.80567139282735,365.0,304.4203502919099
0110624AR,1,67.27689741451209,115.07089241034194,226.18432026688905,158.90742285237695
0110630AR,1,45.663052543786485,112.63552960800668,309.59549624687236,263.9324437030859
0110632AR,1,60.579649708090066,88.58632193494579,325.12093411175977,264.5412844036697
0110635AR,1,57.83986655546288,88.28190158465388,321.77231025854877,263.9324437030859
0110636AR,1,50.53377814845704,104.720600500417,365.0,314.46622185154297
0110637AR,1,58.14428690575479,87.36864053377815,333.9491242702252,275.8048373644704
0110659AR,1,61.4929107589658,87.36864053377815,304.4203502919099,242.92743953294413
0110682AR,1,64.84153461217682,98.02335279399499,365.0,300.1584653878232
0110688AR,1,62.40617180984153,101.06755629691408,256.32193494578814,193.9157631359466
0110691AR,1,65.45037531276063,90.41284403669724,353.73644703919933,288.2860717264387
0110697AR,1,57.53544620517097,87.67306088407005,258.75729774812345,201.2218515429525
0110700AR,1,56.013344453711426,92.54378648874062,292.2435362802335,236.2301918265221
0110701AR,1,59.66638865721435,86.75979983319432,292.2435362802335,232.57714762301916
0110710AR,1,60.579649708090066,97.71893244370307,365.0,304.4203502919099
0110720AR,1,61.4929107589658,105.02502085070891,365.0,303.5070892410342
0110736AR,1,59.05754795663052,91.9349457881568,314.16180150125103,255.10425354462052
0110738AR,1,70.92994161801501,122.07256046705588,236.2301918265221,165.30025020850707
0110740AR,1,59.66638865721435,85.8465387823186,337.2977481234362,277.63135946622185
0110747AR,1,59.970809007506254,88.89074228523769,305.02919099249374,245.05838198498748
0110751AR,1,54.79566305254378,91.32610508757297,352.8231859883236,298.0275229357798
0110767AR,1,63.01501251042536,87.67306088407005,339.42869057547955,276.41367806505417
0110772AR,1,62.101751459549625,92.2393661384487,271.5429524603836,209.44120100083398
0110774AR,1,63.31943286071726,87.67306088407005,365.0,301.68056713928274
0110784AR,1,59.970809007506254,86.1509591326105,299.85404503753125,239.883236030025
0110794AR,1,61.18849040867389,85.8465387823186,365.0,303.8115095913261
0110796AR,1,59.361968306922435,97.11009174311927,365.0,305.63803169307755
0110803AR,1,60.27522935779816,98.63219349457881,365.0,304.72477064220186
0110804AR,1,57.23102585487906,148.55713094245203,365.0,307.7689741451209
0110810AR,1,62.710592160133444,117.20183486238531,273.9783152627189,211.26772310258548
0110827AR,1,57.53544620517097,88.28190158465388,288.5904920767306,231.05504587155963
0110828AR,1,57.83986655546288,89.80400333611342,365.0,307.1601334445371
0110830AR,1,63.928273561301076,98.93661384487072,365.0,301.07172643869893
0110836AR,1,58.4487072560467,104.720600500417,278.54462051709754,220.09591326105084
0110855AR,1,60.27522935779816,96.80567139282735,365.0,304.72477064220186
0110859AR,1,64.84153461217682,121.46371976647205,360.7381150959132,295.8965804837364
0110862AR,1,62.101751459549625,85.23769808173478,347.0391993327773,284.93744787322765
0110882AR,1,57.53544620517097,88.28190158465388,343.9949958298582,286.45954962468727
0110901AR,1,59.361968306922435,97.71893244370307,365.0,305.63803169307755
0113177AR,1,45.35863219349458,106.24270225187655,277.02251876563804,231.66388657214347
0113209AR,1,27.09341117597998,108.06922435362802,277.93577981651373,250.84236864053375
0113218AR,1,42.314428690575475,105.93828190158466,267.8899082568807,225.5754795663052
0113243AR,1,63.31943286071726,87.97748123436196,246.88490408673894,183.56547122602169
0113274AR,1,54.79566305254378,93.76146788990826,324.207673060884,269.41201000834025
0113282AR,1,58.14428690575479,93.45704753961634,299.24520433694744,241.10091743119264
0113304AR,1,56.92660550458715,94.37030859049206,315.37948290241866,258.4528773978315
0113312AR,1,55.70892410341951,97.11009174311927,300.1584653878232,244.44954128440367
0113316AR,1,52.96914095079233,144.90408673894913,356.4762301918265,303.5070892410342
0113330AR,1,56.92660550458715,93.15262718932443,287.67723102585484,230.7506255212677
0113346AR,1,53.57798165137615,94.06588824020017,323.90325271059214,270.325271059216
0113425AR,1,53.88240200166805,91.9349457881568,287.0683903252711,233.18598832360303
0113452AR,1,62.101751459549625,94.67472894078398,354.95412844036696,292.8523769808173
0113495AR,1,36.834862385321095,106.24270225187655,291.0258548790659,254.1909924937448
0113550AR,1,51.142618849040865,102.89407839866554,279.7623019182652,228.61968306922435
0113551AR,1,57.23102585487906,92.54378648874062,297.41868223519594,240.1876563803169
0113567AR,1,56.013344453711426,96.80567139282735,342.16847372810673,286.15512927439534
0113571AR,1,55.10008340283569,92.2393661384487,319.3369474562135,264.2368640533778
0113577AR,1,55.10008340283569,96.19683069224352,303.2026688907423,248.1025854879066
0113615AR,1,60.579649708090066,108.67806505421184,341.5596330275229,280.97998331943285
0113644AR,1,55.40450375312761,90.41284403669724,323.90325271059214,268.49874895746456
0113654AR,1,55.40450375312761,101.06755629691408,314.16180150125103,258.75729774812345
0113679AR,1,57.53544620517097,87.97748123436196,261.49708090075063,203.96163469557968
0113744AR,1,60.27522935779816,126.3344453711426,354.649708090075,294.3744787322769
0113805AR,1,57.23102585487906,92.54378648874062,296.50542118432026,239.2743953294412
0113809AR,1,37.44370308590492,101.371976647206,284.0241868223519,246.58048373644698
0113812AR,1,32.57297748123436,101.06755629691408,269.7164303586322,237.1434528773978
0113823AR,1,57.53544620517097,104.720600500417,356.1718098415346,298.6363636363636
0113887AR,1,31.050875729774813,109.28690575479567,284.93744787322765,253.88657214345284
0113916AR,1,40.183486238532105,111.72226855713093,297.72310258548794,257.5396163469558
0113918AR,1,57.83986655546288,89.4995829858215,303.2026688907423,245.3628023352794
0113924AR,1,42.314428690575475,99.24103419516264,292.2435362802335,249.92910758965803
0113930AR,1,56.31776480400334,95.2835696413678,302.28940783986656,245.97164303586322
0113932AR,1,55.10008340283569,92.84820683903251,335.47122602168474,280.37114261884903
0113950AR,1,55.10008340283569,92.2393661384487,291.9391159299416,236.83903252710587
0113957AR,1,57.23102585487906,98.63219349457881,329.3828190158465,272.15179316096743
0113963AR,1,25.571309424520432,95.2835696413678,344.9082568807339,319.33694745621347
0113972AR,1,38.965804837364466,108.06922435362802,263.628023352794,224.66221851542954
0113994AR,1,58.753127606338616,92.54378648874062,296.8098415346122,238.05671392827358
0113998AR,1,55.70892410341951,94.67472894078398,304.4203502919099,248.7114261884904
0114009AR,1,55.70892410341951,93.15262718932443,297.41868223519594,241.70975813177643
0114035AR,1,54.18682235195996,101.371976647206,297.11426188490407,242.9274395329441
0114036AR,1,49.011676396997494,94.06588824020017,295.5921601334445,246.580483736447
0114047AR,1,54.79566305254378,107.7648040033361,361.65137614678895,306.8557130942452
0114063AR,1,38.35696413678065,103.80733944954129,275.19599666388655,236.8390325271059
0114078AR,1,56.31776480400334,89.4995829858215,298.0275229357798,241.70975813177648
0114091AR,1,50.53377814845704,103.19849874895746,300.1584653878232,249.62468723936615
0114093AR,1,58.14428690575479,91.63052543786488,285.5462885738115,227.40200166805673
0114102AR,1,55.10008340283569,96.50125104253544,316.2927439532944,261.1926605504587
0114127AR,1,60.88407005838198,94.97914929107588,345.21267723102585,284.32860717264384
0114134AR,1,50.53377814845704,102.28523769808173,287.37281067556296,236.83903252710593
0114155AR,1,54.79566305254378,100.45871559633028,304.4203502919099,249.62468723936615
0114163AR,1,56.013344453711426,95.89241034195163,299.24520433694744,243.231859883236
0114242AR,1,51.751459549624684,96.50125104253544,284.3286071726439,232.57714762301921
0114255AR,1,56.622185154295245,94.97914929107588,297.41868223519594,240.7964970809007
0114273AR,1,57.23102585487906,93.15262718932443,300.1584653878232,242.92743953294413
0114296AR,1,52.96914095079233,100.15429524603836,342.77731442869054,289.8081734778982
0114316AR,1,56.92660550458715,93.45704753961634,298.6363636363636,241.70975813177648
0114326AR,1,50.83819849874895,103.50291909924937,314.4662218515429,263.62802335279395
0114333AR,1,1.5221017514595496,116.8974145120934,315.6839032527106,314.16180150125103
0114337AR,1,58.14428690575479,93.15262718932443,294.3744787322769,236.2301918265221
0114347AR,1,35.61718098415346,103.50291909924937,285.5462885738115,249.92910758965806
0114368AR,1,37.44370308590492,106.54712260216847,255.10425354462052,217.6605504587156
0114371AR,1,56.31776480400334,91.32610508757297,278.54462051709754,222.2268557130942
0114406AR,1,56.92660550458715,90.10842368640533,296.50542118432026,239.5788156797331
0114409AR,1,35.61718098415346,108.98248540450375,293.46121768140114,257.8440366972477
0114423AR,1,56.31776480400334,91.9349457881568,289.50375312760633,233.185988323603
0114456AR,1,53.273561301084236,91.9349457881568,306.5512927439533,253.27773144286905
0114486AR,1,35.92160133444537,108.67806505421184,302.59382819015843,266.67222685571306
0114542AR,1,54.491242702251874,98.02335279399499,311.72643869891573,257.23519599666383
0114555AR,1,57.83986655546288,94.97914929107588,285.5462885738115,227.70642201834863
0114567AR,1,54.79566305254378,94.97914929107588,325.7297748123436,270.9341117597998
0114604AR,1,51.751459549624684,105.32944120100083,262.10592160133444,210.35446205170976
0114630AR,1,55.10008340283569,89.4995829858215,356.4762301918265,301.3761467889908
0114635AR,1,55.40450375312761,95.89241034195163,299.85404503753125,244.44954128440364
0114671AR,1,57.83986655546288,96.19683069224352,276.4136780650542,218.57381150959134
0114682AR,1,51.142618849040865,95.58798999165971,323.59883236030026,272.4562135112594
0114697AR,1,40.183486238532105,109.28690575479567,294.3744787322769,254.19099249374477
0114707AR,1,57.23102585487906,104.1117597998332,354.95412844036696,297.7231025854879
0114720AR,1,55.70892410341951,89.4995829858215,305.02919099249374,249.32026688907422
0114722AR,1,62.101751459549625,93.15262718932443,365.0,302.89824854045037
0114723AR,1,53.57798165137615,98.63219349457881,337.2977481234362,283.71976647206003
0114776AR,1,58.4487072560467,91.9349457881568,303.5070892410342,245.05838198498748
0114867AR,1,56.622185154295245,95.58798999165971,295.28773978315263,238.6655546288574
0114869AR,1,54.491242702251874,99.84987489574645,343.6905754795663,289.1993327773144
0114885AR,1,57.23102585487906,92.54378648874062,279.4578815679733,222.22685571309424
0114890AR,1,39.8790658882402,103.50291909924937,286.4595496246872,246.580483736447
0114897AR,1,51.44703919933277,100.76313594662219,326.33861551292745,274.89157631359467
0114925AR,1,55.70892410341951,100.15429524603836,359.8248540450375,304.115929941618
0114954AR,1,26.484570475396165,100.15429524603836,252.36447039199334,225.87989991659717
0115777AR,4,44.74979149291075,97.71893244370307,256.6263552960801,211.87656380316932
0115791AR,4,54.79566305254378,94.37030859049206,304.115929941618,249.32026688907422
0115802AR,4,54.79566305254378,126.94328607172643,328.7739783152627,273.9783152627189
0115824AR,4,54.491242702251874,86.75979983319432,241.40533778148458,186.9140950792327
0115833AR,4,54.79566305254378,93.45704753961634,327.55629691409507,272.7606338615513
0115843AR,1,59.05754795663052,114.15763135946622,256.01751459549627,196.95996663886575
0115856AR,4,57.83986655546288,86.75979983319432,286.76396997497915,228.92410341951626
0115874AR,1,49.011676396997494,130.90075062552125,264.2368640533778,215.2251876563803
0115930AR,1,40.79232693911593,124.81234361968306,268.80316930775643,228.0108423686405
0115943AR,4,55.70892410341951,94.97914929107588,306.8557130942452,251.14678899082566
0115975AR,4,14.916597164303587,117.20183486238531,260.5838198498749,245.6672226855713
0115992AR,4,49.31609674728941,96.50125104253544,275.5004170141785,226.18432026688907
0116066AR,4,45.9674728940784,108.98248540450375,286.76396997497915,240.79649708090074
0116077AR,4,56.013344453711426,90.71726438698916,286.4595496246872,230.4462051709758
0116122AR,4,51.44703919933277,89.80400333611342,276.4136780650542,224.96663886572145
0116162AR,4,58.4487072560467,86.1509591326105,267.5854879065888,209.1367806505421
0116194AR,1,65.45037531276063,109.59132610508756,232.57714762301916,167.12677231025853
0116247AR,4,58.14428690575479,136.38031693077565,354.649708090075,296.50542118432026
0116332AR,4,52.3603002502085,104.720600500417,316.59716430358634,264.2368640533778
0116424AR,4,22.831526271893242,107.7648040033361,248.1025854879066,225.27105921601336
0116432AR,4,57.83986655546288,92.2393661384487,319.3369474562135,261.49708090075063
0116472AR,1,50.22935779816514,120.24603836530441,339.1242702251876,288.89491242702246
0116532AR,4,56.92660550458715,91.63052543786488,311.117597998332,254.19099249374483
0116539AR,4,60.88407005838198,119.3327773144287,345.5170975813177,284.6330275229358
0116572AR,4,49.924937447873226,89.80400333611342,255.40867389491243,205.4837364470392
0116575AR,1,61.4929107589658,95.58798999165971,326.6430358632193,265.1501251042535
0116593AR,4,53.273561301084236,90.41284403669724,242.9274395329441,189.65387823185986
0116596AR,4,51.751459549624684,103.80733944954129,350.38782318598834,298.6363636363636
0116600AR,4,56.92660550458715,86.1509591326105,264.8457047539616,207.91909924937448
0116601AR,4,55.10008340283569,101.06755629691408,319.3369474562135,264.2368640533778
0116632AR,1,48.402835696413675,130.29190992493744,248.1025854879066,199.69974979149293
0116662AR,1,58.753127606338616,94.67472894078398,265.1501251042535,206.3969974979149
0116708AR,4,42.9232693911593,90.71726438698916,339.42869057547955,296.50542118432026
0116711AR,1,56.013344453711426,144.5996663886572,338.81984987489574,282.8065054211843
0116723AR,1,57.53544620517097,126.3344453711426,260.88824020016676,203.3527939949958
0116789AR,4,43.22768974145121,87.06422018348623,301.0717264386989,257.84403669724765
0116807AR,4,49.924937447873226,93.45704753961634,365.0,315.0750625521268
0116894AR,1,57.53544620517097,98.3277731442869,365.0,307.46455379482904
0116910AR,4,46.57631359466222,100.45871559633028,266.3678065054212,219.79149291075896
0116930AR,4,56.92660550458715,102.58965804837365,351.90992493744784,294.9833194328607
0116975AR,4,42.314428690575475,85.8465387823186,365.0,322.6855713094245
0116985AR,4,53.88240200166805,84.62885738115095,303.8115095913261,249.92910758965806
0117021AR,4,40.183486238532105,111.1134278565471,233.4904086738949,193.3069224353628
0117051AR,1,50.83819849874895,111.1134278565471,317.51042535446203,266.67222685571306
0117124AR,1,56.31776480400334,116.5929941618015,277.02251876563804,220.7047539616347
0117154AR,4,59.05754795663052,105.93828190158466,355.56296914095077,296.50542118432026
0117179AR,4,54.79566305254378,94.97914929107588,297.41868223519594,242.62301918265217
0117245AR,4,48.70725604670559,86.1509591326105,300.767306088407,252.0600500417014
0117316AR,1,53.88240200166805,129.68306922435363,255.40867389491243,201.52627189324437
0117344AR,4,53.273561301084236,90.41284403669724,352.8231859883236,299.5496246872394
0117383AR,4,45.054211843202665,85.8465387823186,274.89157631359467,229.837364470392
0117414AR,4,55.10008340283569,92.2393661384487,363.1734778982485,308.0733944954128
0117425AR,4,57.83986655546288,87.06422018348623,328.7739783152627,270.9341117597998
0117431AR,1,62.101751459549625,111.41784820683903,294.3744787322769,232.27272727272725
0117455AR,4,58.14428690575479,97.71893244370307,264.2368640533778,206.09257714762302
0117484AR,4,49.011676396997494,104.720600500417,276.1092577147623,227.0975813177648
0117515AR,1,56.92660550458715,122.6814011676397,243.53628023352792,186.60967472894077
0117542AR,4,53.57798165137615,93.15262718932443,300.767306088407,247.18932443703085
0117651AR,4,54.18682235195996,100.45871559633028,331.20934111759794,277.022518765638
0117707AR,1,51.142618849040865,162.256046705588,333.64470391993325,282.5020850708924
0117740AR,4,26.18015012510425,100.45871559633028,238.9699749791493,212.78982485404504
0117783AR,4,51.44703919933277,87.97748123436196,272.1517931609675,220.7047539616347
0117799AR,1,51.142618849040865,123.29024186822352,259.36613844870726,208.2235195996664
0117805AR,1,58.753127606338616,95.58798999165971,259.36613844870726,200.61301084236865
0117815AR,4,56.622185154295245,115.67973311092577,335.7756463719766,279.15346121768135
0117818AR,4,55.40450375312761,84.32443703085904,323.29441201000833,267.88990825688074
0117844AR,4,45.663052543786485,108.06922435362802,294.070058381985,248.40700583819853
0117909AR,4,52.3603002502085,92.54378648874062,353.73644703919933,301.3761467889908
0117946AR,1,59.361968306922435,144.90408673894913,354.95412844036696,295.5921601334445
0117954AR,4,53.88240200166805,101.98081734778982,276.4136780650542,222.53127606338617
0117968AR,4,68.49457881567973,179.30358632193494,321.16346955796496,252.6688907422852
0117985AR,1,38.66138448707256,214.3119266055046,265.7589658048374,227.09758131776482
0118004AR,1,51.142618849040865,113.24437030859049,263.0191826522102,211.87656380316932
0118007AR,4,55.70892410341951,93.15262718932443,342.16847372810673,286.4595496246872
0118021AR,4,47.48957464553794,116.5929941618015,289.1993327773144,241.70975813177645
0118046AR,1,52.3603002502085,94.67472894078398,365.0,312.6396997497915
0118077AR,4,53.88240200166805,97.71893244370307,309.2910758965805,255.40867389491243
0118144AR,4,52.0558798999166,85.54211843202668,272.1517931609675,220.0959132610509
0118156AR,4,41.705587989991656,91.32610508757297,281.8932443703086,240.18765638031692
0118186AR,4,54.79566305254378,98.02335279399499,259.0617180984153,204.26605504587155
0118188AR,4,55.40450375312761,111.1134278565471,288.2860717264387,232.8815679733111
0118193AR,4,49.924937447873226,92.54378648874062,305.02919099249374,255.10425354462052
0118260AR,4,50.83819849874895,111.1134278565471,240.49207673060883,189.6538782318599
0118319AR,4,52.0558798999166,101.371976647206,309.2910758965805,257.2351959966639
0118338AR,1,60.27522935779816,109.59132610508756,284.0241868223519,223.74895746455374
0118353AR,1,61.18849040867389,315.37948290241866,365.0,303.8115095913261
0118358AR,4,44.14095079232694,100.76313594662219,281.58882402001666,237.4478732276897
0118395AR,1,58.14428690575479,121.15929941618013,266.06338615512925,207.91909924937445
0118439AR,4,43.22768974145121,101.98081734778982,287.67723102585484,244.44954128440364
0118443AR,1,59.05754795663052,113.24437030859049,283.1109257714762,224.0533778148457
0118446AR,1,64.5371142618849,287.9816513761468,359.8248540450375,295.28773978315263
0118454AR,4,55.70892410341951,95.2835696413678,308.68223519599667,252.97331109257715
0118466AR,4,55.40450375312761,104.720600500417,325.4253544620517,270.0208507089241
0118484AR,4,52.96914095079233,102.28523769808173,297.11426188490407,244.14512093411173
0118507AR,4,53.57798165137615,115.07089241034194,256.01751459549627,202.43953294412012
0118536AR,4,38.66138448707256,97.11009174311927,278.54462051709754,239.883236030025
0118544AR,1,60.88407005838198,117.20183486238531,263.0191826522102,202.1351125938282
0118564AR,1,41.40116763969974,134.55379482902418,309.2910758965805,267.88990825688074
0118588AR,1,0.0,247.49374478732275,314.16180150125103,314.16180150125103
0118621AR,1,49.62051709758132,129.37864887406172,257.5396163469558,207.9190992493745
0118633AR,4,51.142618849040865,95.89241034195163,254.49541284403668,203.3527939949958
0118657AR,1,53.57798165137615,139.42452043369474,302.59382819015843,249.01584653878228
0118658AR,4,54.491242702251874,92.54378648874062,315.98832360300247,261.4970809007506
0118667AR,1,58.4487072560467,134.55379482902418,235.62135112593825,177.17264386989154
0118687AR,4,48.09841534612176,91.9349457881568,365.0,316.9015846538782
0118696AR,4,42.01000834028357,99.84987489574645,249.01584653878228,207.0058381984987
0118716AR,4,45.9674728940784,95.2835696413678,268.80316930775643,222.83569641367802
0118722AR,4,60.27522935779816,94.06588824020017,268.49874895746456,208.2235195996664
0118733AR,1,30.13761467889908,127.55212677231026,281.2844036697247,251.14678899082566
0118734AR,1,23.135946622185156,144.5996663886572,280.97998331943285,257.8440366972477
0118766AR,4,44.74979149291075,113.8532110091743,285.5462885738115,240.79649708090076
0118791AR,4,56.622185154295245,89.19516263552961,334.8623853211009,278.2402001668056
0118796AR,1,61.79733110925771,164.69140950792325,353.4320266889074,291.6346955796497
0118818AR,4,59.970809007506254,121.76814011676396,354.649708090075,294.67889908256876
0118835AR,4,43.22768974145121,145.20850708924104,297.11426188490407,253.88657214345287
0118841AR,4,55.70892410341951,87.36864053377815,292.8523769808173,237.1434528773978
0118876AR,1,52.96914095079233,119.02835696413678,284.6330275229358,231.66388657214344
0118941AR,1,171.9974979149291,242.9274395329441,313.85738115095916,141.85988323603004
0118946AR,4,61.4929107589658,96.80567139282735,236.2301918265221,174.7372810675563
0118970AR,4,51.751459549624684,82.80233527939949,300.1584653878232,248.4070058381985
0119011AR,4,53.273561301084236,102.89407839866554,274.2827356130108,221.00917431192656
0119045AR,1,53.57798165137615,113.24437030859049,267.28106755629693,213.70308590492078
0119056AR,1,56.622185154295245,104.41618015012509,252.06005004170143,195.4378648874062
0119078AR,1,57.83986655546288,93.76146788990826,266.3678065054212,208.5279399499583
0119095AR,4,43.532110091743114,100.45871559633028,259.0617180984153,215.52960800667222
0119098AR,1,116.5929941618015,276.1092577147623,365.0,248.4070058381985
0119111AR,4,58.4487072560467,102.58965804837365,276.7180984153461,218.2693911592994
0119134AR,4,59.970809007506254,122.9858215179316,334.8623853211009,274.8915763135946
0119136AR,4,40.183486238532105,112.93994995829857,288.5904920767306,248.40700583819847
0119159AR,4,57.53544620517097,97.11009174311927,280.97998331943285,223.4445371142619
0119180AR,4,53.88240200166805,93.45704753961634,365.0,311.117597998332
0119192AR,4,53.88240200166805,94.06588824020017,242.9274395329441,189.04503753127605
0119209AR,1,53.57798165137615,121.46371976647205,278.54462051709754,224.9666388657214
0119250AR,1,59.970809007506254,89.4995829858215,365.0,305.02919099249374
0119278AR,4,54.491242702251874,95.58798999165971,237.75229357798165,183.26105087572978
0119290AR,1,50.22935779816514,119.94161801501251,252.36447039199334,202.13511259382818
0119301AR,1,60.579649708090066,118.11509591326104,257.23519599666383,196.65554628857376
0119314AR,4,42.01000834028357,91.63052543786488,272.1517931609675,230.1417848206839
0119352AR,4,42.61884904086739,80.0625521267723,307.1601334445371,264.5412844036697
0119363AR,4,29.22435362802335,103.80733944954129,249.32026688907425,220.0959132610509
0119382AR,1,65.45037531276063,105.93828190158466,278.8490408673895,213.39866555462885
0119409AR,1,59.970809007506254,118.41951626355295,259.67055879899914,199.69974979149288
0119427AR,4,55.70892410341951,89.4995829858215,365.0,309.2910758965805
0119444AR,4,54.79566305254378,90.41284403669724,256.01751459549627,201.2218515429525
0119456AR,4,56.31776480400334,91.9349457881568,322.9899916597164,266.67222685571306
0119463AR,1,53.273561301084236,136.98915763135946,264.5412844036697,211.26772310258545
0119466AR,4,44.74979149291075,87.36864053377815,324.512093411176,279.7623019182653
0119477AR,4,58.14428690575479,113.8532110091743,357.69391159299414,299.5496246872394
0119524AR,4,55.10008340283569,86.75979983319432,307.7689741451209,252.6688907422852
0119554AR,1,60.579649708090066,94.06588824020017,365.0,304.4203502919099
0119566AR,4,52.96914095079233,84.93327773144287,267.28106755629693,214.3119266055046
0119587AR,4,38.66138448707256,100.45871559633028,365.0,326.33861551292745
0119601AR,1,41.705587989991656,128.16096747289407,248.4070058381985,206.70141784820686
0119645AR,4,32.26855713094245,101.6763969974979,249.01584653878228,216.74728940783984
0119732AR,4,57.23102585487906,88.58632193494579,281.58882402001666,224.3577981651376
0119749AR,4,56.622185154295245,89.80400333611342,271.23853211009174,214.6163469557965
0119751AR,4,59.66638865721435,100.45871559633028,286.4595496246872,226.79316096747286
0119820AR,4,58.753127606338616,97.41451209341118,316.59716430358634,257.8440366972477
0119860AR,4,56.622185154295245,91.9349457881568,216.13844870725603,159.5162635529608
0119917AR,1,57.83986655546288,118.41951626355295,300.1584653878232,242.3185988323603
0119938AR,4,49.62051709758132,94.67472894078398,365.0,315.37948290241866
0119951AR,4,49.924937447873226,88.89074228523769,267.28106755629693,217.3561301084237
0120182AR,4,26.484570475396165,131.5095913261051,260.88824020016676,234.4036697247706
0120203AR,4,44.445371142618846,102.58965804837365,270.93411175979986,226.488740617181
0120205AR,4,51.44703919933277,96.80567139282735,365.0,313.5529608006672
0120300AR,4,58.14428690575479,101.06755629691408,365.0,306.85571309424523
0120304AR,4,37.74812343619683,124.50792326939114,233.4904086738949,195.74228523769807
0120415AR,4,45.9674728940784,94.37030859049206,365.0,319.0325271059216
0120547AR,4,47.18515429524603,113.5487906588824,274.2827356130108,227.09758131776476
0120560AR,4,51.142618849040865,100.76313594662219,347.64804003336116,296.5054211843203
0120599AR,4,53.88240200166805,96.19683069224352,357.08507089241033,303.2026688907423
0120610AR,4,52.3603002502085,98.93661384487072,271.84737281067555,219.48707256046706
0120686AR,4,54.18682235195996,85.8465387823186,293.15679733110926,238.9699749791493
0120751AR,4,51.44703919933277,93.45704753961634,365.0,313.5529608006672
0120864AR,4,56.013344453711426,83.71559633027522,365.0,308.9866555462886
0120876AR,4,57.23102585487906,82.4979149291076,343.3861551292744,286.15512927439534
0127405AR,4,59.05754795663052,111.72226855713093,335.7756463719766,276.7180984153461
0127412AR,4,60.88407005838198,97.71893244370307,342.47289407839867,281.58882402001666
0127419AR,4,63.01501251042536,100.15429524603836,365.0,301.9849874895746
0127421AR,4,59.361968306922435,98.93661384487072,365.0,305.63803169307755
0127441AR,4,59.05754795663052,200.30859049207672,365.0,305.9424520433695
0127455AR,4,59.970809007506254,84.32443703085904,365.0,305.02919099249374
0127466AR,4,51.751459549624684,99.84987489574645,365.0,313.24854045037534
0127476AR,4,61.4929107589658,98.3277731442869,296.8098415346122,235.3169307756464
0127488AR,4,63.01501251042536,136.07589658048374,365.0,301.9849874895746
0127491AR,4,59.05754795663052,98.02335279399499,312.33527939949954,253.27773144286903
0127505AR,4,59.970809007506254,131.20517097581316,340.3419516263553,280.37114261884903
0127511AR,4,61.79733110925771,143.38198498748957,318.72810675562965,256.93077564637196
0127528AR,4,52.96914095079233,105.63386155129274,290.4170141784821,237.44787322768974
0127554AR,4,59.05754795663052,98.93661384487072,324.207673060884,265.1501251042535
0127575AR,4,60.27522935779816,95.58798999165971,353.1276063386155,292.8523769808174
0127578AR,4,64.5371142618849,94.37030859049206,312.6396997497915,248.1025854879066
0127591AR,4,51.751459549624684,103.50291909924937,298.0275229357798,246.27606338615513
0127625AR,4,62.710592160133444,90.41284403669724,362.5646371976647,299.85404503753125
0127628AR,4,59.66638865721435,134.55379482902418,365.0,305.3336113427857
0127663AR,4,62.101751459549625,98.3277731442869,365.0,302.89824854045037
0127669AR,4,52.3603002502085,106.85154295246038,288.2860717264387,235.9257714762302
0127678AR,4,62.710592160133444,91.02168473728106,365.0,302.28940783986656
0127732AR,4,59.66638865721435,140.33778148457048,365.0,305.3336113427857
0127741AR,4,64.23269391159299,97.11009174311927,311.117597998332,246.88490408673897
0127742AR,4,59.05754795663052,98.02335279399499,321.46788990825684,262.4103419516263
0127745AR,4,59.66638865721435,132.4228523769808,320.55462885738115,260.8882402001668
0127752AR,4,60.27522935779816,101.98081734778982,330.90492076730607,270.6296914095079
0127756AR,4,61.4929107589658,83.41117597998331,335.7756463719766,274.2827356130108
0127852AR,4,57.53544620517097,101.371976647206,314.16180150125103,256.6263552960801
0127863AR,4,54.18682235195996,129.98748957464554,314.77064220183485,260.5838198498749
0127875AR,4,56.92660550458715,94.97914929107588,302.59382819015843,245.6672226855713
0127883AR,4,61.4929107589658,210.35446205170976,321.77231025854877,260.27939949958295
0127885AR,4,62.101751459549625,94.37030859049206,323.29441201000833,261.1926605504587
0127930AR,4,60.27522935779816,101.6763969974979,359.8248540450375,299.5496246872394
0127941AR,4,56.622185154295245,98.93661384487072,365.0,308.37781484570473
0127954AR,4,61.4929107589658,95.89241034195163,336.08006672226855,274.58715596330273
0127968AR,4,57.53544620517097,100.76313594662219,321.16346955796496,263.628023352794
0127976AR,4,60.27522935779816,110.50458715596329,341.8640533778148,281.58882402001666
0128038AR,4,59.66638865721435,103.80733944954129,311.42201834862385,251.7556296914095
0131651AR,4,62.101751459549625,97.71893244370307,317.51042535446203,255.4086738949124
0131665AR,4,61.79733110925771,88.58632193494579,293.46121768140114,231.66388657214344
0131675AR,4,51.751459549624684,90.71726438698916,268.49874895746456,216.74728940783987
0131678AR,4,60.27522935779816,91.32610508757297,326.0341951626355,265.7589658048374
0131692AR,4,59.361968306922435,100.45871559633028,365.0,305.63803169307755
0131715AR,4,56.622185154295245,91.63052543786488,365.0,308.37781484570473
0131726AR,4,59.66638865721435,93.45704753961634,355.56296914095077,295.89658048373644
0131744AR,4,56.013344453711426,92.2393661384487,289.50375312760633,233.4904086738949
0131749AR,4,52.66472060050042,94.06588824020017,291.33027522935777,238.66555462885736
0131753AR,4,55.70892410341951,94.06588824020017,363.1734778982485,307.464553794829
0131758AR,4,54.491242702251874,99.54545454545453,336.08006672226855,281.58882402001666
0131775AR,4,50.53377814845704,92.2393661384487,294.9833194328607,244.44954128440367
0131794AR,4,53.88240200166805,85.54211843202668,312.33527939949954,258.4528773978315
0131807AR,4,55.70892410341951,81.88907422852377,305.02919099249374,249.32026688907422
0131809AR,4,60.579649708090066,100.15429524603836,365.0,304.4203502919099
0131822AR,4,60.27522935779816,93.45704753961634,333.9491242702252,273.67389491242704
0131828AR,4,54.491242702251874,101.371976647206,291.9391159299416,237.4478732276897
0131835AR,4,50.22935779816514,93.45704753961634,326.0341951626355,275.80483736447036
0131845AR,4,50.22935779816514,93.15262718932443,296.8098415346122,246.58048373644704
0131871AR,4,58.4487072560467,97.71893244370307,351.60550458715596,293.15679733110926
0131874AR,4,57.53544620517097,98.93661384487072,281.8932443703086,224.35779816513764
0131908AR,4,65.75479566305255,94.06588824020017,365.0,299.24520433694744
0131916AR,4,54.79566305254378,93.45704753961634,297.11426188490407,242.3185988323603
0131920AR,4,61.4929107589658,105.63386155129274,365.0,303.5070892410342
0131932AR,4,52.0558798999166,86.1509591326105,328.1651376146789,276.1092577147623
0131936AR,4,52.96914095079233,96.80567139282735,294.3744787322769,241.40533778148455
0131974AR,4,56.013344453711426,100.15429524603836,309.8999165971643,253.88657214345287
0132006AR,4,52.96914095079233,84.32443703085904,326.94745621351126,273.9783152627189
0132009AR,4,51.751459549624684,101.06755629691408,349.4745621351126,297.72310258548794
0132014AR,4,53.88240200166805,88.89074228523769,314.77064220183485,260.8882402001668
0132016AR,4,51.751459549624684,87.36864053377815,302.28940783986656,250.53794829024187
0132021AR,4,56.31776480400334,91.9349457881568,301.0717264386989,244.75396163469554
0132037AR,4,64.5371142618849,94.06588824020017,365.0,300.4628857381151
0132040AR,4,61.18849040867389,101.98081734778982,332.1226021684737,270.9341117597998
0132052AR,4,55.10008340283569,89.19516263552961,303.2026688907423,248.1025854879066
0132088AR,4,52.96914095079233,98.63219349457881,337.90658882402,284.93744787322765
0132089AR,4,50.83819849874895,90.41284403669724,283.1109257714762,232.27272727272725
0132116AR,4,59.970809007506254,85.54211843202668,321.16346955796496,261.1926605504587
0132119AR,4,58.4487072560467,88.28190158465388,365.0,306.5512927439533
0132138AR,4,55.10008340283569,93.45704753961634,365.0,309.8999165971643
0132151AR,4,56.622185154295245,96.80567139282735,327.86071726438695,271.2385321100917
0132159AR,4,65.14595496246872,102.28523769808173,282.8065054211843,217.66055045871556
0132163AR,4,55.10008340283569,106.54712260216847,289.80817347789826,234.70809007506256
0132172AR,4,56.013344453711426,95.89241034195163,305.9424520433695,249.92910758965806
0132188AR,4,61.18849040867389,96.50125104253544,308.68223519599667,247.49374478732278
0132193AR,4,54.491242702251874,91.9349457881568,302.89824854045037,248.4070058381985
0132226AR,4,54.491242702251874,106.85154295246038,287.9816513761468,233.4904086738949
0132240AR,4,52.96914095079233,86.75979983319432,317.81484570475396,264.8457047539616
0132241AR,4,64.5371142618849,92.2393661384487,365.0,300.4628857381151
0132254AR,4,53.88240200166805,87.36864053377815,313.5529608006672,259.6705587989992
0132276AR,4,57.53544620517097,102.58965804837365,307.7689741451209,250.23352793994997
0132283AR,4,57.53544620517097,92.54378648874062,365.0,307.46455379482904
0132290AR,4,55.40450375312761,100.45871559633028,302.89824854045037,247.49374478732275
0132297AR,4,51.44703919933277,87.36864053377815,322.3811509591326,270.9341117597998
0132299AR,4,62.710592160133444,98.63219349457881,365.0,302.28940783986656
0132305AR,4,62.40617180984153,89.19516263552961,294.67889908256876,232.27272727272722
0132342AR,4,59.970809007506254,95.89241034195163,365.0,305.02919099249374
0132344AR,4,60.88407005838198,101.06755629691408,365.0,304.115929941618
0132374AR,4,56.013344453711426,89.19516263552961,363.47789824854044,307.46455379482904
0132375AR,4,52.96914095079233,94.97914929107588,278.24020016680566,225.27105921601333
0132393AR,4,56.622185154295245,83.71559633027522,282.5020850708924,225.87989991659717
0132400AR,4,58.753127606338616,97.11009174311927,318.4236864053378,259.67055879899914
0132443AR,4,55.40450375312761,165.60467055879897,324.8165137614679,269.4120100083403
0132444AR,4,57.53544620517097,99.54545454545453,343.0817347789825,285.5462885738115
0132448AR,4,60.579649708090066,95.2835696413678,338.5154295246038,277.93577981651373
0132467AR,4,56.31776480400334,104.1117597998332,365.0,308.68223519599667
0132496AR,4,61.18849040867389,99.54545454545453,365.0,303.8115095913261
0132502AR,4,61.18849040867389,95.2835696413678,365.0,303.8115095913261
0132539AR,4,60.88407005838198,98.93661384487072,365.0,304.115929941618
0132580AR,4,55.40450375312761,96.80567139282735,313.85738115095916,258.45287739783157
0132584AR,4,53.88240200166805,114.15763135946622,301.0717264386989,247.18932443703082
0132605AR,4,52.96914095079233,93.45704753961634,308.0733944954128,255.10425354462046
0132618AR,4,51.142618849040865,93.76146788990826,270.93411175979986,219.791492910759
0132630AR,4,52.3603002502085,96.19683069224352,300.1584653878232,247.7981651376147
0132642AR,4,58.753127606338616,94.37030859049206,289.80817347789826,231.05504587155966
0132686AR,4,62.40617180984153,105.02502085070891,365.0,302.5938281901585
0132713AR,4,57.23102585487906,183.26105087572975,326.6430358632193,269.41201000834025
0132730AR,4,51.751459549624684,104.41618015012509,280.97998331943285,229.22852376980816
0132737AR,4,58.4487072560467,105.32944120100083,365.0,306.5512927439533
0132752AR,4,61.4929107589658,147.33944954128438,333.3402835696414,271.84737281067555
0132797AR,4,56.31776480400334,93.76146788990826,308.98665554628855,252.6688907422852
0132809AR,4,59.361968306922435,93.15262718932443,303.2026688907423,243.84070058381985
0132837AR,4,55.40450375312761,92.2393661384487,280.67556296914097,225.27105921601336
0132871AR,4,57.83986655546288,137.90241868223518,317.20600500417015,259.36613844870726
0132931AR,4,52.3603002502085,91.9349457881568,299.5496246872394,247.18932443703088
0132936AR,4,51.44703919933277,91.9349457881568,293.7656380316931,242.3185988323603
0132945AR,4,52.96914095079233,91.02168473728106,283.71976647206003,230.7506255212677
0132972AR,4,61.79733110925771,92.84820683903251,323.59883236030026,261.80150125104257
0132978AR,4,56.013344453711426,90.41284403669724,352.2143452877398,296.2010008340284
0132983AR,4,48.402835696413675,95.2835696413678,325.7297748123436,277.3269391159299
0132992AR,4,59.970809007506254,90.41284403669724,353.73644703919933,293.7656380316931
0133005AR,4,55.10008340283569,86.75979983319432,333.3402835696414,278.24020016680566
0133014AR,4,49.62051709758132,91.9349457881568,302.59382819015843,252.97331109257712
0133016AR,4,63.31943286071726,95.2835696413678,365.0,301.68056713928274
0133060AR,4,53.88240200166805,87.67306088407005,291.6346955796497,237.75229357798165
0133064AR,4,58.753127606338616,96.19683069224352,335.7756463719766,277.022518765638
0133074AR,4,59.970809007506254,109.59132610508756,365.0,305.02919099249374
0133102AR,4,51.44703919933277,93.15262718932443,288.5904920767306,237.1434528773978
0133119AR,4,53.88240200166805,104.41618015012509,279.4578815679733,225.57547956630523
0133137AR,4,55.70892410341951,102.28523769808173,365.0,309.2910758965805
0133162AR,4,65.45037531276063,94.06588824020017,271.84737281067555,206.39699749791492
0133168AR,4,53.57798165137615,101.98081734778982,272.1517931609675,218.57381150959134
0133169AR,4,60.579649708090066,89.4995829858215,310.5087572977481,249.92910758965803
0133172AR,4,58.4487072560467,94.06588824020017,293.46121768140114,235.01251042535444
0133176AR,4,58.753127606338616,97.41451209341118,365.0,306.24687239366136
0133184AR,4,47.793994995829856,95.58798999165971,320.2502085070892,272.45621351125936
0133194AR,4,59.970809007506254,89.80400333611342,365.0,305.02919099249374
0133221AR,4,50.83819849874895,95.58798999165971,282.19766472060047,231.3594662218515
0133231AR,4,59.361968306922435,90.10842368640533,350.6922435362802,291.33027522935777
0133256AR,4,56.92660550458715,97.41451209341118,269.7164303586322,212.78982485404504
0133257AR,4,56.622185154295245,102.58965804837365,278.24020016680566,221.61801501251043
0133269AR,4,63.31943286071726,120.55045871559632,354.649708090075,291.33027522935777
0133310AR,4,58.4487072560467,108.67806505421184,353.4320266889074,294.9833194328607
0133334AR,4,57.23102585487906,112.63552960800668,350.38782318598834,293.15679733110926
0133339AR,4,62.101751459549625,96.19683069224352,328.1651376146789,266.06338615512925
0133340AR,4,53.88240200166805,187.2185154295246,326.33861551292745,272.4562135112594
0133343AR,4,58.14428690575479,88.89074228523769,332.4270225187656,274.28273561301086
0133359AR,4,56.92660550458715,97.41451209341118,290.4170141784821,233.49040867389493
0133366AR,4,60.27522935779816,100.15429524603836,327.2518765638032,266.97664720600505
0133370AR,4,62.40617180984153,96.19683069224352,310.2043369474562,247.7981651376147
0133377AR,4,65.14595496246872,101.98081734778982,263.32360300250207,198.17764804003335
0133379AR,4,55.10008340283569,97.41451209341118,294.9833194328607,239.883236030025
0133383AR,4,55.70892410341951,100.45871559633028,271.84737281067555,216.13844870725603
0133398AR,4,54.491242702251874,88.58632193494579,305.3336113427856,250.84236864053375
0133417AR,4,53.88240200166805,87.67306088407005,290.72143452877395,236.8390325271059
0133457AR,4,56.622185154295245,82.19349457881567,312.33527939949954,255.7130942452043
0133464AR,4,58.4487072560467,100.15429524603836,287.0683903252711,228.61968306922438
0133484AR,4,60.88407005838198,93.76146788990826,365.0,304.115929941618
0133539AR,4,59.361968306922435,103.80733944954129,365.0,305.63803169307755
0133545AR,4,51.751459549624684,94.37030859049206,331.8181818181818,280.0667222685571
0133556AR,4,51.142618849040865,94.37030859049206,327.2518765638032,276.10925771476235
0133594AR,4,54.79566305254378,107.1559633027523,303.5070892410342,248.7114261884904
0133609AR,4,59.361968306922435,89.19516263552961,294.67889908256876,235.3169307756463
0133614AR,4,65.75479566305255,100.15429524603836,340.3419516263553,274.58715596330273
0133615AR,4,56.31776480400334,96.19683069224352,291.6346955796497,235.31693077564637
0133635AR,4,52.3603002502085,103.80733944954129,347.0391993327773,294.67889908256876
0133642AR,4,59.66638865721435,87.97748123436196,294.070058381985,234.40366972477065
0133647AR,4,51.751459549624684,112.33110925771476,288.2860717264387,236.53461217681402
0133655AR,4,57.23102585487906,90.71726438698916,365.0,307.7689741451209
0133685AR,4,60.27522935779816,118.41951626355295,354.0408673894912,293.7656380316931
0133700AR,4,60.579649708090066,94.67472894078398,290.72143452877395,230.14178482068388
0133705AR,4,54.79566305254378,95.89241034195163,340.3419516263553,285.5462885738115
0133707AR,4,50.83819849874895,90.41284403669724,344.603836530442,293.765638031693
0133727AR,4,58.753127606338616,91.9349457881568,295.89658048373644,237.14345287739783
0133773AR,4,63.31943286071726,101.6763969974979,365.0,301.68056713928274
0133781AR,4,59.361968306922435,100.45871559633028,321.77231025854877,262.4103419516263
0133786AR,4,56.622185154295245,89.80400333611342,299.85404503753125,243.231859883236
0133814AR,4,56.622185154295245,82.19349457881567,307.46455379482904,250.8423686405338
0133825AR,4,61.79733110925771,92.54378648874062,365.0,303.2026688907423
0133859AR,4,62.710592160133444,97.11009174311927,325.4253544620517,262.71476230191826
0133870AR,4,62.40617180984153,99.24103419516264,365.0,302.5938281901585
0133879AR,4,53.88240200166805,92.54378648874062,283.41534612176815,229.5329441201001
0133911AR,4,57.53544620517097,99.54545454545453,354.649708090075,297.11426188490407
0133924AR,4,56.013344453711426,91.02168473728106,295.89658048373644,239.88323603002502
0133927AR,4,46.57631359466222,92.2393661384487,329.3828190158465,282.8065054211843
0133935AR,4,59.05754795663052,88.58632193494579,322.3811509591326,263.32360300250207
0133975AR,4,55.40450375312761,94.97914929107588,365.0,309.5954962468724
0133984AR,4,62.710592160133444,102.89407839866554,335.1668056713928,272.45621351125936
0133998AR,4,50.83819849874895,97.71893244370307,299.24520433694744,248.40700583819847
0134022AR,4,56.622185154295245,81.58465387823186,298.0275229357798,241.40533778148458
0134024AR,4,58.14428690575479,105.93828190158466,365.0,306.85571309424523
0134027AR,4,51.142618849040865,91.9349457881568,308.0733944954128,256.93077564637196
0134067AR,4,63.62385321100917,91.02168473728106,365.0,301.3761467889908
0134070AR,4,58.14428690575479,100.76313594662219,365.0,306.85571309424523
0134098AR,4,63.62385321100917,103.50291909924937,262.71476230191826,199.0909090909091
0134111AR,4,50.53377814845704,97.71893244370307,357.08507089241033,306.5512927439533
0134116AR,4,62.710592160133444,100.76313594662219,365.0,302.28940783986656
0134119AR,4,58.14428690575479,88.89074228523769,317.20600500417015,259.0617180984154
0134130AR,4,63.31943286071726,91.02168473728106,320.8590492076731,257.5396163469558
0134131AR,4,59.66638865721435,102.58965804837365,313.5529608006672,253.88657214345287
0134134AR,4,47.793994995829856,96.19683069224352,328.46955796497076,280.6755629691409
0134137AR,4,59.05754795663052,95.2835696413678,365.0,305.9424520433695
0134144AR,4,52.96914095079233,108.06922435362802,322.0767306088407,269.10758965804837
0134146AR,4,52.0558798999166,91.63052543786488,300.4628857381151,248.40700583819853
0134150AR,4,59.970809007506254,95.58798999165971,365.0,305.02919099249374
0134156AR,4,52.66472060050042,94.06588824020017,286.76396997497915,234.09924937447875
0134157AR,4,53.57798165137615,83.71559633027522,365.0,311.42201834862385
0134208AR,4,55.40450375312761,98.93661384487072,365.0,309.5954962468724
0134210AR,4,56.92660550458715,88.89074228523769,305.3336113427856,248.40700583819847
0134213AR,4,58.4487072560467,87.06422018348623,357.38949124270226,298.94078398665556
0134220AR,4,59.361968306922435,87.67306088407005,319.0325271059216,259.67055879899914
0134240AR,4,60.27522935779816,105.63386155129274,283.41534612176815,223.14011676396998
0134275AR,4,56.622185154295245,99.84987489574645,276.4136780650542,219.791492910759
0134287AR,4,58.14428690575479,94.37030859049206,365.0,306.85571309424523
0134293AR,4,59.66638865721435,94.37030859049206,272.1517931609675,212.48540450375313
0134296AR,4,63.62385321100917,88.89074228523769,323.29441201000833,259.67055879899914
0134333AR,4,62.710592160133444,96.19683069224352,365.0,302.28940783986656
0134337AR,4,57.53544620517097,100.45871559633028,334.557964970809,277.02251876563804
0134362AR,4,61.18849040867389,98.02335279399499,364.39115929941613,303.20266889074225
0134368AR,4,49.62051709758132,87.36864053377815,312.9441201000834,263.32360300250207
0134387AR,4,56.622185154295245,97.41451209341118,288.5904920767306,231.96830692243535
0134481AR,4,55.70892410341951,87.67306088407005,278.24020016680566,222.53127606338614
0134483AR,4,55.40450375312761,91.9349457881568,302.59382819015843,247.18932443703082
0134501AR,4,50.53377814845704,95.58798999165971,314.77064220183485,264.2368640533778
0134508AR,4,50.22935779816514,98.63219349457881,316.2927439532944,266.06338615512925
0134511AR,4,59.361968306922435,94.67472894078398,338.2110091743119,278.8490408673895
0134521AR,4,63.01501251042536,92.2393661384487,365.0,301.9849874895746
0134528AR,4,52.3603002502085,91.63052543786488,302.28940783986656,249.92910758965806
0134566AR,4,45.663052543786485,99.24103419516264,305.63803169307755,259.9749791492911
0134570AR,4,56.622185154295245,97.71893244370307,365.0,308.37781484570473
0134585AR,4,60.88407005838198,94.37030859049206,365.0,304.115929941618
0134597AR,4,52.66472060050042,92.54378648874062,296.2010008340283,243.53628023352792
0134600AR,4,58.4487072560467,95.2835696413678,365.0,306.5512927439533
0134619AR,4,52.96914095079233,93.15262718932443,315.6839032527106,262.71476230191826
0134630AR,4,63.01501251042536,98.02335279399499,365.0,301.9849874895746
0134644AR,4,57.83986655546288,96.80567139282735,365.0,307.1601334445371
0134668AR,4,58.4487072560467,97.11009174311927,336.38448707256043,277.93577981651373
0134671AR,4,56.31776480400334,101.98081734778982,348.56130108423685,292.2435362802335
0134692AR,4,61.18849040867389,94.37030859049206,291.6346955796497,230.44620517097582
0134727AR,4,53.57798165137615,97.41451209341118,338.5154295246038,284.93744787322765
0134728AR,4,57.53544620517097,100.15429524603836,365.0,307.46455379482904
0134757AR,4,59.361968306922435,97.11009174311927,303.5070892410342,244.14512093411173
0134829AR,4,59.361968306922435,85.8465387823186,292.54795663052545,233.185988323603
0134841AR,4,60.88407005838198,94.97914929107588,313.2485404503753,252.3644703919933
0134860AR,4,55.10008340283569,89.80400333611342,312.6396997497915,257.53961634695577
0134897AR,4,56.622185154295245,99.54545454545453,335.7756463719766,279.15346121768135
0134909AR,4,61.18849040867389,105.93828190158466,323.90325271059214,262.71476230191826
0134923AR,4,63.01501251042536,94.06588824020017,341.8640533778148,278.8490408673894
0134939AR,4,57.83986655546288,96.80567139282735,335.47122602168474,277.63135946622185
0134943AR,4,59.66638865721435,93.45704753961634,327.2518765638032,267.58548790658887
0134968AR,4,52.3603002502085,96.19683069224352,318.72810675562965,266.36780650542113
0134970AR,4,55.10008340283569,115.37531276063386,315.98832360300247,260.88824020016676
0135040AR,4,55.70892410341951,96.50125104253544,365.0,309.2910758965805
0136502AR,4,56.31776480400334,109.59132610508756,280.67556296914097,224.35779816513764
0136533AR,4,55.40450375312761,118.72393661384487,276.7180984153461,221.3135946622185
0136718AR,4,57.23102585487906,101.06755629691408,296.2010008340283,238.96997497914927
0136980AR,4,58.14428690575479,108.06922435362802,285.5462885738115,227.40200166805673
0137057AR,4,59.66638865721435,100.15429524603836,350.38782318598834,290.721434528774
0137067AR,4,56.013344453711426,103.19849874895746,288.8949124270225,232.8815679733111
0137383AR,4,53.273561301084236,117.50625521267723,252.97331109257712,199.69974979149288
0137461AR,4,55.70892410341951,105.02502085070891,291.6346955796497,235.92577147623018
0137465AR,4,48.09841534612176,119.94161801501251,277.93577981651373,229.83736447039198
0137703AR,4,47.18515429524603,120.24603836530441,269.4120100083403,222.22685571309427
0137708AR,4,58.14428690575479,98.93661384487072,303.8115095913261,245.66722268557132
0138028AR,4,56.92660550458715,105.93828190158466,264.5412844036697,207.61467889908255
0138070AR,4,59.66638865721435,98.63219349457881,313.5529608006672,253.88657214345287
0138081AR,4,57.23102585487906,109.89574645537948,288.2860717264387,231.05504587155966
0138361AR,4,59.970809007506254,107.7648040033361,347.95246038365303,287.9816513761468
0139819AR,4,52.66472060050042,108.67806505421184,299.24520433694744,246.58048373644704
0139865AR,4,57.23102585487906,100.76313594662219,340.64637197664723,283.41534612176815
0139921AR,4,50.22935779816514,115.67973311092577,293.15679733110926,242.9274395329441
0140004AR,4,52.66472060050042,94.97914929107588,293.15679733110926,240.49207673060886
0140006AR,4,56.622185154295245,96.19683069224352,365.0,308.37781484570473
0140049AR,4,51.751459549624684,101.6763969974979,321.16346955796496,269.4120100083403
0140101AR,4,53.88240200166805,105.32944120100083,286.76396997497915,232.8815679733111
0140270AR,4,55.70892410341951,104.41618015012509,281.58882402001666,225.87989991659714
0140333AR,4,55.40450375312761,105.63386155129274,285.5462885738115,230.1417848206839
0140336AR,4,56.622185154295245,101.6763969974979,307.7689741451209,251.14678899082568
0140421AR,4,51.44703919933277,96.19683069224352,295.89658048373644,244.44954128440367
0140424AR,4,55.10008340283569,102.28523769808173,304.4203502919099,249.32026688907422
0140431AR,4,59.05754795663052,98.02335279399499,333.3402835696414,274.28273561301086
0140440AR,4,48.70725604670559,117.50625521267723,287.0683903252711,238.3611342785655
0140465AR,4,54.79566305254378,97.41451209341118,329.07839866555463,274.28273561301086
0140475AR,4,47.793994995829856,115.67973311092577,279.4578815679733,231.66388657214344
0140718AR,4,57.83986655546288,129.98748957464554,313.85738115095916,256.01751459549627
0140743AR,4,48.70725604670559,98.93661384487072,365.0,316.2927439532944
0140774AR,4,59.05754795663052,84.32443703085904,334.8623853211009,275.80483736447036
0140796AR,4,39.8790658882402,121.15929941618013,297.11426188490407,257.2351959966639
0140814AR,4,56.92660550458715,119.02835696413678,315.37948290241866,258.4528773978315
0140834AR,4,14.003336113427856,143.9908256880734,275.19599666388655,261.1926605504587
0140862AR,4,39.8790658882402,99.24103419516264,365.0,325.1209341117598
0140863AR,4,51.44703919933277,96.19683069224352,301.0717264386989,249.6246872393661
0140874AR,4,58.753127606338616,92.84820683903251,316.59716430358634,257.8440366972477
0140903AR,4,45.35863219349458,94.97914929107588,319.94578815679733,274.58715596330273
0140909AR,4,45.663052543786485,109.28690575479567,343.0817347789825,297.418682235196
0140952AR,4,59.970809007506254,150.3836530442035,365.0,305.02919099249374
0141045AR,4,61.18849040867389,89.4995829858215,320.2502085070892,259.0617180984153
0141083AR,4,58.753127606338616,146.12176814011676,339.7331109257715,280.97998331943285
0141104AR,4,48.70725604670559,98.02335279399499,365.0,316.2927439532944
0141126AR,4,52.66472060050042,99.24103419516264,327.86071726438695,275.19599666388655
0141139AR,4,65.14595496246872,94.97914929107588,277.93577981651373,212.789824854045
0141156AR,4,57.83986655546288,85.23769808173478,365.0,307.1601334445371
0141159AR,4,52.0558798999166,85.23769808173478,306.24687239366136,254.19099249374477
0141176AR,4,56.31776480400334,88.89074228523769,335.1668056713928,278.8490408673895
0141253AR,4,51.751459549624684,99.24103419516264,354.34528773978315,302.59382819015843
0141269AR,4,57.53544620517097,113.8532110091743,357.38949124270226,299.8540450375313
0141290AR,4,59.970809007506254,92.54378648874062,365.0,305.02919099249374
0141298AR,4,42.314428690575475,96.50125104253544,365.0,322.6855713094245
0141356AR,4,46.27189324437031,104.41618015012509,311.42201834862385,265.15012510425356
0141358AR,4,60.88407005838198,85.54211843202668,316.59716430358634,255.71309424520436
0141377AR,4,52.96914095079233,100.76313594662219,323.90325271059214,270.9341117597998
0141380AR,4,39.8790658882402,109.28690575479567,342.77731442869054,302.89824854045037
0141403AR,4,50.22935779816514,102.58965804837365,299.24520433694744,249.01584653878228
0141440AR,4,58.14428690575479,182.95663052543784,295.5921601334445,237.4478732276897
0141450AR,4,55.40450375312761,93.76146788990826,365.0,309.5954962468724
0141460AR,4,56.013344453711426,86.75979983319432,280.0667222685571,224.05337781484567
0141485AR,4,51.44703919933277,128.46538782318598,261.49708090075063,210.05004170141785
0141512AR,4,59.361968306922435,87.36864053377815,307.1601334445371,247.79816513761466
0141559AR,4,51.142618849040865,110.50458715596329,273.9783152627189,222.83569641367805
0141609AR,4,60.27522935779816,114.76647206005003,350.9966638865721,290.72143452877395
0141620AR,4,36.22602168473728,97.41451209341118,365.0,328.7739783152627
0141638AR,4,56.31776480400334,127.85654712260215,338.5154295246038,282.19766472060047
0141944AR,4,52.96914095079233,83.71559633027522,312.6396997497915,259.67055879899914
0141968AR,4,54.491242702251874,93.15262718932443,305.9424520433695,251.45120934111762
0141973AR,4,54.491242702251874,97.41451209341118,287.0683903252711,232.57714762301921
0141994AR,4,62.710592160133444,144.5996663886572,314.77064220183485,252.0600500417014
0142074AR,4,56.92660550458715,103.50291909924937,328.46955796497076,271.5429524603836
0142134AR,4,52.96914095079233,95.2835696413678,303.5070892410342,250.53794829024184
0142165AR,4,50.83819849874895,98.63219349457881,365.0,314.16180150125103
0142168AR,4,56.92660550458715,87.06422018348623,318.4236864053378,261.49708090075063
0142171AR,4,58.4487072560467,94.67472894078398,337.2977481234362,278.8490408673895
0142307AR,4,56.622185154295245,86.75979983319432,359.2160133444537,302.59382819015843
0142319AR,4,50.53377814845704,93.76146788990826,263.0191826522102,212.48540450375316
0142463AR,4,56.92660550458715,83.71559633027522,309.59549624687236,252.6688907422852
0142485AR,4,54.18682235195996,94.37030859049206,285.8507089241034,231.66388657214344
0142500AR,4,56.31776480400334,151.29691409507922,314.16180150125103,257.8440366972477
0142517AR,4,57.83986655546288,84.02001668056714,313.2485404503753,255.4086738949124
0142520AR,4,59.361968306922435,89.4995829858215,288.8949124270225,229.53294412010007
0142533AR,4,56.92660550458715,190.2627189324437,326.0341951626355,269.10758965804837
0142591AR,4,55.70892410341951,80.97581317764804,365.0,309.2910758965805
0142624AR,4,59.361968306922435,95.89241034195163,287.9816513761468,228.61968306922432
0142677AR,4,56.013344453711426,84.93327773144287,292.8523769808173,236.8390325271059
0142759AR,4,56.31776480400334,93.15262718932443,343.0817347789825,286.76396997497915
0142821AR,4,51.142618849040865,93.76146788990826,284.93744787322765,233.79482902418678
0142825AR,4,59.66638865721435,120.55045871559632,340.9507923269391,281.2844036697248
0142877AR,4,61.79733110925771,89.4995829858215,291.6346955796497,229.837364470392
0142945AR,4,60.88407005838198,92.54378648874062,305.9424520433695,245.0583819849875
0142958AR,4,54.79566305254378,94.06588824020017,324.512093411176,269.71643035863224
0142966AR,4,57.83986655546288,95.2835696413678,358.30275229357795,300.46288573811506
0142967AR,4,53.88240200166805,98.93661384487072,277.02251876563804,223.14011676396998
0142975AR,4,54.79566305254378,105.02502085070891,307.7689741451209,252.97331109257715
0143072AR,4,60.579649708090066,173.21517931609674,365.0,304.4203502919099
0143122AR,4,56.622185154295245,102.58965804837365,292.8523769808173,236.2301918265221
0143134AR,4,58.14428690575479,96.80567139282735,303.5070892410342,245.36280233527938
0143157AR,4,55.70892410341951,93.45704753961634,278.24020016680566,222.53127606338614
0146413AR,4,55.10008340283569,94.67472894078398,338.5154295246038,283.4153461217681
0147384AR,4,51.44703919933277,90.41284403669724,286.15512927439534,234.70809007506256
0147408AR,4,51.142618849040865,89.80400333611342,283.41534612176815,232.27272727272728
0147769AR,4,54.491242702251874,86.45537948290242,302.59382819015843,248.10258548790657
0148141AR,4,52.3603002502085,88.58632193494579,343.3861551292744,291.0258548790659
0148361AR,4,54.79566305254378,86.75979983319432,298.0275229357798,243.23185988323604
0149255AR,4,56.622185154295245,93.76146788990826,346.4303586321935,289.8081734778982
0149929AR,4,54.79566305254378,97.41451209341118,365.0,310.2043369474562
0149990AR,4,55.40450375312761,92.54378648874062,310.2043369474562,254.7998331943286
0149998AR,4,51.142618849040865,101.98081734778982,290.72143452877395,239.57881567973308
0150367AR,4,59.66638865721435,91.02168473728106,285.2418682235196,225.57547956630523
0150505AR,4,59.970809007506254,102.28523769808173,300.767306088407,240.79649708090074
0150981AR,4,54.79566305254378,101.06755629691408,297.72310258548794,242.92743953294416
0151039AR,4,60.579649708090066,89.80400333611342,319.3369474562135,258.75729774812345
0151316AR,4,63.31943286071726,103.50291909924937,282.5020850708924,219.18265221017515
0152356AR,4,60.88407005838198,90.10842368640533,352.2143452877398,291.33027522935777
0152426AR,4,52.0558798999166,102.28523769808173,365.0,312.9441201000834
0153073AR,4,56.31776480400334,94.06588824020017,331.20934111759794,274.8915763135946
0153293AR,4,56.92660550458715,90.10842368640533,331.5137614678899,274.58715596330273
0153912AR,4,59.361968306922435,93.45704753961634,335.7756463719766,276.41367806505417
0154168AR,4,56.92660550458715,94.06588824020017,364.69557964970807,307.7689741451209
0154373AR,4,58.4487072560467,106.85154295246038,365.0,306.5512927439533
0154394AR,4,57.83986655546288,87.97748123436196,333.3402835696414,275.5004170141785
0154783AR,4,59.970809007506254,96.19683069224352,365.0,305.02919099249374
0159675AR,1,46.27189324437031,119.3327773144287,284.3286071726439,238.05671392827358
0159694AR,1,45.663052543786485,120.24603836530441,291.0258548790659,245.3628023352794
0159699AR,1,58.14428690575479,91.32610508757297,318.72810675562965,260.5838198498749
0159716AR,1,43.532110091743114,120.24603836530441,341.5596330275229,298.0275229357798
0159723AR,1,52.96914095079233,100.76313594662219,311.42201834862385,258.4528773978315
0159730AR,1,56.013344453711426,97.41451209341118,304.4203502919099,248.4070058381985
0159752AR,1,42.9232693911593,105.02502085070891,336.9933277731443,294.070058381985
0159789AR,1,46.57631359466222,91.63052543786488,322.3811509591326,275.80483736447036
0159793AR,1,46.88073394495413,104.41618015012509,330.6005004170142,283.7197664720601
0159797AR,1,58.753127606338616,94.97914929107588,276.1092577147623,217.35613010842368
0159798AR,1,61.79733110925771,87.67306088407005,311.72643869891573,249.92910758965803
0159802AR,1,58.4487072560467,88.89074228523769,297.11426188490407,238.66555462885736
0159812AR,1,64.23269391159299,103.19849874895746,298.6363636363636,234.40366972477062
0159817AR,1,52.3603002502085,105.32944120100083,288.5904920767306,236.2301918265221
0159828AR,1,46.57631359466222,115.98415346121769,282.19766472060047,235.62135112593825
0159836AR,1,52.3603002502085,113.24437030859049,324.8165137614679,272.45621351125936
0159840AR,1,56.622185154295245,87.36864053377815,309.59549624687236,252.97331109257712
0159846AR,1,46.88073394495413,96.80567139282735,275.80483736447036,228.92410341951623
0159856AR,1,60.88407005838198,94.97914929107588,251.4512093411176,190.5671392827356
0159865AR,1,56.31776480400334,103.19849874895746,319.0325271059216,262.71476230191826
0159875AR,1,48.70725604670559,111.72226855713093,295.5921601334445,246.8849040867389
0159881AR,1,53.88240200166805,98.93661384487072,305.3336113427856,251.45120934111756
0159891AR,1,57.83986655546288,112.02668890742285,314.16180150125103,256.32193494578814
0159894AR,1,47.18515429524603,101.371976647206,308.0733944954128,260.88824020016676
0159903AR,1,54.491242702251874,90.71726438698916,274.2827356130108,219.79149291075893
0159907AR,1,58.14428690575479,124.20350291909925,231.96830692243537,173.82402001668058
0159911AR,1,55.10008340283569,119.63719766472059,275.80483736447036,220.70475396163465
0159915AR,1,55.40450375312761,94.97914929107588,311.42201834862385,256.01751459549627
0159916AR,1,57.83986655546288,102.89407839866554,294.070058381985,236.23019182652212
0159924AR,1,53.57798165137615,94.97914929107588,318.4236864053378,264.8457047539616
0159928AR,1,54.18682235195996,98.3277731442869,318.4236864053378,264.2368640533778
0159932AR,1,54.79566305254378,94.97914929107588,313.5529608006672,258.75729774812345
0159936AR,1,57.53544620517097,104.41618015012509,244.44954128440367,186.9140950792327
0159937AR,1,46.57631359466222,108.06922435362802,329.9916597164304,283.41534612176815
0159944AR,1,54.491242702251874,104.720600500417,268.1943286071726,213.70308590492075
0159963AR,1,53.88240200166805,97.71893244370307,311.42201834862385,257.5396163469558
0159966AR,1,52.96914095079233,100.15429524603836,311.117597998332,258.14845704753964
0159967AR,1,55.40450375312761,90.10842368640533,330.6005004170142,275.1959966638866
0159975AR,1,56.31776480400334,96.80567139282735,273.3694745621351,217.05170975813178
0159979AR,1,55.10008340283569,93.45704753961634,307.7689741451209,252.6688907422852
0159983AR,1,49.011676396997494,106.24270225187655,315.6839032527106,266.6722268557131
0160008AR,1,46.27189324437031,106.54712260216847,294.67889908256876,248.40700583819844
0160033AR,1,50.22935779816514,99.84987489574645,326.94745621351126,276.7180984153461
0160035AR,1,56.31776480400334,86.45537948290242,287.67723102585484,231.3594662218515
0160046AR,1,43.532110091743114,102.28523769808173,317.81484570475396,274.28273561301086
0160054AR,1,40.79232693911593,122.37698081734779,286.4595496246872,245.6672226855713
0160068AR,1,39.57464553794829,118.72393661384487,311.72643869891573,272.15179316096743
0160095AR,1,61.18849040867389,82.80233527939949,365.0,303.8115095913261
0160101AR,1,51.44703919933277,96.80567139282735,321.16346955796496,269.7164303586322
0160117AR,1,44.14095079232694,99.84987489574645,308.68223519599667,264.54128440366975
0160120AR,1,55.10008340283569,93.45704753961634,311.117597998332,256.01751459549627
0160145AR,1,52.3603002502085,106.85154295246038,274.58715596330273,222.22685571309424
0160183AR,1,56.92660550458715,90.71726438698916,288.2860717264387,231.35946622185156
0160231AR,1,49.62051709758132,112.93994995829857,315.0750625521267,265.4545454545454
0160235AR,1,61.4929107589658,121.76814011676396,238.05671392827355,176.56380316930776
0160258AR,1,54.491242702251874,96.80567139282735,322.9899916597164,268.4987489574645
0160260AR,1,55.10008340283569,103.19849874895746,308.98665554628855,253.88657214345284
0160275AR,1,57.53544620517097,113.5487906588824,335.1668056713928,277.63135946622185
0160302AR,1,39.57464553794829,117.81067556296912,355.56296914095077,315.98832360300247
0160305AR,1,50.22935779816514,103.80733944954129,327.55629691409507,277.3269391159299
0160314AR,1,38.965804837364466,114.46205170975811,316.59716430358634,277.63135946622185
0160316AR,1,57.53544620517097,93.76146788990826,307.7689741451209,250.23352793994997
0160323AR,1,57.53544620517097,97.11009174311927,269.10758965804837,211.5721434528774
0160351AR,1,43.83653044203503,101.371976647206,306.24687239366136,262.4103419516263
0160395AR,1,16.134278565471224,143.68640533778148,264.8457047539616,248.7114261884904
0160401AR,1,36.22602168473728,118.41951626355295,318.11926605504584,281.89324437030854
0160420AR,1,60.27522935779816,109.59132610508756,253.58215179316096,193.3069224353628
0160444AR,1,38.66138448707256,106.85154295246038,343.3861551292744,304.72477064220186
0160446AR,1,51.751459549624684,112.93994995829857,277.93577981651373,226.18432026688905
0160452AR,1,46.57631359466222,111.1134278565471,332.1226021684737,285.54628857381147
0160463AR,1,49.011676396997494,124.50792326939114,259.36613844870726,210.35446205170976
0160486AR,1,36.834862385321095,105.32944120100083,336.68890742285237,299.85404503753125
0160488AR,1,57.23102585487906,91.9349457881568,292.54795663052545,235.3169307756464
0160495AR,1,54.491242702251874,107.1559633027523,322.0767306088407,267.5854879065888
0160496AR,1,42.9232693911593,120.24603836530441,275.19599666388655,232.27272727272725
0160530AR,1,53.273561301084236,98.63219349457881,291.33027522935777,238.05671392827352
0160556AR,1,49.924937447873226,111.1134278565471,252.6688907422852,202.743953294412
0160559AR,1,57.53544620517097,93.45704753961634,288.2860717264387,230.75062552126775
0160584AR,1,59.66638865721435,107.4603836530442,322.3811509591326,262.71476230191826
0160589AR,1,53.57798165137615,108.37364470391992,289.80817347789826,236.23019182652212
0160633AR,1,58.14428690575479,97.11009174311927,300.4628857381151,242.31859883236032
0160665AR,1,56.92660550458715,87.36864053377815,269.4120100083403,212.48540450375316
0160676AR,1,56.31776480400334,99.84987489574645,338.81984987489574,282.5020850708924
0160684AR,1,61.79733110925771,109.89574645537948,287.0683903252711,225.27105921601338
0160692AR,1,57.53544620517097,90.10842368640533,339.1242702251876,281.58882402001666
0160706AR,1,59.05754795663052,88.89074228523769,280.67556296914097,221.61801501251045
0160709AR,1,43.22768974145121,108.37364470391992,365.0,321.77231025854877
0160717AR,1,54.18682235195996,94.37030859049206,296.2010008340283,242.01417848206836
0160739AR,1,47.48957464553794,99.54545454545453,317.51042535446203,270.02085070892406
0160758AR,1,62.710592160133444,93.15262718932443,296.8098415346122,234.09924937447875
0160771AR,1,57.23102585487906,90.10842368640533,300.767306088407,243.53628023352795
0160800AR,1,42.9232693911593,107.7648040033361,314.4662218515429,271.5429524603836
0160803AR,1,56.622185154295245,112.93994995829857,281.58882402001666,224.96663886572142
0160815AR,1,59.361968306922435,105.32944120100083,280.37114261884903,221.00917431192659
0160821AR,1,59.361968306922435,94.37030859049206,311.42201834862385,252.0600500417014
0160872AR,1,57.53544620517097,113.24437030859049,293.15679733110926,235.6213511259383
0160890AR,1,53.57798165137615,114.46205170975811,332.4270225187656,278.8490408673895
0160892AR,1,56.622185154295245,85.54211843202668,269.10758965804837,212.48540450375313
0160894AR,1,46.27189324437031,101.98081734778982,290.72143452877395,244.44954128440364
0160900AR,1,57.53544620517097,86.1509591326105,314.16180150125103,256.6263552960801
0160907AR,1,60.579649708090066,94.37030859049206,291.0258548790659,230.44620517097582
0160987AR,1,59.361968306922435,99.84987489574645,315.0750625521267,255.71309424520427
0160989AR,1,55.40450375312761,98.63219349457881,297.11426188490407,241.70975813177645
0160996AR,1,59.66638865721435,96.50125104253544,341.5596330275229,281.8932443703086
0161001AR,1,49.62051709758132,97.41451209341118,278.8490408673895,229.22852376980816
0161026AR,1,54.18682235195996,94.06588824020017,296.50542118432026,242.3185988323603
0161056AR,1,59.66638865721435,88.89074228523769,330.90492076730607,271.23853211009174
0161065AR,1,57.83986655546288,99.84987489574645,319.6413678065054,261.8015012510425
0161066AR,1,56.013344453711426,94.06588824020017,295.5921601334445,239.57881567973308
0161076AR,1,52.0558798999166,116.5929941618015,273.0650542118432,221.00917431192659
0161082AR,1,59.970809007506254,102.28523769808173,291.9391159299416,231.96830692243532
0161166AR,1,53.57798165137615,94.37030859049206,291.6346955796497,238.05671392827355
0161182AR,1,33.18181818181818,100.15429524603836,365.0,331.8181818181818
0161188AR,1,53.273561301084236,110.80900750625521,319.94578815679733,266.6722268557131
0161202AR,1,57.53544620517097,92.54378648874062,279.7623019182652,222.22685571309427
0161210AR,1,62.40617180984153,108.37364470391992,303.2026688907423,240.79649708090076
0161233AR,1,48.402835696413675,103.80733944954129,279.4578815679733,231.05504587155963
0161250AR,1,47.793994995829856,97.41451209341118,272.45621351125936,224.66221851542952
0161258AR,1,56.622185154295245,94.06588824020017,323.59883236030026,266.976647206005
0161278AR,1,54.491242702251874,94.06588824020017,291.0258548790659,236.53461217681402
0161284AR,1,47.793994995829856,99.54545454545453,286.76396997497915,238.9699749791493
0161296AR,1,49.011676396997494,124.81234361968306,302.89824854045037,253.88657214345287
0161308AR,1,56.31776480400334,95.89241034195163,281.2844036697247,224.9666388657214
0161350AR,1,36.834862385321095,112.02668890742285,291.6346955796497,254.7998331943286
0161352AR,1,57.53544620517097,92.84820683903251,287.9816513761468,230.44620517097582
0161380AR,1,54.491242702251874,96.50125104253544,271.84737281067555,217.35613010842368
0161381AR,1,58.4487072560467,102.89407839866554,247.18932443703085,188.74061718098415
0161441AR,1,54.79566305254378,96.19683069224352,312.6396997497915,257.8440366972477
0161448AR,1,45.35863219349458,115.67973311092577,263.9324437030859,218.5738115095913
0161450AR,1,55.70892410341951,114.46205170975811,337.60216847372806,281.89324437030854
0161478AR,1,57.53544620517097,102.89407839866554,298.9407839866555,241.40533778148455
0161481AR,1,62.40617180984153,91.63052543786488,286.4595496246872,224.05337781484567
0161485AR,1,53.88240200166805,98.02335279399499,335.47122602168474,281.5888240200167
0161494AR,1,46.57631359466222,99.54545454545453,314.16180150125103,267.5854879065888
0161544AR,1,45.663052543786485,101.98081734778982,299.24520433694744,253.58215179316096
0161545AR,1,37.44370308590492,110.20016680567139,365.0,327.55629691409507
0161624AR,1,53.88240200166805,101.06755629691408,334.8623853211009,280.97998331943285
0161639AR,1,54.18682235195996,95.89241034195163,324.207673060884,270.02085070892406
0161644AR,1,48.402835696413675,103.19849874895746,318.72810675562965,270.325271059216
0161670AR,1,61.18849040867389,88.89074228523769,340.03753127606336,278.8490408673895
0161685AR,1,44.445371142618846,109.28690575479567,338.5154295246038,294.07005838198495
0161691AR,1,48.70725604670559,112.93994995829857,308.68223519599667,259.9749791492911
0161702AR,1,50.53377814845704,101.371976647206,324.8165137614679,274.28273561301086
0161704AR,1,49.62051709758132,106.24270225187655,327.55629691409507,277.93577981651373
0161707AR,1,53.88240200166805,96.19683069224352,329.9916597164304,276.10925771476235
0161743AR,1,52.96914095079233,96.80567139282735,304.7247706422018,251.75562969140947
0161766AR,1,55.40450375312761,90.71726438698916,319.3369474562135,263.93244370308594
0161781AR,1,54.18682235195996,98.02335279399499,319.3369474562135,265.15012510425356
0161795AR,1,63.62385321100917,111.41784820683903,311.117597998332,247.4937447873228
0161801AR,1,54.491242702251874,97.11009174311927,303.5070892410342,249.0158465387823
0161812AR,1,45.663052543786485,116.8974145120934,280.0667222685571,234.40366972477062
0161813AR,1,49.62051709758132,98.3277731442869,308.0733944954128,258.45287739783146
0161856AR,1,41.40116763969974,113.8532110091743,319.94578815679733,278.5446205170976
0161876AR,1,56.013344453711426,110.80900750625521,284.93744787322765,228.92410341951623
0161897AR,1,42.314428690575475,125.7256046705588,344.603836530442,302.2894078398665
0161898AR,1,49.31609674728941,112.02668890742285,278.54462051709754,229.22852376980813
0162473AR,4,53.273561301084236,92.54378648874062,317.20600500417015,263.93244370308594
0162537AR,4,49.31609674728941,102.28523769808173,318.4236864053378,269.10758965804837
0162715AR,1,58.14428690575479,173.51959966638864,288.5904920767306,230.4462051709758
0163691AR,1,55.10008340283569,101.6763969974979,321.77231025854877,266.67222685571306
0163694AR,1,49.31609674728941,98.02335279399499,256.01751459549627,206.70141784820686
0163777AR,1,51.44703919933277,87.36864053377815,266.67222685571306,215.22518765638029
0163887AR,1,52.3603002502085,101.98081734778982,299.24520433694744,246.88490408673894
0164121AR,1,48.402835696413675,102.89407839866554,258.1484570475396,209.74562135112592
0164338AR,1,42.9232693911593,103.80733944954129,272.7606338615513,229.837364470392
0166405AR,1,54.18682235195996,102.28523769808173,342.47289407839867,288.2860717264387
0167096AR,4,57.83986655546288,96.19683069224352,268.80316930775643,210.96330275229354
0167135AR,4,57.23102585487906,100.76313594662219,311.72643869891573,254.49541284403668
0167143AR,4,57.23102585487906,100.15429524603836,330.29608006672225,273.0650542118432
0167221AR,4,47.48957464553794,94.67472894078398,285.2418682235196,237.75229357798165
0167281AR,4,50.53377814845704,104.720600500417,267.28106755629693,216.7472894078399
0167348AR,4,49.31609674728941,115.67973311092577,327.2518765638032,277.9357798165138
0167351AR,4,45.663052543786485,87.97748123436196,256.93077564637196,211.26772310258548
0167359AR,4,49.62051709758132,122.07256046705588,290.72143452877395,241.10091743119264
0167392AR,4,49.924937447873226,119.02835696413678,312.33527939949954,262.4103419516263
0167430AR,4,53.88240200166805,98.3277731442869,288.2860717264387,234.40366972477065
0167521AR,4,57.83986655546288,89.4995829858215,316.59716430358634,258.75729774812345
0167552AR,4,52.0558798999166,95.2835696413678,287.0683903252711,235.0125104253545
0167586AR,4,53.57798165137615,106.54712260216847,256.6263552960801,203.04837364470393
0167607AR,4,53.57798165137615,100.76313594662219,301.3761467889908,247.79816513761466
0167672AR,4,55.70892410341951,110.80900750625521,277.3269391159299,221.6180150125104
0167706AR,4,57.23102585487906,100.15429524603836,334.557964970809,277.3269391159299
0167795AR,4,52.96914095079233,102.28523769808173,272.1517931609675,219.18265221017515
0167939AR,4,50.53377814845704,106.54712260216847,259.67055879899914,209.1367806505421
0168018AR,4,50.22935779816514,73.97414512093411,323.59883236030026,273.3694745621351
0168128AR,4,50.83819849874895,78.84487072560466,284.93744787322765,234.0992493744787
0168175AR,4,52.66472060050042,87.06422018348623,291.0258548790659,238.3611342785655
0168257AR,4,47.48957464553794,112.93994995829857,268.49874895746456,221.0091743119266
0168277AR,4,50.83819849874895,91.02168473728106,303.5070892410342,252.6688907422852
0168301AR,4,46.57631359466222,189.04503753127608,363.1734778982485,316.5971643035863
0168456AR,4,50.22935779816514,103.19849874895746,271.23853211009174,221.00917431192659
0168480AR,4,58.14428690575479,108.06922435362802,266.06338615512925,207.91909924937445
0168526AR,4,56.92660550458715,99.54545454545453,292.2435362802335,235.31693077564637
0168568AR,4,58.14428690575479,139.12010008340283,364.08673894912425,305.9424520433695
0168638AR,4,54.18682235195996,105.63386155129274,320.2502085070892,266.06338615512925
0168646AR,4,59.361968306922435,99.84987489574645,301.9849874895746,242.62301918265217
0168704AR,4,55.10008340283569,101.371976647206,275.80483736447036,220.70475396163465
0168777AR,4,55.70892410341951,117.81067556296912,258.4528773978315,202.743953294412
0168782AR,4,51.142618849040865,106.85154295246038,293.15679733110926,242.0141784820684
0168878AR,4,56.013344453711426,105.02502085070891,322.3811509591326,266.3678065054212
0168915AR,4,56.31776480400334,129.0742285237698,350.9966638865721,294.67889908256876
0168993AR,4,49.011676396997494,102.28523769808173,258.1484570475396,209.13678065054208
0169023AR,4,49.31609674728941,111.1134278565471,290.4170141784821,241.10091743119267
0169030AR,4,45.663052543786485,105.32944120100083,273.9783152627189,228.31526271893244
0169047AR,4,51.751459549624684,105.93828190158466,281.8932443703086,230.1417848206839
0169074AR,4,52.3603002502085,95.89241034195163,300.4628857381151,248.10258548790662
0169082AR,4,56.622185154295245,103.50291909924937,260.88824020016676,204.26605504587152
0169115AR,4,63.62385321100917,123.59466221851542,357.08507089241033,293.46121768140114
0169126AR,4,46.88073394495413,106.85154295246038,260.5838198498749,213.70308590492075
0169184AR,4,52.0558798999166,101.6763969974979,292.8523769808173,240.79649708090074
0169211AR,4,53.273561301084236,111.41784820683903,281.2844036697247,228.01084236864048
0169282AR,4,49.924937447873226,91.9349457881568,299.24520433694744,249.32026688907422
0169347AR,4,42.9232693911593,115.07089241034194,279.7623019182652,236.83903252710593
0169350AR,4,50.22935779816514,98.93661384487072,309.8999165971643,259.67055879899914
0169358AR,4,52.66472060050042,131.814011676397,326.0341951626355,273.3694745621351
0169374AR,4,52.0558798999166,87.36864053377815,291.33027522935777,239.27439532944118
0169411AR,4,58.753127606338616,91.63052543786488,324.8165137614679,266.06338615512925
0169493AR,4,54.18682235195996,107.4603836530442,261.49708090075063,207.31025854879067
0169516AR,4,55.40450375312761,98.3277731442869,329.68723936613844,274.28273561301086
0169520AR,4,50.53377814845704,79.7581317764804,280.0667222685571,229.53294412010007
0169542AR,4,46.88073394495413,107.1559633027523,270.0208507089241,223.14011676396998
0169580AR,4,62.101751459549625,144.90408673894913,365.0,302.89824854045037
0169589AR,4,55.40450375312761,89.4995829858215,335.1668056713928,279.7623019182652
0169591AR,4,54.79566305254378,99.24103419516264,320.8590492076731,266.0633861551293
0169648AR,4,53.273561301084236,103.50291909924937,306.5512927439533,253.27773144286905
0169691AR,4,51.44703919933277,83.71559633027522,268.80316930775643,217.35613010842366
0169805AR,4,53.88240200166805,110.20016680567139,259.36613844870726,205.4837364470392
0169809AR,4,52.0558798999166,102.28523769808173,264.2368640533778,212.18098415346122
0169831AR,4,49.924937447873226,120.24603836530441,283.1109257714762,233.185988323603
0169905AR,4,54.79566305254378,112.33110925771476,256.6263552960801,201.8306922435363
0169965AR,4,52.0558798999166,96.19683069224352,301.0717264386989,249.01584653878228
0169983AR,4,59.970809007506254,195.13344453711426,365.0,305.02919099249374
0170000AR,4,51.751459549624684,127.24770642201834,308.68223519599667,256.930775646372
0170023AR,4,49.62051709758132,139.12010008340283,338.81984987489574,289.1993327773144
0170081AR,4,52.3603002502085,115.37531276063386,296.2010008340283,243.84070058381982
0170183AR,4,51.142618849040865,105.32944120100083,270.93411175979986,219.791492910759
0170229AR,4,59.05754795663052,92.2393661384487,336.68890742285237,277.63135946622185
0170256AR,4,55.10008340283569,120.85487906588824,340.9507923269391,285.8507089241034
0170258AR,4,53.88240200166805,84.62885738115095,262.10592160133444,208.2235195996664
0170273AR,4,66.05921601334445,123.89908256880733,365.0,298.94078398665556
0170302AR,4,56.013344453711426,107.7648040033361,259.9749791492911,203.96163469557965
0170313AR,4,52.0558798999166,93.15262718932443,278.24020016680566,226.18432026688907
0170403AR,4,59.970809007506254,100.76313594662219,296.2010008340283,236.23019182652206
0170416AR,4,61.18849040867389,106.54712260216847,365.0,303.8115095913261
0170437AR,4,53.88240200166805,99.84987489574645,331.5137614678899,277.63135946622185
0170464AR,4,50.22935779816514,83.1067556296914,273.9783152627189,223.74895746455377
0170551AR,4,52.3603002502085,78.54045037531276,277.02251876563804,224.66221851542954
0170587AR,4,52.66472060050042,103.19849874895746,365.0,312.3352793994996
0170650AR,4,55.10008340283569,102.58965804837365,308.68223519599667,253.58215179316096
0170687AR,4,60.27522935779816,101.6763969974979,356.4762301918265,296.2010008340284
0170716AR,4,54.18682235195996,85.8465387823186,365.0,310.81317764804004
0170717AR,4,55.10008340283569,91.32610508757297,365.0,309.8999165971643
0170760AR,4,56.31776480400334,105.93828190158466,273.9783152627189,217.6605504587156
0170884AR,4,54.79566305254378,112.63552960800668,290.4170141784821,235.6213511259383
0171071AR,4,56.622185154295245,126.03002502085072,258.4528773978315,201.83069224353628
0171386AR,4,47.18515429524603,121.46371976647205,360.7381150959132,313.55296080066717
0171420AR,4,55.70892410341951,118.41951626355295,365.0,309.2910758965805
0171512AR,4,52.0558798999166,104.720600500417,337.60216847372806,285.54628857381147
0175335AR,4,56.31776480400334,112.63552960800668,352.51876563803165,296.2010008340283
0175339AR,1,47.793994995829856,110.20016680567139,275.5004170141785,227.70642201834863
0175347AR,4,55.10008340283569,96.19683069224352,278.24020016680566,223.14011676396996
0175350AR,4,56.013344453711426,92.54378648874062,298.3319432860717,242.31859883236027
0175356AR,1,42.61884904086739,109.89574645537948,291.0258548790659,248.4070058381985
0175364AR,4,59.970809007506254,101.6763969974979,365.0,305.02919099249374
0175365AR,1,42.314428690575475,109.28690575479567,283.41534612176815,241.10091743119267
0175368AR,1,58.14428690575479,95.2835696413678,273.9783152627189,215.83402835696413
0175375AR,1,53.57798165137615,105.32944120100083,285.5462885738115,231.96830692243537
0175377AR,1,52.96914095079233,106.54712260216847,277.93577981651373,224.9666388657214
0175381AR,1,46.88073394495413,153.73227689741452,309.2910758965805,262.4103419516264
0175387AR,1,39.27022518765638,109.89574645537948,318.11926605504584,278.8490408673895
0175390AR,1,58.4487072560467,108.06922435362802,365.0,306.5512927439533
0175396AR,1,55.10008340283569,94.97914929107588,318.72810675562965,263.62802335279395
0175397AR,1,69.10341951626356,91.63052543786488,365.0,295.89658048373644
0175403AR,1,32.877397831526274,151.29691409507922,316.9015846538782,284.02418682235196
0175405AR,1,49.62051709758132,102.28523769808173,342.16847372810673,292.5479566305254
0175409AR,1,51.142618849040865,106.85154295246038,287.9816513761468,236.8390325271059
0175419AR,1,55.70892410341951,102.28523769808173,319.0325271059216,263.32360300250207
0175422AR,1,56.31776480400334,108.67806505421184,365.0,308.68223519599667
0175427AR,1,60.88407005838198,94.97914929107588,341.255212677231,280.37114261884903
0175428AR,1,57.53544620517097,97.71893244370307,332.73144286905756,275.1959966638866
0175430AR,1,60.27522935779816,100.45871559633028,336.68890742285237,276.4136780650542
0175432AR,1,50.22935779816514,104.720600500417,286.15512927439534,235.92577147623018
0175442AR,1,55.40450375312761,97.41451209341118,365.0,309.5954962468724
0175443AR,4,55.40450375312761,93.15262718932443,296.2010008340283,240.7964970809007
0175450AR,1,37.13928273561301,119.3327773144287,305.02919099249374,267.88990825688074
0175456AR,1,118.41951626355295,345.5170975813177,365.0,246.58048373644704
0175457AR,1,49.011676396997494,109.59132610508756,283.41534612176815,234.40366972477065
0175462AR,4,51.751459549624684,103.50291909924937,338.5154295246038,286.7639699749791
0175467AR,1,44.445371142618846,108.37364470391992,279.7623019182652,235.31693077564637
0175468AR,1,60.27522935779816,98.93661384487072,295.5921601334445,235.31693077564634
0175469AR,1,56.622185154295245,103.19849874895746,337.90658882402,281.2844036697247
0175470AR,4,58.753127606338616,89.4995829858215,291.6346955796497,232.8815679733111
0175471AR,1,54.79566305254378,110.50458715596329,287.0683903252711,232.2727272727273
0175477AR,1,58.753127606338616,105.32944120100083,278.8490408673895,220.09591326105087
0175479AR,1,57.53544620517097,93.45704753961634,365.0,307.46455379482904
0175488AR,1,29.52877397831526,147.64386989157632,308.98665554628855,279.4578815679733
0175489AR,4,54.79566305254378,94.06588824020017,282.5020850708924,227.70642201834863
0175496AR,4,52.3603002502085,98.93661384487072,307.1601334445371,254.7998331943286
0175497AR,1,39.57464553794829,204.87489574645537,263.0191826522102,223.4445371142619
0175499AR,4,43.83653044203503,109.28690575479567,273.3694745621351,229.53294412010007
0175504AR,1,52.66472060050042,97.71893244370307,301.0717264386989,248.40700583819847
0175509AR,1,54.491242702251874,114.46205170975811,316.2927439532944,261.8015012510425
0175515AR,1,54.18682235195996,106.24270225187655,291.9391159299416,237.75229357798162
0175518AR,1,52.66472060050042,101.371976647206,305.02919099249374,252.36447039199334
0175519AR,1,52.3603002502085,95.89241034195163,278.24020016680566,225.87989991659717
0175520AR,4,54.18682235195996,97.41451209341118,281.58882402001666,227.4020016680567
0175522AR,4,61.4929107589658,96.80567139282735,365.0,303.5070892410342
0175523AR,1,59.66638865721435,98.63219349457881,301.68056713928274,242.0141784820684
0175528AR,4,52.3603002502085,97.11009174311927,291.9391159299416,239.57881567973308
0175529AR,1,55.10008340283569,95.89241034195163,365.0,309.8999165971643
0175532AR,1,52.3603002502085,110.50458715596329,258.75729774812345,206.39699749791495
0175536AR,1,57.83986655546288,105.63386155129274,300.4628857381151,242.62301918265223
0175537AR,1,35.00834028356964,115.98415346121769,365.0,329.9916597164304
0175538AR,4,52.66472060050042,97.41451209341118,365.0,312.3352793994996
0175539AR,4,75.80066722268558,316.9015846538782,365.0,289.19933277731445
0175552AR,1,64.5371142618849,126.63886572143451,365.0,300.4628857381151
0175555AR,1,56.92660550458715,104.1117597998332,301.68056713928274,244.7539616346956
0175556AR,1,58.4487072560467,98.63219349457881,365.0,306.5512927439533
0175560AR,1,63.01501251042536,91.02168473728106,336.9933277731443,273.9783152627189
0175565AR,1,58.14428690575479,100.76313594662219,324.8165137614679,266.6722268557131
0175567AR,4,53.273561301084236,95.2835696413678,283.1109257714762,229.83736447039198
0175570AR,1,58.14428690575479,103.50291909924937,277.3269391159299,219.18265221017512
0175580AR,1,54.491242702251874,100.76313594662219,298.9407839866555,244.44954128440364
0175582AR,1,44.445371142618846,125.42118432026689,285.5462885738115,241.10091743119267
0175584AR,1,50.83819849874895,99.84987489574645,284.0241868223519,233.18598832360294
0175587AR,4,54.18682235195996,92.84820683903251,287.67723102585484,233.49040867389488
0175588AR,1,55.40450375312761,93.45704753961634,365.0,309.5954962468724
0175589AR,1,39.27022518765638,120.24603836530441,281.2844036697247,242.01417848206836
0175590AR,4,54.491242702251874,98.02335279399499,278.24020016680566,223.7489574645538
0175593AR,1,55.40450375312761,97.71893244370307,365.0,309.5954962468724
0175598AR,1,60.88407005838198,112.02668890742285,299.24520433694744,238.36113427856546
0175601AR,4,57.53544620517097,117.50625521267723,345.21267723102585,287.6772310258549
0175605AR,1,43.532110091743114,119.63719766472059,292.2435362802335,248.7114261884904
0175607AR,1,57.83986655546288,99.54545454545453,293.46121768140114,235.62135112593825
0175608AR,4,54.491242702251874,92.84820683903251,291.0258548790659,236.53461217681402
0175610AR,4,54.79566305254378,98.93661384487072,261.49708090075063,206.70141784820686
0175613AR,1,52.0558798999166,105.93828190158466,284.6330275229358,232.5771476230192
0175614AR,1,38.965804837364466,117.50625521267723,306.8557130942452,267.8899082568807
0175617AR,1,53.57798165137615,104.1117597998332,282.5020850708924,228.92410341951626
0175623AR,1,46.57631359466222,100.15429524603836,299.85404503753125,253.27773144286903
0175627AR,4,56.31776480400334,92.2393661384487,342.47289407839867,286.15512927439534
0175645AR,4,63.928273561301076,87.06422018348623,354.0408673894912,290.11259382819014
0175657AR,1,54.18682235195996,94.67472894078398,326.33861551292745,272.1517931609675
0175660AR,1,49.924937447873226,103.19849874895746,306.5512927439533,256.6263552960801
0175667AR,1,62.101751459549625,84.02001668056714,365.0,302.89824854045037
0175673AR,1,50.53377814845704,109.59132610508756,286.15512927439534,235.6213511259383
0175676AR,4,51.142618849040865,96.50125104253544,318.11926605504584,266.976647206005
0175677AR,4,56.622185154295245,97.71893244370307,335.7756463719766,279.15346121768135
0175682AR,1,44.445371142618846,123.29024186822352,290.72143452877395,246.2760633861551
0175683AR,4,57.83986655546288,100.15429524603836,365.0,307.1601334445371
0175690AR,1,57.53544620517097,245.66722268557132,365.0,307.46455379482904
0175696AR,1,47.48957464553794,109.59132610508756,288.8949124270225,241.40533778148458
0175700AR,1,52.3603002502085,107.4603836530442,330.90492076730607,278.54462051709754
0175704AR,1,43.83653044203503,100.45871559633028,365.0,321.16346955796496
0175705AR,4,57.53544620517097,101.98081734778982,365.0,307.46455379482904
0175706AR,4,47.18515429524603,107.4603836530442,314.4662218515429,267.2810675562969
0175707AR,1,45.054211843202665,98.63219349457881,365.0,319.94578815679733
0175724AR,1,51.751459549624684,121.76814011676396,334.557964970809,282.8065054211843
0175727AR,4,51.142618849040865,99.84987489574645,320.55462885738115,269.4120100083403
0175729AR,1,53.57798165137615,102.58965804837365,365.0,311.42201834862385
0175730AR,1,53.88240200166805,105.63386155129274,291.6346955796497,237.75229357798165
0175731AR,4,55.10008340283569,97.71893244370307,277.02251876563804,221.92243536280233
0175736AR,1,56.31776480400334,104.1117597998332,268.80316930775643,212.4854045037531
0175737AR,1,59.361968306922435,103.50291909924937,292.2435362802335,232.88156797331106
0175738AR,1,56.31776480400334,110.20016680567139,282.19766472060047,225.87989991659714
0175739AR,1,55.70892410341951,142.77314428690576,312.03085904920766,256.32193494578814
0175741AR,1,62.710592160133444,103.19849874895746,365.0,302.28940783986656
0175742AR,1,57.23102585487906,102.89407839866554,266.67222685571306,209.441201000834
0175743AR,4,52.66472060050042,101.06755629691408,275.19599666388655,222.53127606338614
0175757AR,1,40.48790658882402,143.68640533778148,287.67723102585484,247.18932443703082
0175765AR,1,57.53544620517097,99.54545454545453,291.9391159299416,234.40366972477062
0175772AR,1,57.83986655546288,96.80567139282735,287.67723102585484,229.83736447039195
0175781AR,4,53.88240200166805,100.45871559633028,277.02251876563804,223.14011676396998
0175783AR,1,60.27522935779816,108.06922435362802,327.2518765638032,266.97664720600505
0175786AR,4,53.57798165137615,116.5929941618015,356.1718098415346,302.59382819015843
0175795AR,1,52.3603002502085,101.98081734778982,276.1092577147623,223.7489574645538
0175799AR,4,52.96914095079233,99.84987489574645,272.1517931609675,219.18265221017515
0175801AR,1,44.14095079232694,114.15763135946622,282.5020850708924,238.36113427856546
0175804AR,4,55.40450375312761,96.19683069224352,284.93744787322765,229.53294412010004
0175805AR,4,53.88240200166805,94.06588824020017,293.46121768140114,239.57881567973308
0175810AR,4,56.622185154295245,101.6763969974979,299.24520433694744,242.6230191826522
0175820AR,1,50.22935779816514,105.32944120100083,289.80817347789826,239.5788156797331
0175824AR,1,61.79733110925771,104.720600500417,326.33861551292745,264.54128440366975
0175826AR,1,56.622185154295245,97.41451209341118,341.8640533778148,285.24186822351953
0175827AR,4,49.31609674728941,102.89407839866554,279.4578815679733,230.14178482068388
0175830AR,1,57.53544620517097,97.41451209341118,315.6839032527106,258.14845704753964
0175846AR,1,58.753127606338616,100.15429524603836,284.3286071726439,225.5754795663053
0175849AR,4,55.40450375312761,96.19683069224352,288.5904920767306,233.18598832360297
0175854AR,1,60.579649708090066,141.5554628857381,357.38949124270226,296.8098415346122
0175855AR,1,35.92160133444537,95.89241034195163,365.0,329.07839866555463
0175856AR,1,59.361968306922435,101.98081734778982,308.98665554628855,249.6246872393661
0175858AR,4,50.83819849874895,99.84987489574645,288.8949124270225,238.05671392827355
0175867AR,1,60.88407005838198,92.54378648874062,365.0,304.115929941618
0175875AR,1,61.79733110925771,225.57547956630526,365.0,303.2026688907423
0175883AR,1,57.53544620517097,110.50458715596329,287.37281067556296,229.837364470392
0175890AR,1,59.361968306922435,99.54545454545453,332.73144286905756,273.3694745621351
0175892AR,1,56.92660550458715,107.1559633027523,290.72143452877395,233.7948290241868
0175894AR,4,52.66472060050042,98.3277731442869,277.3269391159299,224.66221851542952
0175895AR,4,57.23102585487906,98.02335279399499,300.1584653878232,242.92743953294413
0175897AR,1,57.23102585487906,99.54545454545453,336.68890742285237,279.4578815679733
0175899AR,1,57.53544620517097,96.80567139282735,365.0,307.46455379482904
0175902AR,1,59.361968306922435,96.50125104253544,365.0,305.63803169307755
0175913AR,1,60.88407005838198,90.10842368640533,365.0,304.115929941618
0175915AR,4,56.013344453711426,107.7648040033361,361.9557964970809,305.9424520433695
0175918AR,1,61.79733110925771,97.11009174311927,365.0,303.2026688907423
0175925AR,1,35.92160133444537,153.12343619683068,308.98665554628855,273.0650542118432
0175929AR,1,51.142618849040865,108.98248540450375,292.54795663052545,241.40533778148458
0175941AR,4,58.4487072560467,90.10842368640533,274.89157631359467,216.44286905754797
0175943AR,1,54.18682235195996,101.6763969974979,290.11259382819014,235.92577147623018
0175944AR,1,46.27189324437031,115.37531276063386,273.3694745621351,227.0975813177648
0175946AR,4,53.88240200166805,102.28523769808173,280.37114261884903,226.48874061718098
0175948AR,4,52.66472060050042,89.4995829858215,276.1092577147623,223.4445371142619
0175954AR,1,41.09674728940784,94.67472894078398,313.5529608006672,272.45621351125936
0175958AR,1,53.57798165137615,102.58965804837365,274.58715596330273,221.00917431192659
0175962AR,4,54.79566305254378,124.20350291909925,365.0,310.2043369474562
0175963AR,1,60.27522935779816,98.63219349457881,365.0,304.72477064220186
0175964AR,4,52.66472060050042,101.6763969974979,365.0,312.3352793994996
0175975AR,4,53.273561301084236,96.50125104253544,313.85738115095916,260.58381984987494
0175976AR,1,59.05754795663052,101.06755629691408,314.77064220183485,255.71309424520433
0175979AR,1,57.53544620517097,99.54545454545453,273.3694745621351,215.83402835696415
0175985AR,1,61.18849040867389,95.2835696413678,326.33861551292745,265.15012510425356
0175986AR,1,63.928273561301076,92.2393661384487,360.7381150959132,296.80984153461213
0175987AR,4,54.79566305254378,98.93661384487072,276.4136780650542,221.61801501251045
0175989AR,1,59.66638865721435,99.84987489574645,315.37948290241866,255.7130942452043
0175990AR,4,60.88407005838198,186.00083402835693,365.0,304.115929941618
0175992AR,1,55.10008340283569,147.64386989157632,300.1584653878232,245.05838198498748
0175993AR,1,40.79232693911593,82.80233527939949,365.0,324.2076730608841
0175994AR,4,54.18682235195996,91.9349457881568,293.7656380316931,239.5788156797331
0175998AR,1,59.361968306922435,91.02168473728106,292.2435362802335,232.88156797331106
0176003AR,1,51.142618849040865,105.63386155129274,252.06005004170143,200.91743119266056
0176006AR,4,57.23102585487906,99.24103419516264,361.34695579649707,304.115929941618
0176009AR,4,59.361968306922435,98.63219349457881,356.78065054211845,297.418682235196
0176010AR,4,52.3603002502085,101.06755629691408,273.67389491242704,221.31359466221855
0176012AR,1,59.66638865721435,99.84987489574645,340.64637197664723,280.9799833194329
0176014AR,4,60.579649708090066,91.9349457881568,302.89824854045037,242.3185988323603
0176024AR,4,54.18682235195996,95.58798999165971,271.5429524603836,217.35613010842366
0176025AR,1,58.4487072560467,97.41451209341118,305.9424520433695,247.49374478732278
0176030AR,1,46.27189324437031,115.67973311092577,284.93744787322765,238.66555462885734
0176034AR,1,64.23269391159299,119.3327773144287,343.0817347789825,278.8490408673895
0176037AR,4,56.622185154295245,102.28523769808173,359.8248540450375,303.20266889074225
0176041AR,1,61.18849040867389,92.54378648874062,365.0,303.8115095913261
0176045AR,4,57.23102585487906,87.67306088407005,326.0341951626355,268.80316930775643
0176046AR,4,60.579649708090066,100.15429524603836,313.2485404503753,252.6688907422852
0176050AR,1,60.27522935779816,102.28523769808173,365.0,304.72477064220186
0176052AR,1,36.834862385321095,100.15429524603836,273.67389491242704,236.83903252710596
0176054AR,1,42.01000834028357,109.59132610508756,294.3744787322769,252.3644703919933
0176057AR,1,13.698915763135945,153.4278565471226,297.72310258548794,284.02418682235196
0176066AR,4,51.142618849040865,98.3277731442869,365.0,313.85738115095916
0176067AR,1,34.70391993327773,108.67806505421184,291.6346955796497,256.93077564637196
0176071AR,1,43.83653044203503,112.63552960800668,273.67389491242704,229.837364470392
0176072AR,4,58.4487072560467,101.371976647206,280.0667222685571,221.6180150125104
0176074AR,1,52.96914095079233,103.19849874895746,293.46121768140114,240.4920767306088
0176075AR,4,55.70892410341951,91.9349457881568,305.63803169307755,249.92910758965803
0176076AR,4,51.44703919933277,93.15262718932443,321.16346955796496,269.7164303586322
0176081AR,4,38.05254378648874,112.93994995829857,277.63135946622185,239.5788156797331
0176085AR,1,48.402835696413675,102.28523769808173,267.5854879065888,219.18265221017515
0176087AR,4,51.751459549624684,96.80567139282735,284.3286071726439,232.57714762301921
0176093AR,1,58.14428690575479,98.02335279399499,365.0,306.85571309424523
0176097AR,1,56.31776480400334,99.84987489574645,339.42869057547955,283.1109257714762
0176101AR,1,56.622185154295245,111.41784820683903,365.0,308.37781484570473
0176105AR,1,52.0558798999166,109.89574645537948,298.0275229357798,245.97164303586322
0176111AR,1,59.66638865721435,98.93661384487072,365.0,305.3336113427857
0176112AR,4,56.92660550458715,98.02335279399499,279.7623019182652,222.83569641367808
0176116AR,4,60.27522935779816,100.76313594662219,311.72643869891573,251.45120934111756
0176117AR,1,46.88073394495413,108.98248540450375,274.2827356130108,227.40200166805667
0176120AR,1,60.27522935779816,98.02335279399499,365.0,304.72477064220186
0176129AR,4,43.532110091743114,242.0141784820684,365.0,321.4678899082569
0176133AR,4,66.66805671392827,171.9974979149291,364.69557964970807,298.0275229357798
0176134AR,1,53.57798165137615,104.41618015012509,315.98832360300247,262.4103419516263
0176137AR,1,56.31776480400334,94.37030859049206,365.0,308.68223519599667
0176141AR,1,49.924937447873226,102.89407839866554,280.0667222685571,230.14178482068388
0176151AR,4,51.44703919933277,98.63219349457881,273.9783152627189,222.53127606338614
0176152AR,1,59.970809007506254,96.50125104253544,365.0,305.02919099249374
0176154AR,1,42.314428690575475,105.63386155129274,365.0,322.6855713094245
0176155AR,1,53.273561301084236,103.80733944954129,281.2844036697247,228.01084236864048
0176157AR,4,59.05754795663052,105.63386155129274,365.0,305.9424520433695
0176160AR,4,60.27522935779816,97.71893244370307,276.1092577147623,215.83402835696413
0176169AR,1,58.753127606338616,89.4995829858215,365.0,306.24687239366136
0176173AR,1,55.40450375312761,100.76313594662219,273.0650542118432,217.66055045871556
0176174AR,1,57.83986655546288,111.41784820683903,293.46121768140114,235.62135112593825
0176186AR,4,61.79733110925771,98.93661384487072,365.0,303.2026688907423
0176196AR,1,59.66638865721435,99.24103419516264,327.86071726438695,268.1943286071726
0176197AR,4,54.491242702251874,94.67472894078398,310.5087572977481,256.0175145954962
0176209AR,4,57.23102585487906,83.1067556296914,286.76396997497915,229.5329441201001
0176214AR,1,54.18682235195996,98.3277731442869,269.7164303586322,215.52960800667222
0176218AR,4,55.70892410341951,107.1559633027523,258.1484570475396,202.43953294412006
0176219AR,1,32.57297748123436,126.03002502085072,285.8507089241034,253.27773144286903
0176220AR,4,54.18682235195996,97.71893244370307,295.89658048373644,241.70975813177648
0176222AR,1,56.622185154295245,102.28523769808173,342.16847372810673,285.54628857381147
0176226AR,1,45.663052543786485,101.98081734778982,365.0,319.3369474562135
0176230AR,4,66.05921601334445,325.4253544620517,365.0,298.94078398665556
0176233AR,1,53.88240200166805,95.58798999165971,365.0,311.117597998332
0176236AR,4,58.4487072560467,96.19683069224352,309.59549624687236,251.14678899082566
0176240AR,4,56.31776480400334,92.2393661384487,280.37114261884903,224.0533778148457
0176243AR,1,52.66472060050042,101.98081734778982,322.6855713094245,270.0208507089241
0176244AR,4,53.88240200166805,92.84820683903251,365.0,311.117597998332
0176245AR,4,48.70725604670559,106.54712260216847,306.8557130942452,258.1484570475396
0176246AR,1,56.622185154295245,96.19683069224352,299.5496246872394,242.92743953294413
0176250AR,4,51.751459549624684,96.19683069224352,273.0650542118432,221.3135946622185
0176255AR,1,52.96914095079233,106.54712260216847,285.8507089241034,232.88156797331106
0176259AR,1,48.09841534612176,107.7648040033361,282.8065054211843,234.70809007506253
0176262AR,1,48.70725604670559,104.720600500417,365.0,316.2927439532944
0176277AR,1,55.10008340283569,113.5487906588824,328.46955796497076,273.36947456213505
0176278AR,1,45.9674728940784,112.33110925771476,289.50375312760633,243.53628023352792
0176279AR,4,57.23102585487906,97.71893244370307,268.1943286071726,210.96330275229357
0176282AR,1,55.70892410341951,99.24103419516264,284.93744787322765,229.22852376980813
0176284AR,4,59.361968306922435,200.61301084236862,365.0,305.63803169307755
0176286AR,1,49.924937447873226,110.50458715596329,286.76396997497915,236.83903252710593
0176289AR,1,56.92660550458715,104.41618015012509,306.8557130942452,249.92910758965803
0176290AR,4,56.013344453711426,90.10842368640533,275.5004170141785,219.48707256046706
0176291AR,1,53.88240200166805,105.32944120100083,337.60216847372806,283.71976647206003
0176292AR,1,57.53544620517097,101.371976647206,293.15679733110926,235.6213511259383
0176296AR,1,60.27522935779816,134.55379482902418,292.8523769808173,232.57714762301916
0176301AR,1,60.27522935779816,90.41284403669724,365.0,304.72477064220186
0176302AR,1,59.66638865721435,97.11009174311927,311.72643869891573,252.06005004170137
0176307AR,1,31.65971643035863,109.89574645537948,312.33527939949954,280.6755629691409
0176309AR,4,54.491242702251874,107.7648040033361,365.0,310.5087572977481
0176310AR,1,37.74812343619683,117.50625521267723,277.3269391159299,239.57881567973308
0176314AR,4,52.96914095079233,96.19683069224352,277.93577981651373,224.9666388657214
0176317AR,1,53.88240200166805,113.5487906588824,365.0,311.117597998332
0176318AR,4,56.31776480400334,104.720600500417,332.1226021684737,275.80483736447036
0176323AR,1,74.58298582151792,106.54712260216847,175.0417014178482,100.45871559633028
0176324AR,4,59.05754795663052,94.06588824020017,310.81317764804,251.75562969140947
0176329AR,1,44.74979149291075,105.63386155129274,278.54462051709754,233.79482902418678
0176332AR,1,54.491242702251874,104.41618015012509,289.50375312760633,235.01251042535446
0176339AR,1,46.57631359466222,110.50458715596329,288.8949124270225,242.3185988323603
0176342AR,1,59.66638865721435,98.3277731442869,236.534612176814,176.86822351959964
0176351AR,1,57.53544620517097,108.67806505421184,321.16346955796496,263.628023352794
0176353AR,1,47.793994995829856,107.4603836530442,287.9816513761468,240.18765638031692
0176355AR,1,59.66638865721435,97.11009174311927,365.0,305.3336113427857
0176358AR,1,59.05754795663052,99.54545454545453,305.02919099249374,245.97164303586322
0176359AR,1,56.622185154295245,99.84987489574645,309.2910758965805,252.66889074228524
0176361AR,1,54.79566305254378,152.51459549624687,292.54795663052545,237.75229357798167
0176362AR,4,54.491242702251874,96.50125104253544,268.1943286071726,213.70308590492075
0176369AR,1,59.05754795663052,92.2393661384487,365.0,305.9424520433695
0176371AR,1,60.88407005838198,98.3277731442869,336.38448707256043,275.5004170141784
0176377AR,1,56.013344453711426,90.41284403669724,365.0,308.9866555462886
0176378AR,1,57.53544620517097,98.02335279399499,365.0,307.46455379482904
0176383AR,1,56.92660550458715,105.63386155129274,284.93744787322765,228.0108423686405
0176384AR,1,54.79566305254378,107.4603836530442,278.8490408673895,224.0533778148457
0176387AR,1,39.27022518765638,117.81067556296912,273.67389491242704,234.40366972477068
0176388AR,1,60.579649708090066,95.2835696413678,311.72643869891573,251.14678899082566
0176391AR,1,53.57798165137615,113.24437030859049,291.0258548790659,237.44787322768974
0176392AR,1,29.22435362802335,150.6880733944954,291.9391159299416,262.7147623019182
0176394AR,4,55.70892410341951,92.2393661384487,365.0,309.2910758965805
0176397AR,1,59.970809007506254,97.11009174311927,244.44954128440367,184.4787322768974
0176398AR,1,27.39783152627189,165.60467055879897,306.24687239366136,278.8490408673895
0176401AR,1,55.70892410341951,103.80733944954129,290.11259382819014,234.40366972477062
0176409AR,1,60.27522935779816,99.24103419516264,303.8115095913261,243.53628023352795
0176413AR,4,57.23102585487906,126.03002502085072,361.0425354462052,303.8115095913261
0176419AR,4,50.53377814845704,106.85154295246038,276.7180984153461,226.18432026688907
0176423AR,1,61.18849040867389,96.50125104253544,301.9849874895746,240.79649708090074
0176425AR,1,61.4929107589658,108.06922435362802,361.34695579649707,299.85404503753125
0176431AR,1,58.753127606338616,97.71893244370307,289.50375312760633,230.75062552126772
0176440AR,1,58.4487072560467,104.1117597998332,289.1993327773144,230.7506255212677
0176442AR,1,51.751459549624684,105.32944120100083,285.8507089241034,234.09924937447872
0176447AR,1,42.9232693911593,112.63552960800668,352.51876563803165,309.59549624687236
0176449AR,1,56.013344453711426,100.76313594662219,318.72810675562965,262.7147623019182
0176450AR,1,63.928273561301076,161.34278565471226,363.47789824854044,299.5496246872394
0176452AR,1,50.22935779816514,111.72226855713093,278.54462051709754,228.3152627189324
0176457AR,1,55.10008340283569,104.41618015012509,319.0325271059216,263.9324437030859
0176463AR,4,53.88240200166805,93.45704753961634,326.33861551292745,272.4562135112594
0176468AR,4,52.66472060050042,96.80567139282735,315.98832360300247,263.32360300250207
0176469AR,4,53.273561301084236,100.15429524603836,283.41534612176815,230.1417848206839
0176471AR,1,56.622185154295245,100.45871559633028,329.68723936613844,273.0650542118432
0176481AR,1,58.14428690575479,106.54712260216847,365.0,306.85571309424523
0176490AR,1,59.66638865721435,92.2393661384487,297.72310258548794,238.05671392827358
0176500AR,1,61.18849040867389,165.9090909090909,273.0650542118432,211.8765638031693
0176505AR,1,60.88407005838198,91.63052543786488,340.3419516263553,279.45788156797335
0176510AR,1,59.970809007506254,95.89241034195163,296.2010008340283,236.23019182652206
0176513AR,1,48.70725604670559,104.41618015012509,280.97998331943285,232.27272727272725
0176519AR,1,58.14428690575479,96.80567139282735,305.9424520433695,247.7981651376147
0176521AR,4,56.622185154295245,95.89241034195163,320.55462885738115,263.9324437030859
0176530AR,1,57.23102585487906,99.84987489574645,292.2435362802335,235.01251042535446
0176531AR,1,43.22768974145121,119.3327773144287,277.63135946622185,234.40366972477065
0176532AR,1,58.4487072560467,98.93661384487072,274.89157631359467,216.44286905754797
0176538AR,1,57.23102585487906,113.24437030859049,300.767306088407,243.53628023352795
0176546AR,1,52.3603002502085,104.41618015012509,295.28773978315263,242.92743953294413
0176547AR,1,55.40450375312761,98.63219349457881,351.60550458715596,296.2010008340284
0176554AR,4,57.83986655546288,97.41451209341118,280.37114261884903,222.53127606338614
0176555AR,1,46.88073394495413,112.33110925771476,303.8115095913261,256.930775646372
0176556AR,1,56.622185154295245,104.1117597998332,290.72143452877395,234.09924937447872
0176561AR,1,59.361968306922435,135.162635529608,313.85738115095916,254.4954128440367
0176562AR,4,46.88073394495413,105.02502085070891,315.37948290241866,268.4987489574645
0176564AR,1,43.532110091743114,107.7648040033361,346.1259382819016,302.5938281901585
0176573AR,4,56.92660550458715,95.89241034195163,276.1092577147623,219.18265221017515
0176575AR,4,56.92660550458715,92.2393661384487,327.2518765638032,270.32527105921605
0176578AR,1,60.88407005838198,101.371976647206,365.0,304.115929941618
0176582AR,1,51.44703919933277,115.07089241034194,289.1993327773144,237.75229357798162
0176589AR,4,53.88240200166805,94.37030859049206,286.4595496246872,232.57714762301916
0176590AR,1,57.23102585487906,101.371976647206,307.1601334445371,249.92910758965806
0176593AR,4,56.622185154295245,92.54378648874062,258.1484570475396,201.52627189324434
0176595AR,1,54.491242702251874,100.15429524603836,365.0,310.5087572977481
0176596AR,1,56.31776480400334,116.5929941618015,317.81484570475396,261.49708090075063
0176603AR,1,51.44703919933277,111.1134278565471,291.33027522935777,239.883236030025
0176613AR,1,19.482902418682233,112.63552960800668,284.93744787322765,265.45454545454544
0176615AR,1,54.491242702251874,91.63052543786488,365.0,310.5087572977481
0176616AR,4,52.0558798999166,100.45871559633028,275.5004170141785,223.4445371142619
0176617AR,1,55.40450375312761,102.89407839866554,283.41534612176815,228.01084236864054
0176623AR,1,60.579649708090066,93.15262718932443,365.0,304.4203502919099
0176625AR,4,48.09841534612176,95.2835696413678,296.50542118432026,248.4070058381985
0176628AR,1,55.40450375312761,95.2835696413678,319.6413678065054,264.2368640533778
0176637AR,1,51.751459549624684,106.54712260216847,278.54462051709754,226.79316096747286
0176643AR,4,56.31776480400334,100.15429524603836,293.46121768140114,237.1434528773978
0176644AR,1,57.83986655546288,99.84987489574645,238.9699749791493,181.1301084236864
0176648AR,1,57.23102585487906,102.28523769808173,290.11259382819014,232.8815679733111
0176650AR,4,54.18682235195996,96.80567139282735,273.67389491242704,219.48707256046708
0176655AR,4,56.92660550458715,98.3277731442869,365.0,308.07339449541286
0176658AR,1,38.05254378648874,119.94161801501251,287.37281067556296,249.32026688907422
0176661AR,1,52.3603002502085,113.5487906588824,277.63135946622185,225.27105921601336
0176662AR,4,60.579649708090066,195.7422852376981,365.0,304.4203502919099
0176664AR,1,56.92660550458715,90.71726438698916,365.0,308.07339449541286
0176665AR,4,53.273561301084236,104.720600500417,294.070058381985,240.79649708090076
0176669AR,1,58.753127606338616,102.89407839866554,365.0,306.24687239366136
0176672AR,1,56.013344453711426,102.58965804837365,365.0,308.9866555462886
0176676AR,1,59.05754795663052,92.54378648874062,320.2502085070892,261.1926605504587
0176680AR,1,57.23102585487906,94.37030859049206,365.0,307.7689741451209
0176682AR,4,54.491242702251874,97.41451209341118,311.117597998332,256.6263552960801
0176687AR,1,31.964136780650538,114.15763135946622,295.5921601334445,263.62802335279395
0176689AR,1,47.793994995829856,109.89574645537948,277.63135946622185,229.837364470392
0176691AR,1,51.751459549624684,112.02668890742285,291.0258548790659,239.2743953294412
0176692AR,1,31.355296080066722,205.78815679733108,305.63803169307755,274.2827356130108
0176693AR,1,47.793994995829856,95.58798999165971,297.41868223519594,249.6246872393661
0176705AR,4,52.3603002502085,96.80567139282735,289.80817347789826,237.44787322768977
0176708AR,1,60.27522935779816,96.80567139282735,308.98665554628855,248.71142618849038
0176715AR,1,147.33944954128438,317.81484570475396,365.0,217.66055045871562
0176718AR,1,58.753127606338616,100.76313594662219,289.1993327773144,230.4462051709758
0176722AR,1,53.273561301084236,106.85154295246038,316.2927439532944,263.0191826522102
0176724AR,4,55.70892410341951,90.71726438698916,365.0,309.2910758965805
0176730AR,1,59.66638865721435,96.19683069224352,329.07839866555463,269.4120100083403
0176746AR,4,55.40450375312761,87.67306088407005,283.71976647206003,228.31526271893242
0176761AR,4,61.79733110925771,88.28190158465388,307.7689741451209,245.97164303586322
0176763AR,1,55.70892410341951,97.71893244370307,365.0,309.2910758965805
0176766AR,1,56.31776480400334,99.84987489574645,365.0,308.68223519599667
0176769AR,1,61.18849040867389,97.11009174311927,279.4578815679733,218.2693911592994
0176772AR,1,23.74478732276897,157.99416180150124,291.33027522935777,267.5854879065888
0176774AR,1,47.48957464553794,110.80900750625521,314.77064220183485,267.2810675562969
0176779AR,4,58.753127606338616,172.60633861551293,365.0,306.24687239366136
0176784AR,1,100.15429524603836,312.9441201000834,364.39115929941613,264.23686405337776
0176790AR,1,50.83819849874895,109.28690575479567,260.88824020016676,210.0500417014178
0176791AR,1,59.05754795663052,100.15429524603836,335.47122602168474,276.4136780650542
0176793AR,1,54.79566305254378,103.50291909924937,365.0,310.2043369474562
0176794AR,1,49.31609674728941,105.63386155129274,272.7606338615513,223.4445371142619
0176800AR,1,58.753127606338616,103.50291909924937,325.4253544620517,266.67222685571306
0176801AR,1,40.79232693911593,119.63719766472059,312.6396997497915,271.84737281067555
0176808AR,1,64.23269391159299,221.92243536280233,365.0,300.767306088407
0176821AR,1,26.18015012510425,113.24437030859049,365.0,338.81984987489574
0176823AR,4,58.14428690575479,219.79149291075896,365.0,306.85571309424523
0176825AR,1,56.31776480400334,96.19683069224352,365.0,308.68223519599667
0176826AR,1,45.9674728940784,111.41784820683903,277.02251876563804,231.05504587155963
0176829AR,1,50.53377814845704,112.33110925771476,300.1584653878232,249.62468723936615
0176835AR,1,54.491242702251874,103.19849874895746,337.60216847372806,283.11092577147616
0176841AR,1,56.013344453711426,101.06755629691408,309.8999165971643,253.88657214345287
0176843AR,4,55.40450375312761,86.75979983319432,320.55462885738115,265.15012510425356
0176855AR,1,60.579649708090066,133.03169307756463,306.5512927439533,245.97164303586322
0176857AR,4,52.3603002502085,106.24270225187655,244.75396163469557,192.39366138448707
0176860AR,4,55.70892410341951,95.89241034195163,312.33527939949954,256.62635529608
0176869AR,4,51.751459549624684,99.84987489574645,291.6346955796497,239.88323603002502
0176871AR,1,48.402835696413675,109.89574645537948,303.2026688907423,254.79983319432864
0176875AR,1,55.40450375312761,104.720600500417,278.24020016680566,222.83569641367805
0176876AR,4,64.23269391159299,141.5554628857381,360.7381150959132,296.5054211843202
0176877AR,4,56.31776480400334,179.60800667222685,336.08006672226855,279.7623019182652
0176879AR,1,58.753127606338616,98.93661384487072,271.84737281067555,213.09424520433694
0176888AR,1,51.751459549624684,101.6763969974979,286.4595496246872,234.70809007506253
0176889AR,4,55.40450375312761,96.50125104253544,296.50542118432026,241.10091743119264
0176892AR,4,53.88240200166805,93.15262718932443,291.9391159299416,238.05671392827352
0176893AR,1,59.66638865721435,90.71726438698916,365.0,305.3336113427857
0176895AR,1,40.183486238532105,114.46205170975811,300.4628857381151,260.279399499583
0176903AR,1,42.314428690575475,114.46205170975811,286.15512927439534,243.84070058381985
0176905AR,1,59.970809007506254,101.371976647206,290.72143452877395,230.7506255212677
0176910AR,4,56.622185154295245,91.63052543786488,253.27773144286903,196.6555462885738
0176913AR,1,58.14428690575479,102.89407839866554,313.5529608006672,255.40867389491243
0176917AR,1,57.53544620517097,96.50125104253544,339.7331109257715,282.1976647206005
0176919AR,1,59.05754795663052,97.41451209341118,295.5921601334445,236.534612176814
0176926AR,1,61.79733110925771,95.2835696413678,315.98832360300247,254.19099249374477
0176933AR,4,53.57798165137615,113.8532110091743,365.0,311.42201834862385
0176942AR,1,59.66638865721435,98.63219349457881,312.03085904920766,252.3644703919933
0176944AR,4,59.361968306922435,94.97914929107588,365.0,305.63803169307755
0176947AR,1,58.4487072560467,104.1117597998332,305.3336113427856,246.8849040867389
0176950AR,1,59.361968306922435,99.24103419516264,365.0,305.63803169307755
0176952AR,1,54.491242702251874,94.06588824020017,365.0,310.5087572977481
0176955AR,4,53.88240200166805,102.58965804837365,273.67389491242704,219.791492910759
0176956AR,1,59.970809007506254,94.97914929107588,365.0,305.02919099249374
0176962AR,1,0.0,0.0,37.44370308590492,37.44370308590492
0176963AR,1,52.96914095079233,105.32944120100083,292.54795663052545,239.5788156797331
0176974AR,4,52.3603002502085,95.89241034195163,284.3286071726439,231.9683069224354
0176975AR,1,56.31776480400334,101.06755629691408,365.0,308.68223519599667
0176980AR,1,60.88407005838198,93.76146788990826,332.1226021684737,271.2385321100917
0176981AR,4,56.92660550458715,96.50125104253544,299.5496246872394,242.62301918265223
0176984AR,1,60.27522935779816,110.80900750625521,365.0,304.72477064220186
0176986AR,1,61.18849040867389,97.41451209341118,297.11426188490407,235.92577147623018
0176989AR,4,52.66472060050042,92.54378648874062,365.0,312.3352793994996
0176991AR,1,39.8790658882402,105.32944120100083,278.24020016680566,238.36113427856546
0176994AR,4,54.79566305254378,96.80567139282735,295.5921601334445,240.79649708090074
0176995AR,1,60.88407005838198,102.58965804837365,346.7347789824854,285.8507089241034
0176999AR,4,56.92660550458715,93.76146788990826,364.08673894912425,307.1601334445371
0177003AR,4,56.013344453711426,90.10842368640533,365.0,308.9866555462886
0177006AR,1,59.361968306922435,98.02335279399499,274.89157631359467,215.52960800667222
0177013AR,1,46.27189324437031,115.07089241034194,281.8932443703086,235.62135112593828
0177025AR,1,46.27189324437031,108.37364470391992,273.67389491242704,227.40200166805673
0177026AR,4,55.70892410341951,140.9466221851543,352.8231859883236,297.11426188490407
0177029AR,4,57.83986655546288,101.6763969974979,365.0,307.1601334445371
0177032AR,4,56.013344453711426,97.41451209341118,319.94578815679733,263.93244370308594
0177046AR,4,53.273561301084236,98.3277731442869,292.8523769808173,239.57881567973308
0177047AR,1,56.622185154295245,98.3277731442869,275.5004170141785,218.87823185988324
0177048AR,1,46.57631359466222,106.54712260216847,298.0275229357798,251.4512093411176
0177049AR,1,63.31943286071726,96.19683069224352,334.8623853211009,271.5429524603836
0177055AR,1,62.710592160133444,98.02335279399499,280.0667222685571,217.35613010842366
0177061AR,4,54.18682235195996,94.97914929107588,298.6363636363636,244.44954128440367
0177064AR,4,57.23102585487906,168.6488740617181,365.0,307.7689741451209
0177065AR,1,57.23102585487906,105.63386155129274,318.4236864053378,261.1926605504587
0177069AR,4,44.14095079232694,103.50291909924937,294.3744787322769,250.23352793994994
0177073AR,4,48.70725604670559,107.1559633027523,336.38448707256043,287.67723102585484
0177077AR,1,53.273561301084236,106.54712260216847,244.14512093411176,190.87155963302752
0177080AR,4,54.18682235195996,96.80567139282735,301.68056713928274,247.49374478732278
0177094AR,1,56.92660550458715,106.24270225187655,297.41868223519594,240.4920767306088
0177095AR,1,50.22935779816514,114.15763135946622,298.3319432860717,248.10258548790654
0177097AR,4,58.753127606338616,107.1559633027523,308.37781484570473,249.62468723936612
0177098AR,1,62.710592160133444,91.9349457881568,365.0,302.28940783986656
0177099AR,4,57.53544620517097,90.10842368640533,262.71476230191826,205.1793160967473
0177102AR,4,63.31943286071726,95.58798999165971,365.0,301.68056713928274
0177107AR,4,53.88240200166805,101.6763969974979,286.4595496246872,232.57714762301916
0177109AR,4,52.3603002502085,98.3277731442869,306.24687239366136,253.88657214345287
0177112AR,4,58.4487072560467,132.1184320266889,338.2110091743119,279.7623019182652
0177118AR,4,53.88240200166805,100.45871559633028,279.4578815679733,225.57547956630523
0177120AR,1,63.62385321100917,156.16763969974977,365.0,301.3761467889908
0177130AR,1,62.40617180984153,97.41451209341118,365.0,302.5938281901585
0177132AR,4,54.18682235195996,108.37364470391992,302.28940783986656,248.1025854879066
0177134AR,1,59.05754795663052,93.15262718932443,307.7689741451209,248.7114261884904
0177139AR,4,52.3603002502085,96.80567139282735,296.2010008340283,243.84070058381982
0177141AR,4,59.970809007506254,94.97914929107588,365.0,305.02919099249374
0177162AR,4,53.57798165137615,100.45871559633028,307.1601334445371,253.58215179316096
0177166AR,4,55.40450375312761,112.33110925771476,268.1943286071726,212.789824854045
0177167AR,4,58.4487072560467,89.80400333611342,255.10425354462052,196.65554628857382
0177170AR,1,54.79566305254378,113.5487906588824,296.50542118432026,241.70975813177648
0177174AR,4,54.79566305254378,96.19683069224352,269.4120100083403,214.61634695579653
0177175AR,4,50.22935779816514,88.89074228523769,365.0,314.77064220183485
0177177AR,1,39.27022518765638,110.50458715596329,297.41868223519594,258.1484570475396
0177180AR,1,59.66638865721435,111.1134278565471,365.0,305.3336113427857
0177184AR,1,59.970809007506254,99.84987489574645,308.68223519599667,248.7114261884904
0177189AR,1,47.793994995829856,104.41618015012509,298.3319432860717,250.53794829024184
0177195AR,4,51.142618849040865,108.37364470391992,265.7589658048374,214.6163469557965
0177197AR,1,46.57631359466222,111.41784820683903,271.84737281067555,225.27105921601333
0177201AR,1,55.10008340283569,102.89407839866554,314.77064220183485,259.67055879899914
0177202AR,1,28.311092577147623,202.743953294412,305.3336113427856,277.022518765638
0177203AR,1,30.13761467889908,147.64386989157632,295.28773978315263,265.15012510425356
0177204AR,1,56.622185154295245,94.97914929107588,305.02919099249374,248.4070058381985
0177205AR,1,44.74979149291075,108.98248540450375,284.3286071726439,239.57881567973314
0177209AR,1,64.5371142618849,197.87322768974144,365.0,300.4628857381151
0177214AR,4,55.40450375312761,97.71893244370307,284.0241868223519,228.6196830692243
0177216AR,4,56.31776480400334,118.72393661384487,320.55462885738115,264.2368640533778
0177218AR,1,56.013344453711426,101.98081734778982,335.1668056713928,279.1534612176814
0177220AR,4,53.57798165137615,95.89241034195163,293.15679733110926,239.5788156797331
0177224AR,1,55.10008340283569,99.54545454545453,273.9783152627189,218.87823185988321
0177225AR,4,52.96914095079233,99.54545454545453,326.94745621351126,273.9783152627189
0177228AR,4,53.88240200166805,100.15429524603836,258.75729774812345,204.8748957464554
0177229AR,1,56.92660550458715,99.54545454545453,365.0,308.07339449541286
0177230AR,1,46.57631359466222,109.28690575479567,298.6363636363636,252.0600500417014
0177233AR,4,56.013344453711426,91.63052543786488,275.19599666388655,219.18265221017512
0177234AR,1,56.622185154295245,108.98248540450375,353.73644703919933,297.11426188490407
0177235AR,1,41.09674728940784,140.9466221851543,308.0733944954128,266.97664720600494
0177238AR,4,54.18682235195996,95.58798999165971,285.2418682235196,231.05504587155963
0177243AR,1,42.314428690575475,104.720600500417,365.0,322.6855713094245
0177244AR,1,54.18682235195996,95.89241034195163,329.07839866555463,274.89157631359467
0177247AR,1,60.88407005838198,95.58798999165971,365.0,304.115929941618
0177249AR,1,57.53544620517097,100.15429524603836,316.2927439532944,258.75729774812345
0177252AR,1,65.14595496246872,108.37364470391992,319.6413678065054,254.49541284403668
0177257AR,1,36.53044203502919,176.56380316930776,297.72310258548794,261.19266055045875
0177258AR,4,54.18682235195996,110.80900750625521,265.1501251042535,210.96330275229354
0177259AR,1,46.88073394495413,147.33944954128438,306.5512927439533,259.6705587989992
0177262AR,1,59.970809007506254,113.5487906588824,365.0,305.02919099249374
0177266AR,4,57.83986655546288,115.37531276063386,350.9966638865721,293.1567973311092
0177270AR,4,54.18682235195996,99.54545454545453,305.9424520433695,251.75562969140952
0177275AR,1,61.18849040867389,98.93661384487072,286.76396997497915,225.57547956630526
0177279AR,4,59.970809007506254,93.15262718932443,289.80817347789826,229.837364470392
0177287AR,1,54.491242702251874,101.06755629691408,313.85738115095916,259.36613844870726
0177292AR,1,56.622185154295245,102.89407839866554,252.6688907422852,196.04670558798998
0177300AR,4,38.965804837364466,97.71893244370307,333.3402835696414,294.3744787322769
0177302AR,1,55.70892410341951,93.76146788990826,365.0,309.2910758965805
0177305AR,1,46.27189324437031,119.3327773144287,280.0667222685571,233.79482902418678
0177306AR,4,53.88240200166805,103.50291909924937,265.1501251042535,211.26772310258545
0177309AR,4,55.40450375312761,85.23769808173478,365.0,309.5954962468724
0177316AR,1,60.27522935779816,87.06422018348623,351.301084236864,291.0258548790659
0177317AR,4,61.18849040867389,103.80733944954129,365.0,303.8115095913261
0177319AR,1,59.970809007506254,99.24103419516264,365.0,305.02919099249374
0177322AR,1,59.05754795663052,94.06588824020017,310.2043369474562,251.1467889908257
0177325AR,4,53.88240200166805,93.45704753961634,303.2026688907423,249.32026688907425
0177327AR,1,57.53544620517097,97.71893244370307,365.0,307.46455379482904
0177329AR,4,55.70892410341951,94.67472894078398,297.11426188490407,241.40533778148455
0177336AR,4,56.31776480400334,97.11009174311927,288.2860717264387,231.96830692243537
0177340AR,1,60.27522935779816,97.71893244370307,284.0241868223519,223.74895746455374
0177347AR,4,51.751459549624684,91.02168473728106,324.8165137614679,273.0650542118432
0177348AR,1,50.22935779816514,113.8532110091743,283.1109257714762,232.88156797331106
0177351AR,1,47.793994995829856,109.89574645537948,318.4236864053378,270.6296914095079
0177353AR,1,61.4929107589658,91.9349457881568,365.0,303.5070892410342
0177355AR,1,47.18515429524603,112.02668890742285,283.1109257714762,235.92577147623018
0177358AR,1,57.23102585487906,104.41618015012509,231.05504587155963,173.82402001668058
0177361AR,1,61.79733110925771,98.3277731442869,365.0,303.2026688907423
0177365AR,4,56.92660550458715,96.50125104253544,280.67556296914097,223.74895746455383
0177370AR,1,44.74979149291075,108.98248540450375,324.512093411176,279.7623019182653
0177372AR,4,53.57798165137615,104.41618015012509,277.3269391159299,223.74895746455377
0177380AR,1,52.3603002502085,109.59132610508756,290.11259382819014,237.75229357798165
0177381AR,4,55.10008340283569,97.41451209341118,285.8507089241034,230.7506255212677
0177382AR,1,59.361968306922435,98.3277731442869,296.2010008340283,236.83903252710587
0177384AR,4,50.53377814845704,105.63386155129274,365.0,314.46622185154297
0177400AR,1,50.53377814845704,97.41451209341118,365.0,314.46622185154297
0177401AR,4,59.05754795663052,241.10091743119264,365.0,305.9424520433695
0177403AR,1,57.53544620517097,90.10842368640533,365.0,307.46455379482904
0177404AR,1,54.18682235195996,99.84987489574645,276.7180984153461,222.53127606338614
0177406AR,4,54.491242702251874,99.54545454545453,288.2860717264387,233.79482902418684
0177409AR,4,58.4487072560467,112.33110925771476,365.0,306.5512927439533
0177411AR,4,58.753127606338616,102.89407839866554,283.1109257714762,224.3577981651376
0177413AR,1,59.970809007506254,100.15429524603836,305.9424520433695,245.97164303586322
0177417AR,1,57.23102585487906,100.15429524603836,306.24687239366136,249.0158465387823
0177421AR,4,55.10008340283569,135.162635529608,365.0,309.8999165971643
0177422AR,1,54.18682235195996,110.50458715596329,302.89824854045037,248.7114261884904
0177423AR,1,36.53044203502919,112.33110925771476,282.5020850708924,245.97164303586322
0177427AR,4,57.23102585487906,85.54211843202668,365.0,307.7689741451209
0177428AR,1,50.83819849874895,100.15429524603836,284.93744787322765,234.0992493744787
0177435AR,1,36.53044203502919,115.37531276063386,307.46455379482904,270.93411175979986
0177437AR,1,61.79733110925771,119.02835696413678,365.0,303.2026688907423
0177443AR,1,58.753127606338616,98.02335279399499,316.9015846538782,258.1484570475396
0177444AR,1,53.88240200166805,104.1117597998332,286.76396997497915,232.8815679733111
0177452AR,1,36.22602168473728,193.0025020850709,271.23853211009174,235.01251042535446
0177456AR,4,60.27522935779816,103.19849874895746,365.0,304.72477064220186
0177457AR,1,59.05754795663052,93.45704753961634,365.0,305.9424520433695
0177460AR,1,40.183486238532105,106.85154295246038,350.6922435362802,310.5087572977481
0177468AR,1,44.74979149291075,110.20016680567139,287.0683903252711,242.31859883236032
0177469AR,1,52.3603002502085,110.80900750625521,276.7180984153461,224.3577981651376
0177472AR,1,43.532110091743114,115.67973311092577,283.71976647206003,240.18765638031692
0177476AR,1,53.273561301084236,100.45871559633028,348.56130108423685,295.28773978315263
0177478AR,1,57.53544620517097,97.11009174311927,285.8507089241034,228.31526271893244
0177480AR,4,59.361968306922435,111.72226855713093,350.0834028356964,290.72143452877395
0177493AR,4,53.57798165137615,97.41451209341118,283.1109257714762,229.53294412010007
0177510AR,4,54.18682235195996,93.15262718932443,270.325271059216,216.13844870725603
0177511AR,1,56.31776480400334,102.89407839866554,316.2927439532944,259.9749791492911
0177512AR,4,53.88240200166805,98.02335279399499,286.76396997497915,232.8815679733111
0177513AR,4,54.18682235195996,95.58798999165971,285.2418682235196,231.05504587155963
0177520AR,1,37.74812343619683,109.89574645537948,293.15679733110926,255.40867389491243
0177521AR,4,54.491242702251874,99.24103419516264,318.11926605504584,263.62802335279395
0177533AR,4,51.751459549624684,105.93828190158466,307.1601334445371,255.40867389491243
0177535AR,1,61.79733110925771,93.76146788990826,333.3402835696414,271.5429524603837
0177538AR,1,35.00834028356964,113.8532110091743,290.72143452877395,255.71309424520433
0177541AR,1,56.31776480400334,112.63552960800668,281.2844036697247,224.9666388657214
0177543AR,1,33.18181818181818,114.15763135946622,295.5921601334445,262.4103419516263
0177544AR,1,59.05754795663052,98.63219349457881,314.77064220183485,255.71309424520433
0177547AR,1,60.27522935779816,94.37030859049206,301.3761467889908,241.10091743119264
0177555AR,4,56.31776480400334,89.4995829858215,295.89658048373644,239.5788156797331
0177557AR,4,55.10008340283569,91.63052543786488,280.37114261884903,225.27105921601333
0177564AR,1,59.361968306922435,92.84820683903251,365.0,305.63803169307755
0177565AR,4,55.10008340283569,96.80567139282735,365.0,309.8999165971643
0177566AR,4,51.44703919933277,98.93661384487072,300.4628857381151,249.01584653878234
0177570AR,1,61.79733110925771,98.93661384487072,365.0,303.2026688907423
0177575AR,1,59.05754795663052,100.15429524603836,355.56296914095077,296.50542118432026
0177579AR,4,45.663052543786485,97.41451209341118,343.0817347789825,297.418682235196
0177585AR,1,56.013344453711426,137.90241868223518,291.0258548790659,235.01251042535446
0177589AR,4,56.622185154295245,120.55045871559632,352.8231859883236,296.2010008340283
0177593AR,4,60.27522935779816,98.93661384487072,293.15679733110926,232.8815679733111
0177596AR,4,50.53377814845704,100.45871559633028,308.98665554628855,258.4528773978315
0177598AR,1,70.6255212677231,348.56130108423685,365.0,294.3744787322769
0177601AR,1,56.622185154295245,96.50125104253544,322.0767306088407,265.45454545454544
0177603AR,1,54.18682235195996,124.20350291909925,299.24520433694744,245.05838198498748
0177607AR,1,54.491242702251874,92.84820683903251,328.7739783152627,274.2827356130108
0177615AR,4,58.753127606338616,113.5487906588824,328.7739783152627,270.02085070892406
0177619AR,4,49.924937447873226,95.2835696413678,289.50375312760633,239.5788156797331
0177621AR,1,63.31943286071726,107.7648040033361,344.2994161801501,280.97998331943285
0177624AR,4,50.22935779816514,104.720600500417,279.7623019182652,229.53294412010007
0177630AR,1,34.39949958298582,114.46205170975811,281.8932443703086,247.49374478732278
0177631AR,4,52.0558798999166,95.58798999165971,313.2485404503753,261.1926605504587
0177632AR,1,49.62051709758132,106.24270225187655,286.4595496246872,236.8390325271059
0177634AR,1,57.53544620517097,125.42118432026689,365.0,307.46455379482904
0177638AR,4,49.924937447873226,109.28690575479567,267.5854879065888,217.6605504587156
0177639AR,1,54.79566305254378,101.06755629691408,295.89658048373644,241.10091743119267
0177640AR,1,43.532110091743114,104.720600500417,280.0667222685571,236.534612176814
0177641AR,4,47.48957464553794,96.50125104253544,338.2110091743119,290.721434528774
0177642AR,4,59.05754795663052,118.41951626355295,337.2977481234362,278.24020016680566
0177644AR,1,57.83986655546288,100.76313594662219,298.3319432860717,240.4920767306088
0177645AR,4,51.44703919933277,102.28523769808173,277.63135946622185,226.18432026688907
0177646AR,4,52.0558798999166,105.93828190158466,269.7164303586322,217.6605504587156
0177648AR,4,50.83819849874895,108.37364470391992,301.68056713928274,250.84236864053378
0177652AR,4,48.70725604670559,104.41618015012509,282.19766472060047,233.49040867389488
0177655AR,4,60.88407005838198,96.80567139282735,365.0,304.115929941618
0177656AR,1,58.4487072560467,152.21017514595496,365.0,306.5512927439533
0177660AR,4,53.273561301084236,99.24103419516264,278.8490408673895,225.57547956630523
0177665AR,1,56.622185154295245,99.54545454545453,290.72143452877395,234.09924937447872
0177670AR,1,58.14428690575479,97.11009174311927,280.37114261884903,222.22685571309424
0177678AR,1,56.622185154295245,97.41451209341118,317.51042535446203,260.88824020016676
0177683AR,4,59.361968306922435,139.72894078398664,365.0,305.63803169307755
0177684AR,4,61.79733110925771,98.63219349457881,365.0,303.2026688907423
0177688AR,4,53.57798165137615,94.97914929107588,295.5921601334445,242.01417848206836
0177698AR,1,54.18682235195996,98.3277731442869,313.2485404503753,259.0617180984153
0177701AR,4,61.4929107589658,96.19683069224352,298.0275229357798,236.53461217681402
0177702AR,4,57.23102585487906,101.6763969974979,310.2043369474562,252.97331109257718
0177710AR,1,59.970809007506254,101.371976647206,359.2160133444537,299.24520433694744
0177713AR,1,57.83986655546288,102.89407839866554,303.5070892410342,245.6672226855713
0177716AR,1,55.40450375312761,92.54378648874062,365.0,309.5954962468724
0177720AR,1,60.88407005838198,89.19516263552961,365.0,304.115929941618
0177723AR,1,34.39949958298582,124.81234361968306,278.24020016680566,243.84070058381985
0177727AR,1,58.753127606338616,99.84987489574645,257.5396163469558,198.78648874061722
0177728AR,4,56.013344453711426,110.20016680567139,216.74728940783984,160.73394495412842
0177731AR,1,56.92660550458715,94.37030859049206,365.0,308.07339449541286
0177734AR,4,53.273561301084236,94.67472894078398,278.54462051709754,225.2710592160133
0177736AR,4,60.88407005838198,95.58798999165971,322.3811509591326,261.4970809007506
0177738AR,1,59.05754795663052,93.15262718932443,365.0,305.9424520433695
0177745AR,4,52.96914095079233,90.41284403669724,335.47122602168474,282.5020850708924
0177757AR,1,48.402835696413675,108.67806505421184,283.71976647206003,235.31693077564637
0177758AR,1,56.31776480400334,100.45871559633028,365.0,308.68223519599667
0177759AR,1,59.05754795663052,96.80567139282735,277.02251876563804,217.96497080900753
0177760AR,1,57.23102585487906,103.50291909924937,365.0,307.7689741451209
0177762AR,1,62.710592160133444,118.41951626355295,333.03586321934944,270.325271059216
0177763AR,1,48.70725604670559,106.54712260216847,284.6330275229358,235.92577147623018
0177766AR,4,56.31776480400334,90.10842368640533,365.0,308.68223519599667
0177767AR,1,57.53544620517097,99.54545454545453,365.0,307.46455379482904
0177778AR,1,58.4487072560467,96.80567139282735,365.0,306.5512927439533
0177784AR,4,66.97247706422017,89.19516263552961,365.0,298.0275229357798
0177786AR,1,59.970809007506254,98.3277731442869,336.08006672226855,276.1092577147623
0177788AR,4,55.70892410341951,93.45704753961634,297.72310258548794,242.01417848206842
0177790AR,4,56.013344453711426,99.54545454545453,312.03085904920766,256.0175145954962
0177792AR,1,42.9232693911593,173.51959966638864,265.45454545454544,222.53127606338614
0177795AR,4,60.579649708090066,96.50125104253544,303.8115095913261,243.23185988323604
0177800AR,4,60.579649708090066,95.58798999165971,365.0,304.4203502919099
0177802AR,4,55.40450375312761,89.19516263552961,307.7689741451209,252.3644703919933
0177810AR,4,54.18682235195996,91.63052543786488,365.0,310.81317764804004
0177812AR,1,58.4487072560467,96.80567139282735,365.0,306.5512927439533
0177815AR,1,59.05754795663052,97.71893244370307,324.8165137614679,265.7589658048374
0177819AR,4,55.40450375312761,90.71726438698916,365.0,309.5954962468724
0177832AR,4,59.66638865721435,94.67472894078398,365.0,305.3336113427857
0177834AR,4,53.57798165137615,105.93828190158466,312.9441201000834,259.36613844870726
0177839AR,1,45.9674728940784,111.72226855713093,288.8949124270225,242.9274395329441
0177844AR,1,65.14595496246872,110.50458715596329,335.7756463719766,270.6296914095079
0177846AR,4,49.62051709758132,87.67306088407005,347.0391993327773,297.41868223519594
0177850AR,4,59.05754795663052,99.54545454545453,365.0,305.9424520433695
0177851AR,4,53.57798165137615,98.02335279399499,285.2418682235196,231.66388657214344
0177854AR,1,56.31776480400334,102.28523769808173,315.37948290241866,259.0617180984153
0177859AR,1,54.491242702251874,106.24270225187655,298.0275229357798,243.53628023352795
0177860AR,1,65.45037531276063,98.63219349457881,276.4136780650542,210.9633027522936
0177861AR,1,26.484570475396165,112.02668890742285,287.67723102585484,261.1926605504587
0177864AR,4,58.14428690575479,191.48040033361136,365.0,306.85571309424523
0177866AR,1,60.579649708090066,92.2393661384487,365.0,304.4203502919099
0177867AR,4,55.40450375312761,98.02335279399499,308.37781484570473,252.97331109257712
0177868AR,1,50.53377814845704,107.1559633027523,280.97998331943285,230.44620517097582
0177873AR,4,54.491242702251874,96.80567139282735,299.85404503753125,245.36280233527938
0177877AR,4,56.92660550458715,108.06922435362802,365.0,308.07339449541286
0177884AR,1,59.66638865721435,127.85654712260215,365.0,305.3336113427857
0177885AR,4,55.10008340283569,95.2835696413678,271.5429524603836,216.4428690575479
0177886AR,4,50.53377814845704,98.02335279399499,316.2927439532944,265.7589658048374
0177888AR,1,57.53544620517097,103.80733944954129,283.41534612176815,225.8798999165972
0177893AR,1,38.66138448707256,100.76313594662219,365.0,326.33861551292745
0177894AR,1,51.44703919933277,116.5929941618015,356.4762301918265,305.02919099249374
0177901AR,4,58.14428690575479,102.58965804837365,365.0,306.85571309424523
0177905AR,1,44.74979149291075,111.41784820683903,281.2844036697247,236.53461217681397
0177908AR,4,52.0558798999166,105.63386155129274,310.5087572977481,258.4528773978315
0177909AR,4,58.753127606338616,99.24103419516264,273.0650542118432,214.31192660550457
0177913AR,1,56.013344453711426,116.8974145120934,304.115929941618,248.10258548790657
0177914AR,1,57.83986655546288,124.20350291909925,328.7739783152627,270.9341117597998
0177918AR,1,60.88407005838198,131.814011676397,316.59716430358634,255.71309424520436
0177921AR,1,35.31276063386155,136.68473728106756,295.5921601334445,260.27939949958295
0177923AR,4,53.88240200166805,95.89241034195163,292.54795663052545,238.6655546288574
0177924AR,1,56.622185154295245,94.67472894078398,365.0,308.37781484570473
0177926AR,1,56.622185154295245,95.89241034195163,365.0,308.37781484570473
0177927AR,1,52.0558798999166,101.371976647206,321.46788990825684,269.41201000834025
0177937AR,4,46.57631359466222,110.50458715596329,288.2860717264387,241.70975813177648
0177938AR,1,59.05754795663052,93.45704753961634,365.0,305.9424520433695
0177939AR,1,44.74979149291075,160.1251042535446,299.85404503753125,255.1042535446205
0177943AR,1,60.88407005838198,98.93661384487072,365.0,304.115929941618
0177952AR,1,43.532110091743114,92.2393661384487,365.0,321.4678899082569
0177960AR,1,57.53544620517097,103.50291909924937,318.11926605504584,260.5838198498749
0177961AR,1,59.05754795663052,108.37364470391992,294.67889908256876,235.62135112593825
0177963AR,1,56.92660550458715,102.28523769808173,316.59716430358634,259.6705587989992
0177969AR,4,53.88240200166805,97.11009174311927,283.71976647206003,229.83736447039198
0177987AR,4,49.31609674728941,105.02502085070891,335.1668056713928,285.8507089241034
0177988AR,1,60.27522935779816,99.84987489574645,327.55629691409507,267.28106755629693
0177996AR,1,56.92660550458715,103.19849874895746,319.3369474562135,262.4103419516264
0177997AR,1,60.88407005838198,98.93661384487072,298.0275229357798,237.14345287739783
0177998AR,1,57.23102585487906,99.84987489574645,365.0,307.7689741451209
0178003AR,1,41.40116763969974,100.15429524603836,365.0,323.59883236030026
0178013AR,1,56.013344453711426,122.07256046705588,290.72143452877395,234.70809007506253
0178016AR,1,43.22768974145121,113.24437030859049,281.58882402001666,238.36113427856546
0178018AR,4,58.753127606338616,84.32443703085904,326.0341951626355,267.2810675562969
0178019AR,4,53.273561301084236,97.71893244370307,289.80817347789826,236.53461217681402
0178023AR,1,59.66638865721435,87.06422018348623,365.0,305.3336113427857
0178025AR,1,58.14428690575479,96.80567139282735,329.07839866555463,270.93411175979986
0178028AR,4,55.40450375312761,94.67472894078398,294.070058381985,238.6655546288574
0178029AR,1,53.57798165137615,97.11009174311927,316.2927439532944,262.71476230191826
0178031AR,4,48.402835696413675,101.98081734778982,309.2910758965805,260.8882402001668
0178032AR,4,49.31609674728941,103.80733944954129,325.4253544620517,276.1092577147623
0178035AR,1,56.31776480400334,104.720600500417,365.0,308.68223519599667
0178037AR,4,59.66638865721435,88.28190158465388,365.0,305.3336113427857
0178041AR,4,47.18515429524603,99.84987489574645,365.0,317.81484570475396
0178045AR,4,48.70725604670559,101.371976647206,307.1601334445371,258.4528773978315
0178046AR,1,52.0558798999166,150.0792326939116,311.72643869891573,259.67055879899914
0178052AR,1,41.40116763969974,107.7648040033361,291.0258548790659,249.62468723936615
0178054AR,4,52.66472060050042,96.50125104253544,290.11259382819014,237.44787322768974
0178063AR,1,57.23102585487906,100.45871559633028,317.51042535446203,260.27939949958295
0178068AR,1,61.4929107589658,104.1117597998332,365.0,303.5070892410342
0178070AR,1,60.27522935779816,93.15262718932443,365.0,304.72477064220186
0178071AR,1,55.70892410341951,95.89241034195163,306.24687239366136,250.53794829024184
0178077AR,1,52.0558798999166,110.50458715596329,282.8065054211843,230.7506255212677
0178078AR,4,53.273561301084236,95.2835696413678,314.77064220183485,261.49708090075063
0178081AR,1,45.9674728940784,111.41784820683903,283.41534612176815,237.44787322768974
0178084AR,1,54.79566305254378,101.98081734778982,287.9816513761468,233.185988323603
0178086AR,1,42.9232693911593,107.7648040033361,294.9833194328607,252.0600500417014
0178096AR,1,40.79232693911593,118.72393661384487,280.0667222685571,239.27439532944118
0178099AR,4,57.83986655546288,105.93828190158466,358.6071726438699,300.767306088407
0178100AR,1,56.92660550458715,101.371976647206,281.58882402001666,224.66221851542952
0178102AR,1,59.970809007506254,98.63219349457881,365.0,305.02919099249374
0178103AR,4,52.0558798999166,97.11009174311927,310.81317764804,258.7572977481234
0178104AR,1,59.05754795663052,91.02168473728106,365.0,305.9424520433695
0178110AR,1,57.23102585487906,102.89407839866554,303.8115095913261,246.58048373644706
0178119AR,4,53.88240200166805,93.45704753961634,292.54795663052545,238.6655546288574
0178122AR,1,66.05921601334445,96.50125104253544,303.5070892410342,237.44787322768974
0178124AR,1,50.22935779816514,97.71893244370307,281.8932443703086,231.66388657214344
0178125AR,4,53.57798165137615,98.02335279399499,286.4595496246872,232.88156797331106
0178130AR,1,55.70892410341951,95.2835696413678,304.7247706422018,249.01584653878228
0178133AR,4,57.83986655546288,100.15429524603836,352.51876563803165,294.67889908256876
0178135AR,1,96.80567139282735,350.0834028356964,365.0,268.1943286071727
0178138AR,4,57.23102585487906,101.06755629691408,290.11259382819014,232.8815679733111
0178140AR,1,59.361968306922435,96.50125104253544,268.49874895746456,209.1367806505421
0178143AR,4,56.622185154295245,94.06588824020017,319.3369474562135,262.71476230191826
0178149AR,1,43.22768974145121,98.02335279399499,365.0,321.77231025854877
0178153AR,1,54.79566305254378,100.15429524603836,240.49207673060883,185.69641367806506
0178166AR,4,52.0558798999166,97.11009174311927,295.28773978315263,243.23185988323604
0178170AR,1,59.05754795663052,97.11009174311927,365.0,305.9424520433695
0178175AR,1,58.4487072560467,100.15429524603836,312.03085904920766,253.58215179316096
0178179AR,1,50.22935779816514,112.63552960800668,312.6396997497915,262.4103419516263
0178181AR,1,51.142618849040865,107.4603836530442,288.5904920767306,237.4478732276897
0180334AR,1,59.05754795663052,97.71893244370307,315.0750625521267,256.0175145954962
0180351AR,1,58.14428690575479,96.19683069224352,334.557964970809,276.4136780650542
0180362AR,1,52.96914095079233,102.89407839866554,317.81484570475396,264.8457047539616
0180435AR,1,55.40450375312761,101.6763969974979,310.81317764804,255.40867389491237
0180517AR,1,59.66638865721435,95.58798999165971,314.77064220183485,255.1042535446205
0180590AR,1,52.3603002502085,172.301918265221,299.24520433694744,246.88490408673894
0180720AR,1,58.753127606338616,97.11009174311927,333.9491242702252,275.19599666388655
0180723AR,1,59.361968306922435,95.58798999165971,327.2518765638032,267.88990825688074
0180758AR,1,53.57798165137615,100.15429524603836,312.6396997497915,259.0617180984153
0180810AR,1,53.57798165137615,141.85988323603002,298.9407839866555,245.36280233527935
0180826AR,1,54.79566305254378,98.93661384487072,316.59716430358634,261.80150125104257
0180847AR,1,49.62051709758132,165.9090909090909,300.767306088407,251.14678899082568
0181937AR,1,58.4487072560467,99.24103419516264,290.4170141784821,231.96830692243537
0181981AR,4,38.66138448707256,140.33778148457048,315.37948290241866,276.7180984153461
0182130AR,1,56.92660550458715,103.80733944954129,310.2043369474562,253.27773144286908
0182238AR,1,51.751459549624684,101.371976647206,301.9849874895746,250.23352793994994
0182324AR,1,57.53544620517097,97.41451209341118,297.11426188490407,239.5788156797331
0182359AR,4,55.10008340283569,138.81567973311093,316.59716430358634,261.49708090075063
0182367AR,1,51.142618849040865,106.85154295246038,280.37114261884903,229.22852376980816
0182372AR,1,60.88407005838198,90.10842368640533,333.64470391993325,272.76063386155124
0182380AR,1,52.96914095079233,102.28523769808173,283.41534612176815,230.44620517097582
0182578AR,1,47.793994995829856,112.33110925771476,277.3269391159299,229.53294412010007
0182708AR,1,56.31776480400334,105.02502085070891,287.67723102585484,231.3594662218515
0182715AR,1,55.10008340283569,98.63219349457881,320.2502085070892,265.1501251042535
0182730AR,1,48.402835696413675,110.20016680567139,280.67556296914097,232.2727272727273
0182789AR,1,55.10008340283569,108.06922435362802,294.9833194328607,239.883236030025
0182864AR,1,58.14428690575479,101.06755629691408,314.16180150125103,256.01751459549627
0182881AR,1,46.57631359466222,114.15763135946622,277.63135946622185,231.05504587155963
0182903AR,1,54.79566305254378,99.24103419516264,281.8932443703086,227.09758131776482
0182974AR,1,53.88240200166805,103.19849874895746,289.80817347789826,235.9257714762302
0182996AR,1,55.70892410341951,101.6763969974979,298.6363636363636,242.9274395329441
0183016AR,1,54.18682235195996,108.67806505421184,260.279399499583,206.09257714762305
0183094AR,4,56.92660550458715,118.41951626355295,284.3286071726439,227.40200166805676
0183151AR,4,57.23102585487906,108.67806505421184,258.4528773978315,201.22185154295246
0183301AR,4,59.66638865721435,102.89407839866554,342.16847372810673,282.5020850708924
0183437AR,1,53.88240200166805,99.24103419516264,301.3761467889908,247.49374478732275
0183671AR,1,57.53544620517097,103.80733944954129,308.37781484570473,250.84236864053378
0183726AR,1,58.4487072560467,168.95329441201,302.59382819015843,244.14512093411173
0183739AR,1,57.23102585487906,97.11009174311927,311.72643869891573,254.49541284403668
0183770AR,1,55.40450375312761,104.1117597998332,287.37281067556296,231.96830692243535
0184149AR,1,61.4929107589658,96.50125104253544,306.8557130942452,245.36280233527938
0184340AR,1,52.96914095079233,103.50291909924937,280.37114261884903,227.4020016680567
0184348AR,1,55.40450375312761,102.28523769808173,290.11259382819014,234.70809007506253
0184374AR,4,56.622185154295245,95.58798999165971,274.89157631359467,218.26939115929943
0184457AR,1,56.92660550458715,103.50291909924937,299.24520433694744,242.3185988323603
0184499AR,1,55.40450375312761,102.89407839866554,279.7623019182652,224.3577981651376
0184618AR,1,51.751459549624684,97.71893244370307,271.5429524603836,219.79149291075893
0184642AR,4,55.10008340283569,109.59132610508756,335.7756463719766,280.6755629691409
0184649AR,1,54.79566305254378,106.54712260216847,296.50542118432026,241.70975813177648
0184663AR,1,53.57798165137615,101.06755629691408,272.7606338615513,219.18265221017515
0184669AR,1,50.83819849874895,105.93828190158466,278.24020016680566,227.4020016680567
0184936AR,4,60.27522935779816,90.71726438698916,349.4745621351126,289.19933277731445
0184939AR,1,55.10008340283569,101.6763969974979,280.67556296914097,225.57547956630526
0184941AR,1,56.92660550458715,105.02502085070891,296.2010008340283,239.27439532944118
0184985AR,4,59.05754795663052,161.95162635529607,255.7130942452043,196.6555462885738
0185029AR,1,45.35863219349458,107.7648040033361,303.2026688907423,257.8440366972477
0185035AR,1,51.142618849040865,106.54712260216847,283.1109257714762,231.96830692243535
0185050AR,1,63.31943286071726,87.67306088407005,303.2026688907423,239.88323603002505
0185227AR,1,57.53544620517097,124.81234361968306,301.9849874895746,244.44954128440367
0185259AR,1,43.83653044203503,111.1134278565471,365.0,321.16346955796496
0185317AR,4,50.22935779816514,194.52460383653045,257.5396163469558,207.31025854879067
0185319AR,1,56.92660550458715,99.84987489574645,301.9849874895746,245.05838198498748
0185357AR,1,59.361968306922435,98.3277731442869,291.9391159299416,232.57714762301913
0185363AR,1,53.88240200166805,104.1117597998332,286.4595496246872,232.57714762301916
0185503AR,1,56.622185154295245,96.19683069224352,309.2910758965805,252.66889074228524
0185525AR,4,59.361968306922435,105.32944120100083,286.15512927439534,226.7931609674729
0185571AR,4,56.92660550458715,103.50291909924937,281.8932443703086,224.96663886572145
0185586AR,1,55.70892410341951,100.15429524603836,308.0733944954128,252.36447039199328
0185630AR,4,39.27022518765638,128.7698081734779,286.76396997497915,247.49374478732278
0185653AR,1,57.23102585487906,103.19849874895746,298.9407839866555,241.70975813177645
0185740AR,4,57.83986655546288,104.41618015012509,365.0,307.1601334445371
0185893AR,4,60.27522935779816,106.54712260216847,341.255212677231,280.97998331943285
0185911AR,1,53.57798165137615,102.89407839866554,290.11259382819014,236.534612176814
0185919AR,1,55.70892410341951,105.32944120100083,252.97331109257712,197.2643869891576
0193855AR,4,52.96914095079233,94.97914929107588,304.7247706422018,251.75562969140947
0193949AR,4,51.44703919933277,106.54712260216847,320.8590492076731,269.4120100083403
0193965AR,4,55.70892410341951,98.93661384487072,333.9491242702252,278.24020016680566
0194016AR,4,52.0558798999166,101.98081734778982,297.72310258548794,245.66722268557135
0194109AR,4,52.0558798999166,102.89407839866554,332.73144286905756,280.67556296914097
0194239AR,4,52.66472060050042,103.80733944954129,294.9833194328607,242.3185988323603
0194674AR,4,57.23102585487906,91.32610508757297,298.6363636363636,241.40533778148458
0194738AR,4,53.57798165137615,104.41618015012509,284.0241868223519,230.44620517097576
0194931AR,4,55.70892410341951,94.67472894078398,307.1601334445371,251.4512093411176
0194997AR,4,57.23102585487906,95.58798999165971,308.37781484570473,251.14678899082568
0195155AR,4,57.23102585487906,96.50125104253544,297.11426188490407,239.88323603002502
0195431AR,4,53.273561301084236,98.93661384487072,286.15512927439534,232.8815679733111
0195618AR,4,51.142618849040865,108.98248540450375,304.4203502919099,253.27773144286905
0195882AR,4,53.88240200166805,97.11009174311927,286.4595496246872,232.57714762301916
0196036AR,4,54.79566305254378,102.89407839866554,334.8623853211009,280.0667222685571
0197704AR,1,56.92660550458715,104.1117597998332,365.0,308.07339449541286
0197820AR,4,59.66638865721435,101.98081734778982,365.0,305.3336113427857
0197934AR,4,52.96914095079233,126.63886572143451,281.2844036697247,228.3152627189324
0197981AR,4,50.22935779816514,105.32944120100083,262.4103419516263,212.18098415346117
0198760AR,4,58.14428690575479,84.93327773144287,365.0,306.85571309424523
0198769AR,1,62.101751459549625,102.89407839866554,365.0,302.89824854045037
0198826AR,1,61.18849040867389,112.93994995829857,338.2110091743119,277.02251876563804
0198834AR,1,61.18849040867389,137.90241868223518,325.12093411175977,263.9324437030859
0199486AR,1,60.88407005838198,96.80567139282735,365.0,304.115929941618
0199620AR,1,60.27522935779816,104.720600500417,365.0,304.72477064220186
0200157AR,4,57.23102585487906,97.71893244370307,266.67222685571306,209.441201000834
0200193AR,4,61.4929107589658,93.15262718932443,297.41868223519594,235.92577147623015
0200215AR,4,53.273561301084236,92.2393661384487,365.0,311.7264386989158
0200296AR,1,62.40617180984153,108.98248540450375,364.69557964970807,302.28940783986656
0200314AR,1,64.5371142618849,86.75979983319432,365.0,300.4628857381151
0206287AR,1,57.53544620517097,110.80900750625521,284.93744787322765,227.4020016680567
0206290AR,4,59.66638865721435,114.76647206005003,258.4528773978315,198.78648874061716
0206303AR,1,57.23102585487906,101.6763969974979,306.8557130942452,249.62468723936612
0206313AR,4,62.40617180984153,94.97914929107588,327.2518765638032,264.8457047539617
0206364AR,4,56.31776480400334,107.1559633027523,365.0,308.68223519599667
0206375AR,1,57.23102585487906,111.41784820683903,286.15512927439534,228.92410341951629
0206410AR,1,48.70725604670559,117.20183486238531,300.767306088407,252.0600500417014
0206522AR,1,48.09841534612176,123.89908256880733,283.71976647206003,235.62135112593828
0206558AR,1,50.53377814845704,113.8532110091743,318.72810675562965,268.1943286071726
0206738AR,1,57.53544620517097,95.89241034195163,365.0,307.46455379482904
0206740AR,1,56.92660550458715,130.90075062552125,332.73144286905756,275.8048373644704
0206814AR,1,57.23102585487906,104.720600500417,274.89157631359467,217.66055045871562
0206863AR,1,49.924937447873226,114.15763135946622,301.3761467889908,251.4512093411176
0206888AR,1,59.05754795663052,111.72226855713093,361.9557964970809,302.89824854045037
0207042AR,4,62.40617180984153,116.28857381150958,268.49874895746456,206.09257714762302
0207051AR,4,63.928273561301076,124.50792326939114,326.6430358632193,262.71476230191826
0207202AR,1,54.18682235195996,103.19849874895746,293.15679733110926,238.9699749791493
0207205AR,4,60.27522935779816,94.67472894078398,323.29441201000833,263.0191826522102
0207451AR,1,58.14428690575479,106.54712260216847,281.2844036697247,223.14011676396993
0207500AR,4,52.66472060050042,101.06755629691408,361.9557964970809,309.2910758965805
0207548AR,1,55.10008340283569,111.72226855713093,365.0,309.8999165971643
0207584AR,4,63.01501251042536,104.720600500417,286.76396997497915,223.7489574645538
0207793AR,1,58.4487072560467,116.8974145120934,262.10592160133444,203.65721434528774
0207796AR,1,54.18682235195996,130.59633027522935,260.5838198498749,206.39699749791492
0207851AR,1,46.57631359466222,115.98415346121769,314.16180150125103,267.5854879065888
0209262AR,4,50.83819849874895,110.20016680567139,310.5087572977481,259.67055879899914
0209271AR,4,43.22768974145121,77.62718932443703,365.0,321.77231025854877
0209274AR,4,56.622185154295245,100.45871559633028,291.9391159299416,235.31693077564634
0209292AR,4,55.70892410341951,194.82902418682235,365.0,309.2910758965805
0209298AR,4,70.92994161801501,168.34445371142618,365.0,294.070058381985
0209306AR,4,47.48957464553794,101.6763969974979,336.68890742285237,289.19933277731445
0209307AR,4,53.273561301084236,78.54045037531276,365.0,311.7264386989158
0209310AR,4,53.88240200166805,97.71893244370307,365.0,311.117597998332
0209312AR,4,58.753127606338616,105.93828190158466,347.3436196830692,288.5904920767306
0209322AR,4,52.0558798999166,103.80733944954129,314.77064220183485,262.71476230191826
0209351AR,4,57.83986655546288,163.16930775646372,365.0,307.1601334445371
0209356AR,4,56.31776480400334,92.2393661384487,362.5646371976647,306.24687239366136
0209358AR,4,57.83986655546288,123.89908256880733,317.81484570475396,259.9749791492911
0209374AR,4,61.79733110925771,109.28690575479567,365.0,303.2026688907423
0209376AR,4,61.18849040867389,91.9349457881568,334.8623853211009,273.673894912427
0209386AR,4,63.928273561301076,143.07756463719767,365.0,301.07172643869893
0209392AR,4,47.793994995829856,102.28523769808173,296.50542118432026,248.7114261884904
0209403AR,4,56.31776480400334,95.58798999165971,365.0,308.68223519599667
0209404AR,4,63.31943286071726,102.28523769808173,362.86905754795663,299.5496246872394
0209409AR,4,62.101751459549625,99.24103419516264,331.8181818181818,269.7164303586322
0209411AR,4,52.96914095079233,95.2835696413678,275.80483736447036,222.83569641367802
0209419AR,4,52.66472060050042,94.37030859049206,365.0,312.3352793994996
0209421AR,4,55.70892410341951,77.93160967472893,365.0,309.2910758965805
0209430AR,4,59.66638865721435,96.80567139282735,333.64470391993325,273.9783152627189
0209445AR,4,76.10508757297748,355.25854879065884,365.0,288.8949124270225
0209449AR,4,50.22935779816514,102.58965804837365,327.2518765638032,277.02251876563804
0209454AR,4,54.79566305254378,114.46205170975811,351.60550458715596,296.8098415346122
0209480AR,4,51.751459549624684,102.58965804837365,294.070058381985,242.31859883236032
0209482AR,4,81.58465387823186,347.3436196830692,365.0,283.41534612176815
0209488AR,4,57.23102585487906,92.2393661384487,327.86071726438695,270.62969140950787
0209489AR,4,55.70892410341951,190.87155963302752,365.0,309.2910758965805
0209513AR,4,46.27189324437031,104.1117597998332,365.0,318.7281067556297
0209529AR,4,55.10008340283569,88.28190158465388,365.0,309.8999165971643
0209533AR,4,53.57798165137615,115.37531276063386,292.54795663052545,238.9699749791493
0209543AR,4,53.273561301084236,120.55045871559632,306.8557130942452,253.58215179316093
0209556AR,4,55.40450375312761,271.23853211009174,365.0,309.5954962468724
0209571AR,4,53.57798165137615,112.63552960800668,310.5087572977481,256.93077564637196
0209579AR,4,54.18682235195996,86.1509591326105,365.0,310.81317764804004
0209585AR,4,52.96914095079233,97.41451209341118,351.90992493744784,298.9407839866555
0209590AR,4,53.88240200166805,101.06755629691408,315.6839032527106,261.80150125104257
0209608AR,4,65.14595496246872,115.07089241034194,360.4336947456213,295.2877397831526
0209623AR,4,52.96914095079233,103.80733944954129,293.15679733110926,240.18765638031692
0209628AR,4,47.18515429524603,98.02335279399499,333.64470391993325,286.4595496246872
0209634AR,4,56.622185154295245,90.10842368640533,345.21267723102585,288.5904920767306
0209638AR,4,64.5371142618849,87.36864053377815,365.0,300.4628857381151
0209648AR,4,55.40450375312761,93.76146788990826,365.0,309.5954962468724
0209655AR,4,61.79733110925771,95.89241034195163,329.68723936613844,267.88990825688074
0209667AR,4,54.491242702251874,101.6763969974979,323.90325271059214,269.41201000834025
0209678AR,4,54.18682235195996,104.41618015012509,365.0,310.81317764804004
0209714AR,4,51.142618849040865,105.32944120100083,297.41868223519594,246.27606338615507
0209724AR,4,54.491242702251874,108.06922435362802,307.1601334445371,252.66889074228524
0209742AR,4,53.88240200166805,117.20183486238531,299.5496246872394,245.66722268557132
0209771AR,4,51.142618849040865,115.67973311092577,307.7689741451209,256.6263552960801
0209773AR,4,51.142618849040865,112.93994995829857,313.5529608006672,262.4103419516264
0209785AR,4,53.273561301084236,105.63386155129274,365.0,311.7264386989158
0209804AR,4,63.928273561301076,110.50458715596329,338.5154295246038,274.58715596330273
0209806AR,4,56.31776480400334,101.6763969974979,365.0,308.68223519599667
0209826AR,4,50.53377814845704,90.41284403669724,365.0,314.46622185154297
0209829AR,4,56.013344453711426,82.19349457881567,365.0,308.9866555462886
0209832AR,4,56.92660550458715,88.89074228523769,365.0,308.07339449541286
0209837AR,4,52.3603002502085,105.32944120100083,343.3861551292744,291.0258548790659
0209863AR,4,43.532110091743114,92.84820683903251,360.4336947456213,316.9015846538782
0209864AR,4,49.62051709758132,103.50291909924937,298.3319432860717,248.71142618849038
0209865AR,4,59.05754795663052,86.75979983319432,365.0,305.9424520433695
0209866AR,4,55.10008340283569,104.720600500417,300.767306088407,245.6672226855713
0209881AR,4,46.57631359466222,89.80400333611342,365.0,318.4236864053378
0209887AR,4,52.66472060050042,114.76647206005003,318.4236864053378,265.7589658048374
0209913AR,4,59.361968306922435,198.48206839032528,365.0,305.63803169307755
0209914AR,4,57.23102585487906,80.97581317764804,365.0,307.7689741451209
0209932AR,4,56.31776480400334,110.20016680567139,365.0,308.68223519599667
0209948AR,4,52.0558798999166,102.58965804837365,287.9816513761468,235.92577147623018
0209950AR,4,48.09841534612176,105.32944120100083,365.0,316.9015846538782
0209952AR,4,58.753127606338616,193.9157631359466,365.0,306.24687239366136
0209956AR,4,60.579649708090066,199.6997497914929,365.0,304.4203502919099
0209967AR,4,58.14428690575479,193.3069224353628,365.0,306.85571309424523
0209974AR,4,59.361968306922435,198.48206839032528,340.9507923269391,281.58882402001666
0209975AR,4,57.53544620517097,99.54545454545453,333.3402835696414,275.8048373644704
0209982AR,4,57.83986655546288,196.95996663886572,365.0,307.1601334445371
0209986AR,4,52.66472060050042,121.46371976647205,278.8490408673895,226.18432026688907
0209996AR,4,59.05754795663052,198.17764804003335,365.0,305.9424520433695
0209997AR,4,55.40450375312761,94.97914929107588,365.0,309.5954962468724
0210000AR,4,55.10008340283569,134.8582151793161,305.3336113427856,250.2335279399499
0210008AR,4,57.83986655546288,110.50458715596329,292.2435362802335,234.40366972477062
0210012AR,4,52.96914095079233,103.50291909924937,365.0,312.03085904920766
0210040AR,4,60.579649708090066,221.31359466221852,365.0,304.4203502919099
0210046AR,4,50.22935779816514,100.45871559633028,365.0,314.77064220183485
0210047AR,4,59.66638865721435,85.54211843202668,360.4336947456213,300.767306088407
0210050AR,4,52.96914095079233,86.1509591326105,333.3402835696414,280.37114261884903
0210070AR,4,46.27189324437031,89.4995829858215,365.0,318.7281067556297
0210075AR,4,53.57798165137615,99.24103419516264,350.6922435362802,297.11426188490407
0210076AR,4,47.18515429524603,105.32944120100083,365.0,317.81484570475396
0210080AR,4,56.622185154295245,98.02335279399499,300.1584653878232,243.53628023352795
0210097AR,4,54.79566305254378,98.63219349457881,312.6396997497915,257.8440366972477
0210101AR,4,54.79566305254378,98.3277731442869,316.9015846538782,262.10592160133444
0210103AR,4,43.83653044203503,91.02168473728106,326.94745621351126,283.1109257714762
0210127AR,4,60.27522935779816,149.7748123436197,321.77231025854877,261.49708090075063
0210142AR,4,46.27189324437031,91.63052543786488,365.0,318.7281067556297
0210148AR,4,56.013344453711426,90.41284403669724,281.8932443703086,225.87989991659717
0210151AR,4,59.05754795663052,92.54378648874062,365.0,305.9424520433695
0210160AR,4,59.66638865721435,101.98081734778982,292.2435362802335,232.57714762301916
0210168AR,4,52.96914095079233,114.15763135946622,301.68056713928274,248.7114261884904
0210170AR,4,51.44703919933277,99.54545454545453,300.4628857381151,249.01584653878234
0210173AR,4,51.751459549624684,96.19683069224352,365.0,313.24854045037534
0210178AR,4,56.622185154295245,89.4995829858215,298.3319432860717,241.70975813177645
0210189AR,4,52.0558798999166,92.54378648874062,365.0,312.9441201000834
0210196AR,4,52.0558798999166,235.31693077564637,365.0,312.9441201000834
0210214AR,4,51.142618849040865,95.89241034195163,361.9557964970809,310.81317764804004
0210235AR,4,56.622185154295245,98.3277731442869,365.0,308.37781484570473
0210291AR,4,52.0558798999166,99.54545454545453,303.2026688907423,251.1467889908257
0210292AR,4,61.4929107589658,89.19516263552961,365.0,303.5070892410342
0210315AR,4,60.27522935779816,91.32610508757297,365.0,304.72477064220186
0210335AR,4,52.66472060050042,106.24270225187655,324.207673060884,271.5429524603836
0210344AR,4,55.10008340283569,99.84987489574645,308.37781484570473,253.27773144286903
0210369AR,4,54.18682235195996,128.46538782318598,365.0,310.81317764804004
0210386AR,4,56.92660550458715,94.06588824020017,365.0,308.07339449541286
0210404AR,4,58.14428690575479,197.26438698915763,338.81984987489574,280.67556296914097
0210432AR,4,62.101751459549625,97.11009174311927,365.0,302.89824854045037
0210446AR,4,52.0558798999166,99.54545454545453,312.9441201000834,260.8882402001668
0210456AR,4,58.753127606338616,89.80400333611342,302.59382819015843,243.84070058381982
0210464AR,4,56.622185154295245,81.28023352793994,365.0,308.37781484570473
0210495AR,4,49.924937447873226,95.2835696413678,362.5646371976647,312.6396997497915
0210496AR,4,53.57798165137615,121.15929941618013,277.3269391159299,223.74895746455377
0210498AR,4,56.013344453711426,118.72393661384487,353.4320266889074,297.418682235196
0210518AR,4,55.10008340283569,88.28190158465388,333.64470391993325,278.54462051709754
0210531AR,4,56.013344453711426,81.88907422852377,310.81317764804,254.79983319432856
0210533AR,4,55.10008340283569,99.54545454545453,365.0,309.8999165971643
0210551AR,4,56.31776480400334,111.72226855713093,299.24520433694744,242.9274395329441
0210570AR,4,59.66638865721435,85.54211843202668,365.0,305.3336113427857
0210587AR,4,44.14095079232694,117.81067556296912,284.93744787322765,240.7964970809007
0210601AR,4,56.013344453711426,92.54378648874062,348.8657214345288,292.8523769808173
0210605AR,4,56.31776480400334,88.89074228523769,365.0,308.68223519599667
0210608AR,4,56.92660550458715,89.80400333611342,346.7347789824854,289.80817347789826
0210610AR,4,55.70892410341951,87.97748123436196,365.0,309.2910758965805
0210642AR,4,55.70892410341951,99.24103419516264,365.0,309.2910758965805
0210663AR,4,56.31776480400334,155.558798999166,318.11926605504584,261.8015012510425
0210668AR,4,57.53544620517097,99.54545454545453,365.0,307.46455379482904
0210683AR,4,46.88073394495413,102.89407839866554,365.0,318.11926605504584
0210706AR,4,52.96914095079233,91.02168473728106,365.0,312.03085904920766
0210716AR,4,51.751459549624684,103.19849874895746,297.41868223519594,245.66722268557126
0210728AR,4,55.40450375312761,83.41117597998331,336.9933277731443,281.5888240200167
0210778AR,4,58.753127606338616,107.7648040033361,365.0,306.24687239366136
0210781AR,4,57.23102585487906,98.02335279399499,348.2568807339449,291.02585487906583
0210784AR,4,61.79733110925771,86.75979983319432,350.9966638865721,289.1993327773144
0210793AR,4,52.3603002502085,101.06755629691408,343.0817347789825,290.72143452877395
0210817AR,4,55.70892410341951,104.41618015012509,299.85404503753125,244.14512093411173
0210825AR,4,60.27522935779816,94.97914929107588,365.0,304.72477064220186
0210832AR,4,49.924937447873226,105.32944120100083,315.98832360300247,266.06338615512925
0210836AR,4,47.48957464553794,106.85154295246038,285.5462885738115,238.05671392827358
0210837AR,4,56.622185154295245,92.2393661384487,347.0391993327773,290.417014178482
0210839AR,4,48.09841534612176,86.1509591326105,365.0,316.9015846538782
0210847AR,4,50.83819849874895,108.06922435362802,344.9082568807339,294.07005838198495
0210860AR,4,46.27189324437031,108.37364470391992,278.24020016680566,231.96830692243535
0210862AR,4,52.66472060050042,100.76313594662219,318.4236864053378,265.7589658048374
0210863AR,4,64.5371142618849,134.8582151793161,365.0,300.4628857381151
0210871AR,4,52.0558798999166,125.7256046705588,297.41868223519594,245.36280233527935
0210873AR,4,56.31776480400334,89.4995829858215,320.8590492076731,264.54128440366975
0210875AR,4,47.793994995829856,109.59132610508756,296.50542118432026,248.7114261884904
0210876AR,4,49.31609674728941,104.1117597998332,298.6363636363636,249.32026688907422
0210889AR,4,71.23436196830691,204.57047539616346,365.0,293.7656380316931
0210894AR,4,68.19015846538782,91.63052543786488,365.0,296.8098415346122
0210898AR,4,54.491242702251874,77.93160967472893,365.0,310.5087572977481
0210906AR,4,55.70892410341951,88.28190158465388,365.0,309.2910758965805
0210911AR,4,58.14428690575479,87.97748123436196,365.0,306.85571309424523
0210916AR,4,58.4487072560467,105.63386155129274,329.07839866555463,270.6296914095079
0210917AR,4,52.3603002502085,98.93661384487072,308.98665554628855,256.62635529608
0210932AR,4,45.663052543786485,117.81067556296912,349.17014178482066,303.5070892410342
0210979AR,4,58.14428690575479,92.54378648874062,365.0,306.85571309424523
0210983AR,4,55.40450375312761,79.14929107589658,365.0,309.5954962468724
0210989AR,4,55.10008340283569,105.32944120100083,304.4203502919099,249.32026688907422
0210991AR,4,51.44703919933277,103.50291909924937,329.07839866555463,277.63135946622185
0210995AR,4,53.273561301084236,91.32610508757297,365.0,311.7264386989158
0211000AR,4,55.70892410341951,98.93661384487072,356.1718098415346,300.46288573811506
0211012AR,4,56.31776480400334,191.48040033361136,365.0,308.68223519599667
0211025AR,4,52.3603002502085,96.80567139282735,365.0,312.6396997497915
0211037AR,4,55.10008340283569,89.19516263552961,357.38949124270226,302.28940783986656
0211039AR,4,51.142618849040865,108.67806505421184,306.8557130942452,255.7130942452043
0211043AR,4,53.57798165137615,96.19683069224352,340.3419516263553,286.76396997497915
0211058AR,4,56.622185154295245,95.58798999165971,343.0817347789825,286.4595496246872
0211064AR,4,59.05754795663052,88.58632193494579,356.4762301918265,297.418682235196
0211065AR,4,53.57798165137615,98.63219349457881,365.0,311.42201834862385
0211078AR,4,53.57798165137615,97.11009174311927,329.07839866555463,275.5004170141785
0211113AR,4,53.57798165137615,108.06922435362802,306.5512927439533,252.97331109257715
0211134AR,4,88.89074228523769,230.44620517097582,365.0,276.1092577147623
0211137AR,4,72.14762301918265,346.4303586321935,365.0,292.8523769808173
0211144AR,4,54.18682235195996,92.2393661384487,365.0,310.81317764804004
0211147AR,4,49.011676396997494,102.58965804837365,315.0750625521267,266.06338615512925
0211175AR,4,56.92660550458715,92.2393661384487,304.115929941618,247.18932443703085
0211177AR,4,50.22935779816514,98.3277731442869,318.72810675562965,268.4987489574645
0211211AR,4,52.96914095079233,105.32944120100083,326.6430358632193,273.673894912427
0211216AR,4,55.70892410341951,98.93661384487072,365.0,309.2910758965805
0211217AR,4,48.70725604670559,98.93661384487072,318.11926605504584,269.41201000834025
0211224AR,4,55.40450375312761,87.06422018348623,365.0,309.5954962468724
0211247AR,4,54.18682235195996,93.45704753961634,365.0,310.81317764804004
0211248AR,4,53.57798165137615,105.32944120100083,287.9816513761468,234.40366972477062
0211267AR,4,56.31776480400334,93.45704753961634,320.8590492076731,264.54128440366975
0211273AR,4,57.23102585487906,119.02835696413678,324.512093411176,267.28106755629693
0211280AR,4,56.013344453711426,107.7648040033361,330.90492076730607,274.89157631359467
0211320AR,4,52.3603002502085,112.02668890742285,317.81484570475396,265.45454545454544
0211329AR,4,64.84153461217682,205.1793160967473,365.0,300.1584653878232
0211385AR,4,65.45037531276063,101.371976647206,365.0,299.5496246872394
0211387AR,4,59.05754795663052,194.22018348623854,365.0,305.9424520433695
0211389AR,4,62.40617180984153,86.45537948290242,365.0,302.5938281901585
0211409AR,4,62.40617180984153,90.41284403669724,365.0,302.5938281901585
0211430AR,4,55.10008340283569,96.80567139282735,296.50542118432026,241.40533778148455
0211452AR,4,50.83819849874895,112.33110925771476,295.28773978315263,244.44954128440367
0211461AR,4,60.27522935779816,100.15429524603836,312.33527939949954,252.06005004170137
0211465AR,4,51.751459549624684,112.02668890742285,305.63803169307755,253.88657214345287
0211483AR,4,59.66638865721435,86.1509591326105,365.0,305.3336113427857
0211485AR,4,56.013344453711426,122.9858215179316,313.5529608006672,257.53961634695577
0211489AR,4,49.011676396997494,98.3277731442869,321.77231025854877,272.7606338615513
0211494AR,4,53.57798165137615,90.10842368640533,312.33527939949954,258.7572977481234
0211504AR,4,52.66472060050042,113.5487906588824,296.2010008340283,243.53628023352792
0211506AR,4,55.40450375312761,97.71893244370307,311.117597998332,255.71309424520436
0211509AR,4,57.53544620517097,81.58465387823186,365.0,307.46455379482904
0211512AR,4,58.753127606338616,102.28523769808173,365.0,306.24687239366136
0211516AR,4,59.05754795663052,163.77814845704754,365.0,305.9424520433695
0211520AR,4,59.361968306922435,113.24437030859049,301.68056713928274,242.3185988323603
0211521AR,4,59.66638865721435,83.1067556296914,365.0,305.3336113427857
0211525AR,4,52.3603002502085,187.2185154295246,365.0,312.6396997497915
0211531AR,4,55.10008340283569,78.84487072560466,365.0,309.8999165971643
0211532AR,4,52.0558798999166,100.76313594662219,290.72143452877395,238.66555462885736
0211554AR,4,65.14595496246872,90.10842368640533,365.0,299.85404503753125
0211574AR,4,59.66638865721435,101.06755629691408,325.4253544620517,265.7589658048374
0211586AR,4,62.101751459549625,201.22185154295246,365.0,302.89824854045037
0211612AR,4,55.70892410341951,105.02502085070891,303.5070892410342,247.79816513761466
0211624AR,4,54.18682235195996,136.68473728106756,365.0,310.81317764804004
0211631AR,4,63.31943286071726,140.03336113427855,338.2110091743119,274.89157631359467
0211639AR,4,58.753127606338616,86.1509591326105,365.0,306.24687239366136
0211646AR,4,56.31776480400334,103.19849874895746,315.98832360300247,259.67055879899914
0211682AR,4,54.18682235195996,97.71893244370307,324.512093411176,270.32527105921605
0211719AR,4,63.01501251042536,95.89241034195163,343.3861551292744,280.37114261884903
0211739AR,4,52.96914095079233,100.15429524603836,303.5070892410342,250.53794829024184
0211749AR,4,57.83986655546288,84.02001668056714,365.0,307.1601334445371
0211750AR,4,55.40450375312761,101.06755629691408,318.11926605504584,262.71476230191826
0211765AR,4,58.4487072560467,103.19849874895746,282.8065054211843,224.35779816513758
0211769AR,4,54.491242702251874,110.50458715596329,299.5496246872394,245.0583819849875
0211783AR,4,56.013344453711426,134.8582151793161,345.5170975813177,289.5037531276063
0211791AR,4,55.70892410341951,103.80733944954129,312.33527939949954,256.62635529608
0211798AR,4,54.491242702251874,94.67472894078398,365.0,310.5087572977481
0211800AR,4,54.491242702251874,102.28523769808173,365.0,310.5087572977481
0211809AR,4,60.579649708090066,145.20850708924104,312.33527939949954,251.75562969140947
0211812AR,4,51.142618849040865,109.28690575479567,321.46788990825684,270.325271059216
0211818AR,4,71.23436196830691,338.5154295246038,365.0,293.7656380316931
0211837AR,4,57.83986655546288,81.88907422852377,365.0,307.1601334445371
0211840AR,4,56.013344453711426,98.93661384487072,301.9849874895746,245.9716430358632
0211844AR,4,76.10508757297748,354.649708090075,365.0,288.8949124270225
0211846AR,4,59.970809007506254,86.1509591326105,340.03753127606336,280.0667222685571
0211847AR,4,70.32110091743118,201.52627189324437,365.0,294.6788990825688
0211850AR,4,54.491242702251874,189.65387823185986,365.0,310.5087572977481
0211855AR,4,50.83819849874895,100.76313594662219,299.24520433694744,248.40700583819847
0211866AR,4,66.66805671392827,334.8623853211009,365.0,298.33194328607175
0211872AR,4,56.92660550458715,84.93327773144287,352.2143452877398,295.28773978315263
0211876AR,4,59.05754795663052,138.2068390325271,329.9916597164304,270.93411175979986
0211880AR,4,56.92660550458715,83.71559633027522,365.0,308.07339449541286
0211891AR,4,63.31943286071726,87.36864053377815,365.0,301.68056713928274
0211904AR,4,56.013344453711426,130.90075062552125,295.28773978315263,239.2743953294412
0211905AR,4,55.40450375312761,112.63552960800668,331.20934111759794,275.80483736447036
0211917AR,4,44.74979149291075,89.80400333611342,365.0,320.25020850708927
0211918AR,4,58.753127606338616,84.93327773144287,365.0,306.24687239366136
0211939AR,4,52.66472060050042,101.06755629691408,328.1651376146789,275.5004170141785
0211962AR,4,55.70892410341951,131.5095913261051,303.8115095913261,248.1025854879066
0211986AR,4,53.88240200166805,89.4995829858215,335.1668056713928,281.2844036697248
0211991AR,4,52.0558798999166,97.71893244370307,333.3402835696414,281.2844036697248
0212000AR,4,53.88240200166805,87.67306088407005,365.0,311.117597998332
0216442AR,4,56.31776480400334,105.32944120100083,324.512093411176,268.1943286071727
0216523AR,4,54.491242702251874,95.2835696413678,307.1601334445371,252.66889074228524
0216716AR,4,53.57798165137615,97.71893244370307,297.41868223519594,243.8407005838198
0216722AR,4,61.79733110925771,156.16763969974977,313.2485404503753,251.4512093411176
0216736AR,4,54.18682235195996,96.19683069224352,301.3761467889908,247.18932443703085
0216822AR,4,56.31776480400334,94.97914929107588,313.2485404503753,256.93077564637196
0216968AR,4,51.751459549624684,98.63219349457881,298.9407839866555,247.18932443703082
0217140AR,4,52.66472060050042,116.5929941618015,338.2110091743119,285.5462885738115
0217171AR,4,54.18682235195996,107.7648040033361,342.16847372810673,287.9816513761468
0217209AR,4,55.70892410341951,113.24437030859049,340.3419516263553,284.6330275229358
0217275AR,4,56.013344453711426,103.50291909924937,303.2026688907423,247.18932443703088
0217325AR,4,54.491242702251874,99.54545454545453,293.7656380316931,239.2743953294412
0217431AR,4,53.88240200166805,98.02335279399499,328.46955796497076,274.58715596330273
0217676AR,4,54.79566305254378,99.84987489574645,334.8623853211009,280.0667222685571
0217679AR,4,61.18849040867389,118.11509591326104,293.46121768140114,232.27272727272725
0217728AR,4,56.31776480400334,116.28857381150958,313.85738115095916,257.5396163469558
0217994AR,4,63.31943286071726,144.5996663886572,307.46455379482904,244.1451209341118
0218154AR,4,52.66472060050042,92.54378648874062,311.117597998332,258.45287739783157
0218165AR,4,55.70892410341951,104.1117597998332,346.1259382819016,290.4170141784821
0218291AR,4,53.88240200166805,94.97914929107588,310.2043369474562,256.3219349457882
0218453AR,4,52.3603002502085,96.19683069224352,294.070058381985,241.7097581317765
0218496AR,4,54.491242702251874,102.28523769808173,302.28940783986656,247.7981651376147
0218921AR,4,53.273561301084236,96.19683069224352,290.4170141784821,237.14345287739783
0219277AR,4,55.70892410341951,97.41451209341118,288.8949124270225,233.185988323603
0224113AR,1,60.579649708090066,95.2835696413678,358.30275229357795,297.7231025854879
0224132AR,1,44.74979149291075,160.42952460383654,305.63803169307755,260.8882402001668
0224158AR,1,65.14595496246872,87.36864053377815,259.9749791492911,194.82902418682235
0224161AR,1,52.96914095079233,194.52460383653045,350.9966638865721,298.02752293577976
0224162AR,1,54.79566305254378,97.41451209341118,365.0,310.2043369474562
0224195AR,1,57.83986655546288,104.41618015012509,322.0767306088407,264.2368640533778
0224196AR,1,64.23269391159299,88.28190158465388,365.0,300.767306088407
0224204AR,1,63.31943286071726,95.89241034195163,365.0,301.68056713928274
0224209AR,1,60.579649708090066,98.63219349457881,365.0,304.4203502919099
0224218AR,1,54.491242702251874,194.82902418682235,364.08673894912425,309.59549624687236
0224219AR,1,61.4929107589658,97.11009174311927,298.6363636363636,237.14345287739783
0224224AR,1,49.924937447873226,110.80900750625521,365.0,315.0750625521268
0224232AR,1,63.928273561301076,87.97748123436196,365.0,301.07172643869893
0224235AR,1,60.88407005838198,105.32944120100083,265.7589658048374,204.8748957464554
0224236AR,1,58.4487072560467,94.06588824020017,365.0,306.5512927439533
0224242AR,1,61.18849040867389,102.58965804837365,303.8115095913261,242.62301918265223
0224274AR,1,55.10008340283569,104.41618015012509,354.34528773978315,299.24520433694744
0224275AR,1,60.579649708090066,103.19849874895746,340.64637197664723,280.06672226855716
0224282AR,1,58.4487072560467,103.19849874895746,313.5529608006672,255.10425354462052
0224307AR,1,58.14428690575479,111.41784820683903,327.86071726438695,269.7164303586322
0224317AR,1,60.88407005838198,98.02335279399499,299.24520433694744,238.36113427856546
0224324AR,1,54.491242702251874,97.11009174311927,295.5921601334445,241.10091743119264
0224325AR,1,51.751459549624684,206.39699749791492,352.2143452877398,300.4628857381151
0224346AR,1,62.40617180984153,100.15429524603836,365.0,302.5938281901585
0224348AR,1,63.01501251042536,221.92243536280233,365.0,301.9849874895746
0224352AR,1,56.31776480400334,108.06922435362802,365.0,308.68223519599667
0224358AR,4,56.92660550458715,122.6814011676397,365.0,308.07339449541286
0224377AR,1,63.928273561301076,250.53794829024184,365.0,301.07172643869893
0224385AR,1,58.4487072560467,106.24270225187655,365.0,306.5512927439533
0224393AR,1,62.101751459549625,270.0208507089241,365.0,302.89824854045037
0224395AR,1,58.753127606338616,98.02335279399499,291.33027522935777,232.57714762301916
0224405AR,1,55.40450375312761,160.42952460383654,350.38782318598834,294.98331943286075
0224408AR,1,60.27522935779816,108.37364470391992,248.7114261884904,188.43619683069224
0224409AR,1,54.18682235195996,100.76313594662219,361.9557964970809,307.7689741451209
0224450AR,1,55.70892410341951,104.1117597998332,286.76396997497915,231.05504587155963
0224461AR,1,56.622185154295245,97.41451209341118,331.5137614678899,274.8915763135946
0224486AR,1,57.23102585487906,110.50458715596329,315.37948290241866,258.1484570475396
0224496AR,1,52.66472060050042,114.76647206005003,279.4578815679733,226.7931609674729
0224510AR,1,55.40450375312761,105.32944120100083,292.54795663052545,237.14345287739783
0224563AR,1,44.14095079232694,109.89574645537948,293.46121768140114,249.3202668890742
0224572AR,1,53.273561301084236,101.371976647206,314.77064220183485,261.49708090075063
0224577AR,1,56.622185154295245,98.93661384487072,296.2010008340283,239.57881567973308
0224597AR,1,49.924937447873226,109.89574645537948,296.50542118432026,246.58048373644704
0224600AR,1,55.10008340283569,104.41618015012509,287.37281067556296,232.27272727272725
0224602AR,1,50.22935779816514,116.28857381150958,272.7606338615513,222.53127606338614
0224613AR,1,53.57798165137615,98.63219349457881,331.5137614678899,277.93577981651373
0224626AR,1,54.79566305254378,95.58798999165971,304.115929941618,249.32026688907422
0224642AR,1,55.10008340283569,106.24270225187655,292.54795663052545,237.44787322768974
0224645AR,1,58.14428690575479,90.71726438698916,334.8623853211009,276.7180984153461
0224646AR,1,46.88073394495413,118.72393661384487,274.2827356130108,227.40200166805667
0224668AR,1,45.9674728940784,104.720600500417,284.0241868223519,238.0567139282735
0224670AR,1,53.88240200166805,103.50291909924937,313.5529608006672,259.6705587989992
0224672AR,1,50.22935779816514,108.06922435362802,279.7623019182652,229.53294412010007
0224677AR,1,49.62051709758132,114.46205170975811,282.8065054211843,233.18598832360297
0224689AR,1,47.793994995829856,118.11509591326104,283.1109257714762,235.31693077564637
0224699AR,1,55.40450375312761,106.85154295246038,294.070058381985,238.6655546288574
0224704AR,1,52.0558798999166,112.02668890742285,309.59549624687236,257.53961634695577
0224711AR,1,59.361968306922435,100.15429524603836,288.2860717264387,228.92410341951626
0224720AR,1,56.622185154295245,103.19849874895746,297.72310258548794,241.1009174311927
0224753AR,1,56.013344453711426,102.58965804837365,294.070058381985,238.05671392827358
0224761AR,1,52.96914095079233,107.7648040033361,286.76396997497915,233.7948290241868
0224771AR,1,53.88240200166805,111.41784820683903,268.80316930775643,214.92076730608838
0224787AR,1,55.40450375312761,95.58798999165971,305.3336113427856,249.929107589658
0224790AR,1,59.05754795663052,140.03336113427855,298.3319432860717,239.27439532944118
0224810AR,1,57.23102585487906,107.7648040033361,299.24520433694744,242.0141784820684
0224824AR,1,47.48957464553794,110.20016680567139,286.76396997497915,239.2743953294412
0224826AR,1,56.92660550458715,96.19683069224352,346.1259382819016,289.19933277731445
0224830AR,1,45.054211843202665,123.29024186822352,276.4136780650542,231.35946622185156
0224838AR,1,55.40450375312761,109.89574645537948,269.7164303586322,214.31192660550457
0224840AR,1,59.66638865721435,108.06922435362802,313.85738115095916,254.1909924937448
0224848AR,1,56.013344453711426,93.15262718932443,365.0,308.9866555462886
0224855AR,1,54.79566305254378,96.80567139282735,365.0,310.2043369474562
0224899AR,1,57.53544620517097,94.97914929107588,308.0733944954128,250.53794829024184
0224915AR,1,55.10008340283569,108.67806505421184,291.33027522935777,236.23019182652206
0224945AR,1,58.14428690575479,101.98081734778982,298.0275229357798,239.88323603002502
0224947AR,1,60.579649708090066,118.41951626355295,280.97998331943285,220.40033361134277
0224954AR,1,61.4929107589658,99.24103419516264,300.1584653878232,238.6655546288574
0224956AR,1,54.18682235195996,98.93661384487072,365.0,310.81317764804004
0224964AR,1,53.273561301084236,109.89574645537948,281.8932443703086,228.61968306922435
0225033AR,1,54.491242702251874,103.19849874895746,332.73144286905756,278.24020016680566
0225040AR,1,58.4487072560467,102.58965804837365,277.02251876563804,218.57381150959134
0225074AR,1,58.4487072560467,95.2835696413678,365.0,306.5512927439533
0225125AR,1,53.273561301084236,131.5095913261051,298.6363636363636,245.36280233527938
0225130AR,1,58.4487072560467,91.9349457881568,281.58882402001666,223.14011676396996
0225136AR,1,24.04920767306088,120.85487906588824,283.41534612176815,259.36613844870726
0225137AR,1,47.793994995829856,114.46205170975811,277.02251876563804,229.2285237698082
0225169AR,1,52.66472060050042,109.89574645537948,294.3744787322769,241.70975813177648
0225178AR,1,49.31609674728941,116.8974145120934,280.67556296914097,231.35946622185156
0225192AR,1,52.66472060050042,105.93828190158466,323.29441201000833,270.6296914095079
0225212AR,1,52.96914095079233,100.76313594662219,330.6005004170142,277.63135946622185
0225217AR,1,53.57798165137615,109.59132610508756,276.7180984153461,223.14011676396996
0225218AR,1,56.622185154295245,105.32944120100083,277.3269391159299,220.70475396163468
0225236AR,1,49.924937447873226,112.02668890742285,286.76396997497915,236.83903252710593
0225241AR,1,55.40450375312761,105.32944120100083,292.8523769808173,237.4478732276897
0225254AR,1,56.013344453711426,95.2835696413678,362.5646371976647,306.55129274395324
0225282AR,1,60.27522935779816,97.71893244370307,343.9949958298582,283.7197664720601
0225300AR,1,53.88240200166805,108.06922435362802,312.03085904920766,258.14845704753964
0225303AR,1,51.142618849040865,101.98081734778982,292.8523769808173,241.70975813177645
0225335AR,1,52.3603002502085,94.37030859049206,315.6839032527106,263.32360300250207
0225347AR,1,55.10008340283569,197.87322768974144,296.50542118432026,241.40533778148455
0225348AR,1,52.66472060050042,111.72226855713093,291.9391159299416,239.27439532944118
0225358AR,1,58.14428690575479,94.37030859049206,313.85738115095916,255.71309424520436
0225363AR,1,57.53544620517097,159.8206839032527,300.767306088407,243.23185988323604
0225384AR,1,61.4929107589658,101.371976647206,307.46455379482904,245.97164303586325
0225387AR,1,52.66472060050042,110.50458715596329,284.0241868223519,231.3594662218515
0225389AR,1,56.31776480400334,104.720600500417,315.37948290241866,259.0617180984153
0225399AR,1,54.18682235195996,105.63386155129274,293.7656380316931,239.5788156797331
0225405AR,1,45.663052543786485,121.15929941618013,292.8523769808173,247.18932443703085
0225416AR,1,47.793994995829856,114.76647206005003,271.84737281067555,224.0533778148457
0225417AR,1,54.18682235195996,105.63386155129274,303.5070892410342,249.32026688907422
0225430AR,1,56.013344453711426,98.02335279399499,317.20600500417015,261.19266055045875
0225436AR,1,52.0558798999166,110.50458715596329,283.41534612176815,231.35946622185156
0225441AR,1,46.57631359466222,111.72226855713093,285.2418682235196,238.66555462885736
0225460AR,1,59.05754795663052,90.41284403669724,303.5070892410342,244.44954128440367
0225463AR,1,50.83819849874895,102.58965804837365,322.6855713094245,271.84737281067555
0225468AR,1,49.31609674728941,109.28690575479567,283.71976647206003,234.40366972477062
0225475AR,1,50.83819849874895,109.59132610508756,286.4595496246872,235.62135112593825
0225483AR,1,49.62051709758132,111.41784820683903,292.8523769808173,243.231859883236
0225485AR,1,54.79566305254378,105.02502085070891,283.1109257714762,228.31526271893244
0225490AR,1,53.273561301084236,105.63386155129274,356.4762301918265,303.2026688907423
0225506AR,1,56.92660550458715,92.2393661384487,365.0,308.07339449541286
0225542AR,1,50.83819849874895,108.37364470391992,286.76396997497915,235.92577147623018
0225565AR,1,57.53544620517097,99.54545454545453,301.3761467889908,243.84070058381985
0225598AR,1,58.4487072560467,100.45871559633028,289.50375312760633,231.05504587155963
0225610AR,1,62.40617180984153,109.28690575479567,289.50375312760633,227.0975813177648
0225645AR,1,53.57798165137615,101.98081734778982,309.2910758965805,255.71309424520433
0225650AR,1,61.4929107589658,100.76313594662219,323.29441201000833,261.8015012510425
0225677AR,1,58.14428690575479,99.84987489574645,312.6396997497915,254.49541284403668
0225679AR,1,51.142618849040865,104.1117597998332,288.2860717264387,237.14345287739783
0225690AR,1,58.14428690575479,102.58965804837365,365.0,306.85571309424523
0225704AR,1,58.753127606338616,103.50291909924937,290.4170141784821,231.66388657214347
0225719AR,1,46.88073394495413,107.7648040033361,308.98665554628855,262.10592160133444
0225732AR,1,59.361968306922435,97.11009174311927,303.2026688907423,243.84070058381985
0225739AR,1,54.491242702251874,102.89407839866554,275.19599666388655,220.70475396163468
0225749AR,1,47.793994995829856,115.67973311092577,270.93411175979986,223.14011676397
0225757AR,1,56.013344453711426,100.15429524603836,287.67723102585484,231.6638865721434
0226507AR,4,54.491242702251874,95.89241034195163,319.0325271059216,264.5412844036697
0226512AR,4,46.57631359466222,110.50458715596329,296.50542118432026,249.92910758965803
0226513AR,4,44.14095079232694,122.07256046705588,274.58715596330273,230.4462051709758
0226514AR,4,53.273561301084236,92.2393661384487,281.2844036697247,228.01084236864048
0226518AR,4,54.491242702251874,98.3277731442869,296.2010008340283,241.70975813177645
0226530AR,4,55.10008340283569,91.9349457881568,315.6839032527106,260.5838198498749
0226535AR,4,59.05754795663052,103.50291909924937,363.47789824854044,304.4203502919099
0226547AR,4,62.710592160133444,102.58965804837365,298.3319432860717,235.62135112593825
0226549AR,4,55.70892410341951,90.10842368640533,335.47122602168474,279.7623019182652
0226554AR,4,63.31943286071726,106.54712260216847,266.06338615512925,202.743953294412
0226557AR,4,57.23102585487906,93.76146788990826,341.5596330275229,284.32860717264384
0226558AR,4,58.14428690575479,87.06422018348623,318.11926605504584,259.9749791492911
0226565AR,4,58.14428690575479,83.71559633027522,365.0,306.85571309424523
0226574AR,4,57.53544620517097,90.10842368640533,295.28773978315263,237.75229357798167
0226577AR,4,51.751459549624684,110.20016680567139,254.19099249374477,202.4395329441201
0226578AR,4,58.14428690575479,133.94495412844034,359.2160133444537,301.07172643869893
0226595AR,4,52.96914095079233,103.50291909924937,355.56296914095077,302.59382819015843
0226598AR,4,54.79566305254378,106.24270225187655,339.7331109257715,284.9374478732277
0226606AR,4,54.79566305254378,116.28857381150958,258.4528773978315,203.65721434528774
0226609AR,4,57.53544620517097,94.37030859049206,286.15512927439534,228.61968306922438
0226611AR,4,55.10008340283569,90.41284403669724,341.255212677231,286.1551292743953
0226612AR,4,53.57798165137615,124.20350291909925,265.7589658048374,212.18098415346122
0226615AR,4,56.31776480400334,90.41284403669724,301.9849874895746,245.6672226855713
0226620AR,4,57.23102585487906,138.51125938281902,271.84737281067555,214.6163469557965
0226623AR,4,53.57798165137615,88.28190158465388,306.8557130942452,253.27773144286903
0226625AR,4,55.40450375312761,106.24270225187655,297.41868223519594,242.01417848206833
0226633AR,4,50.53377814845704,107.4603836530442,270.0208507089241,219.48707256046708
0226640AR,4,58.753127606338616,86.1509591326105,365.0,306.24687239366136
0226643AR,4,51.751459549624684,99.84987489574645,311.117597998332,259.36613844870726
0226653AR,4,52.3603002502085,97.71893244370307,296.8098415346122,244.4495412844037
0226655AR,4,54.491242702251874,91.02168473728106,306.24687239366136,251.7556296914095
0226659AR,4,59.05754795663052,87.06422018348623,341.5596330275229,282.5020850708924
0226671AR,4,56.622185154295245,90.10842368640533,267.28106755629693,210.6588824020017
0226674AR,4,56.31776480400334,92.54378648874062,285.5462885738115,229.2285237698082
0226681AR,4,52.96914095079233,88.28190158465388,313.5529608006672,260.5838198498749
0226683AR,4,51.44703919933277,101.371976647206,280.0667222685571,228.61968306922432
0226698AR,4,55.40450375312761,83.1067556296914,324.512093411176,269.1075896580484
0226700AR,4,50.83819849874895,114.15763135946622,262.10592160133444,211.26772310258548
0226702AR,4,52.96914095079233,102.58965804837365,287.67723102585484,234.7080900750625
0226709AR,4,56.622185154295245,97.71893244370307,299.24520433694744,242.6230191826522
0226720AR,4,45.663052543786485,86.1509591326105,311.42201834862385,265.7589658048374
0226729AR,4,52.96914095079233,86.75979983319432,365.0,312.03085904920766
0226741AR,4,53.273561301084236,109.28690575479567,299.5496246872394,246.27606338615513
0226751AR,4,56.622185154295245,94.67472894078398,365.0,308.37781484570473
0226763AR,4,52.0558798999166,141.2510425354462,304.7247706422018,252.6688907422852
0226768AR,4,54.18682235195996,105.32944120100083,350.6922435362802,296.50542118432026
0226775AR,4,53.88240200166805,108.06922435362802,310.2043369474562,256.3219349457882
0226779AR,4,58.4487072560467,103.50291909924937,267.28106755629693,208.83236030025023
0226784AR,4,56.013344453711426,85.8465387823186,275.5004170141785,219.48707256046706
0226787AR,4,51.751459549624684,112.02668890742285,324.512093411176,272.76063386155136
0226794AR,4,61.18849040867389,112.63552960800668,249.32026688907425,188.13177648040036
0226795AR,4,47.793994995829856,108.67806505421184,278.24020016680566,230.44620517097582
0226804AR,4,48.70725604670559,96.50125104253544,296.2010008340283,247.49374478732273
0226805AR,4,61.18849040867389,117.20183486238531,252.6688907422852,191.48040033361133
0226806AR,4,52.3603002502085,93.76146788990826,303.8115095913261,251.45120934111762
0226812AR,4,56.622185154295245,96.50125104253544,313.5529608006672,256.93077564637196
0226820AR,4,43.532110091743114,114.76647206005003,273.0650542118432,229.53294412010007
0226822AR,4,51.142618849040865,92.84820683903251,365.0,313.85738115095916
0226834AR,4,61.79733110925771,119.63719766472059,248.1025854879066,186.3052543786489
0226840AR,4,58.14428690575479,119.63719766472059,320.2502085070892,262.10592160133444
0226848AR,4,27.39783152627189,121.46371976647205,272.7606338615513,245.3628023352794
0226854AR,4,60.579649708090066,86.1509591326105,342.77731442869054,282.19766472060047
0226857AR,4,57.83986655546288,92.84820683903251,322.0767306088407,264.2368640533778
0226863AR,4,59.970809007506254,124.50792326939114,316.59716430358634,256.6263552960801
0226867AR,4,53.57798165137615,95.58798999165971,328.1651376146789,274.58715596330273
0226872AR,4,52.96914095079233,98.63219349457881,293.46121768140114,240.4920767306088
0226874AR,4,63.31943286071726,106.54712260216847,239.88323603002502,176.56380316930776
0226879AR,4,50.83819849874895,106.54712260216847,301.3761467889908,250.53794829024184
0226881AR,4,63.62385321100917,124.20350291909925,319.0325271059216,255.40867389491243
0226882AR,4,58.4487072560467,130.59633027522935,301.9849874895746,243.53628023352792
0226890AR,4,60.27522935779816,83.41117597998331,365.0,304.72477064220186
0226901AR,4,57.53544620517097,102.58965804837365,335.47122602168474,277.9357798165138
0226903AR,4,47.793994995829856,98.3277731442869,269.10758965804837,221.31359466221852
0226907AR,4,48.402835696413675,95.58798999165971,365.0,316.59716430358634
0226911AR,4,64.23269391159299,117.50625521267723,256.93077564637196,192.69808173477895
0226919AR,4,47.48957464553794,106.24270225187655,276.7180984153461,229.22852376980816
0226920AR,4,56.31776480400334,88.89074228523769,315.0750625521267,258.7572977481234
0226938AR,4,49.62051709758132,105.63386155129274,355.25854879065884,305.6380316930775
0226948AR,4,52.66472060050042,94.97914929107588,299.5496246872394,246.88490408673897
0226953AR,4,59.66638865721435,91.32610508757297,311.42201834862385,251.7556296914095
0226957AR,4,51.751459549624684,119.02835696413678,273.0650542118432,221.3135946622185
0226965AR,4,58.753127606338616,96.50125104253544,365.0,306.24687239366136
0226969AR,4,56.013344453711426,91.02168473728106,307.7689741451209,251.7556296914095
0226975AR,4,56.013344453711426,106.24270225187655,279.1534612176814,223.14011676396998
0226976AR,4,54.79566305254378,85.54211843202668,308.37781484570473,253.58215179316096
0226980AR,4,56.013344453711426,90.71726438698916,365.0,308.9866555462886
0226983AR,4,55.10008340283569,85.8465387823186,297.11426188490407,242.01417848206836
0226987AR,4,56.622185154295245,89.4995829858215,346.7347789824854,290.11259382819014
0226998AR,4,54.79566305254378,92.84820683903251,316.2927439532944,261.49708090075063
0227005AR,4,55.40450375312761,90.10842368640533,312.9441201000834,257.5396163469558
0227016AR,4,53.88240200166805,93.76146788990826,357.998331943286,304.115929941618
0227018AR,4,51.142618849040865,87.36864053377815,279.1534612176814,228.01084236864054
0227024AR,4,57.53544620517097,97.41451209341118,277.63135946622185,220.0959132610509
0227027AR,4,58.14428690575479,101.371976647206,297.72310258548794,239.57881567973314
0227034AR,4,56.622185154295245,90.41284403669724,301.0717264386989,244.44954128440364
0227036AR,4,50.83819849874895,96.19683069224352,325.7297748123436,274.8915763135946
0227037AR,4,53.88240200166805,116.5929941618015,253.27773144286903,199.39532944120097
0227038AR,4,39.27022518765638,120.55045871559632,277.93577981651373,238.66555462885736
0227043AR,4,55.40450375312761,89.19516263552961,317.51042535446203,262.10592160133444
0227050AR,4,56.92660550458715,83.41117597998331,314.77064220183485,257.8440366972477
0227062AR,4,56.622185154295245,101.06755629691408,307.7689741451209,251.14678899082568
0227065AR,4,58.14428690575479,99.54545454545453,339.7331109257715,281.5888240200167
0227066AR,4,57.53544620517097,88.89074228523769,310.81317764804,253.27773144286903
0227067AR,4,52.0558798999166,95.89241034195163,289.1993327773144,237.1434528773978
0227071AR,4,56.31776480400334,88.89074228523769,284.6330275229358,228.31526271893244
0227075AR,4,55.70892410341951,118.72393661384487,240.79649708090074,185.08757297748122
0227082AR,4,52.66472060050042,92.84820683903251,296.2010008340283,243.53628023352792
0227085AR,4,56.92660550458715,85.8465387823186,365.0,308.07339449541286
0227098AR,4,55.40450375312761,87.36864053377815,347.95246038365303,292.54795663052545
0227106AR,4,47.48957464553794,111.72226855713093,310.5087572977481,263.01918265221013
0227114AR,4,47.793994995829856,111.41784820683903,253.58215179316096,205.7881567973311
0227115AR,4,52.96914095079233,91.02168473728106,294.9833194328607,242.01417848206836
0227121AR,4,56.622185154295245,82.19349457881567,315.37948290241866,258.7572977481234
0227123AR,4,56.31776480400334,96.80567139282735,319.3369474562135,263.0191826522102
0227139AR,4,62.710592160133444,104.41618015012509,362.2602168473728,299.5496246872394
0227148AR,4,58.14428690575479,87.67306088407005,292.2435362802335,234.09924937447872
0227154AR,4,50.83819849874895,91.32610508757297,360.7381150959132,309.89991659716424
0227159AR,4,47.48957464553794,110.80900750625521,304.115929941618,256.6263552960801
0227163AR,4,59.361968306922435,119.63719766472059,249.62468723936612,190.2627189324437
0227165AR,4,56.92660550458715,111.1134278565471,282.5020850708924,225.57547956630526
0227171AR,4,52.96914095079233,90.10842368640533,326.33861551292745,273.3694745621351
0227176AR,4,31.050875729774813,115.37531276063386,279.4578815679733,248.40700583819847
0227179AR,4,55.70892410341951,92.84820683903251,365.0,309.2910758965805
0227180AR,4,48.70725604670559,106.24270225187655,276.7180984153461,228.0108423686405
0227183AR,4,50.83819849874895,102.28523769808173,325.7297748123436,274.8915763135946
0227186AR,4,59.361968306922435,91.9349457881568,265.1501251042535,205.78815679733106
0227188AR,4,50.83819849874895,95.89241034195163,319.94578815679733,269.10758965804837
0227196AR,4,51.142618849040865,88.89074228523769,332.73144286905756,281.5888240200167
0227206AR,4,52.66472060050042,103.19849874895746,301.68056713928274,249.01584653878234
0227207AR,4,55.70892410341951,91.02168473728106,292.8523769808173,237.1434528773978
0227211AR,4,53.273561301084236,89.19516263552961,319.94578815679733,266.6722268557131
0227213AR,4,49.31609674728941,94.06588824020017,365.0,315.6839032527106
0227220AR,4,52.66472060050042,92.2393661384487,287.0683903252711,234.40366972477068
0227230AR,4,54.18682235195996,116.5929941618015,278.54462051709754,224.35779816513758
0227241AR,4,56.92660550458715,104.41618015012509,298.6363636363636,241.70975813177648
0227244AR,4,61.79733110925771,120.55045871559632,236.534612176814,174.7372810675563
0227253AR,4,63.62385321100917,99.54545454545453,365.0,301.3761467889908
0227267AR,4,61.18849040867389,87.97748123436196,365.0,303.8115095913261
0227270AR,4,55.70892410341951,93.15262718932443,324.8165137614679,269.10758965804837
0227273AR,4,53.88240200166805,86.75979983319432,300.1584653878232,246.27606338615513
0227279AR,4,23.74478732276897,122.37698081734779,272.1517931609675,248.40700583819853
0227296AR,4,37.44370308590492,119.3327773144287,305.9424520433695,268.49874895746456
0227298AR,4,58.4487072560467,103.19849874895746,365.0,306.5512927439533
0227300AR,4,54.79566305254378,89.80400333611342,316.9015846538782,262.10592160133444
0227305AR,4,53.88240200166805,102.28523769808173,282.5020850708924,228.61968306922435
0227306AR,4,54.18682235195996,113.8532110091743,365.0,310.81317764804004
0227308AR,4,34.09507923269391,119.94161801501251,281.8932443703086,247.7981651376147
0227311AR,4,56.31776480400334,91.32610508757297,319.6413678065054,263.32360300250207
0227316AR,4,62.101751459549625,109.89574645537948,365.0,302.89824854045037
0227328AR,4,45.663052543786485,95.2835696413678,318.11926605504584,272.45621351125936
0227337AR,4,50.83819849874895,98.3277731442869,279.4578815679733,228.61968306922432
0227341AR,4,51.751459549624684,92.2393661384487,309.2910758965805,257.53961634695577
0227343AR,4,40.48790658882402,99.54545454545453,365.0,324.512093411176
0227344AR,4,49.011676396997494,119.94161801501251,272.1517931609675,223.14011676396998
0227346AR,4,55.40450375312761,87.97748123436196,333.64470391993325,278.24020016680566
0227349AR,4,56.31776480400334,126.63886572143451,333.9491242702252,277.63135946622185
0227358AR,4,54.491242702251874,92.2393661384487,323.90325271059214,269.41201000834025
0227363AR,4,61.4929107589658,87.06422018348623,365.0,303.5070892410342
0227371AR,4,58.14428690575479,108.98248540450375,351.90992493744784,293.7656380316931
0227375AR,4,47.48957464553794,119.63719766472059,270.62969140950787,223.14011676396993
0227379AR,4,54.491242702251874,93.15262718932443,306.5512927439533,252.06005004170143
0227384AR,4,49.011676396997494,105.32944120100083,254.49541284403668,205.48373644703918
0227386AR,4,55.10008340283569,83.41117597998331,318.72810675562965,263.62802335279395
0227389AR,4,55.10008340283569,100.76313594662219,365.0,309.8999165971643
0227401AR,4,55.40450375312761,94.06588824020017,324.8165137614679,269.4120100083403
0227402AR,4,56.622185154295245,92.84820683903251,283.41534612176815,226.79316096747291
0227409AR,4,57.23102585487906,94.97914929107588,311.117597998332,253.88657214345292
0227413AR,4,62.101751459549625,110.50458715596329,329.3828190158465,267.2810675562969
0227428AR,4,58.14428690575479,95.89241034195163,293.15679733110926,235.01251042535446
0227437AR,4,60.27522935779816,89.4995829858215,365.0,304.72477064220186
0227450AR,4,50.53377814845704,94.67472894078398,309.59549624687236,259.0617180984153
0227455AR,4,53.88240200166805,87.67306088407005,312.33527939949954,258.4528773978315
0227457AR,4,57.83986655546288,94.37030859049206,315.98832360300247,258.1484570475396
0227458AR,4,48.70725604670559,88.58632193494579,320.55462885738115,271.84737281067555
0227465AR,4,56.92660550458715,94.67472894078398,299.85404503753125,242.9274395329441
0227466AR,4,51.142618849040865,105.63386155129274,294.070058381985,242.92743953294413
0227478AR,4,53.88240200166805,101.98081734778982,284.93744787322765,231.0550458715596
0227484AR,4,53.57798165137615,98.3277731442869,289.80817347789826,236.23019182652212
0227493AR,4,56.92660550458715,95.89241034195163,275.19599666388655,218.2693911592994
0227500AR,4,45.054211843202665,101.98081734778982,306.5512927439533,261.49708090075063
0227510AR,4,58.4487072560467,103.19849874895746,326.6430358632193,268.1943286071726
0227527AR,4,56.92660550458715,92.54378648874062,328.1651376146789,271.23853211009174
0227532AR,4,53.88240200166805,101.98081734778982,326.94745621351126,273.06505421184323
0227534AR,4,46.57631359466222,99.54545454545453,329.3828190158465,282.8065054211843
0227535AR,4,40.79232693911593,119.02835696413678,280.97998331943285,240.18765638031692
0227544AR,4,55.40450375312761,101.98081734778982,315.98832360300247,260.5838198498749
0227556AR,4,57.23102585487906,82.80233527939949,287.9816513761468,230.75062552126772
0227569AR,4,52.0558798999166,108.98248540450375,327.55629691409507,275.5004170141785
0227579AR,4,58.4487072560467,104.1117597998332,273.0650542118432,214.61634695579647
0227588AR,4,56.31776480400334,83.41117597998331,365.0,308.68223519599667
0227592AR,4,42.314428690575475,115.07089241034194,287.0683903252711,244.7539616346956
0227600AR,4,54.79566305254378,94.97914929107588,280.97998331943285,226.18432026688907
0227601AR,4,50.83819849874895,99.24103419516264,314.4662218515429,263.62802335279395
0227602AR,4,54.18682235195996,105.32944120100083,309.2910758965805,255.10425354462052
0227607AR,4,59.361968306922435,85.23769808173478,365.0,305.63803169307755
0227612AR,4,56.622185154295245,86.75979983319432,292.2435362802335,235.62135112593828
0227628AR,4,49.924937447873226,92.84820683903251,300.767306088407,250.84236864053378
0227638AR,4,51.751459549624684,88.28190158465388,277.93577981651373,226.18432026688905
0227643AR,4,56.622185154295245,115.07089241034194,260.88824020016676,204.26605504587152
0227648AR,4,62.101751459549625,108.67806505421184,365.0,302.89824854045037
0227659AR,4,51.751459549624684,98.63219349457881,322.9899916597164,271.2385321100917
0227660AR,4,49.62051709758132,88.58632193494579,293.46121768140114,243.84070058381982
0227669AR,4,52.3603002502085,98.93661384487072,305.63803169307755,253.27773144286905
0227670AR,4,56.013344453711426,87.36864053377815,365.0,308.9866555462886
0227685AR,4,59.66638865721435,114.46205170975811,280.67556296914097,221.0091743119266
0227688AR,4,56.622185154295245,115.07089241034194,353.4320266889074,296.80984153461213
0227690AR,4,66.05921601334445,95.2835696413678,365.0,298.94078398665556
0227699AR,4,56.622185154295245,92.54378648874062,318.72810675562965,262.1059216013344
0227700AR,4,53.273561301084236,94.97914929107588,297.11426188490407,243.84070058381982
0227704AR,4,52.0558798999166,86.75979983319432,307.46455379482904,255.40867389491245
0227708AR,4,51.751459549624684,78.84487072560466,365.0,313.24854045037534
0227718AR,4,34.39949958298582,125.42118432026689,271.5429524603836,237.1434528773978
0227722AR,4,50.22935779816514,91.9349457881568,315.0750625521267,264.84570475396157
0227726AR,4,50.83819849874895,90.71726438698916,320.8590492076731,270.0208507089241
0227733AR,4,47.793994995829856,106.54712260216847,280.97998331943285,233.185988323603
0227743AR,4,60.27522935779816,85.8465387823186,343.3861551292744,283.1109257714763
0227745AR,4,50.83819849874895,90.41284403669724,322.6855713094245,271.84737281067555
0227753AR,4,55.10008340283569,98.63219349457881,284.93744787322765,229.83736447039195
0227758AR,4,49.924937447873226,92.2393661384487,286.15512927439534,236.23019182652212
0227772AR,4,24.353628023352794,120.55045871559632,273.3694745621351,249.0158465387823
0227774AR,4,60.88407005838198,170.17097581317765,365.0,304.115929941618
0227789AR,4,57.23102585487906,96.80567139282735,331.20934111759794,273.97831526271887
0227790AR,4,58.14428690575479,116.28857381150958,336.08006672226855,277.9357798165138
0227796AR,4,56.013344453711426,119.63719766472059,277.63135946622185,221.61801501251043
0227800AR,4,55.40450375312761,117.50625521267723,323.59883236030026,268.1943286071727
0227801AR,4,61.4929107589658,96.50125104253544,286.76396997497915,225.27105921601336
0227813AR,4,41.40116763969974,122.07256046705588,267.5854879065888,226.18432026688907
0227820AR,4,49.924937447873226,92.54378648874062,330.29608006672225,280.37114261884903
0227824AR,4,57.53544620517097,105.32944120100083,304.115929941618,246.58048373644704
0227832AR,4,54.79566305254378,114.46205170975811,365.0,310.2043369474562
0227844AR,4,60.27522935779816,112.63552960800668,335.47122602168474,275.1959966638866
0227848AR,4,52.0558798999166,95.2835696413678,273.9783152627189,221.92243536280233
0227851AR,4,56.013344453711426,101.06755629691408,314.16180150125103,258.14845704753964
0227852AR,4,53.273561301084236,96.19683069224352,276.1092577147623,222.83569641367805
0227860AR,4,56.013344453711426,98.63219349457881,365.0,308.9866555462886
0227869AR,4,52.3603002502085,98.63219349457881,311.42201834862385,259.0617180984153
0227873AR,4,56.31776480400334,83.71559633027522,305.02919099249374,248.7114261884904
0227878AR,4,52.96914095079233,92.84820683903251,288.5904920767306,235.62135112593825
0227888AR,4,55.70892410341951,92.84820683903251,365.0,309.2910758965805
0227896AR,4,62.101751459549625,93.45704753961634,365.0,302.89824854045037
0227897AR,4,36.53044203502919,122.6814011676397,274.89157631359467,238.3611342785655
0227901AR,4,58.14428690575479,86.1509591326105,298.6363636363636,240.49207673060883
0227913AR,4,57.53544620517097,86.75979983319432,288.5904920767306,231.05504587155963
0227919AR,4,63.62385321100917,114.46205170975811,317.20600500417015,253.582151793161
0227926AR,4,55.70892410341951,115.67973311092577,330.29608006672225,274.58715596330273
0227928AR,4,52.3603002502085,92.2393661384487,319.3369474562135,266.976647206005
0227942AR,4,56.622185154295245,95.2835696413678,300.4628857381151,243.84070058381988
0227955AR,4,51.142618849040865,95.2835696413678,286.76396997497915,235.62135112593828
0227961AR,4,53.273561301084236,91.9349457881568,294.070058381985,240.79649708090076
0227972AR,4,59.970809007506254,99.54545454545453,298.6363636363636,238.66555462885736
0227974AR,4,56.622185154295245,96.50125104253544,313.85738115095916,257.2351959966639
0227982AR,4,52.3603002502085,90.71726438698916,291.33027522935777,238.96997497914927
0227986AR,4,54.79566305254378,99.24103419516264,267.8899082568807,213.09424520433691
0228005AR,4,58.4487072560467,88.89074228523769,317.20600500417015,258.75729774812345
0228010AR,4,43.83653044203503,86.1509591326105,326.33861551292745,282.5020850708924
0228012AR,4,55.10008340283569,93.45704753961634,285.8507089241034,230.7506255212677
0228013AR,4,54.18682235195996,94.97914929107588,292.54795663052545,238.3611342785655
0228022AR,4,54.79566305254378,93.15262718932443,302.28940783986656,247.49374478732278
0228025AR,4,55.70892410341951,88.58632193494579,365.0,309.2910758965805
0228029AR,4,57.53544620517097,84.93327773144287,354.649708090075,297.11426188490407
0228038AR,4,54.491242702251874,98.3277731442869,365.0,310.5087572977481
0228052AR,4,52.0558798999166,92.54378648874062,365.0,312.9441201000834
0228056AR,4,60.579649708090066,89.80400333611342,332.4270225187656,271.84737281067555
0228070AR,4,57.23102585487906,89.4995829858215,340.3419516263553,283.1109257714762
0228077AR,4,54.491242702251874,89.19516263552961,341.8640533778148,287.3728106755629
0228087AR,4,63.31943286071726,97.71893244370307,347.0391993327773,283.71976647206003
0228091AR,4,54.79566305254378,108.98248540450375,259.67055879899914,204.87489574645537
0228096AR,4,56.31776480400334,94.97914929107588,365.0,308.68223519599667
0228098AR,4,52.66472060050042,105.63386155129274,286.76396997497915,234.09924937447875
0228104AR,4,56.622185154295245,94.06588824020017,325.7297748123436,269.1075896580483
0228112AR,4,32.26855713094245,119.3327773144287,277.93577981651373,245.6672226855713
0228115AR,4,54.18682235195996,91.63052543786488,308.68223519599667,254.4954128440367
0228119AR,4,58.4487072560467,94.67472894078398,346.7347789824854,288.2860717264387
0228127AR,4,47.18515429524603,94.06588824020017,294.3744787322769,247.18932443703085
0228134AR,4,49.924937447873226,85.8465387823186,319.6413678065054,269.7164303586322
0228140AR,4,53.88240200166805,118.41951626355295,302.28940783986656,248.4070058381985
0228141AR,4,52.96914095079233,91.9349457881568,320.8590492076731,267.88990825688074
0228142AR,4,54.79566305254378,99.24103419516264,365.0,310.2043369474562
0228154AR,4,56.92660550458715,97.41451209341118,323.59883236030026,266.6722268557131
0228155AR,4,54.79566305254378,108.98248540450375,287.67723102585484,232.88156797331106
0228156AR,4,49.011676396997494,97.11009174311927,290.72143452877395,241.70975813177645
0228160AR,4,64.23269391159299,94.67472894078398,365.0,300.767306088407
0228162AR,4,52.96914095079233,95.89241034195163,365.0,312.03085904920766
0228166AR,4,37.13928273561301,119.3327773144287,280.0667222685571,242.9274395329441
0228167AR,4,47.18515429524603,119.63719766472059,311.42201834862385,264.2368640533778
0228176AR,4,49.011676396997494,102.58965804837365,333.3402835696414,284.3286071726439
0228181AR,4,51.142618849040865,96.50125104253544,294.9833194328607,243.84070058381982
0228185AR,4,54.491242702251874,88.28190158465388,365.0,310.5087572977481
0228186AR,4,56.92660550458715,94.97914929107588,328.46955796497076,271.5429524603836
0228196AR,4,55.10008340283569,96.80567139282735,324.512093411176,269.4120100083403
0228199AR,4,51.751459549624684,90.71726438698916,330.6005004170142,278.8490408673895
0228215AR,4,56.31776480400334,117.20183486238531,361.0425354462052,304.72477064220186
0228217AR,4,53.88240200166805,96.50125104253544,337.60216847372806,283.71976647206003
0228221AR,4,51.142618849040865,97.41451209341118,341.255212677231,290.11259382819014
0228224AR,4,55.70892410341951,96.19683069224352,332.73144286905756,277.02251876563804
0228226AR,4,51.142618849040865,93.45704753961634,329.07839866555463,277.9357798165138
0228229AR,4,62.101751459549625,106.24270225187655,343.0817347789825,280.97998331943285
0228270AR,4,54.79566305254378,92.2393661384487,290.4170141784821,235.6213511259383
0228281AR,4,53.88240200166805,105.32944120100083,307.7689741451209,253.88657214345287
0228295AR,4,53.57798165137615,124.81234361968306,243.84070058381982,190.26271893244368
0228299AR,4,52.3603002502085,87.97748123436196,307.1601334445371,254.7998331943286
0228310AR,4,54.491242702251874,109.89574645537948,269.10758965804837,214.6163469557965
0228311AR,4,56.013344453711426,90.71726438698916,335.1668056713928,279.1534612176814
0228313AR,4,40.183486238532105,118.11509591326104,286.15512927439534,245.97164303586322
0228320AR,4,48.09841534612176,111.72226855713093,277.63135946622185,229.5329441201001
0228334AR,4,52.3603002502085,96.80567139282735,280.67556296914097,228.31526271893247
0228336AR,4,59.66638865721435,111.72226855713093,365.0,305.3336113427857
0228341AR,4,62.710592160133444,103.80733944954129,335.7756463719766,273.0650542118432
0228344AR,4,54.79566305254378,116.5929941618015,324.512093411176,269.71643035863224
0228345AR,4,53.88240200166805,98.63219349457881,328.1651376146789,274.28273561301086
0228347AR,4,45.054211843202665,123.29024186822352,357.998331943286,312.94412010008335
0228354AR,4,63.62385321100917,115.37531276063386,247.49374478732275,183.8698915763136
0228356AR,4,49.924937447873226,101.98081734778982,329.68723936613844,279.7623019182652
0228359AR,4,56.92660550458715,91.32610508757297,322.9899916597164,266.06338615512925
0228367AR,4,58.14428690575479,94.67472894078398,303.2026688907423,245.0583819849875
0228372AR,4,53.273561301084236,112.63552960800668,274.89157631359467,221.61801501251043
0228383AR,4,47.18515429524603,95.58798999165971,297.41868223519594,250.2335279399499
0228384AR,4,52.0558798999166,94.97914929107588,277.93577981651373,225.87989991659714
0228398AR,4,58.4487072560467,101.6763969974979,311.72643869891573,253.27773144286903
0228403AR,4,58.753127606338616,106.85154295246038,305.02919099249374,246.27606338615513
0228404AR,4,62.40617180984153,108.37364470391992,314.77064220183485,252.3644703919933
0228408AR,4,53.273561301084236,99.54545454545453,365.0,311.7264386989158
0228424AR,4,58.753127606338616,84.62885738115095,329.68723936613844,270.9341117597998
0228425AR,4,58.14428690575479,96.80567139282735,365.0,306.85571309424523
0228430AR,4,58.14428690575479,133.64053377814847,316.9015846538782,258.75729774812345
0228439AR,4,55.70892410341951,124.50792326939114,231.35946622185153,175.650542118432
0228454AR,4,52.96914095079233,108.67806505421184,295.28773978315263,242.3185988323603
0228457AR,4,56.013344453711426,93.15262718932443,280.67556296914097,224.66221851542954
0228462AR,4,54.79566305254378,95.2835696413678,287.9816513761468,233.185988323603
0228463AR,4,54.79566305254378,89.19516263552961,297.11426188490407,242.3185988323603
0228465AR,4,51.44703919933277,97.11009174311927,344.2994161801501,292.8523769808173
0228469AR,4,60.88407005838198,94.06588824020017,290.4170141784821,229.5329441201001
0228480AR,4,54.491242702251874,94.97914929107588,300.4628857381151,245.97164303586325
0228488AR,4,54.79566305254378,99.54545454545453,308.68223519599667,253.8865721434529
0228492AR,4,53.88240200166805,93.45704753961634,329.68723936613844,275.8048373644704
0228504AR,4,56.013344453711426,88.58632193494579,356.78065054211845,300.76730608840705
0228507AR,4,57.53544620517097,93.15262718932443,349.77898248540447,292.2435362802335
0228508AR,4,51.751459549624684,92.54378648874062,283.71976647206003,231.96830692243535
0228521AR,4,37.44370308590492,118.72393661384487,272.7606338615513,235.31693077564637
0228522AR,4,53.273561301084236,90.71726438698916,336.38448707256043,283.1109257714762
0228524AR,4,53.273561301084236,92.54378648874062,297.72310258548794,244.4495412844037
0228525AR,4,52.96914095079233,89.19516263552961,361.9557964970809,308.98665554628855
0228537AR,4,56.92660550458715,93.15262718932443,321.46788990825684,264.5412844036697
0228541AR,4,51.751459549624684,112.93994995829857,365.0,313.24854045037534
0228544AR,4,52.96914095079233,93.45704753961634,306.24687239366136,253.27773144286903
0228548AR,4,12.785654712260216,259.67055879899914,340.9507923269391,328.1651376146789
0228556AR,4,50.83819849874895,89.80400333611342,365.0,314.16180150125103
0228559AR,4,56.013344453711426,99.84987489574645,318.4236864053378,262.4103419516264
0228562AR,4,52.96914095079233,100.45871559633028,287.9816513761468,235.01251042535444
0228564AR,4,62.710592160133444,92.54378648874062,323.59883236030026,260.8882402001668
0228567AR,4,61.4929107589658,97.71893244370307,313.85738115095916,252.36447039199336
0228570AR,4,46.57631359466222,99.24103419516264,336.68890742285237,290.11259382819014
0228572AR,4,46.88073394495413,110.20016680567139,273.3694745621351,226.48874061718098
0228585AR,4,55.70892410341951,137.59799833194327,315.98832360300247,260.27939949958295
0228587AR,4,59.66638865721435,117.50625521267723,328.1651376146789,268.49874895746456
0228588AR,4,53.57798165137615,98.02335279399499,273.9783152627189,220.40033361134277
0228590AR,4,57.53544620517097,87.36864053377815,325.4253544620517,267.88990825688074
0228597AR,4,43.532110091743114,105.63386155129274,365.0,321.4678899082569
0228605AR,4,60.579649708090066,130.29190992493744,365.0,304.4203502919099
0228607AR,4,52.3603002502085,115.07089241034194,306.8557130942452,254.49541284403668
0228610AR,4,55.10008340283569,112.33110925771476,365.0,309.8999165971643
0228618AR,4,53.273561301084236,95.89241034195163,277.93577981651373,224.6622185154295
0228626AR,4,60.27522935779816,94.37030859049206,309.8999165971643,249.62468723936612
0228635AR,4,56.92660550458715,83.71559633027522,285.2418682235196,228.31526271893244
0228641AR,4,63.31943286071726,112.02668890742285,365.0,301.68056713928274
0228650AR,4,55.40450375312761,90.41284403669724,310.81317764804,255.40867389491237
0228654AR,4,40.48790658882402,111.1134278565471,300.1584653878232,259.6705587989992
0228668AR,4,53.273561301084236,92.2393661384487,310.81317764804,257.53961634695577
0228669AR,4,52.96914095079233,90.41284403669724,282.19766472060047,229.22852376980813
0228689AR,4,56.31776480400334,87.06422018348623,308.68223519599667,252.36447039199334
0228690AR,4,53.273561301084236,97.71893244370307,347.95246038365303,294.6788990825688
0228695AR,4,57.83986655546288,98.93661384487072,319.3369474562135,261.49708090075063
0228702AR,4,59.361968306922435,93.15262718932443,294.9833194328607,235.62135112593825
0228708AR,4,49.011676396997494,98.02335279399499,338.5154295246038,289.50375312760633
0228716AR,4,58.14428690575479,95.2835696413678,325.12093411175977,266.976647206005
0228719AR,4,54.491242702251874,93.76146788990826,332.1226021684737,277.6313594662218
0228727AR,4,58.14428690575479,101.371976647206,290.4170141784821,232.27272727272728
0228728AR,4,56.622185154295245,100.15429524603836,295.89658048373644,239.2743953294412
0228732AR,4,51.142618849040865,111.72226855713093,305.3336113427856,254.19099249374474
0228743AR,4,59.66638865721435,115.07089241034194,365.0,305.3336113427857
0228746AR,4,56.013344453711426,86.75979983319432,329.68723936613844,273.67389491242704
0228777AR,4,54.491242702251874,103.19849874895746,288.5904920767306,234.09924937447872
0228782AR,4,55.40450375312761,99.84987489574645,304.115929941618,248.71142618849038
0228793AR,4,56.92660550458715,88.58632193494579,280.0667222685571,223.14011676396996
0228805AR,4,55.70892410341951,111.1134278565471,365.0,309.2910758965805
0228808AR,4,51.44703919933277,98.02335279399499,287.67723102585484,236.23019182652206
0228814AR,4,51.142618849040865,101.98081734778982,337.2977481234362,286.15512927439534
0228816AR,4,57.23102585487906,92.84820683903251,280.37114261884903,223.14011676396998
0228817AR,4,59.05754795663052,100.76313594662219,335.47122602168474,276.4136780650542
0228828AR,4,54.491242702251874,95.58798999165971,297.72310258548794,243.23185988323607
0228830AR,4,53.273561301084236,91.02168473728106,325.4253544620517,272.1517931609675
0228848AR,4,49.31609674728941,88.58632193494579,346.1259382819016,296.8098415346122
0228852AR,4,53.57798165137615,89.4995829858215,264.8457047539616,211.26772310258548
0228864AR,4,54.18682235195996,92.2393661384487,301.9849874895746,247.79816513761466
0228868AR,4,58.753127606338616,97.11009174311927,301.3761467889908,242.6230191826522
0228874AR,4,52.96914095079233,100.45871559633028,311.42201834862385,258.4528773978315
0228883AR,4,51.751459549624684,91.63052543786488,294.9833194328607,243.231859883236
0228888AR,4,49.62051709758132,87.06422018348623,284.6330275229358,235.01251042535446
0228890AR,4,38.66138448707256,116.28857381150958,275.5004170141785,236.83903252710593
0228894AR,4,55.70892410341951,94.37030859049206,281.58882402001666,225.87989991659714
0228899AR,4,54.18682235195996,86.45537948290242,365.0,310.81317764804004
0228901AR,4,54.18682235195996,88.28190158465388,282.8065054211843,228.61968306922432
0228912AR,4,49.011676396997494,106.54712260216847,300.4628857381151,251.45120934111762
0228913AR,4,53.57798165137615,105.63386155129274,276.1092577147623,222.53127606338614
0228919AR,4,56.92660550458715,91.02168473728106,301.9849874895746,245.05838198498748
0228922AR,4,57.53544620517097,92.2393661384487,290.72143452877395,233.185988323603
0228928AR,4,44.445371142618846,112.02668890742285,283.1109257714762,238.66555462885736
0228929AR,4,55.40450375312761,105.93828190158466,269.4120100083403,214.0075062552127
0228931AR,4,50.53377814845704,115.07089241034194,260.88824020016676,210.35446205170973
0228935AR,4,56.622185154295245,92.84820683903251,327.2518765638032,270.6296914095079
0228944AR,4,55.40450375312761,92.54378648874062,317.20600500417015,261.80150125104257
0228948AR,4,66.36363636363636,157.38532110091742,336.38448707256043,270.02085070892406
0228952AR,4,56.013344453711426,126.3344453711426,365.0,308.9866555462886
0228953AR,4,52.0558798999166,105.63386155129274,285.5462885738115,233.49040867389493
0228959AR,4,55.40450375312761,98.02335279399499,266.06338615512925,210.65888240200164
0228963AR,4,55.40450375312761,97.71893244370307,298.3319432860717,242.92743953294408
0228964AR,4,44.74979149291075,96.80567139282735,321.46788990825684,276.7180984153461
0228966AR,4,56.013344453711426,100.15429524603836,343.6905754795663,287.6772310258549
0228969AR,4,61.4929107589658,99.54545454545453,307.46455379482904,245.97164303586325
0228973AR,4,55.70892410341951,91.32610508757297,329.3828190158465,273.673894912427
0228990AR,4,53.57798165137615,113.5487906588824,359.8248540450375,306.24687239366136
0228994AR,4,60.88407005838198,114.46205170975811,346.7347789824854,285.8507089241034
0228997AR,4,56.622185154295245,91.9349457881568,314.77064220183485,258.1484570475396
0229000AR,4,56.622185154295245,90.71726438698916,333.9491242702252,277.3269391159299
0229001AR,4,41.705587989991656,114.46205170975811,246.58048373644704,204.87489574645537
0229007AR,4,43.22768974145121,115.67973311092577,288.2860717264387,245.0583819849875
0229015AR,4,52.66472060050042,92.2393661384487,319.6413678065054,266.976647206005
0229048AR,4,54.18682235195996,96.50125104253544,309.8999165971643,255.71309424520433
0229049AR,4,57.83986655546288,116.5929941618015,365.0,307.1601334445371
0229067AR,4,50.83819849874895,94.06588824020017,346.7347789824854,295.89658048373644
0229073AR,4,55.70892410341951,86.75979983319432,298.0275229357798,242.3185988323603
0229088AR,4,56.92660550458715,95.89241034195163,303.2026688907423,246.27606338615516
0229097AR,4,48.09841534612176,91.02168473728106,313.2485404503753,265.1501251042535
0229099AR,4,43.532110091743114,101.98081734778982,344.2994161801501,300.767306088407
0229104AR,4,49.31609674728941,91.32610508757297,365.0,315.6839032527106
0229106AR,4,53.57798165137615,101.371976647206,312.6396997497915,259.0617180984153
0229108AR,4,57.23102585487906,86.75979983319432,315.6839032527106,258.4528773978315
0229110AR,4,53.273561301084236,91.02168473728106,282.19766472060047,228.92410341951623
0229122AR,4,56.622185154295245,99.24103419516264,307.1601334445371,250.53794829024187
0229132AR,4,55.10008340283569,84.02001668056714,298.6363636363636,243.53628023352792
0229145AR,4,56.622185154295245,119.3327773144287,226.48874061718098,169.86655546288574
0229161AR,4,43.532110091743114,130.59633027522935,215.2251876563803,171.6930775646372
0229171AR,4,42.9232693911593,83.71559633027522,359.2160133444537,316.2927439532944
0229178AR,4,53.57798165137615,96.80567139282735,319.94578815679733,266.3678065054212
0229182AR,4,57.83986655546288,92.84820683903251,292.2435362802335,234.40366972477062
0229191AR,4,53.88240200166805,93.15262718932443,282.8065054211843,228.92410341951623
0229205AR,4,52.96914095079233,93.45704753961634,307.1601334445371,254.19099249374477
0229210AR,4,58.14428690575479,90.41284403669724,301.9849874895746,243.84070058381982
0229216AR,4,54.491242702251874,94.37030859049206,318.11926605504584,263.62802335279395
0229225AR,4,50.83819849874895,95.89241034195163,299.24520433694744,248.40700583819847
0229231AR,4,52.3603002502085,86.75979983319432,328.46955796497076,276.10925771476224
0229243AR,4,52.66472060050042,104.720600500417,303.8115095913261,251.1467889908257
0229244AR,4,52.66472060050042,90.41284403669724,317.51042535446203,264.8457047539616
0229247AR,4,54.18682235195996,113.5487906588824,365.0,310.81317764804004
0229251AR,4,57.23102585487906,101.371976647206,294.9833194328607,237.75229357798165
0229256AR,4,63.01501251042536,108.67806505421184,305.3336113427856,242.31859883236027
0229257AR,4,51.751459549624684,96.19683069224352,283.1109257714762,231.35946622185153
0229272AR,4,54.18682235195996,93.45704753961634,272.7606338615513,218.57381150959134
0229287AR,4,53.273561301084236,95.2835696413678,299.5496246872394,246.27606338615513
0229299AR,4,55.10008340283569,102.89407839866554,304.115929941618,249.01584653878228
0229300AR,4,58.14428690575479,88.89074228523769,315.0750625521267,256.93077564637196
0229304AR,4,59.361968306922435,119.94161801501251,365.0,305.63803169307755
0229306AR,4,44.14095079232694,112.63552960800668,281.58882402001666,237.4478732276897
0229315AR,4,59.970809007506254,104.41618015012509,311.72643869891573,251.75562969140947
0229324AR,4,49.011676396997494,94.97914929107588,306.8557130942452,257.8440366972477
0229328AR,4,57.53544620517097,85.54211843202668,344.2994161801501,286.76396997497915
0229333AR,4,56.013344453711426,120.24603836530441,330.6005004170142,274.58715596330273
0229334AR,4,50.53377814845704,88.89074228523769,329.3828190158465,278.8490408673895
0229337AR,4,38.66138448707256,120.24603836530441,282.8065054211843,244.14512093411173
0229342AR,4,34.39949958298582,119.94161801501251,285.2418682235196,250.84236864053378
0229368AR,4,52.0558798999166,98.63219349457881,280.67556296914097,228.61968306922438
0229379AR,4,52.0558798999166,90.71726438698916,290.72143452877395,238.66555462885736
0229388AR,4,51.142618849040865,111.72226855713093,322.3811509591326,271.23853211009174
0229394AR,4,56.013344453711426,94.06588824020017,275.19599666388655,219.18265221017512
0229402AR,4,56.31776480400334,113.8532110091743,266.3678065054212,210.05004170141785
0229407AR,4,55.10008340283569,176.56380316930776,298.6363636363636,243.53628023352792
0229409AR,4,59.66638865721435,84.02001668056714,312.6396997497915,252.97331109257712
0229413AR,4,52.0558798999166,87.06422018348623,326.94745621351126,274.89157631359467
0229420AR,4,32.26855713094245,122.37698081734779,284.0241868223519,251.75562969140947
0229424AR,4,48.09841534612176,107.4603836530442,287.67723102585484,239.57881567973308
0229432AR,4,50.53377814845704,103.19849874895746,348.2568807339449,297.7231025854879
0229437AR,4,54.491242702251874,85.8465387823186,290.4170141784821,235.9257714762302
0229442AR,4,42.314428690575475,116.28857381150958,277.93577981651373,235.62135112593825
0229450AR,4,54.79566305254378,89.4995829858215,318.72810675562965,263.9324437030859
0229460AR,4,55.70892410341951,103.19849874895746,268.49874895746456,212.78982485404504
0229461AR,4,62.710592160133444,97.11009174311927,365.0,302.28940783986656
0229466AR,4,55.10008340283569,97.41451209341118,315.98832360300247,260.88824020016676
0229469AR,4,57.23102585487906,96.80567139282735,288.5904920767306,231.35946622185153
0229478AR,4,56.31776480400334,88.58632193494579,319.3369474562135,263.0191826522102
0229480AR,4,60.579649708090066,106.85154295246038,319.0325271059216,258.4528773978315
0229484AR,4,63.01501251042536,106.85154295246038,333.3402835696414,270.325271059216
0229493AR,4,54.18682235195996,91.02168473728106,320.2502085070892,266.06338615512925
0229506AR,4,52.66472060050042,96.50125104253544,270.93411175979986,218.26939115929946
0229511AR,4,48.09841534612176,80.36697247706421,354.95412844036696,306.8557130942452
0229523AR,4,51.751459549624684,95.2835696413678,328.46955796497076,276.71809841534605
0229529AR,4,52.66472060050042,94.06588824020017,297.72310258548794,245.05838198498753
0229533AR,4,58.14428690575479,107.1559633027523,284.6330275229358,226.48874061718098
0229534AR,4,52.3603002502085,87.67306088407005,298.0275229357798,245.66722268557132
0229537AR,4,55.10008340283569,91.32610508757297,293.15679733110926,238.05671392827355
0229539AR,4,53.57798165137615,99.24103419516264,324.512093411176,270.93411175979986
0229540AR,4,56.31776480400334,98.93661384487072,306.5512927439533,250.23352793994997
0229542AR,4,44.445371142618846,110.50458715596329,270.325271059216,225.87989991659714
0229546AR,4,48.70725604670559,110.20016680567139,278.8490408673895,230.14178482068388
0229547AR,4,52.66472060050042,95.2835696413678,294.67889908256876,242.01417848206836
0229558AR,4,58.4487072560467,87.06422018348623,287.0683903252711,228.61968306922438
0229560AR,4,52.96914095079233,105.32944120100083,287.0683903252711,234.09924937447875
0229562AR,4,54.18682235195996,87.67306088407005,301.3761467889908,247.18932443703085
0229566AR,4,56.013344453711426,126.63886572143451,316.9015846538782,260.8882402001668
0229568AR,4,53.273561301084236,103.19849874895746,331.5137614678899,278.24020016680566
0229576AR,4,53.57798165137615,116.5929941618015,365.0,311.42201834862385
0229582AR,4,60.27522935779816,110.80900750625521,336.9933277731443,276.71809841534616
0229584AR,4,54.491242702251874,96.80567139282735,318.4236864053378,263.9324437030859
0229587AR,4,50.53377814845704,100.45871559633028,335.47122602168474,284.9374478732277
0229591AR,4,56.92660550458715,115.07089241034194,333.9491242702252,277.02251876563804
0229592AR,4,52.3603002502085,94.37030859049206,312.33527939949954,259.974979149291
0229600AR,4,56.31776480400334,92.2393661384487,325.7297748123436,269.41201000834025
0229602AR,4,47.18515429524603,110.80900750625521,278.24020016680566,231.05504587155963
0229620AR,4,36.22602168473728,117.81067556296912,276.1092577147623,239.88323603002502
0229628AR,4,56.013344453711426,136.68473728106756,304.4203502919099,248.4070058381985
0229642AR,4,56.31776480400334,87.36864053377815,305.3336113427856,249.01584653878228
0229647AR,4,56.013344453711426,114.46205170975811,242.9274395329441,186.91409507923268
0229660AR,4,54.79566305254378,92.84820683903251,344.9082568807339,290.11259382819014
0229669AR,4,49.924937447873226,101.6763969974979,280.97998331943285,231.05504587155963
0229692AR,4,51.751459549624684,96.50125104253544,301.3761467889908,249.62468723936612
0229693AR,4,58.4487072560467,105.63386155129274,355.56296914095077,297.11426188490407
0229694AR,4,63.928273561301076,126.94328607172643,329.68723936613844,265.7589658048374
0229699AR,4,56.622185154295245,95.58798999165971,340.3419516263553,283.71976647206003
0229704AR,4,56.92660550458715,101.371976647206,335.7756463719766,278.8490408673895
0229710AR,4,55.10008340283569,109.89574645537948,294.67889908256876,239.57881567973305
0229711AR,4,57.23102585487906,91.63052543786488,306.8557130942452,249.62468723936612
0229719AR,4,49.31609674728941,111.1134278565471,258.75729774812345,209.44120100083404
0229721AR,4,53.88240200166805,91.9349457881568,315.37948290241866,261.49708090075063
0229725AR,4,57.23102585487906,97.71893244370307,312.33527939949954,255.1042535446205
0229730AR,4,57.53544620517097,119.02835696413678,328.7739783152627,271.23853211009174
0229735AR,4,55.10008340283569,95.58798999165971,308.98665554628855,253.88657214345284
0229750AR,4,52.0558798999166,97.11009174311927,293.15679733110926,241.10091743119267
0229752AR,4,54.18682235195996,94.06588824020017,298.6363636363636,244.44954128440367
0229764AR,4,50.22935779816514,91.32610508757297,303.2026688907423,252.97331109257715
0229765AR,4,45.9674728940784,112.02668890742285,274.89157631359467,228.92410341951626
0229766AR,4,50.22935779816514,91.32610508757297,317.81484570475396,267.5854879065888
0229767AR,4,56.622185154295245,121.76814011676396,230.75062552126772,174.12844036697248
0229770AR,4,60.579649708090066,104.1117597998332,263.32360300250207,202.743953294412
0229772AR,4,46.88073394495413,97.11009174311927,338.81984987489574,291.93911592994164
0229774AR,4,56.013344453711426,98.3277731442869,300.1584653878232,244.14512093411176
0229780AR,4,54.18682235195996,100.76313594662219,308.37781484570473,254.19099249374477
0229783AR,4,54.79566305254378,87.36864053377815,292.8523769808173,238.05671392827355
0229793AR,4,54.79566305254378,94.37030859049206,277.02251876563804,222.22685571309427
0229802AR,4,53.88240200166805,107.1559633027523,269.4120100083403,215.52960800667225
0229806AR,4,44.74979149291075,107.1559633027523,287.9816513761468,243.231859883236
0229808AR,4,52.96914095079233,112.63552960800668,243.53628023352792,190.56713928273558
0229809AR,4,59.66638865721435,94.37030859049206,285.8507089241034,226.18432026688905
0229810AR,4,52.96914095079233,90.71726438698916,338.81984987489574,285.8507089241034
0229818AR,4,54.491242702251874,98.3277731442869,316.2927439532944,261.8015012510425
0229821AR,4,43.532110091743114,115.37531276063386,280.0667222685571,236.534612176814
0229825AR,4,54.491242702251874,92.2393661384487,304.7247706422018,250.23352793994994
0229833AR,4,33.790658882402,122.6814011676397,272.1517931609675,238.3611342785655
0231044AR,4,52.3603002502085,104.720600500417,283.41534612176815,231.05504587155966
0231049AR,4,53.88240200166805,97.71893244370307,271.84737281067555,217.9649708090075
0231055AR,4,44.74979149291075,299.85404503753125,364.08673894912425,319.3369474562135
0231060AR,4,54.491242702251874,110.50458715596329,319.0325271059216,264.5412844036697
0231075AR,4,56.92660550458715,99.54545454545453,301.9849874895746,245.05838198498748
0231109AR,4,50.22935779816514,185.39199332777315,365.0,314.77064220183485
0231119AR,4,51.142618849040865,102.58965804837365,240.18765638031692,189.04503753127605
0231135AR,4,60.579649708090066,110.50458715596329,343.0817347789825,282.5020850708924
0231143AR,4,54.18682235195996,91.9349457881568,341.5596330275229,287.37281067556296
0231153AR,4,57.53544620517097,94.97914929107588,339.42869057547955,281.8932443703086
0231163AR,4,59.66638865721435,98.3277731442869,298.6363636363636,238.96997497914927
0231169AR,4,54.79566305254378,89.4995829858215,291.33027522935777,236.534612176814
0231208AR,4,61.4929107589658,160.73394495412842,364.08673894912425,302.59382819015843
0231220AR,4,56.92660550458715,101.371976647206,343.0817347789825,286.15512927439534
0231249AR,4,54.491242702251874,93.15262718932443,356.78065054211845,302.28940783986656
0231281AR,4,53.88240200166805,99.24103419516264,261.49708090075063,207.61467889908258
0231284AR,4,61.18849040867389,100.76313594662219,321.77231025854877,260.5838198498749
0231313AR,4,49.924937447873226,110.80900750625521,365.0,315.0750625521268
0231318AR,4,58.14428690575479,96.80567139282735,277.3269391159299,219.18265221017512
0231321AR,4,56.31776480400334,97.41451209341118,278.8490408673895,222.53127606338614
0231337AR,4,63.31943286071726,102.89407839866554,365.0,301.68056713928274
0231346AR,4,57.23102585487906,98.3277731442869,344.9082568807339,287.67723102585484
0231350AR,4,53.57798165137615,102.28523769808173,331.20934111759794,277.6313594662218
0231366AR,4,59.66638865721435,157.68974145120933,365.0,305.3336113427857
0231368AR,4,61.79733110925771,111.1134278565471,338.81984987489574,277.02251876563804
0231378AR,4,49.62051709758132,92.2393661384487,273.0650542118432,223.44453711426186
0231397AR,4,54.491242702251874,97.11009174311927,271.5429524603836,217.05170975813175
0231428AR,4,52.66472060050042,96.50125104253544,309.8999165971643,257.2351959966639
0231432AR,4,57.23102585487906,274.58715596330273,365.0,307.7689741451209
0231448AR,4,54.491242702251874,95.58798999165971,334.557964970809,280.0667222685571
0231451AR,4,52.0558798999166,94.06588824020017,305.9424520433695,253.8865721434529
0231458AR,4,62.710592160133444,128.7698081734779,354.649708090075,291.9391159299416
0231467AR,4,65.75479566305255,254.49541284403668,356.1718098415346,290.417014178482
0231480AR,4,53.57798165137615,97.11009174311927,285.5462885738115,231.96830692243537
0231488AR,4,60.27522935779816,116.5929941618015,365.0,304.72477064220186
0231496AR,4,55.10008340283569,97.41451209341118,284.6330275229358,229.53294412010007
0231504AR,4,52.0558798999166,93.15262718932443,312.33527939949954,260.27939949958295
0231506AR,4,54.491242702251874,95.89241034195163,318.72810675562965,264.23686405337776
0231507AR,4,55.40450375312761,105.93828190158466,280.67556296914097,225.27105921601336
0231548AR,4,53.88240200166805,94.67472894078398,267.8899082568807,214.00750625521263
0231555AR,4,57.53544620517097,96.50125104253544,319.94578815679733,262.4103419516264
0231578AR,4,49.011676396997494,94.97914929107588,334.557964970809,285.5462885738115
0231580AR,4,56.622185154295245,103.19849874895746,342.47289407839867,285.8507089241034
0231582AR,4,52.3603002502085,97.41451209341118,365.0,312.6396997497915
0231598AR,4,50.53377814845704,92.84820683903251,273.0650542118432,222.53127606338614
0231605AR,4,45.9674728940784,109.89574645537948,264.5412844036697,218.57381150959128
0231616AR,4,60.579649708090066,119.94161801501251,346.1259382819016,285.5462885738115
0231622AR,4,62.101751459549625,85.23769808173478,365.0,302.89824854045037
0231634AR,4,56.013344453711426,94.37030859049206,341.255212677231,285.24186822351953
0231645AR,4,62.710592160133444,98.63219349457881,342.77731442869054,280.0667222685571
0231648AR,4,61.79733110925771,96.50125104253544,365.0,303.2026688907423
0231661AR,4,52.0558798999166,117.81067556296912,337.60216847372806,285.54628857381147
0231665AR,4,56.013344453711426,83.71559633027522,310.2043369474562,254.1909924937448
0231681AR,4,59.361968306922435,160.42952460383654,365.0,305.63803169307755
0231712AR,4,47.18515429524603,102.58965804837365,279.4578815679733,232.27272727272725
0231719AR,4,47.48957464553794,101.6763969974979,278.8490408673895,231.35946622185153
0231733AR,4,57.83986655546288,105.32944120100083,322.9899916597164,265.1501251042535
0231739AR,4,49.011676396997494,94.06588824020017,267.8899082568807,218.8782318598832
0231750AR,4,55.40450375312761,93.45704753961634,291.0258548790659,235.62135112593828
0231784AR,4,49.31609674728941,96.80567139282735,340.64637197664723,291.3302752293578
0231804AR,4,57.53544620517097,95.89241034195163,287.37281067556296,229.837364470392
0231805AR,4,57.23102585487906,96.80567139282735,266.67222685571306,209.441201000834
0231822AR,4,50.53377814845704,103.50291909924937,256.6263552960801,206.09257714762305
0231849AR,4,63.01501251042536,91.02168473728106,324.207673060884,261.19266055045864
0231860AR,4,57.53544620517097,94.67472894078398,297.72310258548794,240.18765638031698
0231876AR,4,66.05921601334445,188.13177648040033,365.0,298.94078398665556
0231877AR,4,55.40450375312761,88.89074228523769,287.37281067556296,231.96830692243535
0231881AR,4,57.83986655546288,88.58632193494579,365.0,307.1601334445371
0231883AR,4,62.40617180984153,113.5487906588824,362.2602168473728,299.8540450375313
0231886AR,4,50.83819849874895,87.06422018348623,307.7689741451209,256.93077564637196
0231900AR,4,59.05754795663052,92.2393661384487,335.47122602168474,276.4136780650542
0231911AR,4,59.970809007506254,93.76146788990826,270.0208507089241,210.05004170141785
0231913AR,4,45.663052543786485,103.80733944954129,275.5004170141785,229.837364470392
0231925AR,4,57.53544620517097,93.76146788990826,344.9082568807339,287.37281067556296
0231951AR,4,56.622185154295245,92.2393661384487,365.0,308.37781484570473
0231956AR,4,51.44703919933277,101.98081734778982,346.1259382819016,294.6788990825688
0231975AR,4,57.53544620517097,107.4603836530442,283.71976647206003,226.18432026688907
0231976AR,4,50.22935779816514,86.1509591326105,336.08006672226855,285.8507089241034
0231998AR,4,61.4929107589658,114.76647206005003,356.1718098415346,294.67889908256876
0232004AR,4,62.101751459549625,130.59633027522935,365.0,302.89824854045037
0232007AR,4,56.31776480400334,103.80733944954129,283.71976647206003,227.4020016680567
0232015AR,4,53.57798165137615,89.4995829858215,269.7164303586322,216.13844870725603
0232032AR,4,67.581317764804,160.73394495412842,359.52043369474563,291.93911592994164
0232052AR,4,59.66638865721435,127.24770642201834,362.2602168473728,302.5938281901585
0232056AR,4,55.40450375312761,125.7256046705588,281.58882402001666,226.18432026688905
0232074AR,4,57.83986655546288,110.20016680567139,365.0,307.1601334445371
0232076AR,4,53.57798165137615,117.50625521267723,273.0650542118432,219.48707256046703
0232090AR,4,47.48957464553794,105.02502085070891,265.45454545454544,217.9649708090075
0232103AR,4,56.622185154295245,97.11009174311927,365.0,308.37781484570473
0232112AR,4,55.70892410341951,114.46205170975811,275.5004170141785,219.79149291075896
0232114AR,4,57.83986655546288,120.85487906588824,322.9899916597164,265.1501251042535
0232115AR,4,65.14595496246872,103.19849874895746,284.93744787322765,219.79149291075893
0232121AR,4,63.01501251042536,151.29691409507922,362.86905754795663,299.85404503753125
0232130AR,4,59.05754795663052,100.15429524603836,365.0,305.9424520433695
0232156AR,4,57.23102585487906,123.59466221851542,352.8231859883236,295.5921601334445
0232158AR,4,41.09674728940784,185.69641367806503,365.0,323.90325271059214
0232164AR,4,54.79566305254378,106.54712260216847,365.0,310.2043369474562
0232197AR,4,63.31943286071726,168.6488740617181,363.1734778982485,299.85404503753125
0232205AR,4,58.753127606338616,122.37698081734779,357.998331943286,299.2452043369474
0232212AR,4,61.79733110925771,95.58798999165971,324.207673060884,262.4103419516263
0232218AR,4,48.09841534612176,109.28690575479567,350.38782318598834,302.28940783986656
0232219AR,4,42.314428690575475,89.4995829858215,365.0,322.6855713094245
0232239AR,4,57.53544620517097,92.54378648874062,365.0,307.46455379482904
0232247AR,4,56.92660550458715,85.54211843202668,294.9833194328607,238.05671392827355
0232256AR,4,58.4487072560467,97.71893244370307,329.07839866555463,270.6296914095079
0232257AR,4,56.92660550458715,116.5929941618015,334.557964970809,277.63135946622185
0232266AR,4,56.92660550458715,111.72226855713093,327.55629691409507,270.6296914095079
0232280AR,4,57.23102585487906,97.11009174311927,279.4578815679733,222.22685571309424
0232288AR,4,51.142618849040865,90.41284403669724,326.94745621351126,275.8048373644704
0232310AR,4,52.3603002502085,98.63219349457881,286.4595496246872,234.09924937447872
0232311AR,4,62.101751459549625,128.46538782318598,354.95412844036696,292.8523769808173
0232316AR,4,60.88407005838198,99.84987489574645,363.47789824854044,302.59382819015843
0232337AR,4,53.57798165137615,94.37030859049206,353.1276063386155,299.5496246872394
0232339AR,4,56.013344453711426,100.76313594662219,288.2860717264387,232.27272727272728
0232364AR,4,52.0558798999166,98.63219349457881,299.24520433694744,247.18932443703085
0232399AR,4,63.01501251042536,115.07089241034194,360.7381150959132,297.7231025854878
0232408AR,4,65.75479566305255,119.02835696413678,365.0,299.24520433694744
0232415AR,4,52.96914095079233,94.06588824020017,326.6430358632193,273.673894912427
0232446AR,4,47.48957464553794,98.63219349457881,294.67889908256876,247.18932443703082
0232458AR,4,54.491242702251874,98.93661384487072,365.0,310.5087572977481
0232467AR,4,59.66638865721435,106.54712260216847,364.69557964970807,305.02919099249374
0232475AR,4,57.23102585487906,95.58798999165971,305.63803169307755,248.4070058381985
0232478AR,4,60.88407005838198,118.41951626355295,353.1276063386155,292.24353628023357
0232481AR,4,55.40450375312761,98.93661384487072,304.7247706422018,249.3202668890742
0232487AR,4,55.10008340283569,94.67472894078398,323.29441201000833,268.1943286071726
0232489AR,4,49.62051709758132,89.4995829858215,346.7347789824854,297.11426188490407
0232491AR,4,58.4487072560467,95.58798999165971,323.90325271059214,265.45454545454544
0232493AR,4,62.710592160133444,107.7648040033361,311.72643869891573,249.01584653878228
0232500AR,4,68.79899916597164,110.50458715596329,365.0,296.2010008340284
0232502AR,4,55.70892410341951,96.80567139282735,294.3744787322769,238.66555462885736
0232534AR,4,55.70892410341951,101.6763969974979,300.1584653878232,244.44954128440367
0232538AR,4,52.96914095079233,98.02335279399499,322.0767306088407,269.10758965804837
0232546AR,4,61.79733110925771,126.03002502085072,308.98665554628855,247.18932443703085
0232547AR,4,58.14428690575479,96.19683069224352,365.0,306.85571309424523
0232557AR,4,56.622185154295245,96.50125104253544,300.1584653878232,243.53628023352795
0232565AR,4,65.14595496246872,87.67306088407005,365.0,299.85404503753125
0232581AR,4,52.96914095079233,101.371976647206,365.0,312.03085904920766
0232602AR,4,52.3603002502085,94.37030859049206,327.86071726438695,275.5004170141784
0232610AR,4,56.92660550458715,139.12010008340283,365.0,308.07339449541286
0232611AR,4,59.05754795663052,90.71726438698916,310.5087572977481,251.4512093411176
0232624AR,4,52.0558798999166,87.97748123436196,357.69391159299414,305.63803169307755
0232630AR,4,46.57631359466222,86.1509591326105,276.4136780650542,229.837364470392
0232634AR,4,54.18682235195996,111.72226855713093,281.8932443703086,227.70642201834863
0232643AR,4,54.79566305254378,89.19516263552961,307.1601334445371,252.36447039199334
0232655AR,4,53.273561301084236,116.28857381150958,365.0,311.7264386989158
0232660AR,4,53.273561301084236,100.45871559633028,305.9424520433695,252.66889074228524
0232683AR,4,57.53544620517097,109.28690575479567,295.5921601334445,238.05671392827355
0232697AR,4,54.491242702251874,101.6763969974979,280.37114261884903,225.87989991659717
0232703AR,4,56.013344453711426,102.28523769808173,321.16346955796496,265.15012510425356
0232716AR,4,64.23269391159299,96.50125104253544,360.12927439532945,295.89658048373644
0232729AR,4,53.57798165137615,98.3277731442869,338.2110091743119,284.6330275229358
0232772AR,4,51.44703919933277,96.50125104253544,277.63135946622185,226.18432026688907
0232777AR,4,58.4487072560467,96.80567139282735,365.0,306.5512927439533
0232787AR,4,49.011676396997494,107.7648040033361,301.68056713928274,252.66889074228524
0232796AR,4,56.622185154295245,152.81901584653878,319.3369474562135,262.71476230191826
0232801AR,4,62.710592160133444,113.5487906588824,338.5154295246038,275.80483736447036
0232840AR,4,61.4929107589658,111.1134278565471,329.07839866555463,267.5854879065888
0232844AR,4,51.44703919933277,105.63386155129274,324.8165137614679,273.3694745621351
0232853AR,4,66.97247706422017,142.46872393661383,350.9966638865721,284.0241868223519
0232890AR,4,54.18682235195996,94.67472894078398,307.46455379482904,253.27773144286908
0232894AR,4,57.53544620517097,96.19683069224352,287.0683903252711,229.53294412010013
0232902AR,4,55.10008340283569,94.97914929107588,308.37781484570473,253.27773144286903
0232938AR,4,59.361968306922435,92.54378648874062,279.7623019182652,220.40033361134277
0232980AR,4,56.92660550458715,100.45871559633028,365.0,308.07339449541286
0233001AR,4,58.4487072560467,99.24103419516264,325.4253544620517,266.976647206005
0233011AR,4,53.57798165137615,93.15262718932443,321.77231025854877,268.1943286071726
0233031AR,4,53.88240200166805,98.3277731442869,319.0325271059216,265.15012510425356
0233039AR,4,49.924937447873226,98.63219349457881,344.2994161801501,294.3744787322769
0233042AR,4,61.18849040867389,108.37364470391992,321.77231025854877,260.5838198498749
0233045AR,4,53.88240200166805,98.02335279399499,290.4170141784821,236.53461217681402
0233047AR,4,48.402835696413675,104.1117597998332,270.325271059216,221.92243536280233
0233065AR,4,55.10008340283569,96.19683069224352,337.60216847372806,282.50208507089235
0233066AR,4,49.62051709758132,116.8974145120934,345.21267723102585,295.5921601334445
0233076AR,4,60.27522935779816,88.89074228523769,322.9899916597164,262.71476230191826
0233102AR,4,56.31776480400334,105.02502085070891,294.67889908256876,238.36113427856543
0233125AR,4,56.31776480400334,90.71726438698916,301.9849874895746,245.6672226855713
0233136AR,4,60.27522935779816,103.80733944954129,336.38448707256043,276.1092577147623
0233142AR,4,50.83819849874895,100.45871559633028,311.42201834862385,260.5838198498749
0233157AR,4,61.79733110925771,100.76313594662219,356.78065054211845,294.98331943286075
0233173AR,4,48.09841534612176,101.06755629691408,288.5904920767306,240.49207673060883
0233208AR,4,48.09841534612176,116.8974145120934,355.8673894912427,307.7689741451209
0233211AR,4,55.40450375312761,103.50291909924937,286.15512927439534,230.75062552126772
0233231AR,4,59.970809007506254,89.4995829858215,365.0,305.02919099249374
0233250AR,4,58.14428690575479,107.4603836530442,310.2043369474562,252.06005004170143
0233256AR,4,61.4929107589658,121.46371976647205,349.17014178482066,287.67723102585484
0233262AR,4,55.70892410341951,108.06922435362802,329.3828190158465,273.673894912427
0233265AR,4,57.53544620517097,93.76146788990826,267.28106755629693,209.74562135112598
0233282AR,4,53.273561301084236,105.02502085070891,309.2910758965805,256.01751459549627
0233302AR,4,49.62051709758132,105.02502085070891,272.1517931609675,222.53127606338617
0233308AR,4,53.57798165137615,97.41451209341118,305.3336113427856,251.75562969140947
0233328AR,4,55.10008340283569,95.2835696413678,325.12093411175977,270.02085070892406
0233332AR,4,56.31776480400334,92.54378648874062,309.59549624687236,253.27773144286903
0233349AR,4,54.491242702251874,94.37030859049206,352.2143452877398,297.7231025854879
0233357AR,4,56.622185154295245,94.67472894078398,365.0,308.37781484570473
0233370AR,4,54.18682235195996,91.32610508757297,337.60216847372806,283.4153461217681
0233399AR,4,51.142618849040865,108.67806505421184,355.8673894912427,304.72477064220186
0233401AR,4,60.88407005838198,96.19683069224352,365.0,304.115929941618
0233424AR,4,58.14428690575479,100.15429524603836,331.20934111759794,273.0650542118432
0233428AR,4,57.53544620517097,96.80567139282735,275.19599666388655,217.6605504587156
0233435AR,4,57.23102585487906,96.19683069224352,270.325271059216,213.09424520433694
0233439AR,4,54.491242702251874,97.11009174311927,312.33527939949954,257.84403669724765
0233442AR,4,61.18849040867389,90.10842368640533,355.25854879065884,294.07005838198495
0233445AR,4,55.40450375312761,95.58798999165971,306.24687239366136,250.84236864053375
0233453AR,4,58.4487072560467,101.6763969974979,315.6839032527106,257.2351959966639
0233464AR,4,54.491242702251874,99.24103419516264,365.0,310.5087572977481
0233504AR,4,59.970809007506254,98.02335279399499,300.1584653878232,240.18765638031692
0233508AR,4,52.0558798999166,98.63219349457881,296.8098415346122,244.7539616346956
0233531AR,4,56.622185154295245,210.65888240200167,365.0,308.37781484570473
0233551AR,4,55.10008340283569,104.720600500417,305.3336113427856,250.2335279399499
0233591AR,4,54.18682235195996,103.50291909924937,276.1092577147623,221.92243536280233
0233629AR,4,63.01501251042536,89.4995829858215,348.56130108423685,285.54628857381147
0233635AR,4,49.924937447873226,95.58798999165971,313.2485404503753,263.32360300250207
0233648AR,4,52.96914095079233,99.54545454545453,330.90492076730607,277.93577981651373
0233649AR,4,59.970809007506254,89.19516263552961,347.3436196830692,287.37281067556296
0233665AR,4,44.445371142618846,105.02502085070891,270.93411175979986,226.488740617181
0233679AR,4,51.142618849040865,93.15262718932443,305.02919099249374,253.88657214345287
0233682AR,4,53.273561301084236,112.02668890742285,286.15512927439534,232.8815679733111
0233684AR,4,63.01501251042536,106.54712260216847,336.38448707256043,273.36947456213505
0233689AR,4,59.970809007506254,99.54545454545453,346.7347789824854,286.76396997497915
0233690AR,4,57.23102585487906,101.98081734778982,288.8949124270225,231.66388657214347
0233720AR,4,66.05921601334445,112.63552960800668,364.08673894912425,298.0275229357798
0233728AR,4,69.10341951626356,122.9858215179316,237.75229357798165,168.6488740617181
0233737AR,4,60.579649708090066,97.71893244370307,365.0,304.4203502919099
0233738AR,4,57.83986655546288,96.50125104253544,268.1943286071726,210.35446205170973
0233753AR,4,60.27522935779816,101.6763969974979,305.3336113427856,245.05838198498745
0233765AR,4,55.40450375312761,96.50125104253544,321.77231025854877,266.3678065054212
0233769AR,4,74.27856547122602,122.9858215179316,224.96663886572142,150.6880733944954
0233772AR,4,66.36363636363636,160.42952460383654,365.0,298.6363636363636
0233781AR,4,63.928273561301076,108.98248540450375,365.0,301.07172643869893
0233782AR,4,64.5371142618849,121.46371976647205,365.0,300.4628857381151
0233786AR,4,59.05754795663052,99.54545454545453,318.4236864053378,259.36613844870726
0233787AR,4,58.753127606338616,125.42118432026689,304.4203502919099,245.66722268557132
0233796AR,4,49.62051709758132,83.71559633027522,325.12093411175977,275.5004170141784
0233810AR,4,53.57798165137615,98.02335279399499,302.28940783986656,248.7114261884904
0233827AR,4,55.70892410341951,96.50125104253544,282.5020850708924,226.7931609674729
0233855AR,4,45.35863219349458,94.97914929107588,315.98832360300247,270.62969140950787
0233859AR,4,56.013344453711426,95.2835696413678,310.5087572977481,254.49541284403668
0233861AR,4,65.14595496246872,110.20016680567139,350.38782318598834,285.24186822351965
0233903AR,4,58.4487072560467,94.97914929107588,288.8949124270225,230.44620517097582
0233910AR,4,55.40450375312761,106.24270225187655,358.6071726438699,303.2026688907423
0233913AR,4,56.622185154295245,93.45704753961634,273.9783152627189,217.35613010842368
0233962AR,4,53.88240200166805,116.8974145120934,331.20934111759794,277.3269391159299
0233988AR,4,52.96914095079233,90.41284403669724,303.2026688907423,250.23352793994997
0233989AR,4,63.01501251042536,176.86822351959967,364.69557964970807,301.6805671392827
0233995AR,4,54.79566305254378,87.06422018348623,345.82151793160966,291.0258548790659
0233997AR,4,55.70892410341951,94.37030859049206,315.6839032527106,259.9749791492911
0234001AR,4,53.88240200166805,106.85154295246038,365.0,311.117597998332
0234057AR,4,53.273561301084236,97.41451209341118,305.9424520433695,252.66889074228524
0234082AR,4,56.31776480400334,93.45704753961634,306.8557130942452,250.53794829024184
0234100AR,4,54.18682235195996,107.4603836530442,285.8507089241034,231.66388657214344
0234106AR,4,51.751459549624684,107.1559633027523,280.97998331943285,229.22852376980816
0234147AR,4,57.83986655546288,124.50792326939114,316.2927439532944,258.4528773978315
0234153AR,4,60.88407005838198,99.54545454545453,358.30275229357795,297.418682235196
0234154AR,4,56.013344453711426,99.54545454545453,365.0,308.9866555462886
0234156AR,4,56.92660550458715,114.15763135946622,365.0,308.07339449541286
0234169AR,4,51.44703919933277,95.89241034195163,304.4203502919099,252.97331109257715
0234177AR,4,55.10008340283569,84.62885738115095,297.72310258548794,242.62301918265223
0234184AR,4,55.40450375312761,100.76313594662219,304.4203502919099,249.0158465387823
0234207AR,4,59.05754795663052,116.8974145120934,362.86905754795663,303.8115095913261
0234210AR,4,58.14428690575479,94.97914929107588,339.42869057547955,281.2844036697248
0234236AR,4,48.402835696413675,91.9349457881568,279.1534612176814,230.75062552126775
0234238AR,4,53.57798165137615,106.85154295246038,329.68723936613844,276.1092577147623
0234251AR,4,61.4929107589658,96.50125104253544,314.16180150125103,252.66889074228524
0234254AR,4,52.0558798999166,116.5929941618015,338.5154295246038,286.4595496246872
0234256AR,4,67.8857381150959,103.19849874895746,365.0,297.11426188490407
0234270AR,4,56.31776480400334,99.54545454545453,343.6905754795663,287.37281067556296
0234276AR,4,55.10008340283569,109.28690575479567,298.6363636363636,243.53628023352792
0234302AR,4,50.83819849874895,92.54378648874062,274.58715596330273,223.74895746455377
0234309AR,4,56.31776480400334,94.67472894078398,292.54795663052545,236.23019182652212
0234314AR,4,54.79566305254378,97.71893244370307,313.85738115095916,259.0617180984154
0234340AR,4,65.75479566305255,106.54712260216847,309.2910758965805,243.53628023352792
0234341AR,4,60.27522935779816,95.89241034195163,365.0,304.72477064220186
0234364AR,4,58.14428690575479,95.58798999165971,273.67389491242704,215.52960800667225
0234369AR,4,62.101751459549625,139.42452043369474,365.0,302.89824854045037
0234371AR,4,55.40450375312761,117.50625521267723,365.0,309.5954962468724
0234381AR,4,66.66805671392827,160.1251042535446,346.1259382819016,279.45788156797335
0234384AR,4,56.31776480400334,85.23769808173478,313.2485404503753,256.93077564637196
0234391AR,4,54.18682235195996,77.0183486238532,365.0,310.81317764804004
0234396AR,4,56.013344453711426,100.76313594662219,309.8999165971643,253.88657214345287
0234402AR,4,53.88240200166805,107.1559633027523,332.1226021684737,278.24020016680566
0234428AR,4,63.928273561301076,154.34111759799833,359.52043369474563,295.59216013344457
0234429AR,4,49.62051709758132,115.07089241034194,325.4253544620517,275.80483736447036
0234449AR,4,52.96914095079233,97.41451209341118,291.0258548790659,238.05671392827355
0234452AR,4,62.40617180984153,129.68306922435363,356.1718098415346,293.7656380316931
0234465AR,4,57.83986655546288,100.15429524603836,352.2143452877398,294.3744787322769
0234475AR,4,60.579649708090066,107.7648040033361,292.2435362802335,231.66388657214344
0234480AR,4,60.579649708090066,86.1509591326105,365.0,304.4203502919099
0234484AR,4,60.27522935779816,131.20517097581316,355.25854879065884,294.9833194328607
0234504AR,4,63.31943286071726,90.41284403669724,339.7331109257715,276.4136780650542
0234509AR,4,51.142618849040865,103.50291909924937,286.4595496246872,235.31693077564634
0234514AR,4,63.01501251042536,232.57714762301916,363.1734778982485,300.1584653878231
0234539AR,4,50.83819849874895,92.54378648874062,326.33861551292745,275.5004170141785
0234617AR,4,59.05754795663052,97.11009174311927,304.4203502919099,245.3628023352794
0234626AR,4,53.273561301084236,117.81067556296912,289.50375312760633,236.2301918265221
0234631AR,4,56.622185154295245,108.67806505421184,339.42869057547955,282.8065054211843
0235605AR,4,65.14595496246872,118.11509591326104,361.34695579649707,296.2010008340284
0235629AR,1,52.66472060050042,93.15262718932443,299.85404503753125,247.18932443703085
0235649AR,4,53.273561301084236,108.67806505421184,290.11259382819014,236.8390325271059
0235653AR,4,54.18682235195996,106.24270225187655,337.2977481234362,283.1109257714762
0235656AR,4,55.10008340283569,107.7648040033361,310.5087572977481,255.4086738949124
0235663AR,4,59.970809007506254,116.8974145120934,334.2535446205171,274.28273561301086
0235732AR,4,51.44703919933277,104.1117597998332,297.72310258548794,246.27606338615516
0235761AR,4,56.013344453711426,107.7648040033361,303.8115095913261,247.7981651376147
0235788AR,1,57.83986655546288,106.24270225187655,302.89824854045037,245.05838198498748
0235864AR,4,54.79566305254378,82.4979149291076,304.4203502919099,249.62468723936615
0235869AR,1,63.31943286071726,111.41784820683903,231.05504587155963,167.73561301084237
0235911AR,1,174.4328607172644,211.57214345287738,365.0,190.5671392827356
0235917AR,1,42.314428690575475,90.71726438698916,357.08507089241033,314.77064220183485
0235925AR,1,8.828190158465388,175.3461217681401,275.80483736447036,266.976647206005
0235961AR,1,9.132610508757297,203.0483736447039,275.19599666388655,266.06338615512925
0235978AR,1,47.18515429524603,96.19683069224352,315.37948290241866,268.1943286071726
0236014AR,1,172.301918265221,267.5854879065888,365.0,192.698081734779
0236072AR,4,55.10008340283569,82.19349457881567,302.28940783986656,247.18932443703085
0236073AR,1,52.66472060050042,96.50125104253544,287.9816513761468,235.31693077564637
0236097AR,4,54.491242702251874,101.6763969974979,308.37781484570473,253.88657214345287
0236121AR,4,53.57798165137615,98.93661384487072,321.46788990825684,267.8899082568807
0236140AR,4,57.23102585487906,107.1559633027523,362.86905754795663,305.63803169307755
0236176AR,1,54.18682235195996,178.0859049207673,295.28773978315263,241.10091743119267
0236195AR,1,11.872393661384486,178.39032527105923,277.63135946622185,265.7589658048374
0236206AR,1,0.0,178.0859049207673,278.54462051709754,278.54462051709754
0236208AR,4,59.361968306922435,111.72226855713093,365.0,305.63803169307755
0236216AR,4,61.18849040867389,104.1117597998332,342.77731442869054,281.58882402001666
0236220AR,4,44.14095079232694,98.63219349457881,314.4662218515429,270.325271059216
0236266AR,1,44.445371142618846,189.95829858215177,314.4662218515429,270.02085070892406
0236308AR,1,52.0558798999166,105.02502085070891,310.81317764804,258.7572977481234
0236335AR,1,43.83653044203503,110.80900750625521,300.4628857381151,256.6263552960801
0236340AR,4,68.79899916597164,110.20016680567139,347.95246038365303,279.1534612176814
0236347AR,4,47.793994995829856,127.55212677231026,313.85738115095916,266.0633861551293
0236354AR,1,58.753127606338616,119.63719766472059,233.185988323603,174.4328607172644
0236362AR,1,43.83653044203503,99.84987489574645,319.94578815679733,276.1092577147623
0236385AR,4,59.05754795663052,106.85154295246038,331.20934111759794,272.15179316096743
0236450AR,4,53.273561301084236,106.54712260216847,299.85404503753125,246.580483736447
0236478AR,4,54.491242702251874,83.1067556296914,290.11259382819014,235.62135112593828
0236514AR,4,58.4487072560467,99.84987489574645,353.73644703919933,295.28773978315263
0236529AR,1,54.491242702251874,125.7256046705588,311.117597998332,256.6263552960801
0236538AR,4,52.66472060050042,109.28690575479567,343.0817347789825,290.4170141784821
0236614AR,4,59.05754795663052,101.98081734778982,317.81484570475396,258.75729774812345
0236687AR,4,59.361968306922435,99.84987489574645,346.7347789824854,287.37281067556296
0236693AR,1,53.273561301084236,100.15429524603836,330.6005004170142,277.32693911593
0236745AR,1,56.013344453711426,93.15262718932443,302.28940783986656,246.27606338615513
0236748AR,1,48.09841534612176,136.98915763135946,242.9274395329441,194.82902418682235
0236758AR,1,51.44703919933277,118.41951626355295,252.06005004170143,200.61301084236865
0236798AR,4,59.970809007506254,97.11009174311927,326.33861551292745,266.3678065054212
0236803AR,4,52.0558798999166,90.41284403669724,291.0258548790659,238.9699749791493
0236904AR,4,59.361968306922435,98.02335279399499,310.5087572977481,251.14678899082566
0236920AR,1,56.31776480400334,119.02835696413678,236.8390325271059,180.52126772310257
0236927AR,1,41.09674728940784,88.58632193494579,324.207673060884,283.11092577147616
0236944AR,4,43.22768974145121,124.20350291909925,277.3269391159299,234.09924937447872
0236946AR,4,60.88407005838198,107.4603836530442,306.8557130942452,245.9716430358632
0236969AR,4,65.14595496246872,90.41284403669724,337.60216847372806,272.4562135112593
0236979AR,1,48.09841534612176,120.24603836530441,277.63135946622185,229.5329441201001
0236991AR,1,40.79232693911593,122.37698081734779,277.3269391159299,236.534612176814
0237054AR,4,67.8857381150959,131.20517097581316,346.4303586321935,278.54462051709754
0237090AR,1,13.394495412844037,194.52460383653045,270.62969140950787,257.23519599666383
0237207AR,4,55.10008340283569,105.32944120100083,287.37281067556296,232.27272727272725
0237239AR,1,72.75646371976647,102.58965804837365,346.7347789824854,273.9783152627189
0237282AR,1,53.273561301084236,102.28523769808173,301.9849874895746,248.71142618849038
0237449AR,1,13.394495412844037,218.57381150959134,259.0617180984153,245.6672226855713
0237462AR,1,49.011676396997494,120.24603836530441,266.976647206005,217.9649708090075
0237502AR,1,47.793994995829856,104.720600500417,274.2827356130108,226.48874061718095
0237534AR,1,48.402835696413675,91.32610508757297,328.46955796497076,280.0667222685571
0237549AR,1,21.005004170141785,164.9958298582152,277.3269391159299,256.32193494578814
0237624AR,4,56.92660550458715,102.58965804837365,326.94745621351126,270.0208507089241
0237630AR,1,51.751459549624684,187.52293577981652,357.998331943286,306.2468723936613
0237634AR,4,55.40450375312761,99.24103419516264,327.2518765638032,271.8473728106756
0237652AR,4,59.361968306922435,125.42118432026689,346.7347789824854,287.37281067556296
0237661AR,1,63.31943286071726,122.37698081734779,274.58715596330273,211.26772310258548
0237733AR,4,56.92660550458715,112.33110925771476,289.50375312760633,232.5771476230192
0237769AR,1,43.22768974145121,105.63386155129274,280.0667222685571,236.8390325271059
0237774AR,1,57.83986655546288,133.64053377814847,291.0258548790659,233.185988323603
0237835AR,1,5.783986655546289,230.44620517097582,263.628023352794,257.8440366972477
0237847AR,1,70.32110091743118,138.51125938281902,305.63803169307755,235.31693077564637
0237921AR,4,53.57798165137615,108.67806505421184,284.3286071726439,230.75062552126775
0237955AR,4,52.96914095079233,113.5487906588824,286.4595496246872,233.49040867389488
0237989AR,1,24.353628023352794,157.38532110091742,258.75729774812345,234.40366972477065
0237991AR,4,52.3603002502085,82.4979149291076,286.76396997497915,234.40366972477065
0238023AR,1,48.70725604670559,122.37698081734779,269.10758965804837,220.40033361134277
0238069AR,4,59.66638865721435,98.93661384487072,311.42201834862385,251.7556296914095
0238076AR,1,42.314428690575475,92.2393661384487,332.1226021684737,289.8081734778982
0238078AR,4,49.31609674728941,95.2835696413678,285.5462885738115,236.23019182652212
0238185AR,1,34.70391993327773,166.82235195996662,255.7130942452043,221.00917431192659
0238197AR,4,50.83819849874895,109.89574645537948,300.1584653878232,249.32026688907422
0238199AR,4,52.96914095079233,109.28690575479567,316.2927439532944,263.32360300250207
0238219AR,1,42.01000834028357,139.12010008340283,270.0208507089241,228.01084236864054
0238232AR,4,48.70725604670559,84.62885738115095,303.2026688907423,254.4954128440367
0238243AR,1,59.361968306922435,112.02668890742285,237.1434528773978,177.78148457047536
0238260AR,1,45.054211843202665,116.5929941618015,254.19099249374477,209.1367806505421
0238264AR,1,27.702251876563803,131.814011676397,273.0650542118432,245.36280233527938
0238291AR,1,50.53377814845704,94.67472894078398,305.63803169307755,255.10425354462052
0238297AR,4,55.40450375312761,86.1509591326105,295.28773978315263,239.88323603002502
0238308AR,1,31.050875729774813,107.4603836530442,357.998331943286,326.9474562135112
0238343AR,1,10.959132610508757,180.82568807339447,269.4120100083403,258.45287739783157
0238348AR,1,63.62385321100917,120.24603836530441,261.49708090075063,197.87322768974147
0238363AR,1,45.663052543786485,120.24603836530441,252.6688907422852,207.00583819849874
0238372AR,4,57.53544620517097,110.80900750625521,313.5529608006672,256.01751459549627
0238413AR,1,66.05921601334445,143.38198498748957,218.57381150959134,152.5145954962469
0238426AR,1,11.567973311092578,176.56380316930776,276.7180984153461,265.1501251042535
0238429AR,1,41.705587989991656,124.50792326939114,290.4170141784821,248.7114261884904
0238454AR,1,38.66138448707256,241.70975813177648,297.11426188490407,258.4528773978315
0238516AR,4,56.31776480400334,117.50625521267723,331.20934111759794,274.8915763135946
0238521AR,1,20.396163469557965,129.0742285237698,365.0,344.60383653044204
0238573AR,1,64.5371142618849,143.9908256880734,222.83569641367805,158.29858215179314
0238617AR,4,53.273561301084236,99.84987489574645,328.1651376146789,274.89157631359467
0238661AR,4,55.40450375312761,99.54545454545453,365.0,309.5954962468724
0238740AR,4,55.70892410341951,115.37531276063386,336.08006672226855,280.37114261884903
0238935AR,1,42.9232693911593,86.75979983319432,315.0750625521267,272.15179316096743
0238943AR,1,50.83819849874895,99.24103419516264,310.2043369474562,259.36613844870726
0238995AR,1,56.31776480400334,91.9349457881568,314.77064220183485,258.4528773978315
0239018AR,1,54.18682235195996,213.70308590492075,293.46121768140114,239.27439532944118
0239047AR,1,163.16930775646372,287.9816513761468,365.0,201.83069224353628
0239078AR,4,56.92660550458715,103.50291909924937,314.77064220183485,257.8440366972477
0239091AR,1,55.10008340283569,112.02668890742285,285.5462885738115,230.44620517097582
0239098AR,4,56.013344453711426,114.15763135946622,319.94578815679733,263.93244370308594
0239130AR,1,171.08423686405337,282.19766472060047,365.0,193.91576313594663
0239141AR,1,42.314428690575475,91.32610508757297,347.95246038365303,305.63803169307755
0239212AR,1,43.83653044203503,193.3069224353628,294.67889908256876,250.84236864053372
0239223AR,4,56.622185154295245,91.63052543786488,308.98665554628855,252.3644703919933
0239289AR,4,69.10341951626356,117.50625521267723,337.90658882402,268.80316930775643
0239293AR,4,60.88407005838198,154.64553794829024,344.603836530442,283.71976647206
0239333AR,1,42.61884904086739,128.16096747289407,248.4070058381985,205.7881567973311
0239406AR,4,48.09841534612176,95.89241034195163,288.2860717264387,240.18765638031695
0239447AR,1,53.273561301084236,100.45871559633028,290.4170141784821,237.14345287739783
0239458AR,4,56.92660550458715,111.1134278565471,301.3761467889908,244.44954128440367
0239529AR,1,71.84320266889074,108.06922435362802,336.68890742285237,264.8457047539616
0239531AR,1,53.57798165137615,92.2393661384487,301.9849874895746,248.40700583819847
0239537AR,1,62.101751459549625,101.98081734778982,316.2927439532944,254.19099249374477
0239553AR,1,30.13761467889908,174.7372810675563,260.5838198498749,230.44620517097582
0239568AR,1,36.22602168473728,139.42452043369474,275.5004170141785,239.2743953294412
0239581AR,4,55.40450375312761,103.80733944954129,295.28773978315263,239.88323603002502
0241484AR,4,56.92660550458715,92.2393661384487,365.0,308.07339449541286
0241505AR,4,65.14595496246872,94.37030859049206,365.0,299.85404503753125
0241580AR,4,51.44703919933277,100.45871559633028,312.33527939949954,260.88824020016676
0241603AR,4,59.66638865721435,87.97748123436196,365.0,305.3336113427857
0241614AR,4,52.0558798999166,93.45704753961634,297.72310258548794,245.66722268557135
0241653AR,4,55.40450375312761,81.58465387823186,319.0325271059216,263.628023352794
0241660AR,4,45.663052543786485,98.63219349457881,301.3761467889908,255.71309424520433
0241685AR,4,65.14595496246872,95.2835696413678,358.6071726438699,293.4612176814012
0241716AR,4,56.31776480400334,95.89241034195163,294.67889908256876,238.36113427856543
0241729AR,4,51.44703919933277,95.2835696413678,344.603836530442,293.1567973311092
0241771AR,4,56.013344453711426,100.15429524603836,364.69557964970807,308.68223519599667
0241792AR,4,54.79566305254378,95.58798999165971,292.54795663052545,237.75229357798167
0241826AR,4,56.31776480400334,105.02502085070891,317.20600500417015,260.8882402001668
0241872AR,4,53.88240200166805,101.371976647206,319.3369474562135,265.4545454545455
0241900AR,4,50.83819849874895,94.06588824020017,296.8098415346122,245.97164303586322
0241903AR,4,46.88073394495413,103.19849874895746,302.28940783986656,255.40867389491243
0241938AR,4,43.83653044203503,142.46872393661383,299.24520433694744,255.4086738949124
0241966AR,4,50.83819849874895,96.50125104253544,278.8490408673895,228.0108423686405
0241987AR,4,51.142618849040865,79.7581317764804,334.557964970809,283.41534612176815
0242049AR,1,52.0558798999166,103.19849874895746,330.29608006672225,278.24020016680566
0242070AR,4,53.57798165137615,97.11009174311927,290.4170141784821,236.83903252710593
0242084AR,4,0.0,126.03002502085072,305.63803169307755,305.63803169307755
0242108AR,4,55.70892410341951,111.41784820683903,303.8115095913261,248.1025854879066
0242110AR,4,67.581317764804,152.51459549624687,346.4303586321935,278.8490408673895
0242124AR,4,51.44703919933277,108.67806505421184,296.50542118432026,245.05838198498748
0242132AR,4,51.142618849040865,95.58798999165971,318.4236864053378,267.28106755629693
0242217AR,4,52.96914095079233,94.06588824020017,365.0,312.03085904920766
0242218AR,4,54.18682235195996,106.85154295246038,252.06005004170143,197.87322768974147
0242240AR,4,53.88240200166805,93.76146788990826,365.0,311.117597998332
0242248AR,4,51.751459549624684,100.45871559633028,290.72143452877395,238.96997497914927
0242259AR,4,50.53377814845704,108.98248540450375,265.1501251042535,214.61634695579647
0242279AR,4,50.53377814845704,91.63052543786488,273.9783152627189,223.4445371142619
0242286AR,4,52.96914095079233,97.11009174311927,327.55629691409507,274.58715596330273
0242300AR,4,50.83819849874895,106.24270225187655,344.603836530442,293.765638031693
0242329AR,4,50.83819849874895,91.63052543786488,298.3319432860717,247.49374478732273
0242339AR,4,51.142618849040865,100.45871559633028,319.94578815679733,268.8031693077565
0242372AR,4,51.751459549624684,94.06588824020017,365.0,313.24854045037534
0242413AR,4,53.273561301084236,91.32610508757297,283.41534612176815,230.1417848206839
0242418AR,1,52.0558798999166,108.67806505421184,273.3694745621351,221.31359466221852
0242442AR,4,54.491242702251874,91.32610508757297,365.0,310.5087572977481
0242477AR,4,54.491242702251874,101.371976647206,301.0717264386989,246.580483736447
0242494AR,4,55.10008340283569,99.54545454545453,282.8065054211843,227.70642201834858
0242499AR,1,57.53544620517097,90.71726438698916,286.76396997497915,229.2285237698082
0242574AR,1,43.83653044203503,106.85154295246038,365.0,321.16346955796496
0242592AR,4,49.011676396997494,94.67472894078398,312.6396997497915,263.628023352794
0242645AR,4,56.013344453711426,160.1251042535446,329.3828190158465,273.3694745621351
0242699AR,4,59.361968306922435,96.19683069224352,287.9816513761468,228.61968306922432
0242722AR,4,50.53377814845704,123.29024186822352,305.63803169307755,255.10425354462052
0242739AR,4,53.88240200166805,91.9349457881568,320.2502085070892,266.3678065054212
0242754AR,4,52.0558798999166,98.63219349457881,318.11926605504584,266.06338615512925
0242803AR,4,59.970809007506254,99.24103419516264,365.0,305.02919099249374
0242836AR,4,49.31609674728941,100.15429524603836,316.9015846538782,267.5854879065888
0242910AR,4,48.70725604670559,91.9349457881568,294.67889908256876,245.97164303586317
0242959AR,4,56.31776480400334,85.23769808173478,329.68723936613844,273.3694745621351
0242990AR,4,48.70725604670559,93.45704753961634,295.5921601334445,246.8849040867389
0243012AR,4,59.05754795663052,109.59132610508756,302.89824854045037,243.84070058381985
0243016AR,4,51.751459549624684,100.76313594662219,320.2502085070892,268.4987489574645
0243103AR,4,49.31609674728941,93.45704753961634,297.72310258548794,248.40700583819853
0243110AR,4,54.491242702251874,97.41451209341118,365.0,310.5087572977481
0243209AR,4,56.013344453711426,89.80400333611342,315.0750625521267,259.0617180984153
0243294AR,4,55.70892410341951,88.58632193494579,333.03586321934944,277.3269391159299
0243296AR,4,53.57798165137615,90.41284403669724,306.24687239366136,252.6688907422852
0243322AR,4,57.23102585487906,96.50125104253544,287.67723102585484,230.4462051709758
0243389AR,4,49.62051709758132,123.29024186822352,297.11426188490407,247.49374478732275
0243410AR,4,52.0558798999166,93.15262718932443,365.0,312.9441201000834
0243442AR,4,56.92660550458715,104.720600500417,283.41534612176815,226.488740617181
0243503AR,4,51.142618849040865,95.2835696413678,308.0733944954128,256.93077564637196
0243529AR,4,54.18682235195996,97.41451209341118,297.72310258548794,243.53628023352798
0243569AR,4,46.27189324437031,93.76146788990826,307.1601334445371,260.8882402001668
0243583AR,4,51.751459549624684,102.58965804837365,293.15679733110926,241.40533778148458
0243615AR,4,45.054211843202665,100.15429524603836,298.9407839866555,253.88657214345284
0243628AR,4,60.27522935779816,149.7748123436197,354.649708090075,294.3744787322769
0243681AR,4,49.011676396997494,103.19849874895746,288.5904920767306,239.57881567973308
0243712AR,4,50.22935779816514,84.93327773144287,310.5087572977481,260.27939949958295
0243713AR,4,56.92660550458715,95.58798999165971,309.8999165971643,252.97331109257715
0243738AR,1,50.53377814845704,109.59132610508756,286.15512927439534,235.6213511259383
0243754AR,4,55.10008340283569,93.76146788990826,307.1601334445371,252.0600500417014
0243765AR,4,56.92660550458715,85.23769808173478,351.301084236864,294.3744787322769
0243827AR,4,54.491242702251874,93.45704753961634,355.56296914095077,301.0717264386989
0243838AR,4,48.402835696413675,91.02168473728106,271.5429524603836,223.14011676396996
0243860AR,4,55.70892410341951,99.84987489574645,289.50375312760633,233.7948290241868
0243875AR,4,53.57798165137615,94.37030859049206,279.7623019182652,226.18432026688907
0243890AR,4,52.0558798999166,99.84987489574645,291.0258548790659,238.9699749791493
0243900AR,4,55.70892410341951,91.63052543786488,347.0391993327773,291.33027522935777
0243910AR,4,51.142618849040865,105.32944120100083,311.117597998332,259.97497914929113
0243924AR,4,55.70892410341951,88.89074228523769,323.90325271059214,268.1943286071726
0243938AR,4,54.491242702251874,94.37030859049206,313.5529608006672,259.0617180984153
0243963AR,4,52.96914095079233,93.45704753961634,277.63135946622185,224.66221851542952
0243969AR,4,56.31776480400334,92.54378648874062,296.2010008340283,239.883236030025
0244021AR,4,42.9232693911593,98.02335279399499,271.23853211009174,228.31526271893244
0244050AR,4,38.35696413678065,108.37364470391992,365.0,326.6430358632193
0244107AR,4,50.83819849874895,93.45704753961634,268.49874895746456,217.6605504587156
0244118AR,4,50.53377814845704,94.37030859049206,341.5596330275229,291.0258548790659
0244131AR,1,55.40450375312761,108.06922435362802,293.7656380316931,238.36113427856546
0244177AR,4,52.0558798999166,90.71726438698916,274.89157631359467,222.83569641367808
0244219AR,4,52.66472060050042,77.93160967472893,266.3678065054212,213.70308590492078
0244454AR,1,52.3603002502085,97.41451209341118,306.5512927439533,254.1909924937448
0244469AR,4,49.31609674728941,94.67472894078398,266.67222685571306,217.35613010842366
0244491AR,4,47.18515429524603,180.5212677231026,315.98832360300247,268.80316930775643
0244510AR,4,51.751459549624684,92.54378648874062,296.8098415346122,245.0583819849875
0244512AR,4,50.53377814845704,77.62718932443703,298.6363636363636,248.1025854879066
0250475AR,1,77.0183486238532,126.3344453711426,365.0,287.98165137614683
0250582AR,1,136.07589658048374,365.0,365.0,228.92410341951626
0250679AR,1,40.48790658882402,112.33110925771476,269.7164303586322,229.22852376980816
0250856AR,1,78.23603002502085,145.20850708924104,163.16930775646372,84.93327773144287
0251024AR,1,88.28190158465388,347.95246038365303,365.0,276.7180984153461
0251094AR,1,56.92660550458715,97.71893244370307,365.0,308.07339449541286
0251150AR,1,61.18849040867389,88.28190158465388,231.35946622185153,170.17097581317765
0251283AR,1,85.23769808173478,270.93411175979986,365.0,279.7623019182652
0251356AR,1,60.88407005838198,94.67472894078398,269.10758965804837,208.2235195996664
0251366AR,1,3.653044203502919,111.72226855713093,260.279399499583,256.6263552960801
0251387AR,1,59.66638865721435,96.50125104253544,221.92243536280233,162.25604670558798
0251570AR,1,63.01501251042536,95.2835696413678,230.44620517097582,167.43119266055047
0251666AR,1,59.970809007506254,91.9349457881568,210.65888240200167,150.6880733944954
0251749AR,1,62.101751459549625,162.56046705587988,365.0,302.89824854045037
0251805AR,1,134.55379482902418,146.42618849040866,157.99416180150124,23.44036697247705
0251910AR,1,0.0,148.25271059216013,365.0,365.0
0251963AR,1,64.23269391159299,107.7648040033361,150.9924937447873,86.75979983319432
0252104AR,1,0.0,98.3277731442869,221.61801501251043,221.61801501251043
0252163AR,1,0.0,90.71726438698916,209.13678065054214,209.13678065054214
0252165AR,1,66.36363636363636,107.4603836530442,365.0,298.6363636363636
0255929AR,4,66.05921601334445,96.50125104253544,365.0,298.94078398665556
0255998AR,4,49.31609674728941,115.98415346121769,282.8065054211843,233.49040867389488
0256005AR,4,65.14595496246872,88.89074228523769,351.90992493744784,286.7639699749791
0256027AR,4,63.31943286071726,101.98081734778982,292.2435362802335,228.92410341951626
0256313AR,4,63.62385321100917,101.6763969974979,295.5921601334445,231.96830692243535
0256345AR,4,63.928273561301076,150.9924937447873,351.301084236864,287.37281067556296
0257585AR,4,48.09841534612176,99.84987489574645,273.3694745621351,225.27105921601336
0262162AR,4,43.532110091743114,115.67973311092577,278.8490408673895,235.31693077564637
0262164AR,4,64.5371142618849,139.42452043369474,307.1601334445371,242.62301918265223
0262205AR,4,59.05754795663052,98.93661384487072,331.20934111759794,272.15179316096743
0262258AR,4,61.4929107589658,143.68640533778148,312.6396997497915,251.14678899082568
0262332AR,4,43.532110091743114,124.20350291909925,273.3694745621351,229.837364470392
0262364AR,4,27.09341117597998,132.1184320266889,281.2844036697247,254.19099249374474
0262437AR,4,43.22768974145121,116.28857381150958,295.5921601334445,252.3644703919933
0262441AR,4,60.88407005838198,117.81067556296912,338.81984987489574,277.9357798165138
0262483AR,4,51.142618849040865,117.20183486238531,275.80483736447036,224.6622185154295
0271869AR,1,64.84153461217682,115.37531276063386,322.6855713094245,257.8440366972477
0271870AR,1,66.05921601334445,215.2251876563803,297.72310258548794,231.6638865721435
0271879AR,1,59.970809007506254,142.16430358632195,264.5412844036697,204.57047539616343
0271896AR,1,57.23102585487906,135.7714762301918,296.8098415346122,239.57881567973314
0271901AR,1,61.79733110925771,109.89574645537948,280.37114261884903,218.57381150959134
0278357AR,1,62.101751459549625,97.41451209341118,261.49708090075063,199.395329441201
0278433AR,1,58.753127606338616,103.19849874895746,259.0617180984153,200.30859049207672
0278624AR,1,53.273561301084236,107.7648040033361,297.41868223519594,244.1451209341117
0278767AR,1,57.53544620517097,105.63386155129274,310.2043369474562,252.66889074228527
0278879AR,1,58.4487072560467,98.93661384487072,295.5921601334445,237.1434528773978
0278885AR,1,57.83986655546288,101.371976647206,303.5070892410342,245.6672226855713
0279171AR,1,55.10008340283569,101.98081734778982,294.070058381985,238.9699749791493
0279628AR,1,49.924937447873226,103.50291909924937,290.11259382819014,240.18765638031692
0279872AR,1,60.27522935779816,100.15429524603836,287.37281067556296,227.0975813177648
0280095AR,1,46.57631359466222,150.0792326939116,306.8557130942452,260.27939949958295
0280192AR,1,53.273561301084236,101.06755629691408,296.8098415346122,243.53628023352795
0280218AR,1,58.14428690575479,104.41618015012509,258.1484570475396,200.00417014178478
0280469AR,1,57.53544620517097,107.1559633027523,266.06338615512925,208.5279399499583
0280493AR,1,56.92660550458715,104.41618015012509,302.28940783986656,245.3628023352794
0286688AR,4,54.18682235195996,93.15262718932443,299.85404503753125,245.6672226855713
0286840AR,4,50.83819849874895,91.63052543786488,276.1092577147623,225.27105921601333
0286841AR,4,52.0558798999166,98.02335279399499,314.4662218515429,262.4103419516263
0286842AR,4,51.751459549624684,98.63219349457881,332.4270225187656,280.67556296914097
0286856AR,4,52.66472060050042,104.720600500417,285.5462885738115,232.88156797331112
0286877AR,4,64.84153461217682,127.55212677231026,230.75062552126772,165.9090909090909
0287045AR,4,59.66638865721435,93.76146788990826,271.5429524603836,211.87656380316926
0288864AR,4,54.491242702251874,106.24270225187655,365.0,310.5087572977481
0288983AR,4,59.05754795663052,109.28690575479567,354.95412844036696,295.89658048373644
0289357AR,4,49.924937447873226,93.45704753961634,279.4578815679733,229.53294412010007
0290149AR,4,92.54378648874062,329.68723936613844,365.0,272.45621351125936
0290150AR,4,99.24103419516264,310.81317764804,365.0,265.7589658048374
0290152AR,4,73.66972477064219,205.78815679733108,365.0,291.3302752293578
0290403AR,4,48.70725604670559,103.80733944954129,287.67723102585484,238.96997497914924
0291210AR,1,49.924937447873226,92.54378648874062,319.6413678065054,269.7164303586322
0291212AR,1,44.14095079232694,105.93828190158466,246.2760633861551,202.13511259382815
0291216AR,1,51.142618849040865,111.41784820683903,294.3744787322769,243.231859883236
0291217AR,1,40.183486238532105,119.02835696413678,308.98665554628855,268.80316930775643
0291218AR,1,40.183486238532105,114.46205170975811,314.16180150125103,273.9783152627189
0291240AR,1,51.142618849040865,117.81067556296912,259.0617180984153,207.91909924937445
0292000AR,4,48.09841534612176,100.76313594662219,292.2435362802335,244.14512093411176
0292001AR,4,49.011676396997494,99.84987489574645,299.5496246872394,250.53794829024187
0292035AR,4,57.83986655546288,103.80733944954129,344.9082568807339,287.068390325271
0292223AR,1,58.4487072560467,82.19349457881567,365.0,306.5512927439533
0292421AR,1,63.928273561301076,108.06922435362802,298.0275229357798,234.09924937447875
0292422AR,1,68.19015846538782,109.59132610508756,307.46455379482904,239.27439532944123
0292423AR,1,63.01501251042536,132.4228523769808,365.0,301.9849874895746
0293470AR,4,56.622185154295245,90.41284403669724,277.02251876563804,220.4003336113428
0293480AR,4,61.4929107589658,129.37864887406172,245.66722268557132,184.17431192660553
0293481AR,4,69.71226021684737,124.20350291909925,222.83569641367805,153.12343619683068
0293482AR,4,70.01668056713928,122.6814011676397,222.2268557130942,152.21017514595493
0293955AR,4,56.622185154295245,94.97914929107588,280.97998331943285,224.3577981651376
0296409AR,4,48.70725604670559,94.97914929107588,281.8932443703086,233.185988323603
0296410AR,4,46.88073394495413,99.24103419516264,273.67389491242704,226.79316096747291
0296557AR,4,57.83986655546288,120.85487906588824,251.7556296914095,193.9157631359466
0296849AR,1,48.70725604670559,109.28690575479567,298.0275229357798,249.32026688907422
0296851AR,1,31.964136780650538,115.07089241034194,338.5154295246038,306.55129274395324
0298154AR,4,55.70892410341951,89.19516263552961,288.5904920767306,232.88156797331106
0300207AR,1,55.10008340283569,104.1117597998332,279.4578815679733,224.35779816513758
0300456AR,4,54.491242702251874,136.38031693077565,365.0,310.5087572977481
0300547AR,1,52.66472060050042,104.1117597998332,306.5512927439533,253.8865721434529
0300548AR,1,53.88240200166805,108.67806505421184,294.9833194328607,241.10091743119264
0304945AR,4,58.4487072560467,93.76146788990826,308.0733944954128,249.6246872393661
0304946AR,4,56.013344453711426,94.67472894078398,290.4170141784821,234.40366972477065
0304947AR,4,57.83986655546288,91.63052543786488,273.67389491242704,215.83402835696415
0305276AR,1,63.31943286071726,111.1134278565471,326.33861551292745,263.0191826522102
0305461AR,1,61.18849040867389,114.76647206005003,291.9391159299416,230.7506255212677
0306979AR,4,45.35863219349458,93.45704753961634,350.38782318598834,305.02919099249374
0307178AR,4,52.66472060050042,107.1559633027523,261.8015012510425,209.1367806505421
0307270AR,4,54.79566305254378,95.89241034195163,331.8181818181818,277.02251876563804
0307285AR,1,37.44370308590492,114.76647206005003,273.0650542118432,235.62135112593825
0309230AR,1,54.18682235195996,101.371976647206,365.0,310.81317764804004
0309231AR,1,56.92660550458715,100.15429524603836,296.8098415346122,239.88323603002505
0309232AR,1,51.751459549624684,101.06755629691408,287.67723102585484,235.92577147623015
0309233AR,1,60.579649708090066,100.76313594662219,332.1226021684737,271.5429524603836
0309234AR,1,56.013344453711426,108.37364470391992,331.8181818181818,275.80483736447036
0309235AR,1,58.4487072560467,99.24103419516264,295.89658048373644,237.44787322768974
0309236AR,1,58.753127606338616,101.98081734778982,295.5921601334445,236.8390325271059
0309237AR,1,57.23102585487906,97.11009174311927,365.0,307.7689741451209
0309433AR,4,53.88240200166805,87.36864053377815,305.02919099249374,251.14678899082568
0309771AR,1,53.57798165137615,102.89407839866554,286.4595496246872,232.88156797331106
0309935AR,4,59.05754795663052,102.89407839866554,365.0,305.9424520433695
0309936AR,4,61.18849040867389,87.97748123436196,365.0,303.8115095913261
0309937AR,4,38.05254378648874,150.6880733944954,290.72143452877395,252.6688907422852
0309991AR,4,52.66472060050042,94.97914929107588,270.62969140950787,217.96497080900747
0312128AR,4,55.10008340283569,85.54211843202668,282.5020850708924,227.4020016680567
0313659AR,4,50.22935779816514,111.1134278565471,284.93744787322765,234.7080900750625
0314475AR,4,58.14428690575479,98.93661384487072,365.0,306.85571309424523
0315891AR,4,56.92660550458715,84.02001668056714,295.89658048373644,238.9699749791493
0315894AR,1,54.491242702251874,107.1559633027523,302.59382819015843,248.10258548790657
0315978AR,4,48.402835696413675,98.3277731442869,297.72310258548794,249.32026688907428
0316103AR,1,49.011676396997494,117.50625521267723,252.06005004170143,203.04837364470393
0316104AR,1,52.66472060050042,116.28857381150958,234.09924937447872,181.4345287739783
0316753AR,4,51.44703919933277,105.63386155129274,327.86071726438695,276.41367806505417
0321846AR,1,63.62385321100917,97.41451209341118,365.0,301.3761467889908
0321847AR,1,59.970809007506254,101.98081734778982,356.78065054211845,296.8098415346122
0322048AR,4,60.88407005838198,117.50625521267723,365.0,304.115929941618
0322915AR,1,53.57798165137615,128.7698081734779,310.2043369474562,256.6263552960801
0324290AR,4,39.8790658882402,82.19349457881567,365.0,325.1209341117598
0324291AR,4,43.22768974145121,81.28023352793994,365.0,321.77231025854877
0324300AR,4,59.05754795663052,85.8465387823186,352.2143452877398,293.15679733110926
0324304AR,4,60.27522935779816,94.37030859049206,269.7164303586322,209.441201000834
0324305AR,4,58.14428690575479,97.71893244370307,299.5496246872394,241.40533778148458
0324306AR,4,55.70892410341951,105.63386155129274,344.9082568807339,289.1993327773144
0324526AR,4,58.4487072560467,135.46705587989993,315.98832360300247,257.53961634695577
0324527AR,4,56.622185154295245,108.06922435362802,348.56130108423685,291.9391159299416
0331888AR,4,108.67806505421184,350.9966638865721,365.0,256.32193494578814
0331901AR,4,63.31943286071726,91.9349457881568,237.44787322768974,174.12844036697248
0331904AR,4,57.23102585487906,113.8532110091743,248.4070058381985,191.17597998331945
0331905AR,4,57.23102585487906,119.02835696413678,234.70809007506256,177.4770642201835
0331907AR,4,56.31776480400334,118.41951626355295,256.93077564637196,200.61301084236862
0331908AR,4,66.05921601334445,118.11509591326104,238.05671392827355,171.9974979149291
0331909AR,4,63.31943286071726,119.3327773144287,258.4528773978315,195.13344453711426
0331910AR,4,58.753127606338616,109.59132610508756,365.0,306.24687239366136
0333690AR,1,64.5371142618849,122.9858215179316,298.3319432860717,233.7948290241868
0334027AR,1,48.70725604670559,111.41784820683903,289.50375312760633,240.79649708090074
0334243AR,1,56.622185154295245,115.98415346121769,318.72810675562965,262.1059216013344
0335226AR,4,101.98081734778982,348.8657214345288,365.0,263.0191826522102
0336758AR,1,59.970809007506254,108.67806505421184,365.0,305.02919099249374
0336895AR,4,58.753127606338616,122.07256046705588,345.5170975813177,286.7639699749791
0336908AR,4,53.57798165137615,134.24937447873228,316.59716430358634,263.0191826522102
0336909AR,4,59.05754795663052,125.7256046705588,322.6855713094245,263.628023352794
0336910AR,4,58.4487072560467,189.34945788156796,325.12093411175977,266.67222685571306
0336911AR,4,55.40450375312761,134.8582151793161,337.60216847372806,282.19766472060047
0336912AR,4,52.3603002502085,224.3577981651376,325.7297748123436,273.36947456213505
0336913AR,4,61.4929107589658,124.20350291909925,365.0,303.5070892410342
0336914AR,4,44.14095079232694,109.28690575479567,365.0,320.8590492076731
0336915AR,4,46.57631359466222,99.84987489574645,365.0,318.4236864053378
0336916AR,4,59.970809007506254,180.21684737281066,329.68723936613844,269.7164303586322
0336917AR,4,46.57631359466222,147.94829024186822,333.3402835696414,286.76396997497915
0336918AR,4,58.753127606338616,212.789824854045,322.0767306088407,263.32360300250207
0336919AR,4,27.09341117597998,135.162635529608,365.0,337.90658882402
0336920AR,4,68.19015846538782,256.32193494578814,365.0,296.8098415346122
0336922AR,4,63.01501251042536,178.39032527105923,365.0,301.9849874895746
0336926AR,4,62.710592160133444,121.46371976647205,365.0,302.28940783986656
0336927AR,4,62.101751459549625,93.76146788990826,365.0,302.89824854045037
0336930AR,4,6.697247706422019,123.59466221851542,270.93411175979986,264.2368640533779
0336931AR,4,66.05921601334445,99.24103419516264,305.63803169307755,239.5788156797331
0336932AR,4,74.27856547122602,348.2568807339449,365.0,290.721434528774
0340878AR,4,66.05921601334445,327.86071726438695,365.0,298.94078398665556
0340879AR,4,63.928273561301076,233.4904086738949,365.0,301.07172643869893
0340880AR,4,63.928273561301076,233.4904086738949,365.0,301.07172643869893
0341602AR,4,59.05754795663052,92.2393661384487,365.0,305.9424520433695
0341603AR,4,58.4487072560467,118.41951626355295,365.0,306.5512927439533
0341604AR,4,52.66472060050042,94.67472894078398,365.0,312.3352793994996
0341605AR,4,36.834862385321095,133.33611342785653,350.9966638865721,314.161801501251
0341606AR,4,0.0,234.40366972477062,255.7130942452043,255.7130942452043
0341749AR,4,57.83986655546288,94.37030859049206,294.070058381985,236.23019182652212
0341750AR,4,56.013344453711426,93.45704753961634,305.63803169307755,249.62468723936612
0341751AR,4,52.66472060050042,95.89241034195163,316.2927439532944,263.628023352794
0341752AR,4,52.0558798999166,99.54545454545453,323.59883236030026,271.5429524603837
0341753AR,4,48.402835696413675,98.63219349457881,313.2485404503753,264.8457047539616
0341754AR,4,51.751459549624684,102.58965804837365,329.3828190158465,277.63135946622185
0341755AR,4,54.79566305254378,98.93661384487072,350.9966638865721,296.2010008340283
0341756AR,4,56.31776480400334,98.93661384487072,353.4320266889074,297.11426188490407
0341777AR,4,53.88240200166805,103.80733944954129,289.80817347789826,235.9257714762302
0341843AR,4,54.18682235195996,133.33611342785653,309.8999165971643,255.71309424520433
0342214AR,1,39.57464553794829,112.33110925771476,254.7998331943286,215.2251876563803
0342223AR,1,59.970809007506254,93.45704753961634,365.0,305.02919099249374
0343052AR,4,57.83986655546288,88.28190158465388,365.0,307.1601334445371
0346016AR,1,52.66472060050042,113.24437030859049,243.231859883236,190.56713928273558
0346566AR,1,56.31776480400334,93.15262718932443,365.0,308.68223519599667
